run_id,task_id,repeat,seed,selection_eligible,x_feature_type,x_features_after_preprocessing,x_features_before_preprocessing,x_fit_fraction_csp3_mean,x_fit_fraction_csp3_std,x_fit_log_s_iqr,x_fit_log_s_max,x_fit_log_s_mean,x_fit_log_s_median,x_fit_log_s_min,x_fit_log_s_std,x_fit_mean_observation_count,x_fit_mol_log_p_mean,x_fit_mol_log_p_std,x_fit_mol_wt_mean,x_fit_mol_wt_std,x_fit_molecules,x_fit_multiple_source_fraction,x_fit_ring_count_mean,x_fit_ring_count_std,x_fit_rotatable_bonds_mean,x_fit_rotatable_bonds_std,x_fit_scaffold_count,x_fit_single_observation_fraction,x_fit_tpsa_mean,x_fit_tpsa_std,x_hp_alpha,x_hp_max_features,x_hp_min_samples_leaf,x_hp_n_estimators,x_hp_strategy,x_model,x_model_class,x_n_final_fit,x_n_test,x_n_train,x_n_validation,x_shift_fraction_csp3_smd,x_shift_mol_log_p_smd,x_shift_mol_wt_smd,x_shift_ring_count_smd,x_shift_rotatable_bonds_smd,x_shift_tpsa_smd,x_split_strategy,x_test_fraction_csp3_mean,x_test_fraction_csp3_std,x_test_max_train_similarity_max,x_test_max_train_similarity_mean,x_test_max_train_similarity_median,x_test_max_train_similarity_min,x_test_max_train_similarity_p10,x_test_max_train_similarity_p25,x_test_max_train_similarity_std,x_test_mol_log_p_mean,x_test_mol_log_p_std,x_test_mol_wt_mean,x_test_mol_wt_std,x_test_molecules,x_test_ring_count_mean,x_test_ring_count_std,x_test_rotatable_bonds_mean,x_test_rotatable_bonds_std,x_test_scaffold_count,x_test_similarity_below_0p3_fraction,x_test_similarity_below_0p5_fraction,x_test_similarity_below_0p7_fraction,x_test_tpsa_mean,x_test_tpsa_std,x_test_unseen_scaffold_fraction,x_validation_mae,x_validation_r2,x_validation_rmse,x_validation_spearman,y_failure_rate_gt_0p5,y_failure_rate_gt_1p0,y_failure_rate_gt_2p0,y_maximum_absolute_error,y_mean_residual,y_median_absolute_error,y_overprediction_rate,y_p90_absolute_error,y_p95_absolute_error,y_primary_failure_rate,y_rank_within_task,y_residual_sd,y_rmse_regret_vs_best,y_test_mae,y_test_r2,y_test_rmse,y_test_spearman,y_top3_candidate,y_underprediction_rate,y_within_0p1_log_s_of_best
low_similarity_r1_maccs_fingerprints_dummy,low_similarity_r1,1,13,False,maccs_fingerprints,167,167,0.4689044034779445,0.33679856364390653,3.266921853,2.5,-2.8024132639951067,-2.6453995283499996,-12.9,2.384310133269527,1.966798810703667,2.2585986087710612,2.662126331569447,288.0258990435867,176.2709948009988,8072,0.3327552031714569,1.790386521308226,1.7021903136735357,4.541377601585729,5.485929782915922,4131,0.6283448959365708,70.8610914271556,65.29098808412367,,,,,median,dummy,constant_baseline,8072,897,7175,897,-0.031602115418113315,-0.13212523660249645,-0.19522950927295693,-0.09102097165453535,-0.18464500057852237,-0.15915439699003106,low_similarity,0.45826085639701497,0.3507065011441919,0.6666666666666666,0.3760977132045674,0.391304347826087,0.045454545454545456,0.2631578947368421,0.3235294117647059,0.09154625628307114,1.9068645373467121,2.5866826157143588,253.61259922953178,161.82373470354108,897,1.6354515050167224,1.5475328298720425,3.528428093645485,4.2116872207112825,661,0.17837235228539577,0.979933110367893,1.0,60.469743589743594,59.91161225014613,0.5908584169453734,1.8609527207481606,-0.004116437490682134,2.3227056727755993,,0.8483835005574136,0.7290969899665551,0.463768115942029,6.70460047165,0.2693636805549605,1.8146004716500004,0.43032329988851725,3.8202565651699993,4.447239717009999,0.7290969899665551,,2.3679947032008015,,1.9720438256905237,-0.01295391536683721,2.381953909282914,,,0.5696767001114827,
low_similarity_r1_maccs_fingerprints_extra_trees,low_similarity_r1,1,13,True,maccs_fingerprints,167,167,0.4689044034779445,0.33679856364390653,3.266921853,2.5,-2.8024132639951067,-2.6453995283499996,-12.9,2.384310133269527,1.966798810703667,2.2585986087710612,2.662126331569447,288.0258990435867,176.2709948009988,8072,0.3327552031714569,1.790386521308226,1.7021903136735357,4.541377601585729,5.485929782915922,4131,0.6283448959365708,70.8610914271556,65.29098808412367,,sqrt,1.0,100.0,,extra_trees,tree_ensemble,8072,897,7175,897,-0.031602115418113315,-0.13212523660249645,-0.19522950927295693,-0.09102097165453535,-0.18464500057852237,-0.15915439699003106,low_similarity,0.45826085639701497,0.3507065011441919,0.6666666666666666,0.3760977132045674,0.391304347826087,0.045454545454545456,0.2631578947368421,0.3235294117647059,0.09154625628307114,1.9068645373467121,2.5866826157143588,253.61259922953178,161.82373470354108,897,1.6354515050167224,1.5475328298720425,3.528428093645485,4.2116872207112825,661,0.17837235228539577,0.979933110367893,1.0,60.469743589743594,59.91161225014613,0.5908584169453734,0.9287422054584146,0.6632318232938336,1.3451405506234084,0.823531826542776,0.68561872909699,0.4492753623188406,0.19843924191750278,8.24307802045001,0.09624044062835616,0.9069240289613343,0.44481605351170567,2.8435442384008005,3.7127810296165986,0.4492753623188406,5.0,1.7121067129129834,0.19115568683877138,1.2368800291867839,0.4755889493484917,1.713856387029581,0.7156652385715575,0,0.5540691192865106,0
low_similarity_r1_maccs_fingerprints_random_forest,low_similarity_r1,1,13,True,maccs_fingerprints,167,167,0.4689044034779445,0.33679856364390653,3.266921853,2.5,-2.8024132639951067,-2.6453995283499996,-12.9,2.384310133269527,1.966798810703667,2.2585986087710612,2.662126331569447,288.0258990435867,176.2709948009988,8072,0.3327552031714569,1.790386521308226,1.7021903136735357,4.541377601585729,5.485929782915922,4131,0.6283448959365708,70.8610914271556,65.29098808412367,,sqrt,1.0,100.0,,random_forest,tree_ensemble,8072,897,7175,897,-0.031602115418113315,-0.13212523660249645,-0.19522950927295693,-0.09102097165453535,-0.18464500057852237,-0.15915439699003106,low_similarity,0.45826085639701497,0.3507065011441919,0.6666666666666666,0.3760977132045674,0.391304347826087,0.045454545454545456,0.2631578947368421,0.3235294117647059,0.09154625628307114,1.9068645373467121,2.5866826157143588,253.61259922953178,161.82373470354108,897,1.6354515050167224,1.5475328298720425,3.528428093645485,4.2116872207112825,661,0.17837235228539577,0.979933110367893,1.0,60.469743589743594,59.91161225014613,0.5908584169453734,0.9434059782852798,0.6662101744691726,1.3391791824524701,0.8246981529712238,0.7068004459308808,0.4738015607580825,0.19509476031215162,8.063333096428131,0.11238623716468149,0.9444043979248793,0.43812709030100333,2.820165577097877,3.6612672545005327,0.4738015607580825,4.0,1.7032420060794258,0.1832974963810734,1.252334094221617,0.4803868712055448,1.7059981965718831,0.7178126708741458,0,0.5618729096989966,0
low_similarity_r1_maccs_fingerprints_ridge,low_similarity_r1,1,13,True,maccs_fingerprints,167,167,0.4689044034779445,0.33679856364390653,3.266921853,2.5,-2.8024132639951067,-2.6453995283499996,-12.9,2.384310133269527,1.966798810703667,2.2585986087710612,2.662126331569447,288.0258990435867,176.2709948009988,8072,0.3327552031714569,1.790386521308226,1.7021903136735357,4.541377601585729,5.485929782915922,4131,0.6283448959365708,70.8610914271556,65.29098808412367,10.0,,,,,ridge,linear,8072,897,7175,897,-0.031602115418113315,-0.13212523660249645,-0.19522950927295693,-0.09102097165453535,-0.18464500057852237,-0.15915439699003106,low_similarity,0.45826085639701497,0.3507065011441919,0.6666666666666666,0.3760977132045674,0.391304347826087,0.045454545454545456,0.2631578947368421,0.3235294117647059,0.09154625628307114,1.9068645373467121,2.5866826157143588,253.61259922953178,161.82373470354108,897,1.6354515050167224,1.5475328298720425,3.528428093645485,4.2116872207112825,661,0.17837235228539577,0.979933110367893,1.0,60.469743589743594,59.91161225014613,0.5908584169453734,1.173349794581391,0.5646040527058587,1.5294818703641246,0.7618105584194664,0.7547380156075808,0.5395763656633222,0.22965440356744704,7.652576162180658,0.2042467960330723,1.0825705969227024,0.4459308807134894,3.0373344110227376,3.693063041942684,0.5395763656633222,8.0,1.838815774793953,0.3264046794841562,1.4034590499582977,0.3895553324349287,1.849105379674966,0.6543350823883698,0,0.5540691192865106,0
low_similarity_r1_morgan_fingerprints_dummy,low_similarity_r1,1,13,False,morgan_fingerprints,2048,2048,0.4689044034779445,0.33679856364390653,3.266921853,2.5,-2.8024132639951067,-2.6453995283499996,-12.9,2.384310133269527,1.966798810703667,2.2585986087710612,2.662126331569447,288.0258990435867,176.2709948009988,8072,0.3327552031714569,1.790386521308226,1.7021903136735357,4.541377601585729,5.485929782915922,4131,0.6283448959365708,70.8610914271556,65.29098808412367,,,,,median,dummy,constant_baseline,8072,897,7175,897,-0.031602115418113315,-0.13212523660249645,-0.19522950927295693,-0.09102097165453535,-0.18464500057852237,-0.15915439699003106,low_similarity,0.45826085639701497,0.3507065011441919,0.6666666666666666,0.3760977132045674,0.391304347826087,0.045454545454545456,0.2631578947368421,0.3235294117647059,0.09154625628307114,1.9068645373467121,2.5866826157143588,253.61259922953178,161.82373470354108,897,1.6354515050167224,1.5475328298720425,3.528428093645485,4.2116872207112825,661,0.17837235228539577,0.979933110367893,1.0,60.469743589743594,59.91161225014613,0.5908584169453734,1.8609527207481606,-0.004116437490682134,2.3227056727755993,,0.8483835005574136,0.7290969899665551,0.463768115942029,6.70460047165,0.2693636805549605,1.8146004716500004,0.43032329988851725,3.8202565651699993,4.447239717009999,0.7290969899665551,,2.3679947032008015,,1.9720438256905237,-0.01295391536683721,2.381953909282914,,,0.5696767001114827,
low_similarity_r1_morgan_fingerprints_extra_trees,low_similarity_r1,1,13,True,morgan_fingerprints,2048,2048,0.4689044034779445,0.33679856364390653,3.266921853,2.5,-2.8024132639951067,-2.6453995283499996,-12.9,2.384310133269527,1.966798810703667,2.2585986087710612,2.662126331569447,288.0258990435867,176.2709948009988,8072,0.3327552031714569,1.790386521308226,1.7021903136735357,4.541377601585729,5.485929782915922,4131,0.6283448959365708,70.8610914271556,65.29098808412367,,sqrt,1.0,100.0,,extra_trees,tree_ensemble,8072,897,7175,897,-0.031602115418113315,-0.13212523660249645,-0.19522950927295693,-0.09102097165453535,-0.18464500057852237,-0.15915439699003106,low_similarity,0.45826085639701497,0.3507065011441919,0.6666666666666666,0.3760977132045674,0.391304347826087,0.045454545454545456,0.2631578947368421,0.3235294117647059,0.09154625628307114,1.9068645373467121,2.5866826157143588,253.61259922953178,161.82373470354108,897,1.6354515050167224,1.5475328298720425,3.528428093645485,4.2116872207112825,661,0.17837235228539577,0.979933110367893,1.0,60.469743589743594,59.91161225014613,0.5908584169453734,1.0521084704605597,0.618254936081708,1.4321511545063283,0.8013791336841521,0.7536231884057971,0.5228539576365663,0.20958751393534003,5.840568949196,-0.010590835825935183,1.0440093967744992,0.46711259754738016,2.9854994676536006,3.713965973721997,0.5228539576365663,6.0,1.7540276476371974,0.23038094726033953,1.3390635460951823,0.45130972013241566,1.7530816474511492,0.6907765420850127,0,0.5328874024526199,0
low_similarity_r1_morgan_fingerprints_random_forest,low_similarity_r1,1,13,True,morgan_fingerprints,2048,2048,0.4689044034779445,0.33679856364390653,3.266921853,2.5,-2.8024132639951067,-2.6453995283499996,-12.9,2.384310133269527,1.966798810703667,2.2585986087710612,2.662126331569447,288.0258990435867,176.2709948009988,8072,0.3327552031714569,1.790386521308226,1.7021903136735357,4.541377601585729,5.485929782915922,4131,0.6283448959365708,70.8610914271556,65.29098808412367,,sqrt,1.0,100.0,,random_forest,tree_ensemble,8072,897,7175,897,-0.031602115418113315,-0.13212523660249645,-0.19522950927295693,-0.09102097165453535,-0.18464500057852237,-0.15915439699003106,low_similarity,0.45826085639701497,0.3507065011441919,0.6666666666666666,0.3760977132045674,0.391304347826087,0.045454545454545456,0.2631578947368421,0.3235294117647059,0.09154625628307114,1.9068645373467121,2.5866826157143588,253.61259922953178,161.82373470354108,897,1.6354515050167224,1.5475328298720425,3.528428093645485,4.2116872207112825,661,0.17837235228539577,0.979933110367893,1.0,60.469743589743594,59.91161225014613,0.5908584169453734,1.082811267659625,0.6012269181589693,1.4637437701229903,0.7961479223327061,0.7614269788182831,0.5328874024526199,0.22073578595317725,6.014697758467499,0.01215998620815987,1.0711314224279977,0.4537346711259755,3.0856967043956005,3.8102853776640986,0.5328874024526199,7.0,1.7888226636864317,0.265165924265647,1.3683140835841543,0.42931926169893375,1.7878666244564567,0.6765033041112437,0,0.5462653288740246,0
low_similarity_r1_morgan_fingerprints_ridge,low_similarity_r1,1,13,True,morgan_fingerprints,2048,2048,0.4689044034779445,0.33679856364390653,3.266921853,2.5,-2.8024132639951067,-2.6453995283499996,-12.9,2.384310133269527,1.966798810703667,2.2585986087710612,2.662126331569447,288.0258990435867,176.2709948009988,8072,0.3327552031714569,1.790386521308226,1.7021903136735357,4.541377601585729,5.485929782915922,4131,0.6283448959365708,70.8610914271556,65.29098808412367,10.0,,,,,ridge,linear,8072,897,7175,897,-0.031602115418113315,-0.13212523660249645,-0.19522950927295693,-0.09102097165453535,-0.18464500057852237,-0.15915439699003106,low_similarity,0.45826085639701497,0.3507065011441919,0.6666666666666666,0.3760977132045674,0.391304347826087,0.045454545454545456,0.2631578947368421,0.3235294117647059,0.09154625628307114,1.9068645373467121,2.5866826157143588,253.61259922953178,161.82373470354108,897,1.6354515050167224,1.5475328298720425,3.528428093645485,4.2116872207112825,661,0.17837235228539577,0.979933110367893,1.0,60.469743589743594,59.91161225014613,0.5908584169453734,1.1596204449306224,0.559714096485489,1.538046737571439,0.7363687861682322,0.798216276477146,0.5663322185061316,0.2653288740245262,6.419932500942601,0.04533781893073307,1.1763399708564344,0.4738015607580825,3.0897277793146762,3.7324271109284197,0.5663322185061316,9.0,1.8751261103162895,0.35192822463651496,1.4668242996176641,0.37258686331493485,1.8746289248273247,0.6198625699038732,0,0.5261984392419174,0
low_similarity_r1_rdkit_descriptors_dummy,low_similarity_r1,1,13,False,rdkit_descriptors,216,216,0.4689044034779445,0.33679856364390653,3.266921853,2.5,-2.8024132639951067,-2.6453995283499996,-12.9,2.384310133269527,1.966798810703667,2.2585986087710612,2.662126331569447,288.0258990435867,176.2709948009988,8072,0.3327552031714569,1.790386521308226,1.7021903136735357,4.541377601585729,5.485929782915922,4131,0.6283448959365708,70.8610914271556,65.29098808412367,,,,,median,dummy,constant_baseline,8072,897,7175,897,-0.031602115418113315,-0.13212523660249645,-0.19522950927295693,-0.09102097165453535,-0.18464500057852237,-0.15915439699003106,low_similarity,0.45826085639701497,0.3507065011441919,0.6666666666666666,0.3760977132045674,0.391304347826087,0.045454545454545456,0.2631578947368421,0.3235294117647059,0.09154625628307114,1.9068645373467121,2.5866826157143588,253.61259922953178,161.82373470354108,897,1.6354515050167224,1.5475328298720425,3.528428093645485,4.2116872207112825,661,0.17837235228539577,0.979933110367893,1.0,60.469743589743594,59.91161225014613,0.5908584169453734,1.8609527207481606,-0.004116437490682134,2.3227056727755993,,0.8483835005574136,0.7290969899665551,0.463768115942029,6.70460047165,0.2693636805549605,1.8146004716500004,0.43032329988851725,3.8202565651699993,4.447239717009999,0.7290969899665551,,2.3679947032008015,,1.9720438256905237,-0.01295391536683721,2.381953909282914,,,0.5696767001114827,
low_similarity_r1_rdkit_descriptors_extra_trees,low_similarity_r1,1,13,True,rdkit_descriptors,214,216,0.4689044034779445,0.33679856364390653,3.266921853,2.5,-2.8024132639951067,-2.6453995283499996,-12.9,2.384310133269527,1.966798810703667,2.2585986087710612,2.662126331569447,288.0258990435867,176.2709948009988,8072,0.3327552031714569,1.790386521308226,1.7021903136735357,4.541377601585729,5.485929782915922,4131,0.6283448959365708,70.8610914271556,65.29098808412367,,sqrt,1.0,100.0,,extra_trees,tree_ensemble,8072,897,7175,897,-0.031602115418113315,-0.13212523660249645,-0.19522950927295693,-0.09102097165453535,-0.18464500057852237,-0.15915439699003106,low_similarity,0.45826085639701497,0.3507065011441919,0.6666666666666666,0.3760977132045674,0.391304347826087,0.045454545454545456,0.2631578947368421,0.3235294117647059,0.09154625628307114,1.9068645373467121,2.5866826157143588,253.61259922953178,161.82373470354108,897,1.6354515050167224,1.5475328298720425,3.528428093645485,4.2116872207112825,661,0.17837235228539577,0.979933110367893,1.0,60.469743589743594,59.91161225014613,0.5908584169453734,0.7899328524944209,0.7416046241627856,1.1782691611203642,0.8642346491045347,0.6053511705685619,0.39241917502787066,0.15830546265328874,7.555130531447993,0.10162000156010649,0.6954684559280004,0.4972129319955407,2.6123571468242,3.4356005861105987,0.39241917502787066,1.0,1.5201536156101432,0.0,1.0641734844276185,0.58604600805823,1.5227007001908097,0.766522117589484,1,0.5027870680044593,1
low_similarity_r1_rdkit_descriptors_random_forest,low_similarity_r1,1,13,True,rdkit_descriptors,214,216,0.4689044034779445,0.33679856364390653,3.266921853,2.5,-2.8024132639951067,-2.6453995283499996,-12.9,2.384310133269527,1.966798810703667,2.2585986087710612,2.662126331569447,288.0258990435867,176.2709948009988,8072,0.3327552031714569,1.790386521308226,1.7021903136735357,4.541377601585729,5.485929782915922,4131,0.6283448959365708,70.8610914271556,65.29098808412367,,sqrt,3.0,100.0,,random_forest,tree_ensemble,8072,897,7175,897,-0.031602115418113315,-0.13212523660249645,-0.19522950927295693,-0.09102097165453535,-0.18464500057852237,-0.15915439699003106,low_similarity,0.45826085639701497,0.3507065011441919,0.6666666666666666,0.3760977132045674,0.391304347826087,0.045454545454545456,0.2631578947368421,0.3235294117647059,0.09154625628307114,1.9068645373467121,2.5866826157143588,253.61259922953178,161.82373470354108,897,1.6354515050167224,1.5475328298720425,3.528428093645485,4.2116872207112825,661,0.17837235228539577,0.979933110367893,1.0,60.469743589743594,59.91161225014613,0.5908584169453734,0.8138749241356661,0.7396378991807511,1.1827447416373817,0.8554449210470169,0.6231884057971014,0.3756967670011148,0.1605351170568562,6.8488055581293645,0.09546910429053546,0.705860045706872,0.4972129319955407,2.6738028586595677,3.42006602983355,0.3756967670011148,2.0,1.5213862809491527,0.0008314355435177223,1.0722065884420915,0.5855938246095292,1.5235321357343274,0.7604951262874244,1,0.5027870680044593,1
low_similarity_r1_rdkit_descriptors_ridge,low_similarity_r1,1,13,True,rdkit_descriptors,214,216,0.4689044034779445,0.33679856364390653,3.266921853,2.5,-2.8024132639951067,-2.6453995283499996,-12.9,2.384310133269527,1.966798810703667,2.2585986087710612,2.662126331569447,288.0258990435867,176.2709948009988,8072,0.3327552031714569,1.790386521308226,1.7021903136735357,4.541377601585729,5.485929782915922,4131,0.6283448959365708,70.8610914271556,65.29098808412367,1.0,,,,,ridge,linear,8072,897,7175,897,-0.031602115418113315,-0.13212523660249645,-0.19522950927295693,-0.09102097165453535,-0.18464500057852237,-0.15915439699003106,low_similarity,0.45826085639701497,0.3507065011441919,0.6666666666666666,0.3760977132045674,0.391304347826087,0.045454545454545456,0.2631578947368421,0.3235294117647059,0.09154625628307114,1.9068645373467121,2.5866826157143588,253.61259922953178,161.82373470354108,897,1.6354515050167224,1.5475328298720425,3.528428093645485,4.2116872207112825,661,0.17837235228539577,0.979933110367893,1.0,60.469743589743594,59.91161225014613,0.5908584169453734,0.9846149921385579,0.6624919942456989,1.3466172758004977,0.8186948797522791,0.6811594202898551,0.44481605351170567,0.18729096989966554,8.727115165954544,0.08640140420950379,0.8787696348823311,0.5027870680044593,2.703288535025503,3.547808656888044,0.44481605351170567,3.0,1.6782924131111847,0.15687976269956416,1.2145071504522715,0.4963549051219891,1.6795804628903739,0.7285657382776882,1,0.4972129319955407,0
low_similarity_r2_maccs_fingerprints_dummy,low_similarity_r2,2,37,False,maccs_fingerprints,167,167,0.4705104019114169,0.33722075222497233,3.2830519180749995,2.5,-2.79588475076919,-2.6483606157499997,-12.9,2.381269600085712,1.957755203171457,2.2716954918235888,2.68063220218423,288.48957165106367,177.681337038967,8072,0.33002973240832506,1.7924925668979188,1.7062649233907692,4.574950445986125,5.506809235790067,4129,0.6319375619425174,70.91842294350843,66.12829592632188,,,,,median,dummy,constant_baseline,8072,897,7175,897,-0.07918178471739114,-0.18006509837300055,-0.21977271009292934,-0.10314525130234632,-0.24490416614741112,-0.16580797875727407,low_similarity,0.44380866090650245,0.3462534240920085,0.6388888888888888,0.3741373044838538,0.3888888888888889,0.05263157894736842,0.2637537239324727,0.3275862068965517,0.0903788984474913,1.7890071906354523,2.387854762332429,249.4400626770747,146.23066534202604,897,1.6164994425863992,1.5044857807784098,3.226309921962096,3.8673685056256875,664,0.18171683389074694,0.9765886287625418,1.0,59.95382385730212,50.86418958486598,0.5997770345596433,1.8702790671691194,-0.011693186051581206,2.327152839242233,,0.8494983277591973,0.6945373467112598,0.44816053511705684,7.58635655915,0.21357542708584137,1.7716393842500002,0.4269788182831661,3.816360615749998,4.643970844229999,0.6945373467112598,,2.4050439982897602,,1.9710396484112598,-0.007894796659547954,2.4131727398641987,,,0.5730211817168339,
low_similarity_r2_maccs_fingerprints_extra_trees,low_similarity_r2,2,37,True,maccs_fingerprints,167,167,0.4705104019114169,0.33722075222497233,3.2830519180749995,2.5,-2.79588475076919,-2.6483606157499997,-12.9,2.381269600085712,1.957755203171457,2.2716954918235888,2.68063220218423,288.48957165106367,177.681337038967,8072,0.33002973240832506,1.7924925668979188,1.7062649233907692,4.574950445986125,5.506809235790067,4129,0.6319375619425174,70.91842294350843,66.12829592632188,,log2,1.0,100.0,,extra_trees,tree_ensemble,8072,897,7175,897,-0.07918178471739114,-0.18006509837300055,-0.21977271009292934,-0.10314525130234632,-0.24490416614741112,-0.16580797875727407,low_similarity,0.44380866090650245,0.3462534240920085,0.6388888888888888,0.3741373044838538,0.3888888888888889,0.05263157894736842,0.2637537239324727,0.3275862068965517,0.0903788984474913,1.7890071906354523,2.387854762332429,249.4400626770747,146.23066534202604,897,1.6164994425863992,1.5044857807784098,3.226309921962096,3.8673685056256875,664,0.18171683389074694,0.9765886287625418,1.0,59.95382385730212,50.86418958486598,0.5997770345596433,0.914479767783595,0.6442619001061752,1.3799574174583178,0.8123664640028274,0.7123745819397993,0.4782608695652174,0.20178372352285395,7.814067525871334,0.0004248060807274115,0.9280027549025001,0.4738015607580825,2.8539383569060006,3.5898000876371965,0.4782608695652174,5.0,1.7478577119178287,0.2661320007638648,1.2776702274497438,0.471839249458061,1.746883212219003,0.7220256730500034,0,0.5261984392419174,0
low_similarity_r2_maccs_fingerprints_random_forest,low_similarity_r2,2,37,True,maccs_fingerprints,167,167,0.4705104019114169,0.33722075222497233,3.2830519180749995,2.5,-2.79588475076919,-2.6483606157499997,-12.9,2.381269600085712,1.957755203171457,2.2716954918235888,2.68063220218423,288.48957165106367,177.681337038967,8072,0.33002973240832506,1.7924925668979188,1.7062649233907692,4.574950445986125,5.506809235790067,4129,0.6319375619425174,70.91842294350843,66.12829592632188,,log2,1.0,100.0,,random_forest,tree_ensemble,8072,897,7175,897,-0.07918178471739114,-0.18006509837300055,-0.21977271009292934,-0.10314525130234632,-0.24490416614741112,-0.16580797875727407,low_similarity,0.44380866090650245,0.3462534240920085,0.6388888888888888,0.3741373044838538,0.3888888888888889,0.05263157894736842,0.2637537239324727,0.3275862068965517,0.0903788984474913,1.7890071906354523,2.387854762332429,249.4400626770747,146.23066534202604,897,1.6164994425863992,1.5044857807784098,3.226309921962096,3.8673685056256875,664,0.18171683389074694,0.9765886287625418,1.0,59.95382385730212,50.86418958486598,0.5997770345596433,0.9326464641800097,0.6493547891244777,1.3700437963556371,0.8150006673320729,0.7224080267558528,0.46265328874024525,0.20066889632107024,7.655017901059167,0.027477092967963634,0.9341564565243328,0.46488294314381273,2.850882182854799,3.6668784967910764,0.46265328874024525,4.0,1.7351565254059005,0.25365550902454115,1.2858658824367704,0.4793567083045235,1.7344067204796794,0.7273604563841147,0,0.5351170568561873,0
low_similarity_r2_maccs_fingerprints_ridge,low_similarity_r2,2,37,True,maccs_fingerprints,167,167,0.4705104019114169,0.33722075222497233,3.2830519180749995,2.5,-2.79588475076919,-2.6483606157499997,-12.9,2.381269600085712,1.957755203171457,2.2716954918235888,2.68063220218423,288.48957165106367,177.681337038967,8072,0.33002973240832506,1.7924925668979188,1.7062649233907692,4.574950445986125,5.506809235790067,4129,0.6319375619425174,70.91842294350843,66.12829592632188,10.0,,,,,ridge,linear,8072,897,7175,897,-0.07918178471739114,-0.18006509837300055,-0.21977271009292934,-0.10314525130234632,-0.24490416614741112,-0.16580797875727407,low_similarity,0.44380866090650245,0.3462534240920085,0.6388888888888888,0.3741373044838538,0.3888888888888889,0.05263157894736842,0.2637537239324727,0.3275862068965517,0.0903788984474913,1.7890071906354523,2.387854762332429,249.4400626770747,146.23066534202604,897,1.6164994425863992,1.5044857807784098,3.226309921962096,3.8673685056256875,664,0.18171683389074694,0.9765886287625418,1.0,59.95382385730212,50.86418958486598,0.5997770345596433,1.191492105653236,0.5074723019657399,1.6237375122667315,0.72940711858128,0.7614269788182831,0.5529542920847269,0.22408026755852842,8.81865636932456,0.062359512374396395,1.1139863919673232,0.45707915273132665,2.869050034141782,3.633703711148152,0.5529542920847269,7.0,1.799843200893665,0.3191690216995451,1.3810696084718928,0.4392814813692272,1.7999202331546833,0.68199850938644,0,0.5429208472686734,0
low_similarity_r2_morgan_fingerprints_dummy,low_similarity_r2,2,37,False,morgan_fingerprints,2048,2048,0.4705104019114169,0.33722075222497233,3.2830519180749995,2.5,-2.79588475076919,-2.6483606157499997,-12.9,2.381269600085712,1.957755203171457,2.2716954918235888,2.68063220218423,288.48957165106367,177.681337038967,8072,0.33002973240832506,1.7924925668979188,1.7062649233907692,4.574950445986125,5.506809235790067,4129,0.6319375619425174,70.91842294350843,66.12829592632188,,,,,median,dummy,constant_baseline,8072,897,7175,897,-0.07918178471739114,-0.18006509837300055,-0.21977271009292934,-0.10314525130234632,-0.24490416614741112,-0.16580797875727407,low_similarity,0.44380866090650245,0.3462534240920085,0.6388888888888888,0.3741373044838538,0.3888888888888889,0.05263157894736842,0.2637537239324727,0.3275862068965517,0.0903788984474913,1.7890071906354523,2.387854762332429,249.4400626770747,146.23066534202604,897,1.6164994425863992,1.5044857807784098,3.226309921962096,3.8673685056256875,664,0.18171683389074694,0.9765886287625418,1.0,59.95382385730212,50.86418958486598,0.5997770345596433,1.8702790671691194,-0.011693186051581206,2.327152839242233,,0.8494983277591973,0.6945373467112598,0.44816053511705684,7.58635655915,0.21357542708584137,1.7716393842500002,0.4269788182831661,3.816360615749998,4.643970844229999,0.6945373467112598,,2.4050439982897602,,1.9710396484112598,-0.007894796659547954,2.4131727398641987,,,0.5730211817168339,
low_similarity_r2_morgan_fingerprints_extra_trees,low_similarity_r2,2,37,True,morgan_fingerprints,2048,2048,0.4705104019114169,0.33722075222497233,3.2830519180749995,2.5,-2.79588475076919,-2.6483606157499997,-12.9,2.381269600085712,1.957755203171457,2.2716954918235888,2.68063220218423,288.48957165106367,177.681337038967,8072,0.33002973240832506,1.7924925668979188,1.7062649233907692,4.574950445986125,5.506809235790067,4129,0.6319375619425174,70.91842294350843,66.12829592632188,,sqrt,1.0,100.0,,extra_trees,tree_ensemble,8072,897,7175,897,-0.07918178471739114,-0.18006509837300055,-0.21977271009292934,-0.10314525130234632,-0.24490416614741112,-0.16580797875727407,low_similarity,0.44380866090650245,0.3462534240920085,0.6388888888888888,0.3741373044838538,0.3888888888888889,0.05263157894736842,0.2637537239324727,0.3275862068965517,0.0903788984474913,1.7890071906354523,2.387854762332429,249.4400626770747,146.23066534202604,897,1.6164994425863992,1.5044857807784098,3.226309921962096,3.8673685056256875,664,0.18171683389074694,0.9765886287625418,1.0,59.95382385730212,50.86418958486598,0.5997770345596433,1.0292774023314981,0.603210914437446,1.4574053299283998,0.7892441694082116,0.7235228539576366,0.5161649944258639,0.23745819397993312,7.998318313621501,-0.09807907661506567,1.0485010046069998,0.49052396878483834,3.031110020259999,3.655597196501997,0.5161649944258639,6.0,1.7979491536010326,0.318870095987984,1.3608027456838192,0.4394677110262043,1.7996213074431222,0.6865577270547716,0,0.5094760312151616,0
low_similarity_r2_morgan_fingerprints_random_forest,low_similarity_r2,2,37,True,morgan_fingerprints,2048,2048,0.4705104019114169,0.33722075222497233,3.2830519180749995,2.5,-2.79588475076919,-2.6483606157499997,-12.9,2.381269600085712,1.957755203171457,2.2716954918235888,2.68063220218423,288.48957165106367,177.681337038967,8072,0.33002973240832506,1.7924925668979188,1.7062649233907692,4.574950445986125,5.506809235790067,4129,0.6319375619425174,70.91842294350843,66.12829592632188,,sqrt,1.0,100.0,,random_forest,tree_ensemble,8072,897,7175,897,-0.07918178471739114,-0.18006509837300055,-0.21977271009292934,-0.10314525130234632,-0.24490416614741112,-0.16580797875727407,low_similarity,0.44380866090650245,0.3462534240920085,0.6388888888888888,0.3741373044838538,0.3888888888888889,0.05263157894736842,0.2637537239324727,0.3275862068965517,0.0903788984474913,1.7890071906354523,2.387854762332429,249.4400626770747,146.23066534202604,897,1.6164994425863992,1.5044857807784098,3.226309921962096,3.8673685056256875,664,0.18171683389074694,0.9765886287625418,1.0,59.95382385730212,50.86418958486598,0.5997770345596433,1.0705035205414664,0.5872123309192752,1.486496367963537,0.7838632596512735,0.7447045707915273,0.5128205128205128,0.24303232998885171,7.909091388499001,-0.11218835209382218,1.0278640808289987,0.4793756967670011,3.049276954418564,3.7462664615805985,0.5128205128205128,8.0,1.829355278216028,0.351022831826483,1.3858866009678805,0.41925940791677585,1.8317740432816212,0.6789779227267557,0,0.5206243032329989,0
low_similarity_r2_morgan_fingerprints_ridge,low_similarity_r2,2,37,True,morgan_fingerprints,2048,2048,0.4705104019114169,0.33722075222497233,3.2830519180749995,2.5,-2.79588475076919,-2.6483606157499997,-12.9,2.381269600085712,1.957755203171457,2.2716954918235888,2.68063220218423,288.48957165106367,177.681337038967,8072,0.33002973240832506,1.7924925668979188,1.7062649233907692,4.574950445986125,5.506809235790067,4129,0.6319375619425174,70.91842294350843,66.12829592632188,100.0,,,,,ridge,linear,8072,897,7175,897,-0.07918178471739114,-0.18006509837300055,-0.21977271009292934,-0.10314525130234632,-0.24490416614741112,-0.16580797875727407,low_similarity,0.44380866090650245,0.3462534240920085,0.6388888888888888,0.3741373044838538,0.3888888888888889,0.05263157894736842,0.2637537239324727,0.3275862068965517,0.0903788984474913,1.7890071906354523,2.387854762332429,249.4400626770747,146.23066534202604,897,1.6164994425863992,1.5044857807784098,3.226309921962096,3.8673685056256875,664,0.18171683389074694,0.9765886287625418,1.0,59.95382385730212,50.86418958486598,0.5997770345596433,1.1552196382663744,0.546817215253034,1.5575327833685821,0.7499484802271709,0.7447045707915273,0.5261984392419174,0.2463768115942029,8.152902432406021,-0.023377226983271025,1.0981216188977614,0.46488294314381273,3.2059883396509306,3.9026510606250193,0.5261984392419174,9.0,1.8869435411536424,0.4052851131265025,1.417100166500977,0.3843434738792483,1.8860363245816407,0.6314430011897273,0,0.5351170568561873,0
low_similarity_r2_rdkit_descriptors_dummy,low_similarity_r2,2,37,False,rdkit_descriptors,216,216,0.4705104019114169,0.33722075222497233,3.2830519180749995,2.5,-2.79588475076919,-2.6483606157499997,-12.9,2.381269600085712,1.957755203171457,2.2716954918235888,2.68063220218423,288.48957165106367,177.681337038967,8072,0.33002973240832506,1.7924925668979188,1.7062649233907692,4.574950445986125,5.506809235790067,4129,0.6319375619425174,70.91842294350843,66.12829592632188,,,,,median,dummy,constant_baseline,8072,897,7175,897,-0.07918178471739114,-0.18006509837300055,-0.21977271009292934,-0.10314525130234632,-0.24490416614741112,-0.16580797875727407,low_similarity,0.44380866090650245,0.3462534240920085,0.6388888888888888,0.3741373044838538,0.3888888888888889,0.05263157894736842,0.2637537239324727,0.3275862068965517,0.0903788984474913,1.7890071906354523,2.387854762332429,249.4400626770747,146.23066534202604,897,1.6164994425863992,1.5044857807784098,3.226309921962096,3.8673685056256875,664,0.18171683389074694,0.9765886287625418,1.0,59.95382385730212,50.86418958486598,0.5997770345596433,1.8702790671691194,-0.011693186051581206,2.327152839242233,,0.8494983277591973,0.6945373467112598,0.44816053511705684,7.58635655915,0.21357542708584137,1.7716393842500002,0.4269788182831661,3.816360615749998,4.643970844229999,0.6945373467112598,,2.4050439982897602,,1.9710396484112598,-0.007894796659547954,2.4131727398641987,,,0.5730211817168339,
low_similarity_r2_rdkit_descriptors_extra_trees,low_similarity_r2,2,37,True,rdkit_descriptors,214,216,0.4705104019114169,0.33722075222497233,3.2830519180749995,2.5,-2.79588475076919,-2.6483606157499997,-12.9,2.381269600085712,1.957755203171457,2.2716954918235888,2.68063220218423,288.48957165106367,177.681337038967,8072,0.33002973240832506,1.7924925668979188,1.7062649233907692,4.574950445986125,5.506809235790067,4129,0.6319375619425174,70.91842294350843,66.12829592632188,,sqrt,1.0,100.0,,extra_trees,tree_ensemble,8072,897,7175,897,-0.07918178471739114,-0.18006509837300055,-0.21977271009292934,-0.10314525130234632,-0.24490416614741112,-0.16580797875727407,low_similarity,0.44380866090650245,0.3462534240920085,0.6388888888888888,0.3741373044838538,0.3888888888888889,0.05263157894736842,0.2637537239324727,0.3275862068965517,0.0903788984474913,1.7890071906354523,2.387854762332429,249.4400626770747,146.23066534202604,897,1.6164994425863992,1.5044857807784098,3.226309921962096,3.8673685056256875,664,0.18171683389074694,0.9765886287625418,1.0,59.95382385730212,50.86418958486598,0.5997770345596433,0.794442608402066,0.7145906638899937,1.2360458544158681,0.8252383460397659,0.600891861761427,0.3857302118171683,0.1516164994425864,8.096276415939002,0.004495794110388329,0.7029196564270004,0.5172798216276477,2.537422038923699,3.416576887308802,0.3857302118171683,2.0,1.521887049724925,0.04029392534909193,1.0566983962665086,0.5995737080766836,1.5210451368042301,0.7802334485274581,1,0.48272017837235226,1
low_similarity_r2_rdkit_descriptors_random_forest,low_similarity_r2,2,37,True,rdkit_descriptors,214,216,0.4705104019114169,0.33722075222497233,3.2830519180749995,2.5,-2.79588475076919,-2.6483606157499997,-12.9,2.381269600085712,1.957755203171457,2.2716954918235888,2.68063220218423,288.48957165106367,177.681337038967,8072,0.33002973240832506,1.7924925668979188,1.7062649233907692,4.574950445986125,5.506809235790067,4129,0.6319375619425174,70.91842294350843,66.12829592632188,,sqrt,1.0,100.0,,random_forest,tree_ensemble,8072,897,7175,897,-0.07918178471739114,-0.18006509837300055,-0.21977271009292934,-0.10314525130234632,-0.24490416614741112,-0.16580797875727407,low_similarity,0.44380866090650245,0.3462534240920085,0.6388888888888888,0.3741373044838538,0.3888888888888889,0.05263157894736842,0.2637537239324727,0.3275862068965517,0.0903788984474913,1.7890071906354523,2.387854762332429,249.4400626770747,146.23066534202604,897,1.6164994425863992,1.5044857807784098,3.226309921962096,3.8673685056256875,664,0.18171683389074694,0.9765886287625418,1.0,59.95382385730212,50.86418958486598,0.5997770345596433,0.8275416950478426,0.7121968361749574,1.2412186046405809,0.8203705214809309,0.6187290969899666,0.36789297658862874,0.1516164994425864,8.0630721759605,-0.014199275771382119,0.7085452181896665,0.5250836120401338,2.5114430273179993,3.2036330945321954,0.36789297658862874,1.0,1.4815091734239794,0.0,1.0377289133105017,0.6205080437752146,1.4807512114551382,0.7933763487628639,1,0.47491638795986624,1
low_similarity_r2_rdkit_descriptors_ridge,low_similarity_r2,2,37,True,rdkit_descriptors,214,216,0.4705104019114169,0.33722075222497233,3.2830519180749995,2.5,-2.79588475076919,-2.6483606157499997,-12.9,2.381269600085712,1.957755203171457,2.2716954918235888,2.68063220218423,288.48957165106367,177.681337038967,8072,0.33002973240832506,1.7924925668979188,1.7062649233907692,4.574950445986125,5.506809235790067,4129,0.6319375619425174,70.91842294350843,66.12829592632188,100.0,,,,,ridge,linear,8072,897,7175,897,-0.07918178471739114,-0.18006509837300055,-0.21977271009292934,-0.10314525130234632,-0.24490416614741112,-0.16580797875727407,low_similarity,0.44380866090650245,0.3462534240920085,0.6388888888888888,0.3741373044838538,0.3888888888888889,0.05263157894736842,0.2637537239324727,0.3275862068965517,0.0903788984474913,1.7890071906354523,2.387854762332429,249.4400626770747,146.23066534202604,897,1.6164994425863992,1.5044857807784098,3.226309921962096,3.8673685056256875,664,0.18171683389074694,0.9765886287625418,1.0,59.95382385730212,50.86418958486598,0.5997770345596433,1.0037101417339478,0.6269214717908926,1.4131902162902155,0.7863435349059005,0.6744704570791528,0.44258639910813824,0.1616499442586399,7.992651448969441,0.030543550399045098,0.8490286247323455,0.49944258639910816,2.738526088143451,3.400402069837287,0.44258639910813824,3.0,1.6229199332635107,0.14155138341595785,1.1743190791643252,0.5444856034947981,1.622302594871096,0.7481638528968191,1,0.5005574136008919,0
low_similarity_r3_maccs_fingerprints_dummy,low_similarity_r3,3,73,False,maccs_fingerprints,167,167,0.47085673960517443,0.33661028664095216,3.280725,2.5,-2.7971634856295586,-2.65,-12.9,2.383912936508919,1.9468533201189295,2.2659296617938565,2.6707119201277543,288.1959055086234,175.26855686169034,8072,0.32767591674925667,1.7900148662041626,1.6968589637866291,4.569871159563925,5.488892295165563,4114,0.6336719524281467,70.84569127849356,65.63817875738462,,,,,median,dummy,constant_baseline,8072,897,7175,897,-0.08961322048955392,-0.15914723920303558,-0.20604480109394605,-0.08911694065877827,-0.23645086340495383,-0.1559665992125731,low_similarity,0.44069200776936684,0.35131093410932634,0.625,0.3772938688062156,0.3953488372093023,0.041666666666666664,0.25839822024471637,0.3333333333333333,0.09017870542368878,1.8408932329988863,2.495435333448862,252.08273057203346,171.03574714760944,897,1.6387959866220736,1.5997244111380615,3.2720178372352287,4.105150788909158,677,0.17279821627647715,0.987736900780379,1.0,60.60832775919732,56.416235959072765,0.6187290969899666,1.9003989743085843,-0.007564647879396924,2.3501040129996364,,0.8439241917502787,0.6945373467112598,0.45707915273132665,7.5847171749,0.22672199951075803,1.8199999999999998,0.4180602006688963,3.7864303832999995,4.4884865286999975,0.6945373467112598,,2.3795603274573405,,1.952004726627146,-0.00908820929915466,2.3890160574617667,,,0.5797101449275363,
low_similarity_r3_maccs_fingerprints_extra_trees,low_similarity_r3,3,73,True,maccs_fingerprints,167,167,0.47085673960517443,0.33661028664095216,3.280725,2.5,-2.7971634856295586,-2.65,-12.9,2.383912936508919,1.9468533201189295,2.2659296617938565,2.6707119201277543,288.1959055086234,175.26855686169034,8072,0.32767591674925667,1.7900148662041626,1.6968589637866291,4.569871159563925,5.488892295165563,4114,0.6336719524281467,70.84569127849356,65.63817875738462,,sqrt,1.0,100.0,,extra_trees,tree_ensemble,8072,897,7175,897,-0.08961322048955392,-0.15914723920303558,-0.20604480109394605,-0.08911694065877827,-0.23645086340495383,-0.1559665992125731,low_similarity,0.44069200776936684,0.35131093410932634,0.625,0.3772938688062156,0.3953488372093023,0.041666666666666664,0.25839822024471637,0.3333333333333333,0.09017870542368878,1.8408932329988863,2.495435333448862,252.08273057203346,171.03574714760944,897,1.6387959866220736,1.5997244111380615,3.2720178372352287,4.105150788909158,677,0.17279821627647715,0.987736900780379,1.0,60.60832775919732,56.416235959072765,0.6187290969899666,0.9004224662270767,0.6769923093297054,1.3306292163553257,0.8308504446417305,0.7034559643255296,0.4503901895206243,0.17614269788182832,6.862472053974667,-0.0179645505531743,0.906148848012334,0.46711259754738016,2.768287126165013,3.6406762826240935,0.4503901895206243,4.0,1.6446770183248953,0.18090070771657385,1.2033012720870158,0.5222291176216185,1.6438581611300451,0.7566141096665889,0,0.5317725752508361,0
low_similarity_r3_maccs_fingerprints_random_forest,low_similarity_r3,3,73,True,maccs_fingerprints,167,167,0.47085673960517443,0.33661028664095216,3.280725,2.5,-2.7971634856295586,-2.65,-12.9,2.383912936508919,1.9468533201189295,2.2659296617938565,2.6707119201277543,288.1959055086234,175.26855686169034,8072,0.32767591674925667,1.7900148662041626,1.6968589637866291,4.569871159563925,5.488892295165563,4114,0.6336719524281467,70.84569127849356,65.63817875738462,,sqrt,1.0,100.0,,random_forest,tree_ensemble,8072,897,7175,897,-0.08961322048955392,-0.15914723920303558,-0.20604480109394605,-0.08911694065877827,-0.23645086340495383,-0.1559665992125731,low_similarity,0.44069200776936684,0.35131093410932634,0.625,0.3772938688062156,0.3953488372093023,0.041666666666666664,0.25839822024471637,0.3333333333333333,0.09017870542368878,1.8408932329988863,2.495435333448862,252.08273057203346,171.03574714760944,897,1.6387959866220736,1.5997244111380615,3.2720178372352287,4.105150788909158,677,0.17279821627647715,0.987736900780379,1.0,60.60832775919732,56.416235959072765,0.6187290969899666,0.9403648194061217,0.6732497148908121,1.3383158181887282,0.827568541932631,0.6967670011148273,0.4537346711259755,0.1850613154960981,7.624233749885249,0.0036985725274345303,0.9002591154918334,0.4537346711259755,2.8709300989021718,3.6817545951935307,0.4537346711259755,5.0,1.6533466625545832,0.18947149342192682,1.211449037180912,0.517234104164881,1.652428946835398,0.7574608034894921,0,0.5462653288740246,0
low_similarity_r3_maccs_fingerprints_ridge,low_similarity_r3,3,73,True,maccs_fingerprints,167,167,0.47085673960517443,0.33661028664095216,3.280725,2.5,-2.7971634856295586,-2.65,-12.9,2.383912936508919,1.9468533201189295,2.2659296617938565,2.6707119201277543,288.1959055086234,175.26855686169034,8072,0.32767591674925667,1.7900148662041626,1.6968589637866291,4.569871159563925,5.488892295165563,4114,0.6336719524281467,70.84569127849356,65.63817875738462,1.0,,,,,ridge,linear,8072,897,7175,897,-0.08961322048955392,-0.15914723920303558,-0.20604480109394605,-0.08911694065877827,-0.23645086340495383,-0.1559665992125731,low_similarity,0.44069200776936684,0.35131093410932634,0.625,0.3772938688062156,0.3953488372093023,0.041666666666666664,0.25839822024471637,0.3333333333333333,0.09017870542368878,1.8408932329988863,2.495435333448862,252.08273057203346,171.03574714760944,897,1.6387959866220736,1.5997244111380615,3.2720178372352287,4.105150788909158,677,0.17279821627647715,0.987736900780379,1.0,60.60832775919732,56.416235959072765,0.6187290969899666,1.1773311651318124,0.5518028343354671,1.5674192508608407,0.7538470812941189,0.7614269788182831,0.5183946488294314,0.21181716833890746,9.107714776470326,0.15765824473425522,1.0297566866181915,0.44258639910813824,2.8151752690510086,3.649936989199576,0.5183946488294314,7.0,1.7878839714990482,0.3308713121293523,1.3485015632717505,0.43107769348819736,1.7938287655428236,0.6925917207553642,0,0.5574136008918618,0
low_similarity_r3_morgan_fingerprints_dummy,low_similarity_r3,3,73,False,morgan_fingerprints,2048,2048,0.47085673960517443,0.33661028664095216,3.280725,2.5,-2.7971634856295586,-2.65,-12.9,2.383912936508919,1.9468533201189295,2.2659296617938565,2.6707119201277543,288.1959055086234,175.26855686169034,8072,0.32767591674925667,1.7900148662041626,1.6968589637866291,4.569871159563925,5.488892295165563,4114,0.6336719524281467,70.84569127849356,65.63817875738462,,,,,median,dummy,constant_baseline,8072,897,7175,897,-0.08961322048955392,-0.15914723920303558,-0.20604480109394605,-0.08911694065877827,-0.23645086340495383,-0.1559665992125731,low_similarity,0.44069200776936684,0.35131093410932634,0.625,0.3772938688062156,0.3953488372093023,0.041666666666666664,0.25839822024471637,0.3333333333333333,0.09017870542368878,1.8408932329988863,2.495435333448862,252.08273057203346,171.03574714760944,897,1.6387959866220736,1.5997244111380615,3.2720178372352287,4.105150788909158,677,0.17279821627647715,0.987736900780379,1.0,60.60832775919732,56.416235959072765,0.6187290969899666,1.9003989743085843,-0.007564647879396924,2.3501040129996364,,0.8439241917502787,0.6945373467112598,0.45707915273132665,7.5847171749,0.22672199951075803,1.8199999999999998,0.4180602006688963,3.7864303832999995,4.4884865286999975,0.6945373467112598,,2.3795603274573405,,1.952004726627146,-0.00908820929915466,2.3890160574617667,,,0.5797101449275363,
low_similarity_r3_morgan_fingerprints_extra_trees,low_similarity_r3,3,73,True,morgan_fingerprints,2048,2048,0.47085673960517443,0.33661028664095216,3.280725,2.5,-2.7971634856295586,-2.65,-12.9,2.383912936508919,1.9468533201189295,2.2659296617938565,2.6707119201277543,288.1959055086234,175.26855686169034,8072,0.32767591674925667,1.7900148662041626,1.6968589637866291,4.569871159563925,5.488892295165563,4114,0.6336719524281467,70.84569127849356,65.63817875738462,,sqrt,1.0,100.0,,extra_trees,tree_ensemble,8072,897,7175,897,-0.08961322048955392,-0.15914723920303558,-0.20604480109394605,-0.08911694065877827,-0.23645086340495383,-0.1559665992125731,low_similarity,0.44069200776936684,0.35131093410932634,0.625,0.3772938688062156,0.3953488372093023,0.041666666666666664,0.25839822024471637,0.3333333333333333,0.09017870542368878,1.8408932329988863,2.495435333448862,252.08273057203346,171.03574714760944,897,1.6387959866220736,1.5997244111380615,3.2720178372352287,4.105150788909158,677,0.17279821627647715,0.987736900780379,1.0,60.60832775919732,56.416235959072765,0.6187290969899666,1.0291866025512035,0.6392970964281883,1.4061298983175758,0.813593909420745,0.745819397993311,0.5206243032329989,0.22853957636566333,6.427094783807998,-0.11983765418576772,1.0582019928570001,0.48940914158305465,3.0116956317975987,3.622270777720199,0.5206243032329989,6.0,1.7770692498812093,0.31715928030626883,1.3571004723941282,0.43974213814424634,1.78011673371974,0.6961307454297022,0,0.5105908584169454,0
low_similarity_r3_morgan_fingerprints_random_forest,low_similarity_r3,3,73,True,morgan_fingerprints,2048,2048,0.47085673960517443,0.33661028664095216,3.280725,2.5,-2.7971634856295586,-2.65,-12.9,2.383912936508919,1.9468533201189295,2.2659296617938565,2.6707119201277543,288.1959055086234,175.26855686169034,8072,0.32767591674925667,1.7900148662041626,1.6968589637866291,4.569871159563925,5.488892295165563,4114,0.6336719524281467,70.84569127849356,65.63817875738462,,sqrt,1.0,100.0,,random_forest,tree_ensemble,8072,897,7175,897,-0.08961322048955392,-0.15914723920303558,-0.20604480109394605,-0.08911694065877827,-0.23645086340495383,-0.1559665992125731,low_similarity,0.44069200776936684,0.35131093410932634,0.625,0.3772938688062156,0.3953488372093023,0.041666666666666664,0.25839822024471637,0.3333333333333333,0.09017870542368878,1.8408932329988863,2.495435333448862,252.08273057203346,171.03574714760944,897,1.6387959866220736,1.5997244111380615,3.2720178372352287,4.105150788909158,677,0.17279821627647715,0.987736900780379,1.0,60.60832775919732,56.416235959072765,0.6187290969899666,1.0674296586658736,0.6182522832594577,1.4465679797509474,0.8083873390973083,0.7435897435897436,0.5206243032329989,0.23857302118171683,6.748807482220333,-0.13104523790807782,1.0432974335289997,0.4882943143812709,3.113560651923601,3.803750585565133,0.5206243032329989,8.0,1.814980743668074,0.35573865659283,1.3828895186628598,0.4151947404936238,1.8186961100063013,0.6833811545103419,0,0.5117056856187291,0
low_similarity_r3_morgan_fingerprints_ridge,low_similarity_r3,3,73,True,morgan_fingerprints,2048,2048,0.47085673960517443,0.33661028664095216,3.280725,2.5,-2.7971634856295586,-2.65,-12.9,2.383912936508919,1.9468533201189295,2.2659296617938565,2.6707119201277543,288.1959055086234,175.26855686169034,8072,0.32767591674925667,1.7900148662041626,1.6968589637866291,4.569871159563925,5.488892295165563,4114,0.6336719524281467,70.84569127849356,65.63817875738462,10.0,,,,,ridge,linear,8072,897,7175,897,-0.08961322048955392,-0.15914723920303558,-0.20604480109394605,-0.08911694065877827,-0.23645086340495383,-0.1559665992125731,low_similarity,0.44069200776936684,0.35131093410932634,0.625,0.3772938688062156,0.3953488372093023,0.041666666666666664,0.25839822024471637,0.3333333333333333,0.09017870542368878,1.8408932329988863,2.495435333448862,252.08273057203346,171.03574714760944,897,1.6387959866220736,1.5997244111380615,3.2720178372352287,4.105150788909158,677,0.17279821627647715,0.987736900780379,1.0,60.60832775919732,56.416235959072765,0.6187290969899666,1.145637969067197,0.5908567054566101,1.4975741758110934,0.7601769829220524,0.7625418060200669,0.5574136008918618,0.2463768115942029,8.090931094874362,-0.07009241893814927,1.1364791734209314,0.47157190635451507,3.1059986110602944,3.9961451134322896,0.5574136008918618,9.0,1.9248591173892826,0.4621048941736434,1.4569043070996917,0.34478988483855477,1.9250623475871147,0.6139587037677605,0,0.5284280936454849,0
low_similarity_r3_rdkit_descriptors_dummy,low_similarity_r3,3,73,False,rdkit_descriptors,216,216,0.47085673960517443,0.33661028664095216,3.280725,2.5,-2.7971634856295586,-2.65,-12.9,2.383912936508919,1.9468533201189295,2.2659296617938565,2.6707119201277543,288.1959055086234,175.26855686169034,8072,0.32767591674925667,1.7900148662041626,1.6968589637866291,4.569871159563925,5.488892295165563,4114,0.6336719524281467,70.84569127849356,65.63817875738462,,,,,median,dummy,constant_baseline,8072,897,7175,897,-0.08961322048955392,-0.15914723920303558,-0.20604480109394605,-0.08911694065877827,-0.23645086340495383,-0.1559665992125731,low_similarity,0.44069200776936684,0.35131093410932634,0.625,0.3772938688062156,0.3953488372093023,0.041666666666666664,0.25839822024471637,0.3333333333333333,0.09017870542368878,1.8408932329988863,2.495435333448862,252.08273057203346,171.03574714760944,897,1.6387959866220736,1.5997244111380615,3.2720178372352287,4.105150788909158,677,0.17279821627647715,0.987736900780379,1.0,60.60832775919732,56.416235959072765,0.6187290969899666,1.9003989743085843,-0.007564647879396924,2.3501040129996364,,0.8439241917502787,0.6945373467112598,0.45707915273132665,7.5847171749,0.22672199951075803,1.8199999999999998,0.4180602006688963,3.7864303832999995,4.4884865286999975,0.6945373467112598,,2.3795603274573405,,1.952004726627146,-0.00908820929915466,2.3890160574617667,,,0.5797101449275363,
low_similarity_r3_rdkit_descriptors_extra_trees,low_similarity_r3,3,73,True,rdkit_descriptors,214,216,0.47085673960517443,0.33661028664095216,3.280725,2.5,-2.7971634856295586,-2.65,-12.9,2.383912936508919,1.9468533201189295,2.2659296617938565,2.6707119201277543,288.1959055086234,175.26855686169034,8072,0.32767591674925667,1.7900148662041626,1.6968589637866291,4.569871159563925,5.488892295165563,4114,0.6336719524281467,70.84569127849356,65.63817875738462,,sqrt,3.0,100.0,,extra_trees,tree_ensemble,8072,897,7175,897,-0.08961322048955392,-0.15914723920303558,-0.20604480109394605,-0.08911694065877827,-0.23645086340495383,-0.1559665992125731,low_similarity,0.44069200776936684,0.35131093410932634,0.625,0.3772938688062156,0.3953488372093023,0.041666666666666664,0.25839822024471637,0.3333333333333333,0.09017870542368878,1.8408932329988863,2.495435333448862,252.08273057203346,171.03574714760944,897,1.6387959866220736,1.5997244111380615,3.2720178372352287,4.105150788909158,677,0.17279821627647715,0.987736900780379,1.0,60.60832775919732,56.416235959072765,0.6187290969899666,0.8366845122558083,0.7392954529170557,1.1954321360451128,0.8516394912858747,0.6265328874024526,0.379041248606466,0.15830546265328874,5.985780122571613,-0.00095212766863169,0.7278863262228571,0.5161649944258639,2.5246718458679553,3.2843247619934988,0.379041248606466,2.0,1.4805436428921197,0.016760990501504258,1.0567954616076198,0.6128768274492464,1.4797184439149755,0.7934462558211589,1,0.483835005574136,1
low_similarity_r3_rdkit_descriptors_random_forest,low_similarity_r3,3,73,True,rdkit_descriptors,214,216,0.47085673960517443,0.33661028664095216,3.280725,2.5,-2.7971634856295586,-2.65,-12.9,2.383912936508919,1.9468533201189295,2.2659296617938565,2.6707119201277543,288.1959055086234,175.26855686169034,8072,0.32767591674925667,1.7900148662041626,1.6968589637866291,4.569871159563925,5.488892295165563,4114,0.6336719524281467,70.84569127849356,65.63817875738462,,sqrt,1.0,100.0,,random_forest,tree_ensemble,8072,897,7175,897,-0.08961322048955392,-0.15914723920303558,-0.20604480109394605,-0.08911694065877827,-0.23645086340495383,-0.1559665992125731,low_similarity,0.44069200776936684,0.35131093410932634,0.625,0.3772938688062156,0.3953488372093023,0.041666666666666664,0.25839822024471637,0.3333333333333333,0.09017870542368878,1.8408932329988863,2.495435333448862,252.08273057203346,171.03574714760944,897,1.6387959866220736,1.5997244111380615,3.2720178372352287,4.105150788909158,677,0.17279821627647715,0.987736900780379,1.0,60.60832775919732,56.416235959072765,0.6187290969899666,0.8196525911327456,0.7460512773387677,1.1798414234114314,0.8534466620018356,0.620958751393534,0.3600891861761427,0.14492753623188406,7.0653900165050025,-0.004240985545613647,0.671497390352,0.5105908584169454,2.530274259217067,3.261467531099994,0.3600891861761427,1.0,1.463767457697547,0.0,1.0272503348984796,0.6215971611844446,1.4629574534134713,0.7938871772696606,1,0.48940914158305465,1
low_similarity_r3_rdkit_descriptors_ridge,low_similarity_r3,3,73,True,rdkit_descriptors,214,216,0.47085673960517443,0.33661028664095216,3.280725,2.5,-2.7971634856295586,-2.65,-12.9,2.383912936508919,1.9468533201189295,2.2659296617938565,2.6707119201277543,288.1959055086234,175.26855686169034,8072,0.32767591674925667,1.7900148662041626,1.6968589637866291,4.569871159563925,5.488892295165563,4114,0.6336719524281467,70.84569127849356,65.63817875738462,100.0,,,,,ridge,linear,8072,897,7175,897,-0.08961322048955392,-0.15914723920303558,-0.20604480109394605,-0.08911694065877827,-0.23645086340495383,-0.1559665992125731,low_similarity,0.44069200776936684,0.35131093410932634,0.625,0.3772938688062156,0.3953488372093023,0.041666666666666664,0.25839822024471637,0.3333333333333333,0.09017870542368878,1.8408932329988863,2.495435333448862,252.08273057203346,171.03574714760944,897,1.6387959866220736,1.5997244111380615,3.2720178372352287,4.105150788909158,677,0.17279821627647715,0.987736900780379,1.0,60.60832775919732,56.416235959072765,0.6187290969899666,0.9910501816294692,0.6516182666228099,1.381905391895005,0.8221351757710057,0.6845039018952063,0.43032329988851725,0.16499442586399107,7.689781514489634,0.03642021018345204,0.873049101660909,0.4938684503901895,2.698035705077296,3.5216765542976782,0.43032329988851725,3.0,1.6388029217595523,0.17533659361046117,1.1756978418178448,0.5254579517806137,1.6382940470239324,0.7544347241873374,1,0.5061315496098104,0
low_similarity_r4_maccs_fingerprints_dummy,low_similarity_r4,4,101,False,maccs_fingerprints,167,167,0.47052281007689445,0.3374029431333377,3.2670425328749997,2.5,-2.800144660820466,-2.6425405483,-12.9,2.3845492355092226,1.9601090188305252,2.2684325991080283,2.6752123397737373,286.86648868371407,173.94011072170196,8072,0.33002973240832506,1.7771308225966302,1.688697270031499,4.551907829534192,5.476300870144697,4128,0.6311942517343905,70.26625371655103,64.17841147945556,,,,,median,dummy,constant_baseline,8072,897,7175,897,-0.07950674222817283,-0.16823450045545058,-0.13119739123339777,-0.013260403381022603,-0.20419624022789992,-0.06923876378662502,low_similarity,0.4436970012501653,0.3446422742286587,0.6818181818181818,0.37637408788249804,0.3870967741935484,0.04,0.2722783389450056,0.32,0.08703363160922624,1.8183695875139365,2.4476002517476787,264.0459999261784,184.76423188741907,897,1.754738015607581,1.6817170631880778,3.4336677814938685,4.299644819347686,661,0.1794871794871795,0.9866220735785953,1.0,65.82261984392419,70.4728792102172,0.6075808249721293,1.831634703749387,-0.02499356479468884,2.273583301306908,,0.8472686733556298,0.7146042363433668,0.451505016722408,6.7074594517,0.24608980103372347,1.8174594517,0.431438127090301,3.7563624577399994,4.398328590819999,0.7146042363433668,,2.3694076342242205,,1.9664907645360648,-0.010799212743628939,2.3808389244590074,,,0.568561872909699,
low_similarity_r4_maccs_fingerprints_extra_trees,low_similarity_r4,4,101,True,maccs_fingerprints,167,167,0.47052281007689445,0.3374029431333377,3.2670425328749997,2.5,-2.800144660820466,-2.6425405483,-12.9,2.3845492355092226,1.9601090188305252,2.2684325991080283,2.6752123397737373,286.86648868371407,173.94011072170196,8072,0.33002973240832506,1.7771308225966302,1.688697270031499,4.551907829534192,5.476300870144697,4128,0.6311942517343905,70.26625371655103,64.17841147945556,,sqrt,3.0,100.0,,extra_trees,tree_ensemble,8072,897,7175,897,-0.07950674222817283,-0.16823450045545058,-0.13119739123339777,-0.013260403381022603,-0.20419624022789992,-0.06923876378662502,low_similarity,0.4436970012501653,0.3446422742286587,0.6818181818181818,0.37637408788249804,0.3870967741935484,0.04,0.2722783389450056,0.32,0.08703363160922624,1.8183695875139365,2.4476002517476787,264.0459999261784,184.76423188741907,897,1.754738015607581,1.6817170631880778,3.4336677814938685,4.299644819347686,661,0.1794871794871795,0.9866220735785953,1.0,65.82261984392419,70.4728792102172,0.6075808249721293,0.9305203791368605,0.6742811104326798,1.2816568831048845,0.8196456104660377,0.7112597547380156,0.48049052396878483,0.19620958751393533,7.4516882513672416,0.09573660179491976,0.9592880652726985,0.43478260869565216,2.801365658310139,3.5573459728179664,0.48049052396878483,4.0,1.6667509132565523,0.2096301280913122,1.2444725221273572,0.5035289648888004,1.6685703606566114,0.7175960194747495,0,0.5652173913043478,0
low_similarity_r4_maccs_fingerprints_random_forest,low_similarity_r4,4,101,True,maccs_fingerprints,167,167,0.47052281007689445,0.3374029431333377,3.2670425328749997,2.5,-2.800144660820466,-2.6425405483,-12.9,2.3845492355092226,1.9601090188305252,2.2684325991080283,2.6752123397737373,286.86648868371407,173.94011072170196,8072,0.33002973240832506,1.7771308225966302,1.688697270031499,4.551907829534192,5.476300870144697,4128,0.6311942517343905,70.26625371655103,64.17841147945556,,sqrt,1.0,100.0,,random_forest,tree_ensemble,8072,897,7175,897,-0.07950674222817283,-0.16823450045545058,-0.13119739123339777,-0.013260403381022603,-0.20419624022789992,-0.06923876378662502,low_similarity,0.4436970012501653,0.3446422742286587,0.6818181818181818,0.37637408788249804,0.3870967741935484,0.04,0.2722783389450056,0.32,0.08703363160922624,1.8183695875139365,2.4476002517476787,264.0459999261784,184.76423188741907,897,1.754738015607581,1.6817170631880778,3.4336677814938685,4.299644819347686,661,0.1794871794871795,0.9866220735785953,1.0,65.82261984392419,70.4728792102172,0.6075808249721293,0.9023184830029783,0.6778659141929688,1.2745845269442482,0.8195976508642334,0.6822742474916388,0.4682274247491639,0.19732441471571907,7.559021681474575,0.08268305078080156,0.8957828711930818,0.44481605351170567,2.8506726295762856,3.5944109827623283,0.4682274247491639,5.0,1.6764341575954516,0.21859809074395997,1.2312096612583883,0.4981779186895775,1.6775383233092591,0.7123915005961232,0,0.5551839464882943,0
low_similarity_r4_maccs_fingerprints_ridge,low_similarity_r4,4,101,True,maccs_fingerprints,167,167,0.47052281007689445,0.3374029431333377,3.2670425328749997,2.5,-2.800144660820466,-2.6425405483,-12.9,2.3845492355092226,1.9601090188305252,2.2684325991080283,2.6752123397737373,286.86648868371407,173.94011072170196,8072,0.33002973240832506,1.7771308225966302,1.688697270031499,4.551907829534192,5.476300870144697,4128,0.6311942517343905,70.26625371655103,64.17841147945556,10.0,,,,,ridge,linear,8072,897,7175,897,-0.07950674222817283,-0.16823450045545058,-0.13119739123339777,-0.013260403381022603,-0.20419624022789992,-0.06923876378662502,low_similarity,0.4436970012501653,0.3446422742286587,0.6818181818181818,0.37637408788249804,0.3870967741935484,0.04,0.2722783389450056,0.32,0.08703363160922624,1.8183695875139365,2.4476002517476787,264.0459999261784,184.76423188741907,897,1.754738015607581,1.6817170631880778,3.4336677814938685,4.299644819347686,661,0.1794871794871795,0.9866220735785953,1.0,65.82261984392419,70.4728792102172,0.6075808249721293,1.1541072408718043,0.5474711322329232,1.5106833614645172,0.7473265286511511,0.7681159420289855,0.5429208472686734,0.23634336677814938,7.558348983331003,0.11310209532297422,1.1040800735785348,0.45261984392419174,2.940012856957285,3.686446612673542,0.5429208472686734,6.0,1.8254550431041745,0.36899939312162644,1.403172562182376,0.40416150016715935,1.8279396256869256,0.6482199561555995,0,0.5473801560758083,0
low_similarity_r4_morgan_fingerprints_dummy,low_similarity_r4,4,101,False,morgan_fingerprints,2048,2048,0.47052281007689445,0.3374029431333377,3.2670425328749997,2.5,-2.800144660820466,-2.6425405483,-12.9,2.3845492355092226,1.9601090188305252,2.2684325991080283,2.6752123397737373,286.86648868371407,173.94011072170196,8072,0.33002973240832506,1.7771308225966302,1.688697270031499,4.551907829534192,5.476300870144697,4128,0.6311942517343905,70.26625371655103,64.17841147945556,,,,,median,dummy,constant_baseline,8072,897,7175,897,-0.07950674222817283,-0.16823450045545058,-0.13119739123339777,-0.013260403381022603,-0.20419624022789992,-0.06923876378662502,low_similarity,0.4436970012501653,0.3446422742286587,0.6818181818181818,0.37637408788249804,0.3870967741935484,0.04,0.2722783389450056,0.32,0.08703363160922624,1.8183695875139365,2.4476002517476787,264.0459999261784,184.76423188741907,897,1.754738015607581,1.6817170631880778,3.4336677814938685,4.299644819347686,661,0.1794871794871795,0.9866220735785953,1.0,65.82261984392419,70.4728792102172,0.6075808249721293,1.831634703749387,-0.02499356479468884,2.273583301306908,,0.8472686733556298,0.7146042363433668,0.451505016722408,6.7074594517,0.24608980103372347,1.8174594517,0.431438127090301,3.7563624577399994,4.398328590819999,0.7146042363433668,,2.3694076342242205,,1.9664907645360648,-0.010799212743628939,2.3808389244590074,,,0.568561872909699,
low_similarity_r4_morgan_fingerprints_extra_trees,low_similarity_r4,4,101,True,morgan_fingerprints,2048,2048,0.47052281007689445,0.3374029431333377,3.2670425328749997,2.5,-2.800144660820466,-2.6425405483,-12.9,2.3845492355092226,1.9601090188305252,2.2684325991080283,2.6752123397737373,286.86648868371407,173.94011072170196,8072,0.33002973240832506,1.7771308225966302,1.688697270031499,4.551907829534192,5.476300870144697,4128,0.6311942517343905,70.26625371655103,64.17841147945556,,sqrt,1.0,100.0,,extra_trees,tree_ensemble,8072,897,7175,897,-0.07950674222817283,-0.16823450045545058,-0.13119739123339777,-0.013260403381022603,-0.20419624022789992,-0.06923876378662502,low_similarity,0.4436970012501653,0.3446422742286587,0.6818181818181818,0.37637408788249804,0.3870967741935484,0.04,0.2722783389450056,0.32,0.08703363160922624,1.8183695875139365,2.4476002517476787,264.0459999261784,184.76423188741907,897,1.754738015607581,1.6817170631880778,3.4336677814938685,4.299644819347686,661,0.1794871794871795,0.9866220735785953,1.0,65.82261984392419,70.4728792102172,0.6075808249721293,0.9876336093753181,0.6259441313743996,1.373467976299356,0.7989579609745888,0.7513935340022296,0.5261984392419174,0.2463768115942029,8.54556353110549,-0.047760791037075666,1.0598215619739995,0.48049052396878483,3.0571528215420005,3.780895216326837,0.5261984392419174,8.0,1.841534987845596,0.38218755920604686,1.401773109269635,0.3955328081884941,1.841127791771346,0.6408909062133574,0,0.5195094760312151,0
low_similarity_r4_morgan_fingerprints_random_forest,low_similarity_r4,4,101,True,morgan_fingerprints,2048,2048,0.47052281007689445,0.3374029431333377,3.2670425328749997,2.5,-2.800144660820466,-2.6425405483,-12.9,2.3845492355092226,1.9601090188305252,2.2684325991080283,2.6752123397737373,286.86648868371407,173.94011072170196,8072,0.33002973240832506,1.7771308225966302,1.688697270031499,4.551907829534192,5.476300870144697,4128,0.6311942517343905,70.26625371655103,64.17841147945556,,sqrt,1.0,100.0,,random_forest,tree_ensemble,8072,897,7175,897,-0.07950674222817283,-0.16823450045545058,-0.13119739123339777,-0.013260403381022603,-0.20419624022789992,-0.06923876378662502,low_similarity,0.4436970012501653,0.3446422742286587,0.6818181818181818,0.37637408788249804,0.3870967741935484,0.04,0.2722783389450056,0.32,0.08703363160922624,1.8183695875139365,2.4476002517476787,264.0459999261784,184.76423188741907,897,1.754738015607581,1.6817170631880778,3.4336677814938685,4.299644819347686,661,0.1794871794871795,0.9866220735785953,1.0,65.82261984392419,70.4728792102172,0.6075808249721293,1.0485081660281572,0.5937756919036039,1.4313085160983456,0.7831381975065395,0.7591973244147158,0.5473801560758083,0.24303232998885171,8.177309274943001,-0.05610451574667791,1.126497877558,0.47714604236343366,3.0840792476548,3.7275829912431346,0.5473801560758083,7.0,1.8311285973219973,0.3720271634859007,1.4116244114793066,0.4021859904332912,1.8309673960511998,0.6471097287413226,0,0.5228539576365663,0
low_similarity_r4_morgan_fingerprints_ridge,low_similarity_r4,4,101,True,morgan_fingerprints,2048,2048,0.47052281007689445,0.3374029431333377,3.2670425328749997,2.5,-2.800144660820466,-2.6425405483,-12.9,2.3845492355092226,1.9601090188305252,2.2684325991080283,2.6752123397737373,286.86648868371407,173.94011072170196,8072,0.33002973240832506,1.7771308225966302,1.688697270031499,4.551907829534192,5.476300870144697,4128,0.6311942517343905,70.26625371655103,64.17841147945556,100.0,,,,,ridge,linear,8072,897,7175,897,-0.07950674222817283,-0.16823450045545058,-0.13119739123339777,-0.013260403381022603,-0.20419624022789992,-0.06923876378662502,low_similarity,0.4436970012501653,0.3446422742286587,0.6818181818181818,0.37637408788249804,0.3870967741935484,0.04,0.2722783389450056,0.32,0.08703363160922624,1.8183695875139365,2.4476002517476787,264.0459999261784,184.76423188741907,897,1.754738015607581,1.6817170631880778,3.4336677814938685,4.299644819347686,661,0.1794871794871795,0.9866220735785953,1.0,65.82261984392419,70.4728792102172,0.6075808249721293,1.1211824378176545,0.5610733060550523,1.4878059746864702,0.7534927801289754,0.7591973244147158,0.5696767001114827,0.2787068004459309,7.658197849720592,0.08965860827105222,1.2025718845200464,0.43812709030100333,3.185695250124914,3.76254587735279,0.5696767001114827,9.0,1.9032553874763762,0.4453657846081325,1.4741321712278326,0.3533365038576972,1.9043060171734316,0.5872547535682677,0,0.5618729096989966,0
low_similarity_r4_rdkit_descriptors_dummy,low_similarity_r4,4,101,False,rdkit_descriptors,216,216,0.47052281007689445,0.3374029431333377,3.2670425328749997,2.5,-2.800144660820466,-2.6425405483,-12.9,2.3845492355092226,1.9601090188305252,2.2684325991080283,2.6752123397737373,286.86648868371407,173.94011072170196,8072,0.33002973240832506,1.7771308225966302,1.688697270031499,4.551907829534192,5.476300870144697,4128,0.6311942517343905,70.26625371655103,64.17841147945556,,,,,median,dummy,constant_baseline,8072,897,7175,897,-0.07950674222817283,-0.16823450045545058,-0.13119739123339777,-0.013260403381022603,-0.20419624022789992,-0.06923876378662502,low_similarity,0.4436970012501653,0.3446422742286587,0.6818181818181818,0.37637408788249804,0.3870967741935484,0.04,0.2722783389450056,0.32,0.08703363160922624,1.8183695875139365,2.4476002517476787,264.0459999261784,184.76423188741907,897,1.754738015607581,1.6817170631880778,3.4336677814938685,4.299644819347686,661,0.1794871794871795,0.9866220735785953,1.0,65.82261984392419,70.4728792102172,0.6075808249721293,1.831634703749387,-0.02499356479468884,2.273583301306908,,0.8472686733556298,0.7146042363433668,0.451505016722408,6.7074594517,0.24608980103372347,1.8174594517,0.431438127090301,3.7563624577399994,4.398328590819999,0.7146042363433668,,2.3694076342242205,,1.9664907645360648,-0.010799212743628939,2.3808389244590074,,,0.568561872909699,
low_similarity_r4_rdkit_descriptors_extra_trees,low_similarity_r4,4,101,True,rdkit_descriptors,214,216,0.47052281007689445,0.3374029431333377,3.2670425328749997,2.5,-2.800144660820466,-2.6425405483,-12.9,2.3845492355092226,1.9601090188305252,2.2684325991080283,2.6752123397737373,286.86648868371407,173.94011072170196,8072,0.33002973240832506,1.7771308225966302,1.688697270031499,4.551907829534192,5.476300870144697,4128,0.6311942517343905,70.26625371655103,64.17841147945556,,sqrt,1.0,100.0,,extra_trees,tree_ensemble,8072,897,7175,897,-0.07950674222817283,-0.16823450045545058,-0.13119739123339777,-0.013260403381022603,-0.20419624022789992,-0.06923876378662502,low_similarity,0.4436970012501653,0.3446422742286587,0.6818181818181818,0.37637408788249804,0.3870967741935484,0.04,0.2722783389450056,0.32,0.08703363160922624,1.8183695875139365,2.4476002517476787,264.0459999261784,184.76423188741907,897,1.754738015607581,1.6817170631880778,3.4336677814938685,4.299644819347686,661,0.1794871794871795,0.9866220735785953,1.0,65.82261984392419,70.4728792102172,0.6075808249721293,0.7710700165165385,0.7357905129087352,1.1543154417911865,0.8421846289666822,0.6053511705685619,0.3801560758082497,0.14715719063545152,6.967441899844499,0.05008582328720233,0.6846636709149978,0.5128205128205128,2.4276224251186003,3.2686972090357984,0.3801560758082497,1.0,1.4588936829468715,0.0,1.0212119969191178,0.6204404979945249,1.4589402325652991,0.7782421077008506,1,0.48717948717948717,1
low_similarity_r4_rdkit_descriptors_random_forest,low_similarity_r4,4,101,True,rdkit_descriptors,214,216,0.47052281007689445,0.3374029431333377,3.2670425328749997,2.5,-2.800144660820466,-2.6425405483,-12.9,2.3845492355092226,1.9601090188305252,2.2684325991080283,2.6752123397737373,286.86648868371407,173.94011072170196,8072,0.33002973240832506,1.7771308225966302,1.688697270031499,4.551907829534192,5.476300870144697,4128,0.6311942517343905,70.26625371655103,64.17841147945556,,sqrt,1.0,100.0,,random_forest,tree_ensemble,8072,897,7175,897,-0.07950674222817283,-0.16823450045545058,-0.13119739123339777,-0.013260403381022603,-0.20419624022789992,-0.06923876378662502,low_similarity,0.4436970012501653,0.3446422742286587,0.6818181818181818,0.37637408788249804,0.3870967741935484,0.04,0.2722783389450056,0.32,0.08703363160922624,1.8183695875139365,2.4476002517476787,264.0459999261784,184.76423188741907,897,1.754738015607581,1.6817170631880778,3.4336677814938685,4.299644819347686,661,0.1794871794871795,0.9866220735785953,1.0,65.82261984392419,70.4728792102172,0.6075808249721293,0.7829494714362945,0.7441753613530102,1.1358513175704863,0.8431775776387809,0.5875139353400223,0.3701226309921962,0.13935340022296544,7.839152409347501,0.03584911413053246,0.6868403763960003,0.5150501672240803,2.4845338711798655,3.1368601239381317,0.3701226309921962,2.0,1.4668751803945452,0.007555302627041183,1.0208960591073672,0.6164991271634483,1.4664955351923403,0.7728248680015888,1,0.48494983277591974,1
low_similarity_r4_rdkit_descriptors_ridge,low_similarity_r4,4,101,True,rdkit_descriptors,214,216,0.47052281007689445,0.3374029431333377,3.2670425328749997,2.5,-2.800144660820466,-2.6425405483,-12.9,2.3845492355092226,1.9601090188305252,2.2684325991080283,2.6752123397737373,286.86648868371407,173.94011072170196,8072,0.33002973240832506,1.7771308225966302,1.688697270031499,4.551907829534192,5.476300870144697,4128,0.6311942517343905,70.26625371655103,64.17841147945556,1.0,,,,,ridge,linear,8072,897,7175,897,-0.07950674222817283,-0.16823450045545058,-0.13119739123339777,-0.013260403381022603,-0.20419624022789992,-0.06923876378662502,low_similarity,0.4436970012501653,0.3446422742286587,0.6818181818181818,0.37637408788249804,0.3870967741935484,0.04,0.2722783389450056,0.32,0.08703363160922624,1.8183695875139365,2.4476002517476787,264.0459999261784,184.76423188741907,897,1.754738015607581,1.6817170631880778,3.4336677814938685,4.299644819347686,661,0.1794871794871795,0.9866220735785953,1.0,65.82261984392419,70.4728792102172,0.6075808249721293,0.9686529241357156,0.6472330376890588,1.3338108753338314,0.811189480528341,0.6822742474916388,0.44258639910813824,0.1806020066889632,8.680235401353045,0.008118569208534734,0.8569616459241312,0.5228539576365663,2.674629506880941,3.520836153283328,0.44258639910813824,3.0,1.6490332127319465,0.18919352611529905,1.1917978082630976,0.5156160139078104,1.6481337586805982,0.7318062498483687,1,0.47714604236343366,0
low_similarity_r5_maccs_fingerprints_dummy,low_similarity_r5,5,137,False,maccs_fingerprints,167,167,0.4688071490813852,0.33669669766968713,3.28121386095,2.5,-2.7982548990186755,-2.64,-12.9,2.3847690137488597,1.962215064420218,2.259133347373638,2.6925934983681743,288.15992010404267,176.87671943053473,8072,0.33114469772051536,1.7888999008919722,1.7056425133909352,4.569375619425173,5.536233020442473,4147,0.6299554013875124,70.8791513875124,65.48673566851366,,,,,median,dummy,constant_baseline,8072,897,7175,897,-0.028723511706882282,-0.13261595614985458,-0.2021371785015023,-0.0821218211636712,-0.23353396950756916,-0.16143616259571583,low_similarity,0.45913603754420135,0.35161177602342075,0.7419354838709677,0.3848236715683186,0.39473684210526316,0.047619047619047616,0.26506602641056426,0.3333333333333333,0.09057175255349283,1.9020524860646608,2.284283138778014,252.40655909575253,155.4842090658753,897,1.648829431438127,1.5142114250814214,3.2764771460423634,3.487450983363533,649,0.17725752508361203,0.939799331103679,0.9977703455964325,60.30722408026756,57.92577778228784,0.5797101449275363,1.893781441936399,-0.012640430330331354,2.3719330293342598,,0.8528428093645485,0.7068004459308808,0.44816053511705684,7.3427617991,0.22654350327547393,1.7855032448999997,0.44258639910813824,3.7539999999999996,4.40474857118,0.7068004459308808,,2.3702477686650525,,1.9590191138817168,-0.009145346503812046,2.3797338635823575,,,0.5574136008918618,
low_similarity_r5_maccs_fingerprints_extra_trees,low_similarity_r5,5,137,True,maccs_fingerprints,167,167,0.4688071490813852,0.33669669766968713,3.28121386095,2.5,-2.7982548990186755,-2.64,-12.9,2.3847690137488597,1.962215064420218,2.259133347373638,2.6925934983681743,288.15992010404267,176.87671943053473,8072,0.33114469772051536,1.7888999008919722,1.7056425133909352,4.569375619425173,5.536233020442473,4147,0.6299554013875124,70.8791513875124,65.48673566851366,,sqrt,3.0,100.0,,extra_trees,tree_ensemble,8072,897,7175,897,-0.028723511706882282,-0.13261595614985458,-0.2021371785015023,-0.0821218211636712,-0.23353396950756916,-0.16143616259571583,low_similarity,0.45913603754420135,0.35161177602342075,0.7419354838709677,0.3848236715683186,0.39473684210526316,0.047619047619047616,0.26506602641056426,0.3333333333333333,0.09057175255349283,1.9020524860646608,2.284283138778014,252.40655909575253,155.4842090658753,897,1.648829431438127,1.5142114250814214,3.2764771460423634,3.487450983363533,649,0.17725752508361203,0.939799331103679,0.9977703455964325,60.30722408026756,57.92577778228784,0.5797101449275363,0.9983122473047078,0.6353182868645064,1.4234158072225669,0.8073805473874792,0.717948717948718,0.46265328874024525,0.18729096989966554,7.677070889590092,0.06469534476290355,0.9221756837693214,0.4280936454849498,2.82947350769863,3.3765052522398236,0.46265328874024525,4.0,1.6658752805670851,0.23053253634988868,1.2316227419757924,0.5052876894333207,1.6662029096048219,0.7421920327775047,0,0.5719063545150501,0
low_similarity_r5_maccs_fingerprints_random_forest,low_similarity_r5,5,137,True,maccs_fingerprints,167,167,0.4688071490813852,0.33669669766968713,3.28121386095,2.5,-2.7982548990186755,-2.64,-12.9,2.3847690137488597,1.962215064420218,2.259133347373638,2.6925934983681743,288.15992010404267,176.87671943053473,8072,0.33114469772051536,1.7888999008919722,1.7056425133909352,4.569375619425173,5.536233020442473,4147,0.6299554013875124,70.8791513875124,65.48673566851366,,sqrt,1.0,100.0,,random_forest,tree_ensemble,8072,897,7175,897,-0.028723511706882282,-0.13261595614985458,-0.2021371785015023,-0.0821218211636712,-0.23353396950756916,-0.16143616259571583,low_similarity,0.45913603754420135,0.35161177602342075,0.7419354838709677,0.3848236715683186,0.39473684210526316,0.047619047619047616,0.26506602641056426,0.3333333333333333,0.09057175255349283,1.9020524860646608,2.284283138778014,252.40655909575253,155.4842090658753,897,1.648829431438127,1.5142114250814214,3.2764771460423634,3.487450983363533,649,0.17725752508361203,0.939799331103679,0.9977703455964325,60.30722408026756,57.92577778228784,0.5797101449275363,0.9676166933621984,0.6429629444352014,1.4084175802558239,0.8041386907981515,0.6711259754738016,0.44816053511705684,0.18171683389074694,8.049117065798097,0.02074995899868462,0.8761042166587747,0.4503901895206243,2.819828257866533,3.415157262509331,0.44816053511705684,5.0,1.6703239529734053,0.23385121113048535,1.2003944691426693,0.5033150313811715,1.6695215843854185,0.7366438505436622,0,0.5496098104793757,0
low_similarity_r5_maccs_fingerprints_ridge,low_similarity_r5,5,137,True,maccs_fingerprints,167,167,0.4688071490813852,0.33669669766968713,3.28121386095,2.5,-2.7982548990186755,-2.64,-12.9,2.3847690137488597,1.962215064420218,2.259133347373638,2.6925934983681743,288.15992010404267,176.87671943053473,8072,0.33114469772051536,1.7888999008919722,1.7056425133909352,4.569375619425173,5.536233020442473,4147,0.6299554013875124,70.8791513875124,65.48673566851366,1.0,,,,,ridge,linear,8072,897,7175,897,-0.028723511706882282,-0.13261595614985458,-0.2021371785015023,-0.0821218211636712,-0.23353396950756916,-0.16143616259571583,low_similarity,0.45913603754420135,0.35161177602342075,0.7419354838709677,0.3848236715683186,0.39473684210526316,0.047619047619047616,0.26506602641056426,0.3333333333333333,0.09057175255349283,1.9020524860646608,2.284283138778014,252.40655909575253,155.4842090658753,897,1.648829431438127,1.5142114250814214,3.2764771460423634,3.487450983363533,649,0.17725752508361203,0.939799331103679,0.9977703455964325,60.30722408026756,57.92577778228784,0.5797101449275363,1.2580512913695812,0.4940862563231425,1.6765365662691611,0.7235523771343906,0.7569676700111483,0.5429208472686734,0.22965440356744704,7.038417632382718,0.15137995994189746,1.128475791885358,0.42920847268673357,2.8434783435940836,3.577485689766699,0.5429208472686734,6.0,1.7747794014441278,0.3445673318295388,1.3758860873204795,0.43525430280706934,1.780237705084472,0.678048329317625,0,0.5707915273132664,0
low_similarity_r5_morgan_fingerprints_dummy,low_similarity_r5,5,137,False,morgan_fingerprints,2048,2048,0.4688071490813852,0.33669669766968713,3.28121386095,2.5,-2.7982548990186755,-2.64,-12.9,2.3847690137488597,1.962215064420218,2.259133347373638,2.6925934983681743,288.15992010404267,176.87671943053473,8072,0.33114469772051536,1.7888999008919722,1.7056425133909352,4.569375619425173,5.536233020442473,4147,0.6299554013875124,70.8791513875124,65.48673566851366,,,,,median,dummy,constant_baseline,8072,897,7175,897,-0.028723511706882282,-0.13261595614985458,-0.2021371785015023,-0.0821218211636712,-0.23353396950756916,-0.16143616259571583,low_similarity,0.45913603754420135,0.35161177602342075,0.7419354838709677,0.3848236715683186,0.39473684210526316,0.047619047619047616,0.26506602641056426,0.3333333333333333,0.09057175255349283,1.9020524860646608,2.284283138778014,252.40655909575253,155.4842090658753,897,1.648829431438127,1.5142114250814214,3.2764771460423634,3.487450983363533,649,0.17725752508361203,0.939799331103679,0.9977703455964325,60.30722408026756,57.92577778228784,0.5797101449275363,1.893781441936399,-0.012640430330331354,2.3719330293342598,,0.8528428093645485,0.7068004459308808,0.44816053511705684,7.3427617991,0.22654350327547393,1.7855032448999997,0.44258639910813824,3.7539999999999996,4.40474857118,0.7068004459308808,,2.3702477686650525,,1.9590191138817168,-0.009145346503812046,2.3797338635823575,,,0.5574136008918618,
low_similarity_r5_morgan_fingerprints_extra_trees,low_similarity_r5,5,137,True,morgan_fingerprints,2048,2048,0.4688071490813852,0.33669669766968713,3.28121386095,2.5,-2.7982548990186755,-2.64,-12.9,2.3847690137488597,1.962215064420218,2.259133347373638,2.6925934983681743,288.15992010404267,176.87671943053473,8072,0.33114469772051536,1.7888999008919722,1.7056425133909352,4.569375619425173,5.536233020442473,4147,0.6299554013875124,70.8791513875124,65.48673566851366,,sqrt,1.0,100.0,,extra_trees,tree_ensemble,8072,897,7175,897,-0.028723511706882282,-0.13261595614985458,-0.2021371785015023,-0.0821218211636712,-0.23353396950756916,-0.16143616259571583,low_similarity,0.45913603754420135,0.35161177602342075,0.7419354838709677,0.3848236715683186,0.39473684210526316,0.047619047619047616,0.26506602641056426,0.3333333333333333,0.09057175255349283,1.9020524860646608,2.284283138778014,252.40655909575253,155.4842090658753,897,1.648829431438127,1.5142114250814214,3.2764771460423634,3.487450983363533,649,0.17725752508361203,0.939799331103679,0.9977703455964325,60.30722408026756,57.92577778228784,0.5797101449275363,1.0411105955429685,0.6123499875033137,1.4675560340881755,0.7960970449737911,0.717948717948718,0.49052396878483834,0.22853957636566333,9.189231712280986,-0.10437789087946357,0.9780787156309962,0.48940914158305465,3.0989494775878015,3.760113179520198,0.49052396878483834,7.0,1.8010086507253675,0.3673578613347308,1.3344123572146847,0.42070204441498915,1.803028234589664,0.6862586421878119,0,0.5105908584169454,0
low_similarity_r5_morgan_fingerprints_random_forest,low_similarity_r5,5,137,True,morgan_fingerprints,2048,2048,0.4688071490813852,0.33669669766968713,3.28121386095,2.5,-2.7982548990186755,-2.64,-12.9,2.3847690137488597,1.962215064420218,2.259133347373638,2.6925934983681743,288.15992010404267,176.87671943053473,8072,0.33114469772051536,1.7888999008919722,1.7056425133909352,4.569375619425173,5.536233020442473,4147,0.6299554013875124,70.8791513875124,65.48673566851366,,sqrt,1.0,100.0,,random_forest,tree_ensemble,8072,897,7175,897,-0.028723511706882282,-0.13261595614985458,-0.2021371785015023,-0.0821218211636712,-0.23353396950756916,-0.16143616259571583,low_similarity,0.45913603754420135,0.35161177602342075,0.7419354838709677,0.3848236715683186,0.39473684210526316,0.047619047619047616,0.26506602641056426,0.3333333333333333,0.09057175255349283,1.9020524860646608,2.284283138778014,252.40655909575253,155.4842090658753,897,1.648829431438127,1.5142114250814214,3.2764771460423634,3.487450983363533,649,0.17725752508361203,0.939799331103679,0.9977703455964325,60.30722408026756,57.92577778228784,0.5797101449275363,1.0845415420975688,0.588370948421722,1.5122646502464867,0.7851791878292089,0.7190635451505016,0.5128205128205128,0.23745819397993312,8.4950060831935,-0.10014822266462828,1.0344187186740004,0.4782608695652174,3.2002501209738003,3.732293740073096,0.5128205128205128,8.0,1.8230839807588162,0.3891473131103449,1.3676025226738593,0.4066159019056498,1.824817686365278,0.6766777195543359,0,0.5217391304347826,0
low_similarity_r5_morgan_fingerprints_ridge,low_similarity_r5,5,137,True,morgan_fingerprints,2048,2048,0.4688071490813852,0.33669669766968713,3.28121386095,2.5,-2.7982548990186755,-2.64,-12.9,2.3847690137488597,1.962215064420218,2.259133347373638,2.6925934983681743,288.15992010404267,176.87671943053473,8072,0.33114469772051536,1.7888999008919722,1.7056425133909352,4.569375619425173,5.536233020442473,4147,0.6299554013875124,70.8791513875124,65.48673566851366,10.0,,,,,ridge,linear,8072,897,7175,897,-0.028723511706882282,-0.13261595614985458,-0.2021371785015023,-0.0821218211636712,-0.23353396950756916,-0.16143616259571583,low_similarity,0.45913603754420135,0.35161177602342075,0.7419354838709677,0.3848236715683186,0.39473684210526316,0.047619047619047616,0.26506602641056426,0.3333333333333333,0.09057175255349283,1.9020524860646608,2.284283138778014,252.40655909575253,155.4842090658753,897,1.648829431438127,1.5142114250814214,3.2764771460423634,3.487450983363533,649,0.17725752508361203,0.939799331103679,0.9977703455964325,60.30722408026756,57.92577778228784,0.5797101449275363,1.2215231802407083,0.5314641438498535,1.6134154350337468,0.7335445826939508,0.7681159420289855,0.5484949832775919,0.24526198439241917,7.958303492349932,0.042984959694702805,1.1164347098982201,0.45261984392419174,3.239533963287461,4.102529038117571,0.5484949832775919,9.0,1.9567999359311694,0.5205108425576335,1.4826196621979282,0.31810876332885796,1.9561812158125667,0.5991071328628557,0,0.5473801560758083,0
low_similarity_r5_rdkit_descriptors_dummy,low_similarity_r5,5,137,False,rdkit_descriptors,216,216,0.4688071490813852,0.33669669766968713,3.28121386095,2.5,-2.7982548990186755,-2.64,-12.9,2.3847690137488597,1.962215064420218,2.259133347373638,2.6925934983681743,288.15992010404267,176.87671943053473,8072,0.33114469772051536,1.7888999008919722,1.7056425133909352,4.569375619425173,5.536233020442473,4147,0.6299554013875124,70.8791513875124,65.48673566851366,,,,,median,dummy,constant_baseline,8072,897,7175,897,-0.028723511706882282,-0.13261595614985458,-0.2021371785015023,-0.0821218211636712,-0.23353396950756916,-0.16143616259571583,low_similarity,0.45913603754420135,0.35161177602342075,0.7419354838709677,0.3848236715683186,0.39473684210526316,0.047619047619047616,0.26506602641056426,0.3333333333333333,0.09057175255349283,1.9020524860646608,2.284283138778014,252.40655909575253,155.4842090658753,897,1.648829431438127,1.5142114250814214,3.2764771460423634,3.487450983363533,649,0.17725752508361203,0.939799331103679,0.9977703455964325,60.30722408026756,57.92577778228784,0.5797101449275363,1.893781441936399,-0.012640430330331354,2.3719330293342598,,0.8528428093645485,0.7068004459308808,0.44816053511705684,7.3427617991,0.22654350327547393,1.7855032448999997,0.44258639910813824,3.7539999999999996,4.40474857118,0.7068004459308808,,2.3702477686650525,,1.9590191138817168,-0.009145346503812046,2.3797338635823575,,,0.5574136008918618,
low_similarity_r5_rdkit_descriptors_extra_trees,low_similarity_r5,5,137,True,rdkit_descriptors,214,216,0.4688071490813852,0.33669669766968713,3.28121386095,2.5,-2.7982548990186755,-2.64,-12.9,2.3847690137488597,1.962215064420218,2.259133347373638,2.6925934983681743,288.15992010404267,176.87671943053473,8072,0.33114469772051536,1.7888999008919722,1.7056425133909352,4.569375619425173,5.536233020442473,4147,0.6299554013875124,70.8791513875124,65.48673566851366,,sqrt,1.0,100.0,,extra_trees,tree_ensemble,8072,897,7175,897,-0.028723511706882282,-0.13261595614985458,-0.2021371785015023,-0.0821218211636712,-0.23353396950756916,-0.16143616259571583,low_similarity,0.45913603754420135,0.35161177602342075,0.7419354838709677,0.3848236715683186,0.39473684210526316,0.047619047619047616,0.26506602641056426,0.3333333333333333,0.09057175255349283,1.9020524860646608,2.284283138778014,252.40655909575253,155.4842090658753,897,1.648829431438127,1.5142114250814214,3.2764771460423634,3.487450983363533,649,0.17725752508361203,0.939799331103679,0.9977703455964325,60.30722408026756,57.92577778228784,0.5797101449275363,0.7893471805777341,0.7354456740763371,1.2123617473415291,0.8511300827488911,0.5986622073578596,0.3745819397993311,0.13935340022296544,8.240535072533167,-0.025948095989505003,0.6832317124519998,0.5139353400222966,2.382780420363599,3.1462351800512,0.3745819397993311,2.0,1.480646197316083,0.0443777391267719,1.019788837921398,0.6096550121084654,1.480048112381705,0.7907250502056661,1,0.48494983277591974,1
low_similarity_r5_rdkit_descriptors_random_forest,low_similarity_r5,5,137,True,rdkit_descriptors,214,216,0.4688071490813852,0.33669669766968713,3.28121386095,2.5,-2.7982548990186755,-2.64,-12.9,2.3847690137488597,1.962215064420218,2.259133347373638,2.6925934983681743,288.15992010404267,176.87671943053473,8072,0.33114469772051536,1.7888999008919722,1.7056425133909352,4.569375619425173,5.536233020442473,4147,0.6299554013875124,70.8791513875124,65.48673566851366,,sqrt,3.0,100.0,,random_forest,tree_ensemble,8072,897,7175,897,-0.028723511706882282,-0.13261595614985458,-0.2021371785015023,-0.0821218211636712,-0.23353396950756916,-0.16143616259571583,low_similarity,0.45913603754420135,0.35161177602342075,0.7419354838709677,0.3848236715683186,0.39473684210526316,0.047619047619047616,0.26506602641056426,0.3333333333333333,0.09057175255349283,1.9020524860646608,2.284283138778014,252.40655909575253,155.4842090658753,897,1.648829431438127,1.5142114250814214,3.2764771460423634,3.487450983363533,649,0.17725752508361203,0.939799331103679,0.9977703455964325,60.30722408026756,57.92577778228784,0.5797101449275363,0.8198718602896738,0.7391075514953886,1.2039419455663742,0.8471831989517491,0.6075808249721293,0.36231884057971014,0.1326644370122631,8.42688944953371,-0.014491837680933685,0.6862049263524435,0.5139353400222966,2.3144748737359233,3.0672843002041095,0.36231884057971014,1.0,1.4363981212989225,0.0,1.0039442510364334,0.6327122724733392,1.4356703732549332,0.8056670689128912,1,0.48606465997770343,1
low_similarity_r5_rdkit_descriptors_ridge,low_similarity_r5,5,137,True,rdkit_descriptors,214,216,0.4688071490813852,0.33669669766968713,3.28121386095,2.5,-2.7982548990186755,-2.64,-12.9,2.3847690137488597,1.962215064420218,2.259133347373638,2.6925934983681743,288.15992010404267,176.87671943053473,8072,0.33114469772051536,1.7888999008919722,1.7056425133909352,4.569375619425173,5.536233020442473,4147,0.6299554013875124,70.8791513875124,65.48673566851366,1.0,,,,,ridge,linear,8072,897,7175,897,-0.028723511706882282,-0.13261595614985458,-0.2021371785015023,-0.0821218211636712,-0.23353396950756916,-0.16143616259571583,low_similarity,0.45913603754420135,0.35161177602342075,0.7419354838709677,0.3848236715683186,0.39473684210526316,0.047619047619047616,0.26506602641056426,0.3333333333333333,0.09057175255349283,1.9020524860646608,2.284283138778014,252.40655909575253,155.4842090658753,897,1.648829431438127,1.5142114250814214,3.2764771460423634,3.487450983363533,649,0.17725752508361203,0.939799331103679,0.9977703455964325,60.30722408026756,57.92577778228784,0.5797101449275363,1.0115877525170163,0.6476075571588163,1.3992267021439435,0.8068854513132182,0.6989966555183946,0.43701226309921964,0.16610925306577481,8.191421968108035,0.049343969118136,0.8393971233546802,0.483835005574136,2.461993850322543,3.330055081692085,0.43701226309921964,3.0,1.5805299438250842,0.14474881441703769,1.1518826646424696,0.5549164656333676,1.5804191876719709,0.757779034928691,1,0.5161649944258639,0
random_r1_maccs_fingerprints_dummy,random_r1,1,13,False,maccs_fingerprints,167,167,0.4683270253153928,0.33866302018855365,3.2936385056999997,2.49,-2.758931390768149,-2.6,-12.9,2.3849370725730514,1.9568880079286421,2.2374118644697734,2.667192992671783,284.94450106401416,176.86281474994263,8072,0.3290386521308226,1.7835728444003964,1.7060280626675752,4.448835480673934,5.49103942304407,4255,0.6331764122893955,69.7005872150644,65.08958478649963,,,,,mean,dummy,constant_baseline,8072,897,7175,897,-0.014381284173225076,-0.052448491112073184,-0.02037033759589238,-0.05088183786955886,-0.015958994380599043,0.018626643967896976,random,0.4634566161830985,0.33426275434652325,1.0,0.5929156555116393,0.59375,0.045454545454545456,0.3523052464228935,0.45454545454545453,0.18819859367005776,2.0975216164994435,2.557642581782893,281.34174581939806,159.24726980796328,897,1.6967670011148273,1.5138942158443571,4.361204013377926,4.260356328845496,608,0.05239687848383501,0.3188405797101449,0.7235228539576366,70.91298773690077,62.625099597091335,0.4414715719063545,1.932511287702266,-8.166725678382392e-06,2.392461788843522,,0.8405797101449275,0.7045707915273133,0.43032329988851725,9.041068609231852,-0.008392841294448129,1.6710686092318503,0.4760312151616499,3.8089313907681497,4.600369014591847,0.7045707915273133,,2.396706144553609,,1.9381789456587297,-1.2276452179937891e-05,2.3953845186797813,,,0.5239687848383501,
random_r1_maccs_fingerprints_extra_trees,random_r1,1,13,True,maccs_fingerprints,167,167,0.4683270253153928,0.33866302018855365,3.2936385056999997,2.49,-2.758931390768149,-2.6,-12.9,2.3849370725730514,1.9568880079286421,2.2374118644697734,2.667192992671783,284.94450106401416,176.86281474994263,8072,0.3290386521308226,1.7835728444003964,1.7060280626675752,4.448835480673934,5.49103942304407,4255,0.6331764122893955,69.7005872150644,65.08958478649963,,sqrt,3.0,100.0,,extra_trees,tree_ensemble,8072,897,7175,897,-0.014381284173225076,-0.052448491112073184,-0.02037033759589238,-0.05088183786955886,-0.015958994380599043,0.018626643967896976,random,0.4634566161830985,0.33426275434652325,1.0,0.5929156555116393,0.59375,0.045454545454545456,0.3523052464228935,0.45454545454545453,0.18819859367005776,2.0975216164994435,2.557642581782893,281.34174581939806,159.24726980796328,897,1.6967670011148273,1.5138942158443571,4.361204013377926,4.260356328845496,608,0.05239687848383501,0.3188405797101449,0.7235228539576366,70.91298773690077,62.625099597091335,0.4414715719063545,1.0103524687000647,0.6373683499552838,1.4407084050970966,0.8187694206695452,0.6432552954292085,0.36789297658862874,0.1326644370122631,7.457388374180848,-0.03681977758454931,0.7489866614476219,0.4938684503901895,2.3671731519207846,3.0874234058972356,0.36789297658862874,5.0,1.4449903384401306,0.1917153219320209,1.026066195904493,0.6362671629859877,1.4446539441218071,0.8019729148387522,0,0.5061315496098104,0
random_r1_maccs_fingerprints_random_forest,random_r1,1,13,True,maccs_fingerprints,167,167,0.4683270253153928,0.33866302018855365,3.2936385056999997,2.49,-2.758931390768149,-2.6,-12.9,2.3849370725730514,1.9568880079286421,2.2374118644697734,2.667192992671783,284.94450106401416,176.86281474994263,8072,0.3290386521308226,1.7835728444003964,1.7060280626675752,4.448835480673934,5.49103942304407,4255,0.6331764122893955,69.7005872150644,65.08958478649963,,sqrt,1.0,100.0,,random_forest,tree_ensemble,8072,897,7175,897,-0.014381284173225076,-0.052448491112073184,-0.02037033759589238,-0.05088183786955886,-0.015958994380599043,0.018626643967896976,random,0.4634566161830985,0.33426275434652325,1.0,0.5929156555116393,0.59375,0.045454545454545456,0.3523052464228935,0.45454545454545453,0.18819859367005776,2.0975216164994435,2.557642581782893,281.34174581939806,159.24726980796328,897,1.6967670011148273,1.5138942158443571,4.361204013377926,4.260356328845496,608,0.05239687848383501,0.3188405797101449,0.7235228539576366,70.91298773690077,62.625099597091335,0.4414715719063545,0.9796594571899646,0.6392814290149966,1.4369031197617237,0.8169198268367636,0.5752508361204013,0.36231884057971014,0.12709030100334448,8.018898469641845,-0.02936154794030805,0.6401273197853338,0.48940914158305465,2.333875758270598,3.1183958996445305,0.36231884057971014,3.0,1.4402502545086648,0.1868080176262441,0.9928944142852788,0.6387340736328739,1.4397466398160303,0.8072613431278709,1,0.5105908584169454,0
random_r1_maccs_fingerprints_ridge,random_r1,1,13,True,maccs_fingerprints,167,167,0.4683270253153928,0.33866302018855365,3.2936385056999997,2.49,-2.758931390768149,-2.6,-12.9,2.3849370725730514,1.9568880079286421,2.2374118644697734,2.667192992671783,284.94450106401416,176.86281474994263,8072,0.3290386521308226,1.7835728444003964,1.7060280626675752,4.448835480673934,5.49103942304407,4255,0.6331764122893955,69.7005872150644,65.08958478649963,10.0,,,,,ridge,linear,8072,897,7175,897,-0.014381284173225076,-0.052448491112073184,-0.02037033759589238,-0.05088183786955886,-0.015958994380599043,0.018626643967896976,random,0.4634566161830985,0.33426275434652325,1.0,0.5929156555116393,0.59375,0.045454545454545456,0.3523052464228935,0.45454545454545453,0.18819859367005776,2.0975216164994435,2.557642581782893,281.34174581939806,159.24726980796328,897,1.6967670011148273,1.5138942158443571,4.361204013377926,4.260356328845496,608,0.05239687848383501,0.3188405797101449,0.7235228539576366,70.91298773690077,62.625099597091335,0.4414715719063545,1.2431389676681834,0.5356640066233427,1.6302695301527537,0.7421827071004067,0.758082497212932,0.5016722408026756,0.18171683389074694,7.674175124978854,-0.05889737971529299,1.0021670293733673,0.4916387959866221,2.6681486018588183,3.380857089264465,0.5016722408026756,9.0,1.6566345995316691,0.40381951445776276,1.2661384663160173,0.521619928798275,1.656758136647549,0.7296571198268609,0,0.5083612040133779,0
random_r1_morgan_fingerprints_dummy,random_r1,1,13,False,morgan_fingerprints,2048,2048,0.4683270253153928,0.33866302018855365,3.2936385056999997,2.49,-2.758931390768149,-2.6,-12.9,2.3849370725730514,1.9568880079286421,2.2374118644697734,2.667192992671783,284.94450106401416,176.86281474994263,8072,0.3290386521308226,1.7835728444003964,1.7060280626675752,4.448835480673934,5.49103942304407,4255,0.6331764122893955,69.7005872150644,65.08958478649963,,,,,mean,dummy,constant_baseline,8072,897,7175,897,-0.014381284173225076,-0.052448491112073184,-0.02037033759589238,-0.05088183786955886,-0.015958994380599043,0.018626643967896976,random,0.4634566161830985,0.33426275434652325,1.0,0.5929156555116393,0.59375,0.045454545454545456,0.3523052464228935,0.45454545454545453,0.18819859367005776,2.0975216164994435,2.557642581782893,281.34174581939806,159.24726980796328,897,1.6967670011148273,1.5138942158443571,4.361204013377926,4.260356328845496,608,0.05239687848383501,0.3188405797101449,0.7235228539576366,70.91298773690077,62.625099597091335,0.4414715719063545,1.932511287702266,-8.166725678382392e-06,2.392461788843522,,0.8405797101449275,0.7045707915273133,0.43032329988851725,9.041068609231852,-0.008392841294448129,1.6710686092318503,0.4760312151616499,3.8089313907681497,4.600369014591847,0.7045707915273133,,2.396706144553609,,1.9381789456587297,-1.2276452179937891e-05,2.3953845186797813,,,0.5239687848383501,
random_r1_morgan_fingerprints_extra_trees,random_r1,1,13,True,morgan_fingerprints,2048,2048,0.4683270253153928,0.33866302018855365,3.2936385056999997,2.49,-2.758931390768149,-2.6,-12.9,2.3849370725730514,1.9568880079286421,2.2374118644697734,2.667192992671783,284.94450106401416,176.86281474994263,8072,0.3290386521308226,1.7835728444003964,1.7060280626675752,4.448835480673934,5.49103942304407,4255,0.6331764122893955,69.7005872150644,65.08958478649963,,sqrt,1.0,100.0,,extra_trees,tree_ensemble,8072,897,7175,897,-0.014381284173225076,-0.052448491112073184,-0.02037033759589238,-0.05088183786955886,-0.015958994380599043,0.018626643967896976,random,0.4634566161830985,0.33426275434652325,1.0,0.5929156555116393,0.59375,0.045454545454545456,0.3523052464228935,0.45454545454545453,0.18819859367005776,2.0975216164994435,2.557642581782893,281.34174581939806,159.24726980796328,897,1.6967670011148273,1.5138942158443571,4.361204013377926,4.260356328845496,608,0.05239687848383501,0.3188405797101449,0.7235228539576366,70.91298773690077,62.625099597091335,0.4414715719063545,1.076789308880518,0.5997822979225531,1.5135312204965645,0.7861926997200885,0.6231884057971014,0.37681159420289856,0.13935340022296544,6.0638906561585,-0.04695443238816526,0.726830366435999,0.48940914158305465,2.417579266540501,3.0494654436701985,0.37681159420289856,4.0,1.4433356056974875,0.1903562062040951,1.0336538862857432,0.6369512333538065,1.4432948283938813,0.8026715870047526,0,0.5105908584169454,0
random_r1_morgan_fingerprints_random_forest,random_r1,1,13,True,morgan_fingerprints,2048,2048,0.4683270253153928,0.33866302018855365,3.2936385056999997,2.49,-2.758931390768149,-2.6,-12.9,2.3849370725730514,1.9568880079286421,2.2374118644697734,2.667192992671783,284.94450106401416,176.86281474994263,8072,0.3290386521308226,1.7835728444003964,1.7060280626675752,4.448835480673934,5.49103942304407,4255,0.6331764122893955,69.7005872150644,65.08958478649963,,sqrt,1.0,100.0,,random_forest,tree_ensemble,8072,897,7175,897,-0.014381284173225076,-0.052448491112073184,-0.02037033759589238,-0.05088183786955886,-0.015958994380599043,0.018626643967896976,random,0.4634566161830985,0.33426275434652325,1.0,0.5929156555116393,0.59375,0.045454545454545456,0.3523052464228935,0.45454545454545453,0.18819859367005776,2.0975216164994435,2.557642581782893,281.34174581939806,159.24726980796328,897,1.6967670011148273,1.5138942158443571,4.361204013377926,4.260356328845496,608,0.05239687848383501,0.3188405797101449,0.7235228539576366,70.91298773690077,62.625099597091335,0.4414715719063545,1.1034511169012784,0.593465273771525,1.525429220483276,0.782766545010212,0.6443701226309922,0.4013377926421405,0.15384615384615385,6.007861078148,-0.07418611513718201,0.8145253753840007,0.49052396878483834,2.4385528034628,3.202834152072498,0.4013377926421405,7.0,1.4872455345099536,0.23532781031283667,1.0859908263855451,0.613974292425661,1.488266432502623,0.7918253154555214,0,0.5094760312151616,0
random_r1_morgan_fingerprints_ridge,random_r1,1,13,True,morgan_fingerprints,2048,2048,0.4683270253153928,0.33866302018855365,3.2936385056999997,2.49,-2.758931390768149,-2.6,-12.9,2.3849370725730514,1.9568880079286421,2.2374118644697734,2.667192992671783,284.94450106401416,176.86281474994263,8072,0.3290386521308226,1.7835728444003964,1.7060280626675752,4.448835480673934,5.49103942304407,4255,0.6331764122893955,69.7005872150644,65.08958478649963,10.0,,,,,ridge,linear,8072,897,7175,897,-0.014381284173225076,-0.052448491112073184,-0.02037033759589238,-0.05088183786955886,-0.015958994380599043,0.018626643967896976,random,0.4634566161830985,0.33426275434652325,1.0,0.5929156555116393,0.59375,0.045454545454545456,0.3523052464228935,0.45454545454545453,0.18819859367005776,2.0975216164994435,2.557642581782893,281.34174581939806,159.24726980796328,897,1.6967670011148273,1.5138942158443571,4.361204013377926,4.260356328845496,608,0.05239687848383501,0.3188405797101449,0.7235228539576366,70.91298773690077,62.625099597091335,0.4414715719063545,1.2093515656020006,0.5538801642313745,1.5979714053363911,0.7444961816374881,0.7335562987736901,0.4604236343366778,0.19175027870680045,5.65947475976128,-0.08980813377489776,0.90905223381393,0.5094760312151616,2.6136865411476484,3.2501109560210493,0.4604236343366778,8.0,1.578250334176144,0.32698628868320356,1.207200824222977,0.5649614444957072,1.5799249108729898,0.7478820725609175,0,0.49052396878483834,0
random_r1_rdkit_descriptors_dummy,random_r1,1,13,False,rdkit_descriptors,216,216,0.4683270253153928,0.33866302018855365,3.2936385056999997,2.49,-2.758931390768149,-2.6,-12.9,2.3849370725730514,1.9568880079286421,2.2374118644697734,2.667192992671783,284.94450106401416,176.86281474994263,8072,0.3290386521308226,1.7835728444003964,1.7060280626675752,4.448835480673934,5.49103942304407,4255,0.6331764122893955,69.7005872150644,65.08958478649963,,,,,mean,dummy,constant_baseline,8072,897,7175,897,-0.014381284173225076,-0.052448491112073184,-0.02037033759589238,-0.05088183786955886,-0.015958994380599043,0.018626643967896976,random,0.4634566161830985,0.33426275434652325,1.0,0.5929156555116393,0.59375,0.045454545454545456,0.3523052464228935,0.45454545454545453,0.18819859367005776,2.0975216164994435,2.557642581782893,281.34174581939806,159.24726980796328,897,1.6967670011148273,1.5138942158443571,4.361204013377926,4.260356328845496,608,0.05239687848383501,0.3188405797101449,0.7235228539576366,70.91298773690077,62.625099597091335,0.4414715719063545,1.932511287702266,-8.166725678382392e-06,2.392461788843522,,0.8405797101449275,0.7045707915273133,0.43032329988851725,9.041068609231852,-0.008392841294448129,1.6710686092318503,0.4760312151616499,3.8089313907681497,4.600369014591847,0.7045707915273133,,2.396706144553609,,1.9381789456587297,-1.2276452179937891e-05,2.3953845186797813,,,0.5239687848383501,
random_r1_rdkit_descriptors_extra_trees,random_r1,1,13,True,rdkit_descriptors,214,216,0.4683270253153928,0.33866302018855365,3.2936385056999997,2.49,-2.758931390768149,-2.6,-12.9,2.3849370725730514,1.9568880079286421,2.2374118644697734,2.667192992671783,284.94450106401416,176.86281474994263,8072,0.3290386521308226,1.7835728444003964,1.7060280626675752,4.448835480673934,5.49103942304407,4255,0.6331764122893955,69.7005872150644,65.08958478649963,,sqrt,1.0,100.0,,extra_trees,tree_ensemble,8072,897,7175,897,-0.014381284173225076,-0.052448491112073184,-0.02037033759589238,-0.05088183786955886,-0.015958994380599043,0.018626643967896976,random,0.4634566161830985,0.33426275434652325,1.0,0.5929156555116393,0.59375,0.045454545454545456,0.3523052464228935,0.45454545454545453,0.18819859367005776,2.0975216164994435,2.557642581782893,281.34174581939806,159.24726980796328,897,1.6967670011148273,1.5138942158443571,4.361204013377926,4.260356328845496,608,0.05239687848383501,0.3188405797101449,0.7235228539576366,70.91298773690077,62.625099597091335,0.4414715719063545,0.8292921074084203,0.7177262590106982,1.271096363707194,0.8565733885790486,0.483835005574136,0.27424749163879597,0.10702341137123746,7.242139218169997,-0.02237757318973026,0.47787183930200006,0.5306577480490524,2.0433775314014992,2.996905447363864,0.27424749163879597,2.0,1.282056252795745,0.02859818377993406,0.8203386983769146,0.7137687664568042,1.2815368059697203,0.8504367822900097,1,0.4693422519509476,1
random_r1_rdkit_descriptors_random_forest,random_r1,1,13,True,rdkit_descriptors,214,216,0.4683270253153928,0.33866302018855365,3.2936385056999997,2.49,-2.758931390768149,-2.6,-12.9,2.3849370725730514,1.9568880079286421,2.2374118644697734,2.667192992671783,284.94450106401416,176.86281474994263,8072,0.3290386521308226,1.7835728444003964,1.7060280626675752,4.448835480673934,5.49103942304407,4255,0.6331764122893955,69.7005872150644,65.08958478649963,,sqrt,1.0,100.0,,random_forest,tree_ensemble,8072,897,7175,897,-0.014381284173225076,-0.052448491112073184,-0.02037033759589238,-0.05088183786955886,-0.015958994380599043,0.018626643967896976,random,0.4634566161830985,0.33426275434652325,1.0,0.5929156555116393,0.59375,0.045454545454545456,0.3523052464228935,0.45454545454545453,0.18819859367005776,2.0975216164994435,2.557642581782893,281.34174581939806,159.24726980796328,897,1.6967670011148273,1.5138942158443571,4.361204013377926,4.260356328845496,608,0.05239687848383501,0.3188405797101449,0.7235228539576366,70.91298773690077,62.625099597091335,0.4414715719063545,0.8497627391001858,0.7230996327163332,1.2589399136281787,0.847803478109146,0.5050167224080268,0.26755852842809363,0.09364548494983277,7.4260059921524935,-0.02683299708870949,0.5063920363286685,0.5418060200668896,1.9256570948106853,3.0730003394489347,0.26755852842809363,1.0,1.2533500900328798,0.0,0.8214743205072412,0.7264010362517439,1.2529386221897862,0.8516200879534157,1,0.45819397993311034,1
random_r1_rdkit_descriptors_ridge,random_r1,1,13,True,rdkit_descriptors,214,216,0.4683270253153928,0.33866302018855365,3.2936385056999997,2.49,-2.758931390768149,-2.6,-12.9,2.3849370725730514,1.9568880079286421,2.2374118644697734,2.667192992671783,284.94450106401416,176.86281474994263,8072,0.3290386521308226,1.7835728444003964,1.7060280626675752,4.448835480673934,5.49103942304407,4255,0.6331764122893955,69.7005872150644,65.08958478649963,1.0,,,,,ridge,linear,8072,897,7175,897,-0.014381284173225076,-0.052448491112073184,-0.02037033759589238,-0.05088183786955886,-0.015958994380599043,0.018626643967896976,random,0.4634566161830985,0.33426275434652325,1.0,0.5929156555116393,0.59375,0.045454545454545456,0.3523052464228935,0.45454545454545453,0.18819859367005776,2.0975216164994435,2.557642581782893,281.34174581939806,159.24726980796328,897,1.6967670011148273,1.5138942158443571,4.361204013377926,4.260356328845496,608,0.05239687848383501,0.3188405797101449,0.7235228539576366,70.91298773690077,62.625099597091335,0.4414715719063545,1.0205772744119703,0.6601063042572426,1.3948091623408827,0.8099498171100823,0.6321070234113713,0.39241917502787066,0.12374581939799331,8.648882798956821,-0.06387311487616808,0.7322384901994927,0.5317725752508361,2.2527930108219376,2.968796474888215,0.39241917502787066,6.0,1.4654591963075485,0.2130955727256123,1.039951348615054,0.625421319668846,1.4660341949153985,0.8035974973144668,0,0.4682274247491639,0
random_r2_maccs_fingerprints_dummy,random_r2,2,37,False,maccs_fingerprints,167,167,0.4679480089007307,0.3378763632002754,3.3019887158999994,2.5,-2.7624346169566776,-2.6,-12.9,2.388042277496764,1.9410307234886026,2.2258389259167504,2.666502179101876,284.43519863322433,176.3347323719061,8072,0.3249504459861249,1.7751486620416255,1.6883610707258545,4.440535183349851,5.445366877418593,4249,0.6361496531219029,69.80801660059466,65.57195674792257,,,,,mean,dummy,constant_baseline,8072,897,7175,897,-0.003198411138461176,-0.009065720799428455,0.008448144384493763,-0.0015242066700808176,-0.0008516868664345804,0.002108011390703427,random,0.46686734137724817,0.34138820547154947,1.0,0.5932016236836157,0.5862068965517241,0.058823529411764705,0.3505263157894737,0.45454545454545453,0.19380540144350367,2.201665161649945,2.5674561223741965,285.92489991230326,164.46732798449688,897,1.7725752508361203,1.6848873131467477,4.435897435897436,4.759924324897884,616,0.05128205128205128,0.3076923076923077,0.7079152731326644,69.94624303232999,57.926424795187174,0.4537346711259755,1.9675743148920286,-0.00010570562191203337,2.4713249094825653,,0.8461538461538461,0.6822742474916388,0.4136008918617614,7.220327182143323,0.02663551509898526,1.6674346169566774,0.47268673355629875,3.805611033728664,4.7039794872659915,0.6822742474916388,,2.368568998009423,,1.9201441727174218,-0.00012660024676058867,2.3673981996317988,,,0.5273132664437012,
random_r2_maccs_fingerprints_extra_trees,random_r2,2,37,True,maccs_fingerprints,167,167,0.4679480089007307,0.3378763632002754,3.3019887158999994,2.5,-2.7624346169566776,-2.6,-12.9,2.388042277496764,1.9410307234886026,2.2258389259167504,2.666502179101876,284.43519863322433,176.3347323719061,8072,0.3249504459861249,1.7751486620416255,1.6883610707258545,4.440535183349851,5.445366877418593,4249,0.6361496531219029,69.80801660059466,65.57195674792257,,sqrt,1.0,100.0,,extra_trees,tree_ensemble,8072,897,7175,897,-0.003198411138461176,-0.009065720799428455,0.008448144384493763,-0.0015242066700808176,-0.0008516868664345804,0.002108011390703427,random,0.46686734137724817,0.34138820547154947,1.0,0.5932016236836157,0.5862068965517241,0.058823529411764705,0.3505263157894737,0.45454545454545453,0.19380540144350367,2.201665161649945,2.5674561223741965,285.92489991230326,164.46732798449688,897,1.7725752508361203,1.6848873131467477,4.435897435897436,4.759924324897884,616,0.05128205128205128,0.3076923076923077,0.7079152731326644,69.94624303232999,57.926424795187174,0.4537346711259755,0.9478325973842522,0.6553427332445383,1.4507768400092704,0.8222610841668342,0.5373467112597548,0.3277591973244147,0.13377926421404682,7.422478051222493,-0.0004468114774538798,0.5629203005829988,0.5005574136008919,2.5134398516202867,3.4224839154778026,0.3277591973244147,5.0,1.4775577797359247,0.20544964931738074,0.9710037821643742,0.6108501167166279,1.476734006854705,0.8092538581283929,0,0.4938684503901895,0
random_r2_maccs_fingerprints_random_forest,random_r2,2,37,True,maccs_fingerprints,167,167,0.4679480089007307,0.3378763632002754,3.3019887158999994,2.5,-2.7624346169566776,-2.6,-12.9,2.388042277496764,1.9410307234886026,2.2258389259167504,2.666502179101876,284.43519863322433,176.3347323719061,8072,0.3249504459861249,1.7751486620416255,1.6883610707258545,4.440535183349851,5.445366877418593,4249,0.6361496531219029,69.80801660059466,65.57195674792257,,sqrt,1.0,100.0,,random_forest,tree_ensemble,8072,897,7175,897,-0.003198411138461176,-0.009065720799428455,0.008448144384493763,-0.0015242066700808176,-0.0008516868664345804,0.002108011390703427,random,0.46686734137724817,0.34138820547154947,1.0,0.5932016236836157,0.5862068965517241,0.058823529411764705,0.3505263157894737,0.45454545454545453,0.19380540144350367,2.201665161649945,2.5674561223741965,285.92489991230326,164.46732798449688,897,1.7725752508361203,1.6848873131467477,4.435897435897436,4.759924324897884,616,0.05128205128205128,0.3076923076923077,0.7079152731326644,69.94624303232999,57.926424795187174,0.4537346711259755,0.9695278755685016,0.6584641733385491,1.4441923089153066,0.8215649579325609,0.5763656633221851,0.3366778149386845,0.13489409141583056,5.830243165370719,-0.014703031523805211,0.6411540156123336,0.49052396878483834,2.4970253782747216,3.412231102336434,0.3366778149386845,3.0,1.4420529215403328,0.17003951514187365,0.9873880224798348,0.6292889665125042,1.441323872679198,0.8140257887104084,1,0.5083612040133779,0
random_r2_maccs_fingerprints_ridge,random_r2,2,37,True,maccs_fingerprints,167,167,0.4679480089007307,0.3378763632002754,3.3019887158999994,2.5,-2.7624346169566776,-2.6,-12.9,2.388042277496764,1.9410307234886026,2.2258389259167504,2.666502179101876,284.43519863322433,176.3347323719061,8072,0.3249504459861249,1.7751486620416255,1.6883610707258545,4.440535183349851,5.445366877418593,4249,0.6361496531219029,69.80801660059466,65.57195674792257,1.0,,,,,ridge,linear,8072,897,7175,897,-0.003198411138461176,-0.009065720799428455,0.008448144384493763,-0.0015242066700808176,-0.0008516868664345804,0.002108011390703427,random,0.46686734137724817,0.34138820547154947,1.0,0.5932016236836157,0.5862068965517241,0.058823529411764705,0.3505263157894737,0.45454545454545453,0.19380540144350367,2.201665161649945,2.5674561223741965,285.92489991230326,164.46732798449688,897,1.7725752508361203,1.6848873131467477,4.435897435897436,4.759924324897884,616,0.05128205128205128,0.3076923076923077,0.7079152731326644,69.94624303232999,57.926424795187174,0.4537346711259755,1.2423806839467186,0.5229309218141072,1.7068585353508323,0.7403751390911028,0.7435897435897436,0.4882943143812709,0.19286510590858416,6.026421707087494,0.012017592789525307,0.9711265471558472,0.483835005574136,2.6752770276870974,3.5673328639776587,0.4882943143812709,8.0,1.654682281651059,0.3825189888321916,1.2574965647874856,0.51193228005682,1.6538033463695159,0.7326182287844655,0,0.5161649944258639,0
random_r2_morgan_fingerprints_dummy,random_r2,2,37,False,morgan_fingerprints,2048,2048,0.4679480089007307,0.3378763632002754,3.3019887158999994,2.5,-2.7624346169566776,-2.6,-12.9,2.388042277496764,1.9410307234886026,2.2258389259167504,2.666502179101876,284.43519863322433,176.3347323719061,8072,0.3249504459861249,1.7751486620416255,1.6883610707258545,4.440535183349851,5.445366877418593,4249,0.6361496531219029,69.80801660059466,65.57195674792257,,,,,mean,dummy,constant_baseline,8072,897,7175,897,-0.003198411138461176,-0.009065720799428455,0.008448144384493763,-0.0015242066700808176,-0.0008516868664345804,0.002108011390703427,random,0.46686734137724817,0.34138820547154947,1.0,0.5932016236836157,0.5862068965517241,0.058823529411764705,0.3505263157894737,0.45454545454545453,0.19380540144350367,2.201665161649945,2.5674561223741965,285.92489991230326,164.46732798449688,897,1.7725752508361203,1.6848873131467477,4.435897435897436,4.759924324897884,616,0.05128205128205128,0.3076923076923077,0.7079152731326644,69.94624303232999,57.926424795187174,0.4537346711259755,1.9675743148920286,-0.00010570562191203337,2.4713249094825653,,0.8461538461538461,0.6822742474916388,0.4136008918617614,7.220327182143323,0.02663551509898526,1.6674346169566774,0.47268673355629875,3.805611033728664,4.7039794872659915,0.6822742474916388,,2.368568998009423,,1.9201441727174218,-0.00012660024676058867,2.3673981996317988,,,0.5273132664437012,
random_r2_morgan_fingerprints_extra_trees,random_r2,2,37,True,morgan_fingerprints,2048,2048,0.4679480089007307,0.3378763632002754,3.3019887158999994,2.5,-2.7624346169566776,-2.6,-12.9,2.388042277496764,1.9410307234886026,2.2258389259167504,2.666502179101876,284.43519863322433,176.3347323719061,8072,0.3249504459861249,1.7751486620416255,1.6883610707258545,4.440535183349851,5.445366877418593,4249,0.6361496531219029,69.80801660059466,65.57195674792257,,sqrt,1.0,100.0,,extra_trees,tree_ensemble,8072,897,7175,897,-0.003198411138461176,-0.009065720799428455,0.008448144384493763,-0.0015242066700808176,-0.0008516868664345804,0.002108011390703427,random,0.46686734137724817,0.34138820547154947,1.0,0.5932016236836157,0.5862068965517241,0.058823529411764705,0.3505263157894737,0.45454545454545453,0.19380540144350367,2.201665161649945,2.5674561223741965,285.92489991230326,164.46732798449688,897,1.7725752508361203,1.6848873131467477,4.435897435897436,4.759924324897884,616,0.05128205128205128,0.3076923076923077,0.7079152731326644,69.94624303232999,57.926424795187174,0.4537346711259755,1.0478312807949803,0.6186261540589806,1.5260977335867123,0.7997115656477108,0.6086956521739131,0.38684503901895206,0.16610925306577481,8.512753535823007,-0.04631161794523124,0.6924886923660014,0.5050167224080268,2.5840319925891992,3.2117877884948016,0.38684503901895206,7.0,1.5188285138063653,0.24740359338123175,1.0693326895818436,0.5884245639799817,1.518687950918556,0.7886207559365883,0,0.49498327759197325,0
random_r2_morgan_fingerprints_random_forest,random_r2,2,37,True,morgan_fingerprints,2048,2048,0.4679480089007307,0.3378763632002754,3.3019887158999994,2.5,-2.7624346169566776,-2.6,-12.9,2.388042277496764,1.9410307234886026,2.2258389259167504,2.666502179101876,284.43519863322433,176.3347323719061,8072,0.3249504459861249,1.7751486620416255,1.6883610707258545,4.440535183349851,5.445366877418593,4249,0.6361496531219029,69.80801660059466,65.57195674792257,,sqrt,1.0,100.0,,random_forest,tree_ensemble,8072,897,7175,897,-0.003198411138461176,-0.009065720799428455,0.008448144384493763,-0.0015242066700808176,-0.0008516868664345804,0.002108011390703427,random,0.46686734137724817,0.34138820547154947,1.0,0.5932016236836157,0.5862068965517241,0.058823529411764705,0.3505263157894737,0.45454545454545453,0.19380540144350367,2.201665161649945,2.5674561223741965,285.92489991230326,164.46732798449688,897,1.7725752508361203,1.6848873131467477,4.435897435897436,4.759924324897884,616,0.05128205128205128,0.3076923076923077,0.7079152731326644,69.94624303232999,57.926424795187174,0.4537346711259755,1.0819284521900692,0.6051614382265615,1.5528041204241099,0.7993128682483512,0.6298773690078038,0.39018952062430323,0.16945373467112598,6.930343034321671,-0.041608512135764476,0.7435056293299995,0.4938684503901895,2.5163510709910004,3.1884044903020565,0.39018952062430323,6.0,1.5144889406206008,0.24293193028613458,1.0861763464526015,0.5908447019518607,1.5142162878234589,0.7894040637521684,0,0.5061315496098104,0
random_r2_morgan_fingerprints_ridge,random_r2,2,37,True,morgan_fingerprints,2048,2048,0.4679480089007307,0.3378763632002754,3.3019887158999994,2.5,-2.7624346169566776,-2.6,-12.9,2.388042277496764,1.9410307234886026,2.2258389259167504,2.666502179101876,284.43519863322433,176.3347323719061,8072,0.3249504459861249,1.7751486620416255,1.6883610707258545,4.440535183349851,5.445366877418593,4249,0.6361496531219029,69.80801660059466,65.57195674792257,100.0,,,,,ridge,linear,8072,897,7175,897,-0.003198411138461176,-0.009065720799428455,0.008448144384493763,-0.0015242066700808176,-0.0008516868664345804,0.002108011390703427,random,0.46686734137724817,0.34138820547154947,1.0,0.5932016236836157,0.5862068965517241,0.058823529411764705,0.3505263157894737,0.45454545454545453,0.19380540144350367,2.201665161649945,2.5674561223741965,285.92489991230326,164.46732798449688,897,1.7725752508361203,1.6848873131467477,4.435897435897436,4.759924324897884,616,0.05128205128205128,0.3076923076923077,0.7079152731326644,69.94624303232999,57.926424795187174,0.4537346711259755,1.2065138499618324,0.5420303981431713,1.6723424748270936,0.7563059474988048,0.7246376811594203,0.4492753623188406,0.18617614269788182,8.18100642947298,-0.006751593729247247,0.9021940809894167,0.48494983277591974,2.730825984423765,3.4901270208046897,0.4492753623188406,9.0,1.6648412968318511,0.39264237310699945,1.2332297694685885,0.5059387991684394,1.6639267306443237,0.724450679261922,0,0.5150501672240803,0
random_r2_rdkit_descriptors_dummy,random_r2,2,37,False,rdkit_descriptors,216,216,0.4679480089007307,0.3378763632002754,3.3019887158999994,2.5,-2.7624346169566776,-2.6,-12.9,2.388042277496764,1.9410307234886026,2.2258389259167504,2.666502179101876,284.43519863322433,176.3347323719061,8072,0.3249504459861249,1.7751486620416255,1.6883610707258545,4.440535183349851,5.445366877418593,4249,0.6361496531219029,69.80801660059466,65.57195674792257,,,,,mean,dummy,constant_baseline,8072,897,7175,897,-0.003198411138461176,-0.009065720799428455,0.008448144384493763,-0.0015242066700808176,-0.0008516868664345804,0.002108011390703427,random,0.46686734137724817,0.34138820547154947,1.0,0.5932016236836157,0.5862068965517241,0.058823529411764705,0.3505263157894737,0.45454545454545453,0.19380540144350367,2.201665161649945,2.5674561223741965,285.92489991230326,164.46732798449688,897,1.7725752508361203,1.6848873131467477,4.435897435897436,4.759924324897884,616,0.05128205128205128,0.3076923076923077,0.7079152731326644,69.94624303232999,57.926424795187174,0.4537346711259755,1.9675743148920286,-0.00010570562191203337,2.4713249094825653,,0.8461538461538461,0.6822742474916388,0.4136008918617614,7.220327182143323,0.02663551509898526,1.6674346169566774,0.47268673355629875,3.805611033728664,4.7039794872659915,0.6822742474916388,,2.368568998009423,,1.9201441727174218,-0.00012660024676058867,2.3673981996317988,,,0.5273132664437012,
random_r2_rdkit_descriptors_extra_trees,random_r2,2,37,True,rdkit_descriptors,214,216,0.4679480089007307,0.3378763632002754,3.3019887158999994,2.5,-2.7624346169566776,-2.6,-12.9,2.388042277496764,1.9410307234886026,2.2258389259167504,2.666502179101876,284.43519863322433,176.3347323719061,8072,0.3249504459861249,1.7751486620416255,1.6883610707258545,4.440535183349851,5.445366877418593,4249,0.6361496531219029,69.80801660059466,65.57195674792257,,sqrt,1.0,100.0,,extra_trees,tree_ensemble,8072,897,7175,897,-0.003198411138461176,-0.009065720799428455,0.008448144384493763,-0.0015242066700808176,-0.0008516868664345804,0.002108011390703427,random,0.46686734137724817,0.34138820547154947,1.0,0.5932016236836157,0.5862068965517241,0.058823529411764705,0.3505263157894737,0.45454545454545453,0.19380540144350367,2.201665161649945,2.5674561223741965,285.92489991230326,164.46732798449688,897,1.7725752508361203,1.6848873131467477,4.435897435897436,4.759924324897884,616,0.05128205128205128,0.3076923076923077,0.7079152731326644,69.94624303232999,57.926424795187174,0.4537346711259755,0.813753927695727,0.7303758336507415,1.2831762176447365,0.8553045265776924,0.48717948717948717,0.2909698996655518,0.11705685618729098,8.333835511268003,0.008971816456172944,0.48190069880950026,0.4972129319955407,2.167467739791799,2.7996588018521975,0.2909698996655518,2.0,1.291214377991347,0.01924126598659104,0.8327339973872562,0.7028021822648105,1.2905256235239153,0.8480776578970453,1,0.4983277591973244,1
random_r2_rdkit_descriptors_random_forest,random_r2,2,37,True,rdkit_descriptors,214,216,0.4679480089007307,0.3378763632002754,3.3019887158999994,2.5,-2.7624346169566776,-2.6,-12.9,2.388042277496764,1.9410307234886026,2.2258389259167504,2.666502179101876,284.43519863322433,176.3347323719061,8072,0.3249504459861249,1.7751486620416255,1.6883610707258545,4.440535183349851,5.445366877418593,4249,0.6361496531219029,69.80801660059466,65.57195674792257,,sqrt,1.0,100.0,,random_forest,tree_ensemble,8072,897,7175,897,-0.003198411138461176,-0.009065720799428455,0.008448144384493763,-0.0015242066700808176,-0.0008516868664345804,0.002108011390703427,random,0.46686734137724817,0.34138820547154947,1.0,0.5932016236836157,0.5862068965517241,0.058823529411764705,0.3505263157894737,0.45454545454545453,0.19380540144350367,2.201665161649945,2.5674561223741965,285.92489991230326,164.46732798449688,897,1.7725752508361203,1.6848873131467477,4.435897435897436,4.759924324897884,616,0.05128205128205128,0.3076923076923077,0.7079152731326644,69.94624303232999,57.926424795187174,0.4537346711259755,0.8198811476385043,0.7338734344276205,1.2748262833070183,0.855846901425216,0.5128205128205128,0.2853957636566332,0.11594202898550725,7.325481037841001,-0.000718400759362857,0.5198021432330004,0.5317725752508361,2.1460776301409337,2.715381311611866,0.2853957636566332,1.0,1.2719933786839799,0.0,0.843998697559532,0.7115983379795305,1.2712843575373243,0.8496459936675144,1,0.4682274247491639,1
random_r2_rdkit_descriptors_ridge,random_r2,2,37,True,rdkit_descriptors,214,216,0.4679480089007307,0.3378763632002754,3.3019887158999994,2.5,-2.7624346169566776,-2.6,-12.9,2.388042277496764,1.9410307234886026,2.2258389259167504,2.666502179101876,284.43519863322433,176.3347323719061,8072,0.3249504459861249,1.7751486620416255,1.6883610707258545,4.440535183349851,5.445366877418593,4249,0.6361496531219029,69.80801660059466,65.57195674792257,100.0,,,,,ridge,linear,8072,897,7175,897,-0.003198411138461176,-0.009065720799428455,0.008448144384493763,-0.0015242066700808176,-0.0008516868664345804,0.002108011390703427,random,0.46686734137724817,0.34138820547154947,1.0,0.5932016236836157,0.5862068965517241,0.058823529411764705,0.3505263157894737,0.45454545454545453,0.19380540144350367,2.201665161649945,2.5674561223741965,285.92489991230326,164.46732798449688,897,1.7725752508361203,1.6848873131467477,4.435897435897436,4.759924324897884,616,0.05128205128205128,0.3076923076923077,0.7079152731326644,69.94624303232999,57.926424795187174,0.4537346711259755,1.0377442741895633,0.644948903419067,1.4724898956670491,0.8052130273700417,0.6432552954292085,0.40468227424749165,0.13154960981047936,6.388374011268057,0.009761436265224598,0.7511592325634457,0.5195094760312151,2.3282522925812,3.164738487037966,0.40468227424749165,4.0,1.4561434829070246,0.18407996121904335,1.0625500097905465,0.6220313334476568,1.4553643187563676,0.8037058893422926,0,0.48049052396878483,0
random_r3_maccs_fingerprints_dummy,random_r3,3,73,False,maccs_fingerprints,167,167,0.4680427326837985,0.33847719755819444,3.297673794825,2.5,-2.7593513214905165,-2.6,-12.9,2.386889330061133,1.9497026759167493,2.234718626114966,2.6640152532857106,284.618554210694,177.04765799937636,8072,0.32420713577799803,1.7765113974231912,1.6964117224663806,4.442145688800793,5.4773724064855855,4255,0.6371407333994054,69.68460232903864,65.6274995301213,,,,,mean,dummy,constant_baseline,8072,897,7175,897,-0.005990949370115907,-0.042402485037695885,-0.0019410032853104098,-0.009549123949190805,-0.003786670868313951,0.020909398827217023,random,0.4660149329302886,0.3359801947457174,1.0,0.6005553110941252,0.5925925925925926,0.041666666666666664,0.3562211981566821,0.46153846153846156,0.19223622532582874,2.121757759197325,2.588488674517412,284.2749041248607,157.42302423063592,897,1.7603121516164995,1.6103276870238172,4.421404682274248,4.416728173298466,616,0.05016722408026756,0.29988851727982163,0.6923076923076923,71.05683389074694,57.34239042771555,0.44258639910813824,1.9543555586053691,-1.7340252769670883e-05,2.441552100359162,,0.8528428093645485,0.693422519509476,0.4180602006688963,7.840648678509483,-0.004194002220965769,1.619351321490517,0.4760312151616499,3.853809298241896,4.5916107928943095,0.693422519509476,,2.3791453668419336,,1.9263210950137037,-3.1109984068855567e-06,2.377822527730168,,,0.5239687848383501,
random_r3_maccs_fingerprints_extra_trees,random_r3,3,73,True,maccs_fingerprints,167,167,0.4680427326837985,0.33847719755819444,3.297673794825,2.5,-2.7593513214905165,-2.6,-12.9,2.386889330061133,1.9497026759167493,2.234718626114966,2.6640152532857106,284.618554210694,177.04765799937636,8072,0.32420713577799803,1.7765113974231912,1.6964117224663806,4.442145688800793,5.4773724064855855,4255,0.6371407333994054,69.68460232903864,65.6274995301213,,sqrt,3.0,100.0,,extra_trees,tree_ensemble,8072,897,7175,897,-0.005990949370115907,-0.042402485037695885,-0.0019410032853104098,-0.009549123949190805,-0.003786670868313951,0.020909398827217023,random,0.4660149329302886,0.3359801947457174,1.0,0.6005553110941252,0.5925925925925926,0.041666666666666664,0.3562211981566821,0.46153846153846156,0.19223622532582874,2.121757759197325,2.588488674517412,284.2749041248607,157.42302423063592,897,1.7603121516164995,1.6103276870238172,4.421404682274248,4.416728173298466,616,0.05016722408026756,0.29988851727982163,0.6923076923076923,71.05683389074694,57.34239042771555,0.44258639910813824,1.000155585052073,0.6505392969059658,1.443315926574966,0.8178107818374313,0.5942028985507246,0.3600891861761427,0.13043478260869565,5.773435968849563,-0.03340506119056246,0.6842749125444865,0.4693422519509476,2.341491146099139,3.079327890071928,0.3600891861761427,6.0,1.352473267921841,0.22933041320458125,0.9672343810908489,0.6766442559893996,1.352131877644506,0.842719804946214,0,0.5306577480490524,0
random_r3_maccs_fingerprints_random_forest,random_r3,3,73,True,maccs_fingerprints,167,167,0.4680427326837985,0.33847719755819444,3.297673794825,2.5,-2.7593513214905165,-2.6,-12.9,2.386889330061133,1.9497026759167493,2.234718626114966,2.6640152532857106,284.618554210694,177.04765799937636,8072,0.32420713577799803,1.7765113974231912,1.6964117224663806,4.442145688800793,5.4773724064855855,4255,0.6371407333994054,69.68460232903864,65.6274995301213,,sqrt,1.0,100.0,,random_forest,tree_ensemble,8072,897,7175,897,-0.005990949370115907,-0.042402485037695885,-0.0019410032853104098,-0.009549123949190805,-0.003786670868313951,0.020909398827217023,random,0.4660149329302886,0.3359801947457174,1.0,0.6005553110941252,0.5925925925925926,0.041666666666666664,0.3562211981566821,0.46153846153846156,0.19223622532582874,2.121757759197325,2.588488674517412,284.2749041248607,157.42302423063592,897,1.7603121516164995,1.6103276870238172,4.421404682274248,4.416728173298466,616,0.05016722408026756,0.29988851727982163,0.6923076923076923,71.05683389074694,57.34239042771555,0.44258639910813824,0.9929777674914204,0.6443097929041373,1.4561234129819567,0.8107252671565615,0.5730211817168339,0.3355629877369008,0.12040133779264214,5.808685713525,-0.00631407714866589,0.6099164322778181,0.47268673355629875,2.18417021401759,2.9700428731581594,0.3355629877369008,3.0,1.308871160541707,0.18535514822313925,0.9193218704454149,0.6973351700588362,1.308156612663064,0.8444677185724929,1,0.5273132664437012,0
random_r3_maccs_fingerprints_ridge,random_r3,3,73,True,maccs_fingerprints,167,167,0.4680427326837985,0.33847719755819444,3.297673794825,2.5,-2.7593513214905165,-2.6,-12.9,2.386889330061133,1.9497026759167493,2.234718626114966,2.6640152532857106,284.618554210694,177.04765799937636,8072,0.32420713577799803,1.7765113974231912,1.6964117224663806,4.442145688800793,5.4773724064855855,4255,0.6371407333994054,69.68460232903864,65.6274995301213,10.0,,,,,ridge,linear,8072,897,7175,897,-0.005990949370115907,-0.042402485037695885,-0.0019410032853104098,-0.009549123949190805,-0.003786670868313951,0.020909398827217023,random,0.4660149329302886,0.3359801947457174,1.0,0.6005553110941252,0.5925925925925926,0.041666666666666664,0.3562211981566821,0.46153846153846156,0.19223622532582874,2.121757759197325,2.588488674517412,284.2749041248607,157.42302423063592,897,1.7603121516164995,1.6103276870238172,4.421404682274248,4.416728173298466,616,0.05016722408026756,0.29988851727982163,0.6923076923076923,71.05683389074694,57.34239042771555,0.44258639910813824,1.2701580040975695,0.5049833075455172,1.7177982374564922,0.7282003130317926,0.7001114827201784,0.45484949832775917,0.18283166109253066,6.955903899425005,-0.02205665968358523,0.8896067882562599,0.47268673355629875,2.59004229991764,3.2146172934470205,0.45484949832775917,9.0,1.562205128220246,0.4386884138377485,1.170396880658124,0.5687582265359519,1.5614898782776732,0.7628555124210554,0,0.5273132664437012,0
random_r3_morgan_fingerprints_dummy,random_r3,3,73,False,morgan_fingerprints,2048,2048,0.4680427326837985,0.33847719755819444,3.297673794825,2.5,-2.7593513214905165,-2.6,-12.9,2.386889330061133,1.9497026759167493,2.234718626114966,2.6640152532857106,284.618554210694,177.04765799937636,8072,0.32420713577799803,1.7765113974231912,1.6964117224663806,4.442145688800793,5.4773724064855855,4255,0.6371407333994054,69.68460232903864,65.6274995301213,,,,,mean,dummy,constant_baseline,8072,897,7175,897,-0.005990949370115907,-0.042402485037695885,-0.0019410032853104098,-0.009549123949190805,-0.003786670868313951,0.020909398827217023,random,0.4660149329302886,0.3359801947457174,1.0,0.6005553110941252,0.5925925925925926,0.041666666666666664,0.3562211981566821,0.46153846153846156,0.19223622532582874,2.121757759197325,2.588488674517412,284.2749041248607,157.42302423063592,897,1.7603121516164995,1.6103276870238172,4.421404682274248,4.416728173298466,616,0.05016722408026756,0.29988851727982163,0.6923076923076923,71.05683389074694,57.34239042771555,0.44258639910813824,1.9543555586053691,-1.7340252769670883e-05,2.441552100359162,,0.8528428093645485,0.693422519509476,0.4180602006688963,7.840648678509483,-0.004194002220965769,1.619351321490517,0.4760312151616499,3.853809298241896,4.5916107928943095,0.693422519509476,,2.3791453668419336,,1.9263210950137037,-3.1109984068855567e-06,2.377822527730168,,,0.5239687848383501,
random_r3_morgan_fingerprints_extra_trees,random_r3,3,73,True,morgan_fingerprints,2048,2048,0.4680427326837985,0.33847719755819444,3.297673794825,2.5,-2.7593513214905165,-2.6,-12.9,2.386889330061133,1.9497026759167493,2.234718626114966,2.6640152532857106,284.618554210694,177.04765799937636,8072,0.32420713577799803,1.7765113974231912,1.6964117224663806,4.442145688800793,5.4773724064855855,4255,0.6371407333994054,69.68460232903864,65.6274995301213,,sqrt,1.0,100.0,,extra_trees,tree_ensemble,8072,897,7175,897,-0.005990949370115907,-0.042402485037695885,-0.0019410032853104098,-0.009549123949190805,-0.003786670868313951,0.020909398827217023,random,0.4660149329302886,0.3359801947457174,1.0,0.6005553110941252,0.5925925925925926,0.041666666666666664,0.3562211981566821,0.46153846153846156,0.19223622532582874,2.121757759197325,2.588488674517412,284.2749041248607,157.42302423063592,897,1.7603121516164995,1.6103276870238172,4.421404682274248,4.416728173298466,616,0.05016722408026756,0.29988851727982163,0.6923076923076923,71.05683389074694,57.34239042771555,0.44258639910813824,1.0328433418529779,0.6307517712701745,1.483615770505353,0.8064545932394704,0.6086956521739131,0.3600891861761427,0.13823857302118173,5.52711696517075,-0.009801683708263538,0.6774518738570011,0.4693422519509476,2.2507984575516007,2.9632414557260995,0.3600891861761427,5.0,1.33089046462274,0.20738305001147617,0.9628301513801903,0.687056272083568,1.3301845144514008,0.8396457956816372,0,0.5295429208472687,0
random_r3_morgan_fingerprints_random_forest,random_r3,3,73,True,morgan_fingerprints,2048,2048,0.4680427326837985,0.33847719755819444,3.297673794825,2.5,-2.7593513214905165,-2.6,-12.9,2.386889330061133,1.9497026759167493,2.234718626114966,2.6640152532857106,284.618554210694,177.04765799937636,8072,0.32420713577799803,1.7765113974231912,1.6964117224663806,4.442145688800793,5.4773724064855855,4255,0.6371407333994054,69.68460232903864,65.6274995301213,,sqrt,1.0,100.0,,random_forest,tree_ensemble,8072,897,7175,897,-0.005990949370115907,-0.042402485037695885,-0.0019410032853104098,-0.009549123949190805,-0.003786670868313951,0.020909398827217023,random,0.4660149329302886,0.3359801947457174,1.0,0.6005553110941252,0.5925925925925926,0.041666666666666664,0.3562211981566821,0.46153846153846156,0.19223622532582874,2.121757759197325,2.588488674517412,284.2749041248607,157.42302423063592,897,1.7603121516164995,1.6103276870238172,4.421404682274248,4.416728173298466,616,0.05016722408026756,0.29988851727982163,0.6923076923076923,71.05683389074694,57.34239042771555,0.44258639910813824,1.0691937627784887,0.6193191111665821,1.5064085366510291,0.8049993261647321,0.6187290969899666,0.37681159420289856,0.14381270903010032,5.721390109939733,-0.038763370139115134,0.7312450232410006,0.47268673355629875,2.2905975687749,2.9600754616982003,0.37681159420289856,7.0,1.3757846669846012,0.25276239169232584,1.0075544070416478,0.6653398600360103,1.3755638561322505,0.8327700140398727,0,0.5273132664437012,0
random_r3_morgan_fingerprints_ridge,random_r3,3,73,True,morgan_fingerprints,2048,2048,0.4680427326837985,0.33847719755819444,3.297673794825,2.5,-2.7593513214905165,-2.6,-12.9,2.386889330061133,1.9497026759167493,2.234718626114966,2.6640152532857106,284.618554210694,177.04765799937636,8072,0.32420713577799803,1.7765113974231912,1.6964117224663806,4.442145688800793,5.4773724064855855,4255,0.6371407333994054,69.68460232903864,65.6274995301213,10.0,,,,,ridge,linear,8072,897,7175,897,-0.005990949370115907,-0.042402485037695885,-0.0019410032853104098,-0.009549123949190805,-0.003786670868313951,0.020909398827217023,random,0.4660149329302886,0.3359801947457174,1.0,0.6005553110941252,0.5925925925925926,0.041666666666666664,0.3562211981566821,0.46153846153846156,0.19223622532582874,2.121757759197325,2.588488674517412,284.2749041248607,157.42302423063592,897,1.7603121516164995,1.6103276870238172,4.421404682274248,4.416728173298466,616,0.05016722408026756,0.29988851727982163,0.6923076923076923,71.05683389074694,57.34239042771555,0.44258639910813824,1.2395869068817431,0.5421987227012257,1.6519645780899541,0.7381594591629153,0.7045707915273133,0.45707915273132665,0.17391304347826086,7.121496234265836,-0.0010436488141830158,0.9049290800777231,0.4738015607580825,2.570160332936088,3.122503690233971,0.45707915273132665,8.0,1.5423850964826702,0.41872399914869307,1.1649802124062798,0.5797150075437216,1.5415254635886178,0.7523596521110945,0,0.5261984392419174,0
random_r3_rdkit_descriptors_dummy,random_r3,3,73,False,rdkit_descriptors,216,216,0.4680427326837985,0.33847719755819444,3.297673794825,2.5,-2.7593513214905165,-2.6,-12.9,2.386889330061133,1.9497026759167493,2.234718626114966,2.6640152532857106,284.618554210694,177.04765799937636,8072,0.32420713577799803,1.7765113974231912,1.6964117224663806,4.442145688800793,5.4773724064855855,4255,0.6371407333994054,69.68460232903864,65.6274995301213,,,,,mean,dummy,constant_baseline,8072,897,7175,897,-0.005990949370115907,-0.042402485037695885,-0.0019410032853104098,-0.009549123949190805,-0.003786670868313951,0.020909398827217023,random,0.4660149329302886,0.3359801947457174,1.0,0.6005553110941252,0.5925925925925926,0.041666666666666664,0.3562211981566821,0.46153846153846156,0.19223622532582874,2.121757759197325,2.588488674517412,284.2749041248607,157.42302423063592,897,1.7603121516164995,1.6103276870238172,4.421404682274248,4.416728173298466,616,0.05016722408026756,0.29988851727982163,0.6923076923076923,71.05683389074694,57.34239042771555,0.44258639910813824,1.9543555586053691,-1.7340252769670883e-05,2.441552100359162,,0.8528428093645485,0.693422519509476,0.4180602006688963,7.840648678509483,-0.004194002220965769,1.619351321490517,0.4760312151616499,3.853809298241896,4.5916107928943095,0.693422519509476,,2.3791453668419336,,1.9263210950137037,-3.1109984068855567e-06,2.377822527730168,,,0.5239687848383501,
random_r3_rdkit_descriptors_extra_trees,random_r3,3,73,True,rdkit_descriptors,214,216,0.4680427326837985,0.33847719755819444,3.297673794825,2.5,-2.7593513214905165,-2.6,-12.9,2.386889330061133,1.9497026759167493,2.234718626114966,2.6640152532857106,284.618554210694,177.04765799937636,8072,0.32420713577799803,1.7765113974231912,1.6964117224663806,4.442145688800793,5.4773724064855855,4255,0.6371407333994054,69.68460232903864,65.6274995301213,,sqrt,3.0,100.0,,extra_trees,tree_ensemble,8072,897,7175,897,-0.005990949370115907,-0.042402485037695885,-0.0019410032853104098,-0.009549123949190805,-0.003786670868313951,0.020909398827217023,random,0.4660149329302886,0.3359801947457174,1.0,0.6005553110941252,0.5925925925925926,0.041666666666666664,0.3562211981566821,0.46153846153846156,0.19223622532582874,2.121757759197325,2.588488674517412,284.2749041248607,157.42302423063592,897,1.7603121516164995,1.6103276870238172,4.421404682274248,4.416728173298466,616,0.05016722408026756,0.29988851727982163,0.6923076923076923,71.05683389074694,57.34239042771555,0.44258639910813824,0.856706846119142,0.727616155184492,1.2742448989775272,0.8535905485502987,0.5317725752508361,0.2831661092530658,0.09253065774804906,4.914192776093494,-0.04169245570576049,0.5501382224583167,0.5217391304347826,1.8526377301902055,2.545734574504583,0.2831661092530658,2.0,1.1551566686433694,0.03246369089357959,0.8078994038288867,0.763949010359575,1.1552651553335043,0.8795453549571312,1,0.4782608695652174,1
random_r3_rdkit_descriptors_random_forest,random_r3,3,73,True,rdkit_descriptors,214,216,0.4680427326837985,0.33847719755819444,3.297673794825,2.5,-2.7593513214905165,-2.6,-12.9,2.386889330061133,1.9497026759167493,2.234718626114966,2.6640152532857106,284.618554210694,177.04765799937636,8072,0.32420713577799803,1.7765113974231912,1.6964117224663806,4.442145688800793,5.4773724064855855,4255,0.6371407333994054,69.68460232903864,65.6274995301213,,sqrt,3.0,100.0,,random_forest,tree_ensemble,8072,897,7175,897,-0.005990949370115907,-0.042402485037695885,-0.0019410032853104098,-0.009549123949190805,-0.003786670868313951,0.020909398827217023,random,0.4660149329302886,0.3359801947457174,1.0,0.6005553110941252,0.5925925925925926,0.041666666666666664,0.3562211981566821,0.46153846153846156,0.19223622532582874,2.121757759197325,2.588488674517412,284.2749041248607,157.42302423063592,897,1.7603121516164995,1.6103276870238172,4.421404682274248,4.416728173298466,616,0.05016722408026756,0.29988851727982163,0.6923076923076923,71.05683389074694,57.34239042771555,0.44258639910813824,0.8461808724617955,0.7257119093169654,1.2786912886827062,0.8506599258453666,0.5195094760312151,0.2809364548494983,0.0802675585284281,5.190852877350654,-0.03857401640077337,0.5322580554303777,0.5217391304347826,1.8287447787780389,2.424842084617616,0.2809364548494983,1.0,1.1227646795137587,0.0,0.7869526418541468,0.7770289816720628,1.1228014644399247,0.8843514031038859,1,0.4782608695652174,1
random_r3_rdkit_descriptors_ridge,random_r3,3,73,True,rdkit_descriptors,214,216,0.4680427326837985,0.33847719755819444,3.297673794825,2.5,-2.7593513214905165,-2.6,-12.9,2.386889330061133,1.9497026759167493,2.234718626114966,2.6640152532857106,284.618554210694,177.04765799937636,8072,0.32420713577799803,1.7765113974231912,1.6964117224663806,4.442145688800793,5.4773724064855855,4255,0.6371407333994054,69.68460232903864,65.6274995301213,0.1,,,,,ridge,linear,8072,897,7175,897,-0.005990949370115907,-0.042402485037695885,-0.0019410032853104098,-0.009549123949190805,-0.003786670868313951,0.020909398827217023,random,0.4660149329302886,0.3359801947457174,1.0,0.6005553110941252,0.5925925925925926,0.041666666666666664,0.3562211981566821,0.46153846153846156,0.19223622532582874,2.121757759197325,2.588488674517412,284.2749041248607,157.42302423063592,897,1.7603121516164995,1.6103276870238172,4.421404682274248,4.416728173298466,616,0.05016722408026756,0.29988851727982163,0.6923076923076923,71.05683389074694,57.34239042771555,0.44258639910813824,1.0411147154310003,0.6433763722188741,1.45803277842152,0.8127347282719131,0.6443701226309922,0.3835005574136009,0.11817168338907469,5.824672788797676,-0.059402825754907386,0.7242380384839793,0.5150501672240803,2.1245370116167384,2.730620699463908,0.3835005574136009,4.0,1.3277954899669455,0.205582543658676,0.9837418649660606,0.6879028852006266,1.3283840080986007,0.8369634110564605,0,0.48494983277591974,0
random_r4_maccs_fingerprints_dummy,random_r4,4,101,False,maccs_fingerprints,167,167,0.4685553453011192,0.338795210527226,3.292880061125,2.5,-2.759279779095008,-2.6,-12.9,2.386032302741874,1.9390485629335976,2.210711397423192,2.650323466196517,283.73267179840417,170.9278399937726,8072,0.3225966303270565,1.7745292368681864,1.698558252655978,4.404236868186323,5.183439302790455,4227,0.6378840436075323,69.68368186323092,62.866100850940306,,,,,mean,dummy,constant_baseline,8072,897,7175,897,-0.021114095565565077,0.047950621012647174,0.04981158383306636,0.002131307519887508,0.06912494135715148,0.02197424645280218,random,0.4614019908488916,0.3330167811229147,1.0,0.5876510611111894,0.5833333333333334,0.09090909090909091,0.3333333333333333,0.45454545454545453,0.18988303343229176,2.3377960535117066,2.7115775004728895,292.2468582296589,209.52173698348,897,1.778149386845039,1.589885625933992,4.762541806020067,6.900635759779988,638,0.06688963210702341,0.30211817168338906,0.7146042363433668,71.0651170568562,80.52513569152913,0.4760312151616499,1.9186703041518431,-0.00017593972676199776,2.3563250793838955,,0.8472686733556298,0.6867335562987736,0.4236343366778149,7.940720220904992,-0.004909346418649193,1.7019100509950074,0.47491638795986624,3.804144044180998,4.656120506904989,0.6867335562987736,,2.38687525534551,,1.9311456508818567,-4.235184609013842e-06,2.3855494591999262,,,0.5250836120401338,
random_r4_maccs_fingerprints_extra_trees,random_r4,4,101,True,maccs_fingerprints,167,167,0.4685553453011192,0.338795210527226,3.292880061125,2.5,-2.759279779095008,-2.6,-12.9,2.386032302741874,1.9390485629335976,2.210711397423192,2.650323466196517,283.73267179840417,170.9278399937726,8072,0.3225966303270565,1.7745292368681864,1.698558252655978,4.404236868186323,5.183439302790455,4227,0.6378840436075323,69.68368186323092,62.866100850940306,,log2,1.0,100.0,,extra_trees,tree_ensemble,8072,897,7175,897,-0.021114095565565077,0.047950621012647174,0.04981158383306636,0.002131307519887508,0.06912494135715148,0.02197424645280218,random,0.4614019908488916,0.3330167811229147,1.0,0.5876510611111894,0.5833333333333334,0.09090909090909091,0.3333333333333333,0.45454545454545453,0.18988303343229176,2.3377960535117066,2.7115775004728895,292.2468582296589,209.52173698348,897,1.778149386845039,1.589885625933992,4.762541806020067,6.900635759779988,638,0.06688963210702341,0.30211817168338906,0.7146042363433668,71.0651170568562,80.52513569152913,0.4760312151616499,0.8855340136054952,0.6840257328706594,1.3244112520130669,0.8449914310288291,0.5484949832775919,0.3355629877369008,0.13712374581939799,7.5280280853449995,0.017978132684450893,0.5808906423905005,0.47714604236343366,2.3774886867509997,3.20095322902935,0.3355629877369008,4.0,1.4408377908720567,0.17526097981927347,0.951085206301841,0.6355496073257134,1.4401466440938107,0.8005260678448403,0,0.5195094760312151,0
random_r4_maccs_fingerprints_random_forest,random_r4,4,101,True,maccs_fingerprints,167,167,0.4685553453011192,0.338795210527226,3.292880061125,2.5,-2.759279779095008,-2.6,-12.9,2.386032302741874,1.9390485629335976,2.210711397423192,2.650323466196517,283.73267179840417,170.9278399937726,8072,0.3225966303270565,1.7745292368681864,1.698558252655978,4.404236868186323,5.183439302790455,4227,0.6378840436075323,69.68368186323092,62.866100850940306,,sqrt,1.0,100.0,,random_forest,tree_ensemble,8072,897,7175,897,-0.021114095565565077,0.047950621012647174,0.04981158383306636,0.002131307519887508,0.06912494135715148,0.02197424645280218,random,0.4614019908488916,0.3330167811229147,1.0,0.5876510611111894,0.5833333333333334,0.09090909090909091,0.3333333333333333,0.45454545454545453,0.18988303343229176,2.3377960535117066,2.7115775004728895,292.2468582296589,209.52173698348,897,1.778149386845039,1.589885625933992,4.762541806020067,6.900635759779988,638,0.06688963210702341,0.30211817168338906,0.7146042363433668,71.0651170568562,80.52513569152913,0.4760312151616499,0.899587665841317,0.6904138432604978,1.3109549586273443,0.8455686520765379,0.5607580824972129,0.34002229654403565,0.13154960981047936,7.317994321027552,0.007405661408156612,0.6005316308364167,0.48272017837235226,2.3353796000906,3.147450891781158,0.34002229654403565,3.0,1.4060760194339719,0.14042588388216726,0.957450834719918,0.6529674438019487,1.4053115481567044,0.8078226507054482,1,0.5172798216276477,0
random_r4_maccs_fingerprints_ridge,random_r4,4,101,True,maccs_fingerprints,167,167,0.4685553453011192,0.338795210527226,3.292880061125,2.5,-2.759279779095008,-2.6,-12.9,2.386032302741874,1.9390485629335976,2.210711397423192,2.650323466196517,283.73267179840417,170.9278399937726,8072,0.3225966303270565,1.7745292368681864,1.698558252655978,4.404236868186323,5.183439302790455,4227,0.6378840436075323,69.68368186323092,62.866100850940306,10.0,,,,,ridge,linear,8072,897,7175,897,-0.021114095565565077,0.047950621012647174,0.04981158383306636,0.002131307519887508,0.06912494135715148,0.02197424645280218,random,0.4614019908488916,0.3330167811229147,1.0,0.5876510611111894,0.5833333333333334,0.09090909090909091,0.3333333333333333,0.45454545454545453,0.18988303343229176,2.3377960535117066,2.7115775004728895,292.2468582296589,209.52173698348,897,1.778149386845039,1.589885625933992,4.762541806020067,6.900635759779988,638,0.06688963210702341,0.30211817168338906,0.7146042363433668,71.0651170568562,80.52513569152913,0.4760312151616499,1.2198514094432826,0.5433012380300415,1.5922524336529273,0.7509005459819252,0.7224080267558528,0.4927536231884058,0.19286510590858416,7.728554945170969,0.03335904535339588,0.9800264096982494,0.46265328874024525,2.760435613165831,3.5894876213568065,0.4927536231884058,9.0,1.6930345915949871,0.4275337433528845,1.2749155376073649,0.4966837144773487,1.6924194076274217,0.7198547707035792,0,0.5373467112597548,0
random_r4_morgan_fingerprints_dummy,random_r4,4,101,False,morgan_fingerprints,2048,2048,0.4685553453011192,0.338795210527226,3.292880061125,2.5,-2.759279779095008,-2.6,-12.9,2.386032302741874,1.9390485629335976,2.210711397423192,2.650323466196517,283.73267179840417,170.9278399937726,8072,0.3225966303270565,1.7745292368681864,1.698558252655978,4.404236868186323,5.183439302790455,4227,0.6378840436075323,69.68368186323092,62.866100850940306,,,,,mean,dummy,constant_baseline,8072,897,7175,897,-0.021114095565565077,0.047950621012647174,0.04981158383306636,0.002131307519887508,0.06912494135715148,0.02197424645280218,random,0.4614019908488916,0.3330167811229147,1.0,0.5876510611111894,0.5833333333333334,0.09090909090909091,0.3333333333333333,0.45454545454545453,0.18988303343229176,2.3377960535117066,2.7115775004728895,292.2468582296589,209.52173698348,897,1.778149386845039,1.589885625933992,4.762541806020067,6.900635759779988,638,0.06688963210702341,0.30211817168338906,0.7146042363433668,71.0651170568562,80.52513569152913,0.4760312151616499,1.9186703041518431,-0.00017593972676199776,2.3563250793838955,,0.8472686733556298,0.6867335562987736,0.4236343366778149,7.940720220904992,-0.004909346418649193,1.7019100509950074,0.47491638795986624,3.804144044180998,4.656120506904989,0.6867335562987736,,2.38687525534551,,1.9311456508818567,-4.235184609013842e-06,2.3855494591999262,,,0.5250836120401338,
random_r4_morgan_fingerprints_extra_trees,random_r4,4,101,True,morgan_fingerprints,2048,2048,0.4685553453011192,0.338795210527226,3.292880061125,2.5,-2.759279779095008,-2.6,-12.9,2.386032302741874,1.9390485629335976,2.210711397423192,2.650323466196517,283.73267179840417,170.9278399937726,8072,0.3225966303270565,1.7745292368681864,1.698558252655978,4.404236868186323,5.183439302790455,4227,0.6378840436075323,69.68368186323092,62.866100850940306,,sqrt,1.0,100.0,,extra_trees,tree_ensemble,8072,897,7175,897,-0.021114095565565077,0.047950621012647174,0.04981158383306636,0.002131307519887508,0.06912494135715148,0.02197424645280218,random,0.4614019908488916,0.3330167811229147,1.0,0.5876510611111894,0.5833333333333334,0.09090909090909091,0.3333333333333333,0.45454545454545453,0.18988303343229176,2.3377960535117066,2.7115775004728895,292.2468582296589,209.52173698348,897,1.778149386845039,1.589885625933992,4.762541806020067,6.900635759779988,638,0.06688963210702341,0.30211817168338906,0.7146042363433668,71.0651170568562,80.52513569152913,0.4760312151616499,1.010142320914481,0.6286193638539405,1.4358419315820847,0.8024962098076622,0.620958751393534,0.3857302118171683,0.14046822742474915,7.989898206862001,0.02407533091067196,0.7493912075614944,0.4659977703455964,2.398651636941001,3.1475401475522,0.3857302118171683,5.0,1.4465392963549033,0.1810475320955367,1.0313444195671833,0.6326149782833048,1.445933196370074,0.7955806874250774,0,0.5328874024526199,0
random_r4_morgan_fingerprints_random_forest,random_r4,4,101,True,morgan_fingerprints,2048,2048,0.4685553453011192,0.338795210527226,3.292880061125,2.5,-2.759279779095008,-2.6,-12.9,2.386032302741874,1.9390485629335976,2.210711397423192,2.650323466196517,283.73267179840417,170.9278399937726,8072,0.3225966303270565,1.7745292368681864,1.698558252655978,4.404236868186323,5.183439302790455,4227,0.6378840436075323,69.68368186323092,62.866100850940306,,sqrt,1.0,100.0,,random_forest,tree_ensemble,8072,897,7175,897,-0.021114095565565077,0.047950621012647174,0.04981158383306636,0.002131307519887508,0.06912494135715148,0.02197424645280218,random,0.4614019908488916,0.3330167811229147,1.0,0.5876510611111894,0.5833333333333334,0.09090909090909091,0.3333333333333333,0.45454545454545453,0.18988303343229176,2.3377960535117066,2.7115775004728895,292.2468582296589,209.52173698348,897,1.778149386845039,1.589885625933992,4.762541806020067,6.900635759779988,638,0.06688963210702341,0.30211817168338906,0.7146042363433668,71.0651170568562,80.52513569152913,0.4760312151616499,1.053552764519156,0.6152834873373418,1.4613943294908252,0.7958224315090351,0.6477146042363434,0.40914158305462656,0.16610925306577481,8.126938814899,-0.000930274432311032,0.7780135318220011,0.4682274247491639,2.431457651794971,3.2236174902538126,0.40914158305462656,7.0,1.4950408090423903,0.22932184588393456,1.0834615179348153,0.6076742452853341,1.4942075101584718,0.781584352873026,0,0.5317725752508361,0
random_r4_morgan_fingerprints_ridge,random_r4,4,101,True,morgan_fingerprints,2048,2048,0.4685553453011192,0.338795210527226,3.292880061125,2.5,-2.759279779095008,-2.6,-12.9,2.386032302741874,1.9390485629335976,2.210711397423192,2.650323466196517,283.73267179840417,170.9278399937726,8072,0.3225966303270565,1.7745292368681864,1.698558252655978,4.404236868186323,5.183439302790455,4227,0.6378840436075323,69.68368186323092,62.866100850940306,100.0,,,,,ridge,linear,8072,897,7175,897,-0.021114095565565077,0.047950621012647174,0.04981158383306636,0.002131307519887508,0.06912494135715148,0.02197424645280218,random,0.4614019908488916,0.3330167811229147,1.0,0.5876510611111894,0.5833333333333334,0.09090909090909091,0.3333333333333333,0.45454545454545453,0.18988303343229176,2.3377960535117066,2.7115775004728895,292.2468582296589,209.52173698348,897,1.778149386845039,1.589885625933992,4.762541806020067,6.900635759779988,638,0.06688963210702341,0.30211817168338906,0.7146042363433668,71.0651170568562,80.52513569152913,0.4760312151616499,1.2139465495253128,0.5429934792666701,1.5927888343984962,0.7443072388302517,0.7001114827201784,0.47714604236343366,0.1850613154960981,7.613877368927232,0.06438525026056291,0.9501888703866568,0.45484949832775917,2.6616036757762664,3.35466023214042,0.47714604236343366,8.0,1.63067049748494,0.3661469258694141,1.223636634302265,0.5325337440299351,1.6310325901439513,0.7356505317199498,0,0.5451505016722408,0
random_r4_rdkit_descriptors_dummy,random_r4,4,101,False,rdkit_descriptors,216,216,0.4685553453011192,0.338795210527226,3.292880061125,2.5,-2.759279779095008,-2.6,-12.9,2.386032302741874,1.9390485629335976,2.210711397423192,2.650323466196517,283.73267179840417,170.9278399937726,8072,0.3225966303270565,1.7745292368681864,1.698558252655978,4.404236868186323,5.183439302790455,4227,0.6378840436075323,69.68368186323092,62.866100850940306,,,,,mean,dummy,constant_baseline,8072,897,7175,897,-0.021114095565565077,0.047950621012647174,0.04981158383306636,0.002131307519887508,0.06912494135715148,0.02197424645280218,random,0.4614019908488916,0.3330167811229147,1.0,0.5876510611111894,0.5833333333333334,0.09090909090909091,0.3333333333333333,0.45454545454545453,0.18988303343229176,2.3377960535117066,2.7115775004728895,292.2468582296589,209.52173698348,897,1.778149386845039,1.589885625933992,4.762541806020067,6.900635759779988,638,0.06688963210702341,0.30211817168338906,0.7146042363433668,71.0651170568562,80.52513569152913,0.4760312151616499,1.9186703041518431,-0.00017593972676199776,2.3563250793838955,,0.8472686733556298,0.6867335562987736,0.4236343366778149,7.940720220904992,-0.004909346418649193,1.7019100509950074,0.47491638795986624,3.804144044180998,4.656120506904989,0.6867335562987736,,2.38687525534551,,1.9311456508818567,-4.235184609013842e-06,2.3855494591999262,,,0.5250836120401338,
random_r4_rdkit_descriptors_extra_trees,random_r4,4,101,True,rdkit_descriptors,214,216,0.4685553453011192,0.338795210527226,3.292880061125,2.5,-2.759279779095008,-2.6,-12.9,2.386032302741874,1.9390485629335976,2.210711397423192,2.650323466196517,283.73267179840417,170.9278399937726,8072,0.3225966303270565,1.7745292368681864,1.698558252655978,4.404236868186323,5.183439302790455,4227,0.6378840436075323,69.68368186323092,62.866100850940306,,sqrt,1.0,100.0,,extra_trees,tree_ensemble,8072,897,7175,897,-0.021114095565565077,0.047950621012647174,0.04981158383306636,0.002131307519887508,0.06912494135715148,0.02197424645280218,random,0.4614019908488916,0.3330167811229147,1.0,0.5876510611111894,0.5833333333333334,0.09090909090909091,0.3333333333333333,0.45454545454545453,0.18988303343229176,2.3377960535117066,2.7115775004728895,292.2468582296589,209.52173698348,897,1.778149386845039,1.589885625933992,4.762541806020067,6.900635759779988,638,0.06688963210702341,0.30211817168338906,0.7146042363433668,71.0651170568562,80.52513569152913,0.4760312151616499,0.7778595671188607,0.7457174591879956,1.1881062359224062,0.8730509237483837,0.4682274247491639,0.2653288740245262,0.10813823857302118,6.873060316685,0.04017506781318423,0.45054659767749783,0.5105908584169454,2.1011252001201988,2.9695658276708,0.2653288740245262,1.0,1.2649527852078022,0.0,0.7941996667455079,0.7188568347807296,1.2648856642745372,0.8371879394787998,1,0.48606465997770343,1
random_r4_rdkit_descriptors_random_forest,random_r4,4,101,True,rdkit_descriptors,214,216,0.4685553453011192,0.338795210527226,3.292880061125,2.5,-2.759279779095008,-2.6,-12.9,2.386032302741874,1.9390485629335976,2.210711397423192,2.650323466196517,283.73267179840417,170.9278399937726,8072,0.3225966303270565,1.7745292368681864,1.698558252655978,4.404236868186323,5.183439302790455,4227,0.6378840436075323,69.68368186323092,62.866100850940306,,log2,1.0,100.0,,random_forest,tree_ensemble,8072,897,7175,897,-0.021114095565565077,0.047950621012647174,0.04981158383306636,0.002131307519887508,0.06912494135715148,0.02197424645280218,random,0.4614019908488916,0.3330167811229147,1.0,0.5876510611111894,0.5833333333333334,0.09090909090909091,0.3333333333333333,0.45454545454545453,0.18988303343229176,2.3377960535117066,2.7115775004728895,292.2468582296589,209.52173698348,897,1.778149386845039,1.589885625933992,4.762541806020067,6.900635759779988,638,0.06688963210702341,0.30211817168338906,0.7146042363433668,71.0651170568562,80.52513569152913,0.4760312151616499,0.8009841732371243,0.7487905552291718,1.180905066831064,0.8725614308414527,0.48940914158305465,0.2731326644370123,0.10702341137123746,6.922277525901999,0.030412828267156255,0.485296283445,0.5317725752508361,2.0548465471263335,2.8106078121866016,0.2731326644370123,2.0,1.2763208856561943,0.011086081237221546,0.8353453750968024,0.7139070839257364,1.2759717455117587,0.8281208510635799,1,0.4682274247491639,1
random_r4_rdkit_descriptors_ridge,random_r4,4,101,True,rdkit_descriptors,214,216,0.4685553453011192,0.338795210527226,3.292880061125,2.5,-2.759279779095008,-2.6,-12.9,2.386032302741874,1.9390485629335976,2.210711397423192,2.650323466196517,283.73267179840417,170.9278399937726,8072,0.3225966303270565,1.7745292368681864,1.698558252655978,4.404236868186323,5.183439302790455,4227,0.6378840436075323,69.68368186323092,62.866100850940306,10.0,,,,,ridge,linear,8072,897,7175,897,-0.021114095565565077,0.047950621012647174,0.04981158383306636,0.002131307519887508,0.06912494135715148,0.02197424645280218,random,0.4614019908488916,0.3330167811229147,1.0,0.5876510611111894,0.5833333333333334,0.09090909090909091,0.3333333333333333,0.45454545454545453,0.18988303343229176,2.3377960535117066,2.7115775004728895,292.2468582296589,209.52173698348,897,1.778149386845039,1.589885625933992,4.762541806020067,6.900635759779988,638,0.06688963210702341,0.30211817168338906,0.7146042363433668,71.0651170568562,80.52513569152913,0.4760312151616499,1.000744922339307,0.652432574889059,1.3890457098073008,0.8288717084671844,0.6265328874024526,0.3879598662207358,0.13712374581939799,7.849436153866328,0.01883609717996159,0.7197907706723035,0.5117056856187291,2.366976464309262,3.179849616327015,0.3879598662207358,6.0,1.4899404813576518,0.2243431987289164,1.054291588478451,0.6102843210699267,1.4892288630034536,0.7818143527738197,0,0.4882943143812709,0
random_r5_maccs_fingerprints_dummy,random_r5,5,137,False,maccs_fingerprints,167,167,0.46764289723239655,0.33771926763651605,3.2989999999999995,2.5,-2.7611765951520506,-2.6,-12.9,2.387758694632267,1.930252725470763,2.2273743496035685,2.6582346714764435,284.85109744657115,177.15103351369456,8072,0.3249504459861249,1.7763875123885036,1.6675560966219842,4.44288899900892,5.433365076641755,4253,0.6354063429137761,69.80285183349851,65.71142970159134,,,,,mean,dummy,constant_baseline,8072,897,7175,897,0.005833570073923566,-0.014869375464486245,-0.015065242048803112,-0.008971532412328611,-0.005185235953772574,0.002889426477799581,random,0.4696130062454683,0.3427819844367917,1.0,0.5913767060658847,0.5833333333333334,0.047619047619047616,0.3592147435897436,0.46153846153846156,0.18182146745343541,2.18784806020067,2.643386928692252,282.1822742474917,156.3517579852732,897,1.7614269788182833,1.8621420357907263,4.414715719063545,4.88183195183166,614,0.04793756967670011,0.3032329988851728,0.7246376811594203,69.99272017837235,56.48467082231135,0.4503901895206243,1.944641548402107,-8.640718369035127e-06,2.4144433187978214,,0.8416945373467113,0.6923076923076923,0.4214046822742475,7.221585203947949,0.014056699529642586,1.7040508431520507,0.46488294314381273,3.8367890978579497,4.506005157387948,0.6923076923076923,,2.3712401563873167,,1.9283290390318608,-3.518034341754017e-05,2.369959713182139,,,0.5351170568561873,
random_r5_maccs_fingerprints_extra_trees,random_r5,5,137,True,maccs_fingerprints,167,167,0.46764289723239655,0.33771926763651605,3.2989999999999995,2.5,-2.7611765951520506,-2.6,-12.9,2.387758694632267,1.930252725470763,2.2273743496035685,2.6582346714764435,284.85109744657115,177.15103351369456,8072,0.3249504459861249,1.7763875123885036,1.6675560966219842,4.44288899900892,5.433365076641755,4253,0.6354063429137761,69.80285183349851,65.71142970159134,,sqrt,3.0,100.0,,extra_trees,tree_ensemble,8072,897,7175,897,0.005833570073923566,-0.014869375464486245,-0.015065242048803112,-0.008971532412328611,-0.005185235953772574,0.002889426477799581,random,0.4696130062454683,0.3427819844367917,1.0,0.5913767060658847,0.5833333333333334,0.047619047619047616,0.3592147435897436,0.46153846153846156,0.18182146745343541,2.18784806020067,2.643386928692252,282.1822742474917,156.3517579852732,897,1.7614269788182833,1.8621420357907263,4.414715719063545,4.88183195183166,614,0.04793756967670011,0.3032329988851728,0.7246376811594203,69.99272017837235,56.48467082231135,0.4503901895206243,0.9816548861699893,0.6662066332246561,1.3949350575685462,0.8383326726246291,0.6231884057971014,0.34782608695652173,0.13154960981047936,5.628144164812633,-0.017751587556907613,0.6907385091043481,0.4816053511705686,2.3665731482010393,3.203908362617874,0.34782608695652173,5.0,1.400145829924453,0.21842887039940928,0.9885500224673226,0.6512892452287279,1.3994777409326506,0.8289477763216669,0,0.5183946488294314,0
random_r5_maccs_fingerprints_random_forest,random_r5,5,137,True,maccs_fingerprints,167,167,0.46764289723239655,0.33771926763651605,3.2989999999999995,2.5,-2.7611765951520506,-2.6,-12.9,2.387758694632267,1.930252725470763,2.2273743496035685,2.6582346714764435,284.85109744657115,177.15103351369456,8072,0.3249504459861249,1.7763875123885036,1.6675560966219842,4.44288899900892,5.433365076641755,4253,0.6354063429137761,69.80285183349851,65.71142970159134,,sqrt,1.0,100.0,,random_forest,tree_ensemble,8072,897,7175,897,0.005833570073923566,-0.014869375464486245,-0.015065242048803112,-0.008971532412328611,-0.005185235953772574,0.002889426477799581,random,0.4696130062454683,0.3427819844367917,1.0,0.5913767060658847,0.5833333333333334,0.047619047619047616,0.3592147435897436,0.46153846153846156,0.18182146745343541,2.18784806020067,2.643386928692252,282.1822742474917,156.3517579852732,897,1.7614269788182833,1.8621420357907263,4.414715719063545,4.88183195183166,614,0.04793756967670011,0.3032329988851728,0.7246376811594203,69.99272017837235,56.48467082231135,0.4503901895206243,0.9316906978114703,0.6793725717796234,1.3671478186827903,0.8422032396045238,0.5819397993311036,0.32441471571906355,0.13489409141583056,5.852867606603331,-0.02418587395238165,0.6164952298853336,0.5016722408026756,2.304865580406539,3.1164930552449968,0.32441471571906355,3.0,1.3559213213800807,0.17433223868776992,0.94126484076001,0.6729183289021097,1.3553811092210113,0.835698019077202,1,0.4983277591973244,0
random_r5_maccs_fingerprints_ridge,random_r5,5,137,True,maccs_fingerprints,167,167,0.46764289723239655,0.33771926763651605,3.2989999999999995,2.5,-2.7611765951520506,-2.6,-12.9,2.387758694632267,1.930252725470763,2.2273743496035685,2.6582346714764435,284.85109744657115,177.15103351369456,8072,0.3249504459861249,1.7763875123885036,1.6675560966219842,4.44288899900892,5.433365076641755,4253,0.6354063429137761,69.80285183349851,65.71142970159134,0.1,,,,,ridge,linear,8072,897,7175,897,0.005833570073923566,-0.014869375464486245,-0.015065242048803112,-0.008971532412328611,-0.005185235953772574,0.002889426477799581,random,0.4696130062454683,0.3427819844367917,1.0,0.5913767060658847,0.5833333333333334,0.047619047619047616,0.3592147435897436,0.46153846153846156,0.18182146745343541,2.18784806020067,2.643386928692252,282.1822742474917,156.3517579852732,897,1.7614269788182833,1.8621420357907263,4.414715719063545,4.88183195183166,614,0.04793756967670011,0.3032329988851728,0.7246376811594203,69.99272017837235,56.48467082231135,0.4503901895206243,1.2337416243519153,0.5411472609568448,1.635504722017084,0.7461298757225291,0.7212931995540691,0.4693422519509476,0.19175027870680045,5.996047233696498,0.011651234062397833,0.9470100184357197,0.451505016722408,2.7111816092313514,3.5564898647697722,0.4693422519509476,9.0,1.6580285268476096,0.4760961508193531,1.2517307660049652,0.5110613330707672,1.6571450213525944,0.7339968045716604,0,0.5484949832775919,0
random_r5_morgan_fingerprints_dummy,random_r5,5,137,False,morgan_fingerprints,2048,2048,0.46764289723239655,0.33771926763651605,3.2989999999999995,2.5,-2.7611765951520506,-2.6,-12.9,2.387758694632267,1.930252725470763,2.2273743496035685,2.6582346714764435,284.85109744657115,177.15103351369456,8072,0.3249504459861249,1.7763875123885036,1.6675560966219842,4.44288899900892,5.433365076641755,4253,0.6354063429137761,69.80285183349851,65.71142970159134,,,,,mean,dummy,constant_baseline,8072,897,7175,897,0.005833570073923566,-0.014869375464486245,-0.015065242048803112,-0.008971532412328611,-0.005185235953772574,0.002889426477799581,random,0.4696130062454683,0.3427819844367917,1.0,0.5913767060658847,0.5833333333333334,0.047619047619047616,0.3592147435897436,0.46153846153846156,0.18182146745343541,2.18784806020067,2.643386928692252,282.1822742474917,156.3517579852732,897,1.7614269788182833,1.8621420357907263,4.414715719063545,4.88183195183166,614,0.04793756967670011,0.3032329988851728,0.7246376811594203,69.99272017837235,56.48467082231135,0.4503901895206243,1.944641548402107,-8.640718369035127e-06,2.4144433187978214,,0.8416945373467113,0.6923076923076923,0.4214046822742475,7.221585203947949,0.014056699529642586,1.7040508431520507,0.46488294314381273,3.8367890978579497,4.506005157387948,0.6923076923076923,,2.3712401563873167,,1.9283290390318608,-3.518034341754017e-05,2.369959713182139,,,0.5351170568561873,
random_r5_morgan_fingerprints_extra_trees,random_r5,5,137,True,morgan_fingerprints,2048,2048,0.46764289723239655,0.33771926763651605,3.2989999999999995,2.5,-2.7611765951520506,-2.6,-12.9,2.387758694632267,1.930252725470763,2.2273743496035685,2.6582346714764435,284.85109744657115,177.15103351369456,8072,0.3249504459861249,1.7763875123885036,1.6675560966219842,4.44288899900892,5.433365076641755,4253,0.6354063429137761,69.80285183349851,65.71142970159134,,sqrt,1.0,100.0,,extra_trees,tree_ensemble,8072,897,7175,897,0.005833570073923566,-0.014869375464486245,-0.015065242048803112,-0.008971532412328611,-0.005185235953772574,0.002889426477799581,random,0.4696130062454683,0.3427819844367917,1.0,0.5913767060658847,0.5833333333333334,0.047619047619047616,0.3592147435897436,0.46153846153846156,0.18182146745343541,2.18784806020067,2.643386928692252,282.1822742474917,156.3517579852732,897,1.7614269788182833,1.8621420357907263,4.414715719063545,4.88183195183166,614,0.04793756967670011,0.3032329988851728,0.7246376811594203,69.99272017837235,56.48467082231135,0.4503901895206243,1.0384944351009868,0.6136921159229816,1.500658677748505,0.8015598813005665,0.6109253065774805,0.37235228539576365,0.13600891861761427,7.024535943527999,-0.07858180048970004,0.6861855000000019,0.5005574136008919,2.3325988241341986,3.129135753146599,0.37235228539576365,6.0,1.434743271849713,0.2550460068281919,1.0143578966883893,0.6328025831221857,1.4360948773614333,0.8172958749096169,0,0.49944258639910816,0
random_r5_morgan_fingerprints_random_forest,random_r5,5,137,True,morgan_fingerprints,2048,2048,0.46764289723239655,0.33771926763651605,3.2989999999999995,2.5,-2.7611765951520506,-2.6,-12.9,2.387758694632267,1.930252725470763,2.2273743496035685,2.6582346714764435,284.85109744657115,177.15103351369456,8072,0.3249504459861249,1.7763875123885036,1.6675560966219842,4.44288899900892,5.433365076641755,4253,0.6354063429137761,69.80285183349851,65.71142970159134,,sqrt,1.0,100.0,,random_forest,tree_ensemble,8072,897,7175,897,0.005833570073923566,-0.014869375464486245,-0.015065242048803112,-0.008971532412328611,-0.005185235953772574,0.002889426477799581,random,0.4696130062454683,0.3427819844367917,1.0,0.5913767060658847,0.5833333333333334,0.047619047619047616,0.3592147435897436,0.46153846153846156,0.18182146745343541,2.18784806020067,2.643386928692252,282.1822742474917,156.3517579852732,897,1.7614269788182833,1.8621420357907263,4.414715719063545,4.88183195183166,614,0.04793756967670011,0.3032329988851728,0.7246376811594203,69.99272017837235,56.48467082231135,0.4503901895206243,1.0648230681670914,0.6100193213069438,1.507775504681219,0.7986901124065324,0.6376811594202898,0.38684503901895206,0.14381270903010032,6.58683841225,-0.07024235001614938,0.7332429314130002,0.4927536231884058,2.3659355765839045,3.1190244441034047,0.38684503901895206,7.0,1.4458078445599627,0.2656590891382573,1.0469532018570789,0.6273551761225946,1.4467079596714987,0.8162638063685855,0,0.5072463768115942,0
random_r5_morgan_fingerprints_ridge,random_r5,5,137,True,morgan_fingerprints,2048,2048,0.46764289723239655,0.33771926763651605,3.2989999999999995,2.5,-2.7611765951520506,-2.6,-12.9,2.387758694632267,1.930252725470763,2.2273743496035685,2.6582346714764435,284.85109744657115,177.15103351369456,8072,0.3249504459861249,1.7763875123885036,1.6675560966219842,4.44288899900892,5.433365076641755,4253,0.6354063429137761,69.80285183349851,65.71142970159134,10.0,,,,,ridge,linear,8072,897,7175,897,0.005833570073923566,-0.014869375464486245,-0.015065242048803112,-0.008971532412328611,-0.005185235953772574,0.002889426477799581,random,0.4696130062454683,0.3427819844367917,1.0,0.5913767060658847,0.5833333333333334,0.047619047619047616,0.3592147435897436,0.46153846153846156,0.18182146745343541,2.18784806020067,2.643386928692252,282.1822742474917,156.3517579852732,897,1.7614269788182833,1.8621420357907263,4.414715719063545,4.88183195183166,614,0.04793756967670011,0.3032329988851728,0.7246376811594203,69.99272017837235,56.48467082231135,0.4503901895206243,1.2139226667308511,0.5316949053544311,1.652264528453738,0.731321615553624,0.7268673355629878,0.47045707915273133,0.18394648829431437,8.046924562748796,-0.024370058575413557,0.9322482520655426,0.45484949832775917,2.6073492608949116,3.3418247912136296,0.47045707915273133,8.0,1.6175634120821158,0.43579630875511866,1.2157190472496053,0.5345530127636898,1.61684517928836,0.7498198626108424,0,0.5451505016722408,0
random_r5_rdkit_descriptors_dummy,random_r5,5,137,False,rdkit_descriptors,216,216,0.46764289723239655,0.33771926763651605,3.2989999999999995,2.5,-2.7611765951520506,-2.6,-12.9,2.387758694632267,1.930252725470763,2.2273743496035685,2.6582346714764435,284.85109744657115,177.15103351369456,8072,0.3249504459861249,1.7763875123885036,1.6675560966219842,4.44288899900892,5.433365076641755,4253,0.6354063429137761,69.80285183349851,65.71142970159134,,,,,mean,dummy,constant_baseline,8072,897,7175,897,0.005833570073923566,-0.014869375464486245,-0.015065242048803112,-0.008971532412328611,-0.005185235953772574,0.002889426477799581,random,0.4696130062454683,0.3427819844367917,1.0,0.5913767060658847,0.5833333333333334,0.047619047619047616,0.3592147435897436,0.46153846153846156,0.18182146745343541,2.18784806020067,2.643386928692252,282.1822742474917,156.3517579852732,897,1.7614269788182833,1.8621420357907263,4.414715719063545,4.88183195183166,614,0.04793756967670011,0.3032329988851728,0.7246376811594203,69.99272017837235,56.48467082231135,0.4503901895206243,1.944641548402107,-8.640718369035127e-06,2.4144433187978214,,0.8416945373467113,0.6923076923076923,0.4214046822742475,7.221585203947949,0.014056699529642586,1.7040508431520507,0.46488294314381273,3.8367890978579497,4.506005157387948,0.6923076923076923,,2.3712401563873167,,1.9283290390318608,-3.518034341754017e-05,2.369959713182139,,,0.5351170568561873,
random_r5_rdkit_descriptors_extra_trees,random_r5,5,137,True,rdkit_descriptors,213,216,0.46764289723239655,0.33771926763651605,3.2989999999999995,2.5,-2.7611765951520506,-2.6,-12.9,2.387758694632267,1.930252725470763,2.2273743496035685,2.6582346714764435,284.85109744657115,177.15103351369456,8072,0.3249504459861249,1.7763875123885036,1.6675560966219842,4.44288899900892,5.433365076641755,4253,0.6354063429137761,69.80285183349851,65.71142970159134,,sqrt,1.0,100.0,,extra_trees,tree_ensemble,8072,897,7175,897,0.005833570073923566,-0.014869375464486245,-0.015065242048803112,-0.008971532412328611,-0.005185235953772574,0.002889426477799581,random,0.4696130062454683,0.3427819844367917,1.0,0.5913767060658847,0.5833333333333334,0.047619047619047616,0.3592147435897436,0.46153846153846156,0.18182146745343541,2.18784806020067,2.643386928692252,282.1822742474917,156.3517579852732,897,1.7614269788182833,1.8621420357907263,4.414715719063545,4.88183195183166,614,0.04793756967670011,0.3032329988851728,0.7246376811594203,69.99272017837235,56.48467082231135,0.4503901895206243,0.7782648040396418,0.7510432618865807,1.2046949246371919,0.8734780389378527,0.46265328874024525,0.2653288740245262,0.0903010033444816,7.789322665496003,-0.04481071774578678,0.4280816580739999,0.5317725752508361,1.865702380138001,2.6733919738813987,0.2653288740245262,2.0,1.2052635317989913,0.024375833222513688,0.7645019151327026,0.7412898150350765,1.205424703755755,0.8743331249229707,1,0.46488294314381273,1
random_r5_rdkit_descriptors_random_forest,random_r5,5,137,True,rdkit_descriptors,213,216,0.46764289723239655,0.33771926763651605,3.2989999999999995,2.5,-2.7611765951520506,-2.6,-12.9,2.387758694632267,1.930252725470763,2.2273743496035685,2.6582346714764435,284.85109744657115,177.15103351369456,8072,0.3249504459861249,1.7763875123885036,1.6675560966219842,4.44288899900892,5.433365076641755,4253,0.6354063429137761,69.80285183349851,65.71142970159134,,sqrt,1.0,100.0,,random_forest,tree_ensemble,8072,897,7175,897,0.005833570073923566,-0.014869375464486245,-0.015065242048803112,-0.008971532412328611,-0.005185235953772574,0.002889426477799581,random,0.4696130062454683,0.3427819844367917,1.0,0.5913767060658847,0.5833333333333334,0.047619047619047616,0.3592147435897436,0.46153846153846156,0.18182146745343541,2.18784806020067,2.643386928692252,282.1822742474917,156.3517579852732,897,1.7614269788182833,1.8621420357907263,4.414715719063545,4.88183195183166,614,0.04793756967670011,0.3032329988851728,0.7246376811594203,69.99272017837235,56.48467082231135,0.4503901895206243,0.8026281331787826,0.7547350442133606,1.1957293453932833,0.8728323883006762,0.4938684503901895,0.25752508361204013,0.08249721293199554,7.639755263634001,-0.04943479141969536,0.4913809214009994,0.5418060200668896,1.8342904519882,2.6137064182295333,0.25752508361204013,1.0,1.1806721349580374,0.0,0.7778975142908907,0.7516471840783269,1.1810488705332414,0.8739025947073737,1,0.45819397993311034,1
random_r5_rdkit_descriptors_ridge,random_r5,5,137,True,rdkit_descriptors,213,216,0.46764289723239655,0.33771926763651605,3.2989999999999995,2.5,-2.7611765951520506,-2.6,-12.9,2.387758694632267,1.930252725470763,2.2273743496035685,2.6582346714764435,284.85109744657115,177.15103351369456,8072,0.3249504459861249,1.7763875123885036,1.6675560966219842,4.44288899900892,5.433365076641755,4253,0.6354063429137761,69.80285183349851,65.71142970159134,0.1,,,,,ridge,linear,8072,897,7175,897,0.005833570073923566,-0.014869375464486245,-0.015065242048803112,-0.008971532412328611,-0.005185235953772574,0.002889426477799581,random,0.4696130062454683,0.3427819844367917,1.0,0.5913767060658847,0.5833333333333334,0.047619047619047616,0.3592147435897436,0.46153846153846156,0.18182146745343541,2.18784806020067,2.643386928692252,282.1822742474917,156.3517579852732,897,1.7614269788182833,1.8621420357907263,4.414715719063545,4.88183195183166,614,0.04793756967670011,0.3032329988851728,0.7246376811594203,69.99272017837235,56.48467082231135,0.4503901895206243,1.0277134254141769,0.648008621824554,1.4324555387826938,0.818773586445396,0.6488294314381271,0.379041248606466,0.11371237458193979,5.444361641729795,-0.0008968754753071365,0.7332861953880192,0.5005574136008919,2.1246178823292854,2.852454263626381,0.379041248606466,4.0,1.3728045238671907,0.1909905131650862,1.0024949705532213,0.6648289446677815,1.3720393836983276,0.8264129474933759,0,0.49944258639910816,0
scaffold_r1_maccs_fingerprints_dummy,scaffold_r1,1,13,False,maccs_fingerprints,167,167,0.4741299002728787,0.3360493355210459,3.206957484525,2.5,-2.7285799417010157,-2.60614557205,-11.4,2.3242598114210997,1.933721506442022,2.177208972993064,2.628586950093394,283.9046913514274,176.92765428721341,8072,0.3187561942517344,1.7744053518334986,1.7054938357699907,4.465807730426165,5.392746990245793,4187,0.6440782953419227,70.6724789395441,65.76523763935944,,,,,mean,dummy,constant_baseline,8072,897,7175,897,-0.18715314347158962,0.17578705203543063,0.03840090855480151,0.0028489473907306368,-0.04771873113240181,-0.12933022880979403,scaffold,0.41123721076857606,0.3522417298268734,1.0,0.5057777753992582,0.45454545454545453,0.0625,0.3148148148148148,0.3793103448275862,0.1825092810304356,2.6392805239687855,2.8650367176427087,290.6988740245262,158.50287476402656,897,1.7792642140468227,1.5215323258902838,4.208472686733557,5.266345262055559,464,0.0802675585284281,0.5674470457079153,0.842809364548495,62.16704570791527,55.332132087730216,1.0,1.939305797775586,-0.005797002919791572,2.3773679715397247,,0.8807134894091416,0.7480490523968785,0.5317725752508361,10.171420058298985,-0.3118734953447475,2.125568515601016,0.47157190635451507,4.740500251378983,5.379420058298981,0.7480490523968785,,2.8688902909135443,,2.3605541704259774,-0.011830782964227904,2.8842019620674564,,,0.5284280936454849,
scaffold_r1_maccs_fingerprints_extra_trees,scaffold_r1,1,13,True,maccs_fingerprints,167,167,0.4741299002728787,0.3360493355210459,3.206957484525,2.5,-2.7285799417010157,-2.60614557205,-11.4,2.3242598114210997,1.933721506442022,2.177208972993064,2.628586950093394,283.9046913514274,176.92765428721341,8072,0.3187561942517344,1.7744053518334986,1.7054938357699907,4.465807730426165,5.392746990245793,4187,0.6440782953419227,70.6724789395441,65.76523763935944,,sqrt,1.0,100.0,,extra_trees,tree_ensemble,8072,897,7175,897,-0.18715314347158962,0.17578705203543063,0.03840090855480151,0.0028489473907306368,-0.04771873113240181,-0.12933022880979403,scaffold,0.41123721076857606,0.3522417298268734,1.0,0.5057777753992582,0.45454545454545453,0.0625,0.3148148148148148,0.3793103448275862,0.1825092810304356,2.6392805239687855,2.8650367176427087,290.6988740245262,158.50287476402656,897,1.7792642140468227,1.5215323258902838,4.208472686733557,5.266345262055559,464,0.0802675585284281,0.5674470457079153,0.842809364548495,62.16704570791527,55.332132087730216,1.0,1.0951625699232017,0.5728698079049542,1.5492495348068198,0.7913524616713554,0.6911928651059086,0.4492753623188406,0.1716833890746934,6.735629510492996,-0.1342289861563245,0.8916430011790006,0.4938684503901895,2.7278913008326002,3.6423459607618027,0.4492753623188406,4.0,1.640137374817525,0.3581700887589201,1.1978125301322347,0.6709704425164664,1.644709423395391,0.8277254090534052,0,0.5039018952062431,0
scaffold_r1_maccs_fingerprints_random_forest,scaffold_r1,1,13,True,maccs_fingerprints,167,167,0.4741299002728787,0.3360493355210459,3.206957484525,2.5,-2.7285799417010157,-2.60614557205,-11.4,2.3242598114210997,1.933721506442022,2.177208972993064,2.628586950093394,283.9046913514274,176.92765428721341,8072,0.3187561942517344,1.7744053518334986,1.7054938357699907,4.465807730426165,5.392746990245793,4187,0.6440782953419227,70.6724789395441,65.76523763935944,,sqrt,1.0,100.0,,random_forest,tree_ensemble,8072,897,7175,897,-0.18715314347158962,0.17578705203543063,0.03840090855480151,0.0028489473907306368,-0.04771873113240181,-0.12933022880979403,scaffold,0.41123721076857606,0.3522417298268734,1.0,0.5057777753992582,0.45454545454545453,0.0625,0.3148148148148148,0.3793103448275862,0.1825092810304356,2.6392805239687855,2.8650367176427087,290.6988740245262,158.50287476402656,897,1.7792642140468227,1.5215323258902838,4.208472686733557,5.266345262055559,464,0.0802675585284281,0.5674470457079153,0.842809364548495,62.16704570791527,55.332132087730216,1.0,1.1065074857712596,0.5748371717671554,1.5456774911828934,0.7901388259708135,0.7101449275362319,0.4983277591973244,0.21070234113712374,7.135724654610332,-0.19153282909719663,0.9876076908820011,0.4882943143812709,2.7739135248963986,3.388534358720531,0.4983277591973244,5.0,1.6859429963320596,0.40931438029386813,1.2684492593894952,0.6501891094234112,1.695853714930339,0.8267860448765489,0,0.5117056856187291,0
scaffold_r1_maccs_fingerprints_ridge,scaffold_r1,1,13,True,maccs_fingerprints,167,167,0.4741299002728787,0.3360493355210459,3.206957484525,2.5,-2.7285799417010157,-2.60614557205,-11.4,2.3242598114210997,1.933721506442022,2.177208972993064,2.628586950093394,283.9046913514274,176.92765428721341,8072,0.3187561942517344,1.7744053518334986,1.7054938357699907,4.465807730426165,5.392746990245793,4187,0.6440782953419227,70.6724789395441,65.76523763935944,0.1,,,,,ridge,linear,8072,897,7175,897,-0.18715314347158962,0.17578705203543063,0.03840090855480151,0.0028489473907306368,-0.04771873113240181,-0.12933022880979403,scaffold,0.41123721076857606,0.3522417298268734,1.0,0.5057777753992582,0.45454545454545453,0.0625,0.3148148148148148,0.3793103448275862,0.1825092810304356,2.6392805239687855,2.8650367176427087,290.6988740245262,158.50287476402656,897,1.7792642140468227,1.5215323258902838,4.208472686733557,5.266345262055559,464,0.0802675585284281,0.5674470457079153,0.842809364548495,62.16704570791527,55.332132087730216,1.0,1.2401538665641727,0.5151939349387618,1.650536987623028,0.7351795044293113,0.7993311036789298,0.5797101449275363,0.24303232998885171,7.65202379978245,-0.30473870509487466,1.2262348037497999,0.5261984392419174,3.11854081673417,3.840956441696695,0.5797101449275363,7.0,1.8817903791376673,0.618730450916279,1.4833342502984506,0.5584605497767421,1.9052697855527498,0.7743649593014585,0,0.4738015607580825,0
scaffold_r1_morgan_fingerprints_dummy,scaffold_r1,1,13,False,morgan_fingerprints,2048,2048,0.4741299002728787,0.3360493355210459,3.206957484525,2.5,-2.7285799417010157,-2.60614557205,-11.4,2.3242598114210997,1.933721506442022,2.177208972993064,2.628586950093394,283.9046913514274,176.92765428721341,8072,0.3187561942517344,1.7744053518334986,1.7054938357699907,4.465807730426165,5.392746990245793,4187,0.6440782953419227,70.6724789395441,65.76523763935944,,,,,mean,dummy,constant_baseline,8072,897,7175,897,-0.18715314347158962,0.17578705203543063,0.03840090855480151,0.0028489473907306368,-0.04771873113240181,-0.12933022880979403,scaffold,0.41123721076857606,0.3522417298268734,1.0,0.5057777753992582,0.45454545454545453,0.0625,0.3148148148148148,0.3793103448275862,0.1825092810304356,2.6392805239687855,2.8650367176427087,290.6988740245262,158.50287476402656,897,1.7792642140468227,1.5215323258902838,4.208472686733557,5.266345262055559,464,0.0802675585284281,0.5674470457079153,0.842809364548495,62.16704570791527,55.332132087730216,1.0,1.939305797775586,-0.005797002919791572,2.3773679715397247,,0.8807134894091416,0.7480490523968785,0.5317725752508361,10.171420058298985,-0.3118734953447475,2.125568515601016,0.47157190635451507,4.740500251378983,5.379420058298981,0.7480490523968785,,2.8688902909135443,,2.3605541704259774,-0.011830782964227904,2.8842019620674564,,,0.5284280936454849,
scaffold_r1_morgan_fingerprints_extra_trees,scaffold_r1,1,13,True,morgan_fingerprints,2048,2048,0.4741299002728787,0.3360493355210459,3.206957484525,2.5,-2.7285799417010157,-2.60614557205,-11.4,2.3242598114210997,1.933721506442022,2.177208972993064,2.628586950093394,283.9046913514274,176.92765428721341,8072,0.3187561942517344,1.7744053518334986,1.7054938357699907,4.465807730426165,5.392746990245793,4187,0.6440782953419227,70.6724789395441,65.76523763935944,,log2,1.0,100.0,,extra_trees,tree_ensemble,8072,897,7175,897,-0.18715314347158962,0.17578705203543063,0.03840090855480151,0.0028489473907306368,-0.04771873113240181,-0.12933022880979403,scaffold,0.41123721076857606,0.3522417298268734,1.0,0.5057777753992582,0.45454545454545453,0.0625,0.3148148148148148,0.3793103448275862,0.1825092810304356,2.6392805239687855,2.8650367176427087,290.6988740245262,158.50287476402656,897,1.7792642140468227,1.5215323258902838,4.208472686733557,5.266345262055559,464,0.0802675585284281,0.5674470457079153,0.842809364548495,62.16704570791527,55.332132087730216,1.0,1.2864947079461457,0.4627550638917691,1.7375103658608757,0.7359902189523267,0.750278706800446,0.5484949832775919,0.28205128205128205,9.775902774384,-0.24359845902912283,1.168141903368,0.49944258639910816,3.3229969908345995,3.927141518710599,0.5484949832775919,9.0,1.9666863727928479,0.6940877145279576,1.4995870520887395,0.5228422702150888,1.9806270491644284,0.8068321377801525,0,0.5005574136008919,0
scaffold_r1_morgan_fingerprints_random_forest,scaffold_r1,1,13,True,morgan_fingerprints,2048,2048,0.4741299002728787,0.3360493355210459,3.206957484525,2.5,-2.7285799417010157,-2.60614557205,-11.4,2.3242598114210997,1.933721506442022,2.177208972993064,2.628586950093394,283.9046913514274,176.92765428721341,8072,0.3187561942517344,1.7744053518334986,1.7054938357699907,4.465807730426165,5.392746990245793,4187,0.6440782953419227,70.6724789395441,65.76523763935944,,sqrt,1.0,100.0,,random_forest,tree_ensemble,8072,897,7175,897,-0.18715314347158962,0.17578705203543063,0.03840090855480151,0.0028489473907306368,-0.04771873113240181,-0.12933022880979403,scaffold,0.41123721076857606,0.3522417298268734,1.0,0.5057777753992582,0.45454545454545453,0.0625,0.3148148148148148,0.3793103448275862,0.1825092810304356,2.6392805239687855,2.8650367176427087,290.6988740245262,158.50287476402656,897,1.7792642140468227,1.5215323258902838,4.208472686733557,5.266345262055559,464,0.0802675585284281,0.5674470457079153,0.842809364548495,62.16704570791527,55.332132087730216,1.0,1.2993267941135973,0.4490699232564621,1.7595008463050004,0.7188427564245058,0.7692307692307693,0.5574136008918618,0.2887402452619844,9.519055144183998,-0.23860349834901584,1.1413228678339982,0.4972129319955407,3.234849006009299,3.800351881078795,0.5574136008918618,8.0,1.9399052005187274,0.6669110647377485,1.4932812682466605,0.5358468216072676,1.9534503993742194,0.8086954584737197,0,0.5027870680044593,0
scaffold_r1_morgan_fingerprints_ridge,scaffold_r1,1,13,True,morgan_fingerprints,2048,2048,0.4741299002728787,0.3360493355210459,3.206957484525,2.5,-2.7285799417010157,-2.60614557205,-11.4,2.3242598114210997,1.933721506442022,2.177208972993064,2.628586950093394,283.9046913514274,176.92765428721341,8072,0.3187561942517344,1.7744053518334986,1.7054938357699907,4.465807730426165,5.392746990245793,4187,0.6440782953419227,70.6724789395441,65.76523763935944,100.0,,,,,ridge,linear,8072,897,7175,897,-0.18715314347158962,0.17578705203543063,0.03840090855480151,0.0028489473907306368,-0.04771873113240181,-0.12933022880979403,scaffold,0.41123721076857606,0.3522417298268734,1.0,0.5057777753992582,0.45454545454545453,0.0625,0.3148148148148148,0.3793103448275862,0.1825092810304356,2.6392805239687855,2.8650367176427087,290.6988740245262,158.50287476402656,897,1.7792642140468227,1.5215323258902838,4.208472686733557,5.266345262055559,464,0.0802675585284281,0.5674470457079153,0.842809364548495,62.16704570791527,55.332132087730216,1.0,1.3168854221589696,0.452313995739529,1.7543129141526614,0.696250810933651,0.7759197324414716,0.5607580824972129,0.2608695652173913,8.748882273578035,-0.12998180021683828,1.1887466819425452,0.4916387959866221,3.029042486303585,3.6926124752031892,0.5607580824972129,6.0,1.8584231500137909,0.5753901896421174,1.454535201879214,0.5783199750011557,1.8619295242785883,0.7840774797039946,0,0.5083612040133779,0
scaffold_r1_rdkit_descriptors_dummy,scaffold_r1,1,13,False,rdkit_descriptors,216,216,0.4741299002728787,0.3360493355210459,3.206957484525,2.5,-2.7285799417010157,-2.60614557205,-11.4,2.3242598114210997,1.933721506442022,2.177208972993064,2.628586950093394,283.9046913514274,176.92765428721341,8072,0.3187561942517344,1.7744053518334986,1.7054938357699907,4.465807730426165,5.392746990245793,4187,0.6440782953419227,70.6724789395441,65.76523763935944,,,,,mean,dummy,constant_baseline,8072,897,7175,897,-0.18715314347158962,0.17578705203543063,0.03840090855480151,0.0028489473907306368,-0.04771873113240181,-0.12933022880979403,scaffold,0.41123721076857606,0.3522417298268734,1.0,0.5057777753992582,0.45454545454545453,0.0625,0.3148148148148148,0.3793103448275862,0.1825092810304356,2.6392805239687855,2.8650367176427087,290.6988740245262,158.50287476402656,897,1.7792642140468227,1.5215323258902838,4.208472686733557,5.266345262055559,464,0.0802675585284281,0.5674470457079153,0.842809364548495,62.16704570791527,55.332132087730216,1.0,1.939305797775586,-0.005797002919791572,2.3773679715397247,,0.8807134894091416,0.7480490523968785,0.5317725752508361,10.171420058298985,-0.3118734953447475,2.125568515601016,0.47157190635451507,4.740500251378983,5.379420058298981,0.7480490523968785,,2.8688902909135443,,2.3605541704259774,-0.011830782964227904,2.8842019620674564,,,0.5284280936454849,
scaffold_r1_rdkit_descriptors_extra_trees,scaffold_r1,1,13,True,rdkit_descriptors,214,216,0.4741299002728787,0.3360493355210459,3.206957484525,2.5,-2.7285799417010157,-2.60614557205,-11.4,2.3242598114210997,1.933721506442022,2.177208972993064,2.628586950093394,283.9046913514274,176.92765428721341,8072,0.3187561942517344,1.7744053518334986,1.7054938357699907,4.465807730426165,5.392746990245793,4187,0.6440782953419227,70.6724789395441,65.76523763935944,,sqrt,3.0,100.0,,extra_trees,tree_ensemble,8072,897,7175,897,-0.18715314347158962,0.17578705203543063,0.03840090855480151,0.0028489473907306368,-0.04771873113240181,-0.12933022880979403,scaffold,0.41123721076857606,0.3522417298268734,1.0,0.5057777753992582,0.45454545454545453,0.0625,0.3148148148148148,0.3793103448275862,0.1825092810304356,2.6392805239687855,2.8650367176427087,290.6988740245262,158.50287476402656,897,1.7792642140468227,1.5215323258902838,4.208472686733557,5.266345262055559,464,0.0802675585284281,0.5674470457079153,0.842809364548495,62.16704570791527,55.332132087730216,1.0,0.9572971417993762,0.6775664581938079,1.3460504756369822,0.84747089268819,0.5607580824972129,0.33890746934225197,0.12263099219620958,5.873223623271364,-0.025043358777034667,0.6289760193470858,0.5128205128205128,2.299284059900465,2.8868066059368496,0.33890746934225197,2.0,1.3290567916415836,0.04201247219175874,0.9232915212189609,0.7853091474207831,1.3285518068282296,0.8799629709113783,1,0.48717948717948717,1
scaffold_r1_rdkit_descriptors_random_forest,scaffold_r1,1,13,True,rdkit_descriptors,214,216,0.4741299002728787,0.3360493355210459,3.206957484525,2.5,-2.7285799417010157,-2.60614557205,-11.4,2.3242598114210997,1.933721506442022,2.177208972993064,2.628586950093394,283.9046913514274,176.92765428721341,8072,0.3187561942517344,1.7744053518334986,1.7054938357699907,4.465807730426165,5.392746990245793,4187,0.6440782953419227,70.6724789395441,65.76523763935944,,sqrt,3.0,100.0,,random_forest,tree_ensemble,8072,897,7175,897,-0.18715314347158962,0.17578705203543063,0.03840090855480151,0.0028489473907306368,-0.04771873113240181,-0.12933022880979403,scaffold,0.41123721076857606,0.3522417298268734,1.0,0.5057777753992582,0.45454545454545453,0.0625,0.3148148148148148,0.3793103448275862,0.1825092810304356,2.6392805239687855,2.8650367176427087,290.6988740245262,158.50287476402656,897,1.7792642140468227,1.5215323258902838,4.208472686733557,5.266345262055559,464,0.0802675585284281,0.5674470457079153,0.842809364548495,62.16704570791527,55.332132087730216,1.0,0.927559967312142,0.6907950690792508,1.3181488176390435,0.8500367757587147,0.5596432552954292,0.30657748049052397,0.11036789297658862,6.731163514635829,0.00397784603717711,0.6214892492614279,0.5072463768115942,2.136433870192243,2.8907615299284406,0.30657748049052397,1.0,1.2872509163392103,0.0,0.8857439631552485,0.7986726905457082,1.2865393346364709,0.882863097034172,1,0.4927536231884058,1
scaffold_r1_rdkit_descriptors_ridge,scaffold_r1,1,13,True,rdkit_descriptors,214,216,0.4741299002728787,0.3360493355210459,3.206957484525,2.5,-2.7285799417010157,-2.60614557205,-11.4,2.3242598114210997,1.933721506442022,2.177208972993064,2.628586950093394,283.9046913514274,176.92765428721341,8072,0.3187561942517344,1.7744053518334986,1.7054938357699907,4.465807730426165,5.392746990245793,4187,0.6440782953419227,70.6724789395441,65.76523763935944,0.1,,,,,ridge,linear,8072,897,7175,897,-0.18715314347158962,0.17578705203543063,0.03840090855480151,0.0028489473907306368,-0.04771873113240181,-0.12933022880979403,scaffold,0.41123721076857606,0.3522417298268734,1.0,0.5057777753992582,0.45454545454545453,0.0625,0.3148148148148148,0.3793103448275862,0.1825092810304356,2.6392805239687855,2.8650367176427087,290.6988740245262,158.50287476402656,897,1.7792642140468227,1.5215323258902838,4.208472686733557,5.266345262055559,464,0.0802675585284281,0.5674470457079153,0.842809364548495,62.16704570791527,55.332132087730216,1.0,1.0891394686114606,0.6074797914839432,1.4851565992468942,0.8142768179386841,0.673355629877369,0.4057971014492754,0.13377926421404682,6.9726673662248615,-0.024761395567458218,0.8039630481538151,0.5217391304347826,2.3336457854517896,3.049067700555317,0.4057971014492754,3.0,1.4824039832698324,0.19524500847908577,1.0797523526496222,0.7329291091017318,1.4817843431155566,0.8535745959373704,1,0.4782608695652174,0
scaffold_r2_maccs_fingerprints_dummy,scaffold_r2,2,37,False,maccs_fingerprints,167,167,0.47214370944184936,0.33670268481736637,3.22,2.5,-2.724623626664526,-2.58,-11.4,2.3297446878749555,1.9288899900891971,2.1674087636273547,2.591417077390437,283.0039469744864,174.9701876282521,8072,0.3212338949454906,1.761025768087215,1.690382493896263,4.445862239841428,5.262180079543471,4187,0.6411050545094152,70.37394202180376,64.76814419248959,,,,,mean,dummy,constant_baseline,8072,897,7175,897,-0.1278071051821788,0.216122184259436,0.09030465408053641,0.08201681232079662,-0.011003495271054174,-0.08523321055634352,scaffold,0.4291107139882742,0.3492997278345331,1.0,0.49868601513286515,0.4583333333333333,0.045454545454545456,0.2962962962962963,0.375,0.1855859884718412,2.72747148272018,3.1410109181755352,298.80456924266224,176.4784587665911,897,1.899665551839465,1.6613280978584197,4.3879598662207355,6.350002633449536,464,0.10144927536231885,0.5674470457079153,0.8573021181716833,64.85354515050167,65.35877848227173,1.0,1.9693809982874215,-0.012115402270964637,2.431192779633179,,0.8584169453734671,0.7346711259754738,0.5050167224080268,10.175376373335475,-0.35143223510202937,2.0456236266645256,0.5016722408026756,4.6864763424470945,5.319376373335472,0.7346711259754738,,2.8243496009680316,,2.297253062636462,-0.015499964959079682,2.8445671661545573,,,0.4983277591973244,
scaffold_r2_maccs_fingerprints_extra_trees,scaffold_r2,2,37,True,maccs_fingerprints,167,167,0.47214370944184936,0.33670268481736637,3.22,2.5,-2.724623626664526,-2.58,-11.4,2.3297446878749555,1.9288899900891971,2.1674087636273547,2.591417077390437,283.0039469744864,174.9701876282521,8072,0.3212338949454906,1.761025768087215,1.690382493896263,4.445862239841428,5.262180079543471,4187,0.6411050545094152,70.37394202180376,64.76814419248959,,sqrt,3.0,100.0,,extra_trees,tree_ensemble,8072,897,7175,897,-0.1278071051821788,0.216122184259436,0.09030465408053641,0.08201681232079662,-0.011003495271054174,-0.08523321055634352,scaffold,0.4291107139882742,0.3492997278345331,1.0,0.49868601513286515,0.4583333333333333,0.045454545454545456,0.2962962962962963,0.375,0.1855859884718412,2.72747148272018,3.1410109181755352,298.80456924266224,176.4784587665911,897,1.899665551839465,1.6613280978584197,4.3879598662207355,6.350002633449536,464,0.10144927536231885,0.5674470457079153,0.8573021181716833,64.85354515050167,65.35877848227173,1.0,1.138508132555116,0.5988635191632534,1.5305603565136772,0.7877069500925881,0.6811594202898551,0.4782608695652174,0.19286510590858416,7.577990242817603,-0.11939313577133273,0.9118920336330099,0.5217391304347826,2.7834768922821613,3.771138886782093,0.4782608695652174,4.0,1.7114776035433472,0.3587623778990532,1.2474387035362515,0.6310085971555486,1.7146850457074228,0.8257723118241818,0,0.4782608695652174,0
scaffold_r2_maccs_fingerprints_random_forest,scaffold_r2,2,37,True,maccs_fingerprints,167,167,0.47214370944184936,0.33670268481736637,3.22,2.5,-2.724623626664526,-2.58,-11.4,2.3297446878749555,1.9288899900891971,2.1674087636273547,2.591417077390437,283.0039469744864,174.9701876282521,8072,0.3212338949454906,1.761025768087215,1.690382493896263,4.445862239841428,5.262180079543471,4187,0.6411050545094152,70.37394202180376,64.76814419248959,,sqrt,1.0,100.0,,random_forest,tree_ensemble,8072,897,7175,897,-0.1278071051821788,0.216122184259436,0.09030465408053641,0.08201681232079662,-0.011003495271054174,-0.08523321055634352,scaffold,0.4291107139882742,0.3492997278345331,1.0,0.49868601513286515,0.4583333333333333,0.045454545454545456,0.2962962962962963,0.375,0.1855859884718412,2.72747148272018,3.1410109181755352,298.80456924266224,176.4784587665911,897,1.899665551839465,1.6613280978584197,4.3879598662207355,6.350002633449536,464,0.10144927536231885,0.5674470457079153,0.8573021181716833,64.85354515050167,65.35877848227173,1.0,1.1146756880964939,0.6085726239033531,1.5119240611821345,0.7974536823420656,0.6510590858416946,0.44481605351170567,0.20178372352285395,7.580409115458367,-0.12816861314678774,0.8042447520452158,0.5105908584169454,2.8819116097920423,3.7375799759563955,0.44481605351170567,5.0,1.7228621671357742,0.3707423691893701,1.219440520134708,0.6258345201938447,1.7266650369977397,0.8258938279674108,0,0.48940914158305465,0
scaffold_r2_maccs_fingerprints_ridge,scaffold_r2,2,37,True,maccs_fingerprints,167,167,0.47214370944184936,0.33670268481736637,3.22,2.5,-2.724623626664526,-2.58,-11.4,2.3297446878749555,1.9288899900891971,2.1674087636273547,2.591417077390437,283.0039469744864,174.9701876282521,8072,0.3212338949454906,1.761025768087215,1.690382493896263,4.445862239841428,5.262180079543471,4187,0.6411050545094152,70.37394202180376,64.76814419248959,0.1,,,,,ridge,linear,8072,897,7175,897,-0.1278071051821788,0.216122184259436,0.09030465408053641,0.08201681232079662,-0.011003495271054174,-0.08523321055634352,scaffold,0.4291107139882742,0.3492997278345331,1.0,0.49868601513286515,0.4583333333333333,0.045454545454545456,0.2962962962962963,0.375,0.1855859884718412,2.72747148272018,3.1410109181755352,298.80456924266224,176.4784587665911,897,1.899665551839465,1.6613280978584197,4.3879598662207355,6.350002633449536,464,0.10144927536231885,0.5674470457079153,0.8573021181716833,64.85354515050167,65.35877848227173,1.0,1.2701495058480954,0.5188181622285252,1.6763279782897207,0.7164897605195285,0.7636566332218506,0.5518394648829431,0.2318840579710145,7.812021449134759,-0.1040270760528179,1.1307242395557688,0.5117056856187291,2.9478306761290556,3.7236928011799226,0.5518394648829431,7.0,1.8679046518154052,0.5138365982861974,1.4187879761864628,0.5612481957088622,1.869759266094567,0.771169965944214,0,0.4882943143812709,0
scaffold_r2_morgan_fingerprints_dummy,scaffold_r2,2,37,False,morgan_fingerprints,2048,2048,0.47214370944184936,0.33670268481736637,3.22,2.5,-2.724623626664526,-2.58,-11.4,2.3297446878749555,1.9288899900891971,2.1674087636273547,2.591417077390437,283.0039469744864,174.9701876282521,8072,0.3212338949454906,1.761025768087215,1.690382493896263,4.445862239841428,5.262180079543471,4187,0.6411050545094152,70.37394202180376,64.76814419248959,,,,,mean,dummy,constant_baseline,8072,897,7175,897,-0.1278071051821788,0.216122184259436,0.09030465408053641,0.08201681232079662,-0.011003495271054174,-0.08523321055634352,scaffold,0.4291107139882742,0.3492997278345331,1.0,0.49868601513286515,0.4583333333333333,0.045454545454545456,0.2962962962962963,0.375,0.1855859884718412,2.72747148272018,3.1410109181755352,298.80456924266224,176.4784587665911,897,1.899665551839465,1.6613280978584197,4.3879598662207355,6.350002633449536,464,0.10144927536231885,0.5674470457079153,0.8573021181716833,64.85354515050167,65.35877848227173,1.0,1.9693809982874215,-0.012115402270964637,2.431192779633179,,0.8584169453734671,0.7346711259754738,0.5050167224080268,10.175376373335475,-0.35143223510202937,2.0456236266645256,0.5016722408026756,4.6864763424470945,5.319376373335472,0.7346711259754738,,2.8243496009680316,,2.297253062636462,-0.015499964959079682,2.8445671661545573,,,0.4983277591973244,
scaffold_r2_morgan_fingerprints_extra_trees,scaffold_r2,2,37,True,morgan_fingerprints,2048,2048,0.47214370944184936,0.33670268481736637,3.22,2.5,-2.724623626664526,-2.58,-11.4,2.3297446878749555,1.9288899900891971,2.1674087636273547,2.591417077390437,283.0039469744864,174.9701876282521,8072,0.3212338949454906,1.761025768087215,1.690382493896263,4.445862239841428,5.262180079543471,4187,0.6411050545094152,70.37394202180376,64.76814419248959,,sqrt,1.0,100.0,,extra_trees,tree_ensemble,8072,897,7175,897,-0.1278071051821788,0.216122184259436,0.09030465408053641,0.08201681232079662,-0.011003495271054174,-0.08523321055634352,scaffold,0.4291107139882742,0.3492997278345331,1.0,0.49868601513286515,0.4583333333333333,0.045454545454545456,0.2962962962962963,0.375,0.1855859884718412,2.72747148272018,3.1410109181755352,298.80456924266224,176.4784587665911,897,1.899665551839465,1.6613280978584197,4.3879598662207355,6.350002633449536,464,0.10144927536231885,0.5674470457079153,0.8573021181716833,64.85354515050167,65.35877848227173,1.0,1.2654275216802808,0.5325900359580117,1.652164793537676,0.7348596905990117,0.738015607580825,0.5239687848383501,0.2697881828316611,9.652794500224,-0.21755058434901592,1.0518415775715004,0.5072463768115942,3.3648490920394,3.9217909956915995,0.5239687848383501,9.0,1.9423411996615583,0.5974876055233123,1.4500232618520934,0.5211114405584799,1.9534102733316818,0.7832100266883335,0,0.4927536231884058,0
scaffold_r2_morgan_fingerprints_random_forest,scaffold_r2,2,37,True,morgan_fingerprints,2048,2048,0.47214370944184936,0.33670268481736637,3.22,2.5,-2.724623626664526,-2.58,-11.4,2.3297446878749555,1.9288899900891971,2.1674087636273547,2.591417077390437,283.0039469744864,174.9701876282521,8072,0.3212338949454906,1.761025768087215,1.690382493896263,4.445862239841428,5.262180079543471,4187,0.6411050545094152,70.37394202180376,64.76814419248959,,sqrt,1.0,100.0,,random_forest,tree_ensemble,8072,897,7175,897,-0.1278071051821788,0.216122184259436,0.09030465408053641,0.08201681232079662,-0.011003495271054174,-0.08523321055634352,scaffold,0.4291107139882742,0.3492997278345331,1.0,0.49868601513286515,0.4583333333333333,0.045454545454545456,0.2962962962962963,0.375,0.1855859884718412,2.72747148272018,3.1410109181755352,298.80456924266224,176.4784587665911,897,1.899665551839465,1.6613280978584197,4.3879598662207355,6.350002633449536,464,0.10144927536231885,0.5674470457079153,0.8573021181716833,64.85354515050167,65.35877848227173,1.0,1.3238198472668938,0.5057975715596674,1.698856975969039,0.7198048331470678,0.7402452619843924,0.5395763656633222,0.2709030100334448,9.149059188267,-0.20392278810839923,1.0988161710475,0.5228539576365663,3.238490808667999,3.8348082905462797,0.5395763656633222,8.0,1.9257977778085578,0.579573916568155,1.4558979056346837,0.5298544328958161,1.9354965843765246,0.7886413419706186,0,0.47714604236343366,0
scaffold_r2_morgan_fingerprints_ridge,scaffold_r2,2,37,True,morgan_fingerprints,2048,2048,0.47214370944184936,0.33670268481736637,3.22,2.5,-2.724623626664526,-2.58,-11.4,2.3297446878749555,1.9288899900891971,2.1674087636273547,2.591417077390437,283.0039469744864,174.9701876282521,8072,0.3212338949454906,1.761025768087215,1.690382493896263,4.445862239841428,5.262180079543471,4187,0.6411050545094152,70.37394202180376,64.76814419248959,100.0,,,,,ridge,linear,8072,897,7175,897,-0.1278071051821788,0.216122184259436,0.09030465408053641,0.08201681232079662,-0.011003495271054174,-0.08523321055634352,scaffold,0.4291107139882742,0.3492997278345331,1.0,0.49868601513286515,0.4583333333333333,0.045454545454545456,0.2962962962962963,0.375,0.1855859884718412,2.72747148272018,3.1410109181755352,298.80456924266224,176.4784587665911,897,1.899665551839465,1.6613280978584197,4.3879598662207355,6.350002633449536,464,0.10144927536231885,0.5674470457079153,0.8573021181716833,64.85354515050167,65.35877848227173,1.0,1.393939184556114,0.46353360629317464,1.7700096777915486,0.6792744971805765,0.738015607580825,0.5395763656633222,0.25752508361204013,8.66854796966723,-0.09364682193870598,1.1038105034644707,0.49944258639910816,3.044430490319189,3.874734509562721,0.5395763656633222,6.0,1.8614940859715225,0.5068888912283684,1.415947933218513,0.5645027916831089,1.862811559036738,0.7688575170035548,0,0.5005574136008919,0
scaffold_r2_rdkit_descriptors_dummy,scaffold_r2,2,37,False,rdkit_descriptors,216,216,0.47214370944184936,0.33670268481736637,3.22,2.5,-2.724623626664526,-2.58,-11.4,2.3297446878749555,1.9288899900891971,2.1674087636273547,2.591417077390437,283.0039469744864,174.9701876282521,8072,0.3212338949454906,1.761025768087215,1.690382493896263,4.445862239841428,5.262180079543471,4187,0.6411050545094152,70.37394202180376,64.76814419248959,,,,,mean,dummy,constant_baseline,8072,897,7175,897,-0.1278071051821788,0.216122184259436,0.09030465408053641,0.08201681232079662,-0.011003495271054174,-0.08523321055634352,scaffold,0.4291107139882742,0.3492997278345331,1.0,0.49868601513286515,0.4583333333333333,0.045454545454545456,0.2962962962962963,0.375,0.1855859884718412,2.72747148272018,3.1410109181755352,298.80456924266224,176.4784587665911,897,1.899665551839465,1.6613280978584197,4.3879598662207355,6.350002633449536,464,0.10144927536231885,0.5674470457079153,0.8573021181716833,64.85354515050167,65.35877848227173,1.0,1.9693809982874215,-0.012115402270964637,2.431192779633179,,0.8584169453734671,0.7346711259754738,0.5050167224080268,10.175376373335475,-0.35143223510202937,2.0456236266645256,0.5016722408026756,4.6864763424470945,5.319376373335472,0.7346711259754738,,2.8243496009680316,,2.297253062636462,-0.015499964959079682,2.8445671661545573,,,0.4983277591973244,
scaffold_r2_rdkit_descriptors_extra_trees,scaffold_r2,2,37,True,rdkit_descriptors,214,216,0.47214370944184936,0.33670268481736637,3.22,2.5,-2.724623626664526,-2.58,-11.4,2.3297446878749555,1.9288899900891971,2.1674087636273547,2.591417077390437,283.0039469744864,174.9701876282521,8072,0.3212338949454906,1.761025768087215,1.690382493896263,4.445862239841428,5.262180079543471,4187,0.6411050545094152,70.37394202180376,64.76814419248959,,sqrt,1.0,100.0,,extra_trees,tree_ensemble,8072,897,7175,897,-0.1278071051821788,0.216122184259436,0.09030465408053641,0.08201681232079662,-0.011003495271054174,-0.08523321055634352,scaffold,0.4291107139882742,0.3492997278345331,1.0,0.49868601513286515,0.4583333333333333,0.045454545454545456,0.2962962962962963,0.375,0.1855859884718412,2.72747148272018,3.1410109181755352,298.80456924266224,176.4784587665911,897,1.899665551839465,1.6613280978584197,4.3879598662207355,6.350002633449536,464,0.10144927536231885,0.5674470457079153,0.8573021181716833,64.85354515050167,65.35877848227173,1.0,0.9587091277133157,0.6943195852417581,1.3360976103981212,0.8397836486119127,0.5273132664437012,0.30434782608695654,0.12263099219620958,6.470461981926,0.05603028299066556,0.5515752529664999,0.5250836120401338,2.3314483128432,3.1023356568023255,0.30434782608695654,2.0,1.3928963461912307,0.03732414465642053,0.9058667836785446,0.7563852143014983,1.39324681246479,0.8622587113833344,1,0.47491638795986624,1
scaffold_r2_rdkit_descriptors_random_forest,scaffold_r2,2,37,True,rdkit_descriptors,214,216,0.47214370944184936,0.33670268481736637,3.22,2.5,-2.724623626664526,-2.58,-11.4,2.3297446878749555,1.9288899900891971,2.1674087636273547,2.591417077390437,283.0039469744864,174.9701876282521,8072,0.3212338949454906,1.761025768087215,1.690382493896263,4.445862239841428,5.262180079543471,4187,0.6411050545094152,70.37394202180376,64.76814419248959,,sqrt,3.0,100.0,,random_forest,tree_ensemble,8072,897,7175,897,-0.1278071051821788,0.216122184259436,0.09030465408053641,0.08201681232079662,-0.011003495271054174,-0.08523321055634352,scaffold,0.4291107139882742,0.3492997278345331,1.0,0.49868601513286515,0.4583333333333333,0.045454545454545456,0.2962962962962963,0.375,0.1855859884718412,2.72747148272018,3.1410109181755352,298.80456924266224,176.4784587665911,897,1.899665551839465,1.6613280978584197,4.3879598662207355,6.350002633449536,464,0.10144927536231885,0.5674470457079153,0.8573021181716833,64.85354515050167,65.35877848227173,1.0,0.967833384568055,0.6968744398065606,1.330502391672738,0.8354203632866322,0.5384615384615384,0.2931995540691193,0.11482720178372352,7.129643249858275,0.07549627137201863,0.572998828909622,0.5061315496098104,2.163292747992787,3.1007150044053144,0.2931995540691193,1.0,1.3545745307958041,0.0,0.8963453956523099,0.7692629321376556,1.3559226678083696,0.8668126476237649,1,0.4938684503901895,1
scaffold_r2_rdkit_descriptors_ridge,scaffold_r2,2,37,True,rdkit_descriptors,214,216,0.47214370944184936,0.33670268481736637,3.22,2.5,-2.724623626664526,-2.58,-11.4,2.3297446878749555,1.9288899900891971,2.1674087636273547,2.591417077390437,283.0039469744864,174.9701876282521,8072,0.3212338949454906,1.761025768087215,1.690382493896263,4.445862239841428,5.262180079543471,4187,0.6411050545094152,70.37394202180376,64.76814419248959,0.1,,,,,ridge,linear,8072,897,7175,897,-0.1278071051821788,0.216122184259436,0.09030465408053641,0.08201681232079662,-0.011003495271054174,-0.08523321055634352,scaffold,0.4291107139882742,0.3492997278345331,1.0,0.49868601513286515,0.4583333333333333,0.045454545454545456,0.2962962962962963,0.375,0.1855859884718412,2.72747148272018,3.1410109181755352,298.80456924266224,176.4784587665911,897,1.899665551839465,1.6613280978584197,4.3879598662207355,6.350002633449536,464,0.10144927536231885,0.5674470457079153,0.8573021181716833,64.85354515050167,65.35877848227173,1.0,1.103134885405595,0.6300127343533386,1.469933773993016,0.7980823762077591,0.653288740245262,0.3712374581939799,0.12486064659977704,6.596129061702735,0.14500508800763243,0.746779156569656,0.48717948717948717,2.345291040307642,3.4689247623071138,0.3712374581939799,3.0,1.4987359700164453,0.14897993631889173,1.0636593763187168,0.7157736653212234,1.5049026041272613,0.8499067288118761,1,0.5128205128205128,0
scaffold_r3_maccs_fingerprints_dummy,scaffold_r3,3,73,False,maccs_fingerprints,167,167,0.47508278595390596,0.335387050583501,3.2196609595499996,2.5,-2.731498254539519,-2.58192098685,-11.4,2.326741447034323,1.9401635282457879,2.1708013478691783,2.625063539018758,284.33112326289074,176.8905717794303,8072,0.32086223984142714,1.7802279484638255,1.706290314154011,4.462586719524282,5.385667516115254,4187,0.639990089197225,70.87632185332012,66.06736664203993,,,,,mean,dummy,constant_baseline,8072,897,7175,897,-0.21593106795775488,0.20042968522447868,0.014304543938697246,-0.03127288038747042,-0.041801415492268824,-0.15958915355125886,scaffold,0.40266230194220903,0.35625588704608285,1.0,0.5004770764568882,0.46153846153846156,0.05263157894736842,0.2916666666666667,0.37037037037037035,0.18577713656609174,2.696942006688964,2.884117120485478,286.8614622192509,158.98795545854242,897,1.7268673355629878,1.5126263588056763,4.237458193979933,5.3325170580944805,464,0.11482720178372352,0.5607580824972129,0.8539576365663322,60.332686733556294,51.65150296467677,1.0,2.027360991633176,-0.008012732291130531,2.4758645693892944,,0.8795986622073578,0.7525083612040134,0.5295429208472687,10.168501745460482,-0.28269362037424917,2.142498254539519,0.5027870680044593,4.645682584560481,5.423074717400479,0.7525083612040134,,2.853453031566817,,2.344930828555911,-0.009825960006922818,2.865838925476805,,,0.4972129319955407,
scaffold_r3_maccs_fingerprints_extra_trees,scaffold_r3,3,73,True,maccs_fingerprints,167,167,0.47508278595390596,0.335387050583501,3.2196609595499996,2.5,-2.731498254539519,-2.58192098685,-11.4,2.326741447034323,1.9401635282457879,2.1708013478691783,2.625063539018758,284.33112326289074,176.8905717794303,8072,0.32086223984142714,1.7802279484638255,1.706290314154011,4.462586719524282,5.385667516115254,4187,0.639990089197225,70.87632185332012,66.06736664203993,,sqrt,1.0,100.0,,extra_trees,tree_ensemble,8072,897,7175,897,-0.21593106795775488,0.20042968522447868,0.014304543938697246,-0.03127288038747042,-0.041801415492268824,-0.15958915355125886,scaffold,0.40266230194220903,0.35625588704608285,1.0,0.5004770764568882,0.46153846153846156,0.05263157894736842,0.2916666666666667,0.37037037037037035,0.18577713656609174,2.696942006688964,2.884117120485478,286.8614622192509,158.98795545854242,897,1.7268673355629878,1.5126263588056763,4.237458193979933,5.3325170580944805,464,0.11482720178372352,0.5607580824972129,0.8539576365663322,60.332686733556294,51.65150296467677,1.0,1.1244522931153957,0.5969928300945785,1.565489872602654,0.7982053412294253,0.6399108138238573,0.4214046822742475,0.18729096989966554,6.955341948371,-0.07517286118216215,0.8186624816013341,0.496098104793757,2.773007411984201,3.6368827701067072,0.4214046822742475,5.0,1.6602449590879171,0.3530792507197231,1.1719320868710432,0.6607707306993467,1.661021179480262,0.8236167638343399,0,0.5027870680044593,0
scaffold_r3_maccs_fingerprints_random_forest,scaffold_r3,3,73,True,maccs_fingerprints,167,167,0.47508278595390596,0.335387050583501,3.2196609595499996,2.5,-2.731498254539519,-2.58192098685,-11.4,2.326741447034323,1.9401635282457879,2.1708013478691783,2.625063539018758,284.33112326289074,176.8905717794303,8072,0.32086223984142714,1.7802279484638255,1.706290314154011,4.462586719524282,5.385667516115254,4187,0.639990089197225,70.87632185332012,66.06736664203993,,sqrt,1.0,100.0,,random_forest,tree_ensemble,8072,897,7175,897,-0.21593106795775488,0.20042968522447868,0.014304543938697246,-0.03127288038747042,-0.041801415492268824,-0.15958915355125886,scaffold,0.40266230194220903,0.35625588704608285,1.0,0.5004770764568882,0.46153846153846156,0.05263157894736842,0.2916666666666667,0.37037037037037035,0.18577713656609174,2.696942006688964,2.884117120485478,286.8614622192509,158.98795545854242,897,1.7268673355629878,1.5126263588056763,4.237458193979933,5.3325170580944805,464,0.11482720178372352,0.5607580824972129,0.8539576365663322,60.332686733556294,51.65150296467677,1.0,1.14804515153114,0.593374712460826,1.5725014977495084,0.7920669098433922,0.673355629877369,0.4593088071348941,0.18729096989966554,7.041081845020652,-0.06574211526712409,0.8853035790749995,0.48049052396878483,2.7471272062039316,3.626064405746459,0.4593088071348941,4.0,1.6507464024135905,0.34319339190860765,1.2016551159675155,0.6647966793318364,1.6511353206691466,0.8289749232666992,0,0.5195094760312151,0
scaffold_r3_maccs_fingerprints_ridge,scaffold_r3,3,73,True,maccs_fingerprints,167,167,0.47508278595390596,0.335387050583501,3.2196609595499996,2.5,-2.731498254539519,-2.58192098685,-11.4,2.326741447034323,1.9401635282457879,2.1708013478691783,2.625063539018758,284.33112326289074,176.8905717794303,8072,0.32086223984142714,1.7802279484638255,1.706290314154011,4.462586719524282,5.385667516115254,4187,0.639990089197225,70.87632185332012,66.06736664203993,10.0,,,,,ridge,linear,8072,897,7175,897,-0.21593106795775488,0.20042968522447868,0.014304543938697246,-0.03127288038747042,-0.041801415492268824,-0.15958915355125886,scaffold,0.40266230194220903,0.35625588704608285,1.0,0.5004770764568882,0.46153846153846156,0.05263157894736842,0.2916666666666667,0.37037037037037035,0.18577713656609174,2.696942006688964,2.884117120485478,286.8614622192509,158.98795545854242,897,1.7268673355629878,1.5126263588056763,4.237458193979933,5.3325170580944805,464,0.11482720178372352,0.5607580824972129,0.8539576365663322,60.332686733556294,51.65150296467677,1.0,1.2989541869304742,0.5082052990490665,1.7293615489593672,0.7385333937635696,0.7792642140468228,0.5507246376811594,0.2318840579710145,7.265001291170864,-0.22448473163195165,1.1227828788718153,0.5284280936454849,2.9790424072183983,3.7560318554603334,0.5507246376811594,6.0,1.8335648711389274,0.5382989891044354,1.4228746199519142,0.5808980124017,1.8462409178649744,0.781528079332197,0,0.47157190635451507,0
scaffold_r3_morgan_fingerprints_dummy,scaffold_r3,3,73,False,morgan_fingerprints,2048,2048,0.47508278595390596,0.335387050583501,3.2196609595499996,2.5,-2.731498254539519,-2.58192098685,-11.4,2.326741447034323,1.9401635282457879,2.1708013478691783,2.625063539018758,284.33112326289074,176.8905717794303,8072,0.32086223984142714,1.7802279484638255,1.706290314154011,4.462586719524282,5.385667516115254,4187,0.639990089197225,70.87632185332012,66.06736664203993,,,,,mean,dummy,constant_baseline,8072,897,7175,897,-0.21593106795775488,0.20042968522447868,0.014304543938697246,-0.03127288038747042,-0.041801415492268824,-0.15958915355125886,scaffold,0.40266230194220903,0.35625588704608285,1.0,0.5004770764568882,0.46153846153846156,0.05263157894736842,0.2916666666666667,0.37037037037037035,0.18577713656609174,2.696942006688964,2.884117120485478,286.8614622192509,158.98795545854242,897,1.7268673355629878,1.5126263588056763,4.237458193979933,5.3325170580944805,464,0.11482720178372352,0.5607580824972129,0.8539576365663322,60.332686733556294,51.65150296467677,1.0,2.027360991633176,-0.008012732291130531,2.4758645693892944,,0.8795986622073578,0.7525083612040134,0.5295429208472687,10.168501745460482,-0.28269362037424917,2.142498254539519,0.5027870680044593,4.645682584560481,5.423074717400479,0.7525083612040134,,2.853453031566817,,2.344930828555911,-0.009825960006922818,2.865838925476805,,,0.4972129319955407,
scaffold_r3_morgan_fingerprints_extra_trees,scaffold_r3,3,73,True,morgan_fingerprints,2048,2048,0.47508278595390596,0.335387050583501,3.2196609595499996,2.5,-2.731498254539519,-2.58192098685,-11.4,2.326741447034323,1.9401635282457879,2.1708013478691783,2.625063539018758,284.33112326289074,176.8905717794303,8072,0.32086223984142714,1.7802279484638255,1.706290314154011,4.462586719524282,5.385667516115254,4187,0.639990089197225,70.87632185332012,66.06736664203993,,sqrt,1.0,100.0,,extra_trees,tree_ensemble,8072,897,7175,897,-0.21593106795775488,0.20042968522447868,0.014304543938697246,-0.03127288038747042,-0.041801415492268824,-0.15958915355125886,scaffold,0.40266230194220903,0.35625588704608285,1.0,0.5004770764568882,0.46153846153846156,0.05263157894736842,0.2916666666666667,0.37037037037037035,0.18577713656609174,2.696942006688964,2.884117120485478,286.8614622192509,158.98795545854242,897,1.7268673355629878,1.5126263588056763,4.237458193979933,5.3325170580944805,464,0.11482720178372352,0.5607580824972129,0.8539576365663322,60.332686733556294,51.65150296467677,1.0,1.2655507481023065,0.5356584039456276,1.6803999927025224,0.7663713204512107,0.7090301003344481,0.5228539576365663,0.29208472686733555,9.743195484700998,-0.16705660899127814,1.070219828463,0.5039018952062431,3.23680009930484,3.852279620303202,0.5228539576365663,8.0,1.9419402052850099,0.6400918263991313,1.4463274739108851,0.5334094564871755,1.9480337551596703,0.7849325819926529,0,0.49498327759197325,0
scaffold_r3_morgan_fingerprints_random_forest,scaffold_r3,3,73,True,morgan_fingerprints,2048,2048,0.47508278595390596,0.335387050583501,3.2196609595499996,2.5,-2.731498254539519,-2.58192098685,-11.4,2.326741447034323,1.9401635282457879,2.1708013478691783,2.625063539018758,284.33112326289074,176.8905717794303,8072,0.32086223984142714,1.7802279484638255,1.706290314154011,4.462586719524282,5.385667516115254,4187,0.639990089197225,70.87632185332012,66.06736664203993,,sqrt,1.0,100.0,,random_forest,tree_ensemble,8072,897,7175,897,-0.21593106795775488,0.20042968522447868,0.014304543938697246,-0.03127288038747042,-0.041801415492268824,-0.15958915355125886,scaffold,0.40266230194220903,0.35625588704608285,1.0,0.5004770764568882,0.46153846153846156,0.05263157894736842,0.2916666666666667,0.37037037037037035,0.18577713656609174,2.696942006688964,2.884117120485478,286.8614622192509,158.98795545854242,897,1.7268673355629878,1.5126263588056763,4.237458193979933,5.3325170580944805,464,0.11482720178372352,0.5607580824972129,0.8539576365663322,60.332686733556294,51.65150296467677,1.0,1.292306141696503,0.5270069426468589,1.6959820800967969,0.7724113249030381,0.7302118171683389,0.5328874024526199,0.2798216276477146,9.664419255675,-0.19592857419753304,1.0889920872589993,0.48272017837235226,3.3792444416901994,3.9557258239765005,0.5328874024526199,9.0,1.9875736805975666,0.6881625459189249,1.4866401093664285,0.5100976608856714,1.9961044746794638,0.7793486642124611,0,0.5172798216276477,0
scaffold_r3_morgan_fingerprints_ridge,scaffold_r3,3,73,True,morgan_fingerprints,2048,2048,0.47508278595390596,0.335387050583501,3.2196609595499996,2.5,-2.731498254539519,-2.58192098685,-11.4,2.326741447034323,1.9401635282457879,2.1708013478691783,2.625063539018758,284.33112326289074,176.8905717794303,8072,0.32086223984142714,1.7802279484638255,1.706290314154011,4.462586719524282,5.385667516115254,4187,0.639990089197225,70.87632185332012,66.06736664203993,100.0,,,,,ridge,linear,8072,897,7175,897,-0.21593106795775488,0.20042968522447868,0.014304543938697246,-0.03127288038747042,-0.041801415492268824,-0.15958915355125886,scaffold,0.40266230194220903,0.35625588704608285,1.0,0.5004770764568882,0.46153846153846156,0.05263157894736842,0.2916666666666667,0.37037037037037035,0.18577713656609174,2.696942006688964,2.884117120485478,286.8614622192509,158.98795545854242,897,1.7268673355629878,1.5126263588056763,4.237458193979933,5.3325170580944805,464,0.11482720178372352,0.5607580824972129,0.8539576365663322,60.332686733556294,51.65150296467677,1.0,1.3171637031860886,0.5208442992112278,1.706994830349033,0.754012107770884,0.7369007803790413,0.5562987736900781,0.2686733556298774,8.681812061268575,-0.11153125078264253,1.189186927942906,0.49052396878483834,3.0542812165489104,3.945756143019129,0.5562987736900781,7.0,1.919838295046676,0.6140646508982539,1.4605202563267488,0.5457941569900611,1.9220065796587928,0.74760257583042,0,0.5094760312151616,0
scaffold_r3_rdkit_descriptors_dummy,scaffold_r3,3,73,False,rdkit_descriptors,216,216,0.47508278595390596,0.335387050583501,3.2196609595499996,2.5,-2.731498254539519,-2.58192098685,-11.4,2.326741447034323,1.9401635282457879,2.1708013478691783,2.625063539018758,284.33112326289074,176.8905717794303,8072,0.32086223984142714,1.7802279484638255,1.706290314154011,4.462586719524282,5.385667516115254,4187,0.639990089197225,70.87632185332012,66.06736664203993,,,,,mean,dummy,constant_baseline,8072,897,7175,897,-0.21593106795775488,0.20042968522447868,0.014304543938697246,-0.03127288038747042,-0.041801415492268824,-0.15958915355125886,scaffold,0.40266230194220903,0.35625588704608285,1.0,0.5004770764568882,0.46153846153846156,0.05263157894736842,0.2916666666666667,0.37037037037037035,0.18577713656609174,2.696942006688964,2.884117120485478,286.8614622192509,158.98795545854242,897,1.7268673355629878,1.5126263588056763,4.237458193979933,5.3325170580944805,464,0.11482720178372352,0.5607580824972129,0.8539576365663322,60.332686733556294,51.65150296467677,1.0,2.027360991633176,-0.008012732291130531,2.4758645693892944,,0.8795986622073578,0.7525083612040134,0.5295429208472687,10.168501745460482,-0.28269362037424917,2.142498254539519,0.5027870680044593,4.645682584560481,5.423074717400479,0.7525083612040134,,2.853453031566817,,2.344930828555911,-0.009825960006922818,2.865838925476805,,,0.4972129319955407,
scaffold_r3_rdkit_descriptors_extra_trees,scaffold_r3,3,73,True,rdkit_descriptors,214,216,0.47508278595390596,0.335387050583501,3.2196609595499996,2.5,-2.731498254539519,-2.58192098685,-11.4,2.326741447034323,1.9401635282457879,2.1708013478691783,2.625063539018758,284.33112326289074,176.8905717794303,8072,0.32086223984142714,1.7802279484638255,1.706290314154011,4.462586719524282,5.385667516115254,4187,0.639990089197225,70.87632185332012,66.06736664203993,,sqrt,3.0,100.0,,extra_trees,tree_ensemble,8072,897,7175,897,-0.21593106795775488,0.20042968522447868,0.014304543938697246,-0.03127288038747042,-0.041801415492268824,-0.15958915355125886,scaffold,0.40266230194220903,0.35625588704608285,1.0,0.5004770764568882,0.46153846153846156,0.05263157894736842,0.2916666666666667,0.37037037037037035,0.18577713656609174,2.696942006688964,2.884117120485478,286.8614622192509,158.98795545854242,897,1.7268673355629878,1.5126263588056763,4.237458193979933,5.3325170580944805,464,0.11482720178372352,0.5607580824972129,0.8539576365663322,60.332686733556294,51.65150296467677,1.0,0.9822302898795771,0.6893121589476283,1.3745356388588266,0.845499689209244,0.5719063545150501,0.31215161649944256,0.11259754738015608,6.091597464980137,0.05004575651636833,0.6084921809176924,0.5284280936454849,2.262957026354619,3.24949112096043,0.31215161649944256,2.0,1.3637417358900477,0.055957903989319435,0.9310153948745065,0.7712780058140418,1.3638998327498584,0.861206429515608,1,0.47157190635451507,1
scaffold_r3_rdkit_descriptors_random_forest,scaffold_r3,3,73,True,rdkit_descriptors,214,216,0.47508278595390596,0.335387050583501,3.2196609595499996,2.5,-2.731498254539519,-2.58192098685,-11.4,2.326741447034323,1.9401635282457879,2.1708013478691783,2.625063539018758,284.33112326289074,176.8905717794303,8072,0.32086223984142714,1.7802279484638255,1.706290314154011,4.462586719524282,5.385667516115254,4187,0.639990089197225,70.87632185332012,66.06736664203993,,sqrt,3.0,100.0,,random_forest,tree_ensemble,8072,897,7175,897,-0.21593106795775488,0.20042968522447868,0.014304543938697246,-0.03127288038747042,-0.041801415492268824,-0.15958915355125886,scaffold,0.40266230194220903,0.35625588704608285,1.0,0.5004770764568882,0.46153846153846156,0.05263157894736842,0.2916666666666667,0.37037037037037035,0.18577713656609174,2.696942006688964,2.884117120485478,286.8614622192509,158.98795545854242,897,1.7268673355629878,1.5126263588056763,4.237458193979933,5.3325170580944805,464,0.11482720178372352,0.5607580824972129,0.8539576365663322,60.332686733556294,51.65150296467677,1.0,0.9532217858355924,0.7013838814199811,1.3475674095231729,0.8495540004679046,0.5451505016722408,0.29431438127090304,0.10479375696767002,6.935189168437952,0.08003585766496957,0.5609232792064116,0.5083612040133779,2.0642743485367068,3.0672160835913256,0.29431438127090304,1.0,1.3062191539404842,0.0,0.8813539620306148,0.7896609534087745,1.307941928760539,0.8654226970200408,1,0.4916387959866221,1
scaffold_r3_rdkit_descriptors_ridge,scaffold_r3,3,73,True,rdkit_descriptors,214,216,0.47508278595390596,0.335387050583501,3.2196609595499996,2.5,-2.731498254539519,-2.58192098685,-11.4,2.326741447034323,1.9401635282457879,2.1708013478691783,2.625063539018758,284.33112326289074,176.8905717794303,8072,0.32086223984142714,1.7802279484638255,1.706290314154011,4.462586719524282,5.385667516115254,4187,0.639990089197225,70.87632185332012,66.06736664203993,100.0,,,,,ridge,linear,8072,897,7175,897,-0.21593106795775488,0.20042968522447868,0.014304543938697246,-0.03127288038747042,-0.041801415492268824,-0.15958915355125886,scaffold,0.40266230194220903,0.35625588704608285,1.0,0.5004770764568882,0.46153846153846156,0.05263157894736842,0.2916666666666667,0.37037037037037035,0.18577713656609174,2.696942006688964,2.884117120485478,286.8614622192509,158.98795545854242,897,1.7268673355629878,1.5126263588056763,4.237458193979933,5.3325170580944805,464,0.11482720178372352,0.5607580824972129,0.8539576365663322,60.332686733556294,51.65150296467677,1.0,1.1303139958491168,0.6154492884013927,1.5292225225863763,0.8167353835634209,0.653288740245262,0.3801560758082497,0.14604236343366778,7.465810880334887,0.10687144007488128,0.7487063050035889,0.5250836120401338,2.378728455680685,3.320690454336773,0.3801560758082497,3.0,1.5251824200197202,0.22013190084453038,1.0831262346211148,0.7129010180951072,1.5280738296050693,0.8283482463853037,1,0.47491638795986624,0
scaffold_r4_maccs_fingerprints_dummy,scaffold_r4,4,101,False,maccs_fingerprints,167,167,0.47379605875251,0.33555371721153576,3.217770494975,2.5,-2.7218627170404672,-2.58,-11.4,2.3302776867908026,1.931615460852329,2.1661965225470774,2.596925210452168,282.2396538142619,172.8402018447966,8072,0.32296828543111994,1.7647423191278493,1.6883372513419341,4.421456888007929,5.264909017643944,4187,0.6396184340931615,69.94438429137762,64.02018930965605,,,,,mean,dummy,constant_baseline,8072,897,7175,897,-0.1774817068668614,0.22033125026216718,0.13563222887616183,0.06010553672108242,0.03535178601196255,-0.01913925064726841,scaffold,0.4142414122762865,0.3569885609413079,1.0,0.5052011014466912,0.47058823529411764,0.05555555555555555,0.30683760683760686,0.38461538461538464,0.17637530568445597,2.738380301003345,3.097766671040833,305.68235562987735,193.77230550472842,897,1.8662207357859533,1.6823487807144313,4.607580824972129,6.3273665507028545,464,0.08695652173913043,0.5451505016722408,0.8539576365663322,68.71908584169454,71.87195638315373,1.0,1.8993510363919581,-0.0004540464162694491,2.3540545630724137,,0.8740245261984393,0.7647714604236343,0.5261984392419174,10.178137282959533,-0.3790382534054636,2.1398627170404674,0.5228539576365663,4.624372543408093,5.4241372829595305,0.7647714604236343,,2.817163166771291,,2.321572331958574,-0.018122850783171884,2.8409911266829146,,,0.47714604236343366,
scaffold_r4_maccs_fingerprints_extra_trees,scaffold_r4,4,101,True,maccs_fingerprints,167,167,0.47379605875251,0.33555371721153576,3.217770494975,2.5,-2.7218627170404672,-2.58,-11.4,2.3302776867908026,1.931615460852329,2.1661965225470774,2.596925210452168,282.2396538142619,172.8402018447966,8072,0.32296828543111994,1.7647423191278493,1.6883372513419341,4.421456888007929,5.264909017643944,4187,0.6396184340931615,69.94438429137762,64.02018930965605,,sqrt,3.0,100.0,,extra_trees,tree_ensemble,8072,897,7175,897,-0.1774817068668614,0.22033125026216718,0.13563222887616183,0.06010553672108242,0.03535178601196255,-0.01913925064726841,scaffold,0.4142414122762865,0.3569885609413079,1.0,0.5052011014466912,0.47058823529411764,0.05555555555555555,0.30683760683760686,0.38461538461538464,0.17637530568445597,2.738380301003345,3.097766671040833,305.68235562987735,193.77230550472842,897,1.8662207357859533,1.6823487807144313,4.607580824972129,6.3273665507028545,464,0.08695652173913043,0.5451505016722408,0.8539576365663322,68.71908584169454,71.87195638315373,1.0,1.0865965996306517,0.594681946287813,1.498359157886564,0.7915973375909034,0.6789297658862876,0.451505016722408,0.16610925306577481,6.776326416973499,-0.11329127156818082,0.8863264169734988,0.48272017837235226,2.566148638623744,3.423583998801854,0.451505016722408,4.0,1.5711189795568996,0.3337975827020274,1.1569635977853523,0.6873568006514272,1.5743245866465077,0.8548432162216565,0,0.5172798216276477,0
scaffold_r4_maccs_fingerprints_random_forest,scaffold_r4,4,101,True,maccs_fingerprints,167,167,0.47379605875251,0.33555371721153576,3.217770494975,2.5,-2.7218627170404672,-2.58,-11.4,2.3302776867908026,1.931615460852329,2.1661965225470774,2.596925210452168,282.2396538142619,172.8402018447966,8072,0.32296828543111994,1.7647423191278493,1.6883372513419341,4.421456888007929,5.264909017643944,4187,0.6396184340931615,69.94438429137762,64.02018930965605,,sqrt,1.0,100.0,,random_forest,tree_ensemble,8072,897,7175,897,-0.1774817068668614,0.22033125026216718,0.13563222887616183,0.06010553672108242,0.03535178601196255,-0.01913925064726841,scaffold,0.4142414122762865,0.3569885609413079,1.0,0.5052011014466912,0.47058823529411764,0.05555555555555555,0.30683760683760686,0.38461538461538464,0.17637530568445597,2.738380301003345,3.097766671040833,305.68235562987735,193.77230550472842,897,1.8662207357859533,1.6823487807144313,4.607580824972129,6.3273665507028545,464,0.08695652173913043,0.5451505016722408,0.8539576365663322,68.71908584169454,71.87195638315373,1.0,1.077296046180494,0.589607918381636,1.5077086921429752,0.7907461848685461,0.6443701226309922,0.44816053511705684,0.17725752508361203,7.141124563760448,-0.17052396100102227,0.8478797554579987,0.5039018952062431,2.6517602100190683,3.3933449094661237,0.44816053511705684,5.0,1.601877384911691,0.36951303236824495,1.1580231224233866,0.6730105193206033,1.6100400363127252,0.8572364660751547,0,0.496098104793757,0
scaffold_r4_maccs_fingerprints_ridge,scaffold_r4,4,101,True,maccs_fingerprints,167,167,0.47379605875251,0.33555371721153576,3.217770494975,2.5,-2.7218627170404672,-2.58,-11.4,2.3302776867908026,1.931615460852329,2.1661965225470774,2.596925210452168,282.2396538142619,172.8402018447966,8072,0.32296828543111994,1.7647423191278493,1.6883372513419341,4.421456888007929,5.264909017643944,4187,0.6396184340931615,69.94438429137762,64.02018930965605,100.0,,,,,ridge,linear,8072,897,7175,897,-0.1774817068668614,0.22033125026216718,0.13563222887616183,0.06010553672108242,0.03535178601196255,-0.01913925064726841,scaffold,0.4142414122762865,0.3569885609413079,1.0,0.5052011014466912,0.47058823529411764,0.05555555555555555,0.30683760683760686,0.38461538461538464,0.17637530568445597,2.738380301003345,3.097766671040833,305.68235562987735,193.77230550472842,897,1.8662207357859533,1.6823487807144313,4.607580824972129,6.3273665507028545,464,0.08695652173913043,0.5451505016722408,0.8539576365663322,68.71908584169454,71.87195638315373,1.0,1.2718835563755364,0.4974860717472138,1.668368587095558,0.7276896585071141,0.7748049052396878,0.5451505016722408,0.23634336677814938,7.244280673111763,-0.1631071865541113,1.1142806731117618,0.5016722408026756,2.8356075016683504,3.507555167599972,0.5451505016722408,6.0,1.8192524789892788,0.5850123179510216,1.3952094563053556,0.5796192560966151,1.8255393218955018,0.7892046122440016,0,0.4983277591973244,0
scaffold_r4_morgan_fingerprints_dummy,scaffold_r4,4,101,False,morgan_fingerprints,2048,2048,0.47379605875251,0.33555371721153576,3.217770494975,2.5,-2.7218627170404672,-2.58,-11.4,2.3302776867908026,1.931615460852329,2.1661965225470774,2.596925210452168,282.2396538142619,172.8402018447966,8072,0.32296828543111994,1.7647423191278493,1.6883372513419341,4.421456888007929,5.264909017643944,4187,0.6396184340931615,69.94438429137762,64.02018930965605,,,,,mean,dummy,constant_baseline,8072,897,7175,897,-0.1774817068668614,0.22033125026216718,0.13563222887616183,0.06010553672108242,0.03535178601196255,-0.01913925064726841,scaffold,0.4142414122762865,0.3569885609413079,1.0,0.5052011014466912,0.47058823529411764,0.05555555555555555,0.30683760683760686,0.38461538461538464,0.17637530568445597,2.738380301003345,3.097766671040833,305.68235562987735,193.77230550472842,897,1.8662207357859533,1.6823487807144313,4.607580824972129,6.3273665507028545,464,0.08695652173913043,0.5451505016722408,0.8539576365663322,68.71908584169454,71.87195638315373,1.0,1.8993510363919581,-0.0004540464162694491,2.3540545630724137,,0.8740245261984393,0.7647714604236343,0.5261984392419174,10.178137282959533,-0.3790382534054636,2.1398627170404674,0.5228539576365663,4.624372543408093,5.4241372829595305,0.7647714604236343,,2.817163166771291,,2.321572331958574,-0.018122850783171884,2.8409911266829146,,,0.47714604236343366,
scaffold_r4_morgan_fingerprints_extra_trees,scaffold_r4,4,101,True,morgan_fingerprints,2048,2048,0.47379605875251,0.33555371721153576,3.217770494975,2.5,-2.7218627170404672,-2.58,-11.4,2.3302776867908026,1.931615460852329,2.1661965225470774,2.596925210452168,282.2396538142619,172.8402018447966,8072,0.32296828543111994,1.7647423191278493,1.6883372513419341,4.421456888007929,5.264909017643944,4187,0.6396184340931615,69.94438429137762,64.02018930965605,,sqrt,1.0,100.0,,extra_trees,tree_ensemble,8072,897,7175,897,-0.1774817068668614,0.22033125026216718,0.13563222887616183,0.06010553672108242,0.03535178601196255,-0.01913925064726841,scaffold,0.4142414122762865,0.3569885609413079,1.0,0.5052011014466912,0.47058823529411764,0.05555555555555555,0.30683760683760686,0.38461538461538464,0.17637530568445597,2.738380301003345,3.097766671040833,305.68235562987735,193.77230550472842,897,1.8662207357859533,1.6823487807144313,4.607580824972129,6.3273665507028545,464,0.08695652173913043,0.5451505016722408,0.8539576365663322,68.71908584169454,71.87195638315373,1.0,1.1899220287190668,0.5343579962766872,1.605994401510111,0.7412915413991721,0.7123745819397993,0.48717948717948717,0.25195094760312153,9.196569551822998,-0.2446874516256568,0.958847036653999,0.4972129319955407,3.1634841816001997,3.7982380071047945,0.48717948717948717,8.0,1.835831530986821,0.6105246112770035,1.357853738790784,0.5677873356174974,1.8510516152214838,0.8203511627887784,0,0.5016722408026756,0
scaffold_r4_morgan_fingerprints_random_forest,scaffold_r4,4,101,True,morgan_fingerprints,2048,2048,0.47379605875251,0.33555371721153576,3.217770494975,2.5,-2.7218627170404672,-2.58,-11.4,2.3302776867908026,1.931615460852329,2.1661965225470774,2.596925210452168,282.2396538142619,172.8402018447966,8072,0.32296828543111994,1.7647423191278493,1.6883372513419341,4.421456888007929,5.264909017643944,4187,0.6396184340931615,69.94438429137762,64.02018930965605,,sqrt,1.0,100.0,,random_forest,tree_ensemble,8072,897,7175,897,-0.1774817068668614,0.22033125026216718,0.13563222887616183,0.06010553672108242,0.03535178601196255,-0.01913925064726841,scaffold,0.4142414122762865,0.3569885609413079,1.0,0.5052011014466912,0.47058823529411764,0.05555555555555555,0.30683760683760686,0.38461538461538464,0.17637530568445597,2.738380301003345,3.097766671040833,305.68235562987735,193.77230550472842,897,1.8662207357859533,1.6823487807144313,4.607580824972129,6.3273665507028545,464,0.08695652173913043,0.5451505016722408,0.8539576365663322,68.71908584169454,71.87195638315373,1.0,1.207794134882241,0.52078423521293,1.6292341348276798,0.7413272896627263,0.7112597547380156,0.5072463768115942,0.25975473801560756,9.515539836329499,-0.27127584210678424,1.0204778107664991,0.49498327759197325,3.2830953891545986,3.8953667319584335,0.5072463768115942,9.0,1.8872251637035247,0.6650539603509953,1.4079621590848557,0.5419475167865069,1.9055809642954755,0.8156233721326255,0,0.5050167224080268,0
scaffold_r4_morgan_fingerprints_ridge,scaffold_r4,4,101,True,morgan_fingerprints,2048,2048,0.47379605875251,0.33555371721153576,3.217770494975,2.5,-2.7218627170404672,-2.58,-11.4,2.3302776867908026,1.931615460852329,2.1661965225470774,2.596925210452168,282.2396538142619,172.8402018447966,8072,0.32296828543111994,1.7647423191278493,1.6883372513419341,4.421456888007929,5.264909017643944,4187,0.6396184340931615,69.94438429137762,64.02018930965605,100.0,,,,,ridge,linear,8072,897,7175,897,-0.1774817068668614,0.22033125026216718,0.13563222887616183,0.06010553672108242,0.03535178601196255,-0.01913925064726841,scaffold,0.4142414122762865,0.3569885609413079,1.0,0.5052011014466912,0.47058823529411764,0.05555555555555555,0.30683760683760686,0.38461538461538464,0.17637530568445597,2.738380301003345,3.097766671040833,305.68235562987735,193.77230550472842,897,1.8662207357859533,1.6823487807144313,4.607580824972129,6.3273665507028545,464,0.08695652173913043,0.5451505016722408,0.8539576365663322,68.71908584169454,71.87195638315373,1.0,1.275205318698109,0.500121249740032,1.6639883830536,0.7166255547411382,0.745819397993311,0.5496098104793757,0.2608695652173913,8.779352323328474,-0.13080575329229335,1.1180451143989276,0.48940914158305465,2.9946890568873976,3.6381735134994324,0.5496098104793757,7.0,1.8339604720982963,0.5970723909795208,1.4051227506489075,0.5740465808747317,1.837599394924001,0.7853429492278613,0,0.5105908584169454,0
scaffold_r4_rdkit_descriptors_dummy,scaffold_r4,4,101,False,rdkit_descriptors,216,216,0.47379605875251,0.33555371721153576,3.217770494975,2.5,-2.7218627170404672,-2.58,-11.4,2.3302776867908026,1.931615460852329,2.1661965225470774,2.596925210452168,282.2396538142619,172.8402018447966,8072,0.32296828543111994,1.7647423191278493,1.6883372513419341,4.421456888007929,5.264909017643944,4187,0.6396184340931615,69.94438429137762,64.02018930965605,,,,,mean,dummy,constant_baseline,8072,897,7175,897,-0.1774817068668614,0.22033125026216718,0.13563222887616183,0.06010553672108242,0.03535178601196255,-0.01913925064726841,scaffold,0.4142414122762865,0.3569885609413079,1.0,0.5052011014466912,0.47058823529411764,0.05555555555555555,0.30683760683760686,0.38461538461538464,0.17637530568445597,2.738380301003345,3.097766671040833,305.68235562987735,193.77230550472842,897,1.8662207357859533,1.6823487807144313,4.607580824972129,6.3273665507028545,464,0.08695652173913043,0.5451505016722408,0.8539576365663322,68.71908584169454,71.87195638315373,1.0,1.8993510363919581,-0.0004540464162694491,2.3540545630724137,,0.8740245261984393,0.7647714604236343,0.5261984392419174,10.178137282959533,-0.3790382534054636,2.1398627170404674,0.5228539576365663,4.624372543408093,5.4241372829595305,0.7647714604236343,,2.817163166771291,,2.321572331958574,-0.018122850783171884,2.8409911266829146,,,0.47714604236343366,
scaffold_r4_rdkit_descriptors_extra_trees,scaffold_r4,4,101,True,rdkit_descriptors,214,216,0.47379605875251,0.33555371721153576,3.217770494975,2.5,-2.7218627170404672,-2.58,-11.4,2.3302776867908026,1.931615460852329,2.1661965225470774,2.596925210452168,282.2396538142619,172.8402018447966,8072,0.32296828543111994,1.7647423191278493,1.6883372513419341,4.421456888007929,5.264909017643944,4187,0.6396184340931615,69.94438429137762,64.02018930965605,,sqrt,3.0,100.0,,extra_trees,tree_ensemble,8072,897,7175,897,-0.1774817068668614,0.22033125026216718,0.13563222887616183,0.06010553672108242,0.03535178601196255,-0.01913925064726841,scaffold,0.4142414122762865,0.3569885609413079,1.0,0.5052011014466912,0.47058823529411764,0.05555555555555555,0.30683760683760686,0.38461538461538464,0.17637530568445597,2.738380301003345,3.097766671040833,305.68235562987735,193.77230550472842,897,1.8662207357859533,1.6823487807144313,4.607580824972129,6.3273665507028545,464,0.08695652173913043,0.5451505016722408,0.8539576365663322,68.71908584169454,71.87195638315373,1.0,0.9265731960348249,0.685996083694951,1.3188198785855019,0.8481754812224143,0.5529542920847269,0.2909698996655518,0.0858416945373467,6.091560952782926,-0.0020362147829347376,0.5850606812462937,0.5083612040133779,1.8943607998462841,2.6533126254357824,0.2909698996655518,2.0,1.2562846272454955,0.015058808975479288,0.8491380748226304,0.8011373464973836,1.2555858129199595,0.8906053434327972,1,0.4916387959866221,1
scaffold_r4_rdkit_descriptors_random_forest,scaffold_r4,4,101,True,rdkit_descriptors,214,216,0.47379605875251,0.33555371721153576,3.217770494975,2.5,-2.7218627170404672,-2.58,-11.4,2.3302776867908026,1.931615460852329,2.1661965225470774,2.596925210452168,282.2396538142619,172.8402018447966,8072,0.32296828543111994,1.7647423191278493,1.6883372513419341,4.421456888007929,5.264909017643944,4187,0.6396184340931615,69.94438429137762,64.02018930965605,,sqrt,1.0,100.0,,random_forest,tree_ensemble,8072,897,7175,897,-0.1774817068668614,0.22033125026216718,0.13563222887616183,0.06010553672108242,0.03535178601196255,-0.01913925064726841,scaffold,0.4142414122762865,0.3569885609413079,1.0,0.5052011014466912,0.47058823529411764,0.05555555555555555,0.30683760683760686,0.38461538461538464,0.17637530568445597,2.738380301003345,3.097766671040833,305.68235562987735,193.77230550472842,897,1.8662207357859533,1.6823487807144313,4.607580824972129,6.3273665507028545,464,0.08695652173913043,0.5451505016722408,0.8539576365663322,68.71908584169454,71.87195638315373,1.0,0.8986125817995965,0.6984670705411551,1.2923654103945341,0.8461463564800535,0.5451505016722408,0.27759197324414714,0.09253065774804906,6.417243854172665,-0.03599542266270539,0.5844145844514997,0.5328874024526199,1.913295397529398,2.7761180920309996,0.27759197324414714,1.0,1.2406964420889592,0.0,0.8358590142716228,0.8058788411463969,1.2405270039444802,0.8908512251507741,1,0.46711259754738016,1
scaffold_r4_rdkit_descriptors_ridge,scaffold_r4,4,101,True,rdkit_descriptors,214,216,0.47379605875251,0.33555371721153576,3.217770494975,2.5,-2.7218627170404672,-2.58,-11.4,2.3302776867908026,1.931615460852329,2.1661965225470774,2.596925210452168,282.2396538142619,172.8402018447966,8072,0.32296828543111994,1.7647423191278493,1.6883372513419341,4.421456888007929,5.264909017643944,4187,0.6396184340931615,69.94438429137762,64.02018930965605,100.0,,,,,ridge,linear,8072,897,7175,897,-0.1774817068668614,0.22033125026216718,0.13563222887616183,0.06010553672108242,0.03535178601196255,-0.01913925064726841,scaffold,0.4142414122762865,0.3569885609413079,1.0,0.5052011014466912,0.47058823529411764,0.05555555555555555,0.30683760683760686,0.38461538461538464,0.17637530568445597,2.738380301003345,3.097766671040833,305.68235562987735,193.77230550472842,897,1.8662207357859533,1.6823487807144313,4.607580824972129,6.3273665507028545,464,0.08695652173913043,0.5451505016722408,0.8539576365663322,68.71908584169454,71.87195638315373,1.0,1.086047020498892,0.6102207273888978,1.4693569878902972,0.8140387620094461,0.6610925306577481,0.3712374581939799,0.13935340022296544,6.432145387705122,0.025851026188033983,0.749399632869048,0.5273132664437012,2.247169007604799,3.0635383698483065,0.3712374581939799,3.0,1.4743435348124727,0.23322122649736898,1.0590044159475356,0.7260274678923122,1.4737482304418492,0.8492331070466441,1,0.47268673355629875,0
scaffold_r5_maccs_fingerprints_dummy,scaffold_r5,5,137,False,maccs_fingerprints,167,167,0.47475148579130005,0.33607012622872456,3.1993172944499997,2.5,-2.7163976669677714,-2.57683185565,-11.4,2.320007252608892,1.9181119920713579,2.1802571432111013,2.642530736388912,283.31765463102215,174.86781532310852,8072,0.3188800792864222,1.7605302279484638,1.670033127467047,4.487487611496531,5.487516794600931,4187,0.6425916749256689,70.31799430128841,64.96044875532984,,,,,mean,dummy,constant_baseline,8072,897,7175,897,-0.2056352122206714,0.16332572447887717,0.07241981841683356,0.08598310436867024,-0.08639785586471366,-0.07636926981330545,scaffold,0.40564363406322845,0.35101165692594744,1.0,0.5012372149331566,0.46153846153846156,0.041666666666666664,0.3013953488372093,0.38461538461538464,0.17562739828714555,2.611850390189521,2.751528272875741,295.98155006367006,177.61670887259623,897,1.9041248606465997,1.8370428057360844,4.013377926421405,4.278246400093618,464,0.0947603121516165,0.5496098104793757,0.867335562987737,65.35701226309922,63.65792440108722,1.0,1.9763106875556096,-0.026317648400315363,2.4327689062617246,,0.8695652173913043,0.7591973244147158,0.5328874024526199,10.183602333032228,-0.4336826615459405,2.1936023330322283,0.5239687848383501,4.769784683906445,5.493602333032224,0.7591973244147158,,2.885586897672545,,2.388401027769438,-0.02261310700616903,2.916403549180756,,,0.4760312151616499,
scaffold_r5_maccs_fingerprints_extra_trees,scaffold_r5,5,137,True,maccs_fingerprints,167,167,0.47475148579130005,0.33607012622872456,3.1993172944499997,2.5,-2.7163976669677714,-2.57683185565,-11.4,2.320007252608892,1.9181119920713579,2.1802571432111013,2.642530736388912,283.31765463102215,174.86781532310852,8072,0.3188800792864222,1.7605302279484638,1.670033127467047,4.487487611496531,5.487516794600931,4187,0.6425916749256689,70.31799430128841,64.96044875532984,,sqrt,3.0,100.0,,extra_trees,tree_ensemble,8072,897,7175,897,-0.2056352122206714,0.16332572447887717,0.07241981841683356,0.08598310436867024,-0.08639785586471366,-0.07636926981330545,scaffold,0.40564363406322845,0.35101165692594744,1.0,0.5012372149331566,0.46153846153846156,0.041666666666666664,0.3013953488372093,0.38461538461538464,0.17562739828714555,2.611850390189521,2.751528272875741,295.98155006367006,177.61670887259623,897,1.9041248606465997,1.8370428057360844,4.013377926421405,4.278246400093618,464,0.0947603121516165,0.5496098104793757,0.867335562987737,65.35701226309922,63.65792440108722,1.0,1.0995691049117773,0.6169680763187846,1.486200638862469,0.8087462255299671,0.7212931995540691,0.47714604236343366,0.19843924191750278,7.363503725479278,-0.16259684137866762,0.9448676908585711,0.5061315496098104,2.8279365489668997,3.6034019289062584,0.47714604236343366,4.0,1.705342824757076,0.3987806813822923,1.261502740391079,0.6475563555268673,1.712130178704391,0.8403058222984463,0,0.4938684503901895,0
scaffold_r5_maccs_fingerprints_random_forest,scaffold_r5,5,137,True,maccs_fingerprints,167,167,0.47475148579130005,0.33607012622872456,3.1993172944499997,2.5,-2.7163976669677714,-2.57683185565,-11.4,2.320007252608892,1.9181119920713579,2.1802571432111013,2.642530736388912,283.31765463102215,174.86781532310852,8072,0.3188800792864222,1.7605302279484638,1.670033127467047,4.487487611496531,5.487516794600931,4187,0.6425916749256689,70.31799430128841,64.96044875532984,,sqrt,1.0,100.0,,random_forest,tree_ensemble,8072,897,7175,897,-0.2056352122206714,0.16332572447887717,0.07241981841683356,0.08598310436867024,-0.08639785586471366,-0.07636926981330545,scaffold,0.40564363406322845,0.35101165692594744,1.0,0.5012372149331566,0.46153846153846156,0.041666666666666664,0.3013953488372093,0.38461538461538464,0.17562739828714555,2.611850390189521,2.751528272875741,295.98155006367006,177.61670887259623,897,1.9041248606465997,1.8370428057360844,4.013377926421405,4.278246400093618,464,0.0947603121516165,0.5496098104793757,0.867335562987737,65.35701226309922,63.65792440108722,1.0,1.067931039594182,0.6232987645647008,1.473867627948397,0.8095533080366663,0.6800445930880713,0.4693422519509476,0.21181716833890746,7.525744317242098,-0.22078878479289538,0.9156566666666652,0.5250836120401338,2.939420479390316,3.982709106303073,0.4693422519509476,5.0,1.7779657705070782,0.47728888573712025,1.2923920774175368,0.6144933289591765,1.790638383059219,0.8301138089484486,0,0.47491638795986624,0
scaffold_r5_maccs_fingerprints_ridge,scaffold_r5,5,137,True,maccs_fingerprints,167,167,0.47475148579130005,0.33607012622872456,3.1993172944499997,2.5,-2.7163976669677714,-2.57683185565,-11.4,2.320007252608892,1.9181119920713579,2.1802571432111013,2.642530736388912,283.31765463102215,174.86781532310852,8072,0.3188800792864222,1.7605302279484638,1.670033127467047,4.487487611496531,5.487516794600931,4187,0.6425916749256689,70.31799430128841,64.96044875532984,1.0,,,,,ridge,linear,8072,897,7175,897,-0.2056352122206714,0.16332572447887717,0.07241981841683356,0.08598310436867024,-0.08639785586471366,-0.07636926981330545,scaffold,0.40564363406322845,0.35101165692594744,1.0,0.5012372149331566,0.46153846153846156,0.041666666666666664,0.3013953488372093,0.38461538461538464,0.17562739828714555,2.611850390189521,2.751528272875741,295.98155006367006,177.61670887259623,897,1.9041248606465997,1.8370428057360844,4.013377926421405,4.278246400093618,464,0.0947603121516165,0.5496098104793757,0.867335562987737,65.35701226309922,63.65792440108722,1.0,1.199198667093639,0.5615146296297147,1.5901478703160359,0.7562887311641684,0.7670011148272018,0.5473801560758083,0.2408026755852843,7.455179473062509,-0.2607658978029633,1.1187096533225915,0.5161649944258639,3.077227140165206,3.9915898983030442,0.5473801560758083,6.0,1.8878957194507962,0.5914275734477183,1.4402502449551144,0.5637811508187629,1.904777070769817,0.7904640352636172,0,0.483835005574136,0
scaffold_r5_morgan_fingerprints_dummy,scaffold_r5,5,137,False,morgan_fingerprints,2048,2048,0.47475148579130005,0.33607012622872456,3.1993172944499997,2.5,-2.7163976669677714,-2.57683185565,-11.4,2.320007252608892,1.9181119920713579,2.1802571432111013,2.642530736388912,283.31765463102215,174.86781532310852,8072,0.3188800792864222,1.7605302279484638,1.670033127467047,4.487487611496531,5.487516794600931,4187,0.6425916749256689,70.31799430128841,64.96044875532984,,,,,mean,dummy,constant_baseline,8072,897,7175,897,-0.2056352122206714,0.16332572447887717,0.07241981841683356,0.08598310436867024,-0.08639785586471366,-0.07636926981330545,scaffold,0.40564363406322845,0.35101165692594744,1.0,0.5012372149331566,0.46153846153846156,0.041666666666666664,0.3013953488372093,0.38461538461538464,0.17562739828714555,2.611850390189521,2.751528272875741,295.98155006367006,177.61670887259623,897,1.9041248606465997,1.8370428057360844,4.013377926421405,4.278246400093618,464,0.0947603121516165,0.5496098104793757,0.867335562987737,65.35701226309922,63.65792440108722,1.0,1.9763106875556096,-0.026317648400315363,2.4327689062617246,,0.8695652173913043,0.7591973244147158,0.5328874024526199,10.183602333032228,-0.4336826615459405,2.1936023330322283,0.5239687848383501,4.769784683906445,5.493602333032224,0.7591973244147158,,2.885586897672545,,2.388401027769438,-0.02261310700616903,2.916403549180756,,,0.4760312151616499,
scaffold_r5_morgan_fingerprints_extra_trees,scaffold_r5,5,137,True,morgan_fingerprints,2048,2048,0.47475148579130005,0.33607012622872456,3.1993172944499997,2.5,-2.7163976669677714,-2.57683185565,-11.4,2.320007252608892,1.9181119920713579,2.1802571432111013,2.642530736388912,283.31765463102215,174.86781532310852,8072,0.3188800792864222,1.7605302279484638,1.670033127467047,4.487487611496531,5.487516794600931,4187,0.6425916749256689,70.31799430128841,64.96044875532984,,sqrt,1.0,100.0,,extra_trees,tree_ensemble,8072,897,7175,897,-0.2056352122206714,0.16332572447887717,0.07241981841683356,0.08598310436867024,-0.08639785586471366,-0.07636926981330545,scaffold,0.40564363406322845,0.35101165692594744,1.0,0.5012372149331566,0.46153846153846156,0.041666666666666664,0.3013953488372093,0.38461538461538464,0.17562739828714555,2.611850390189521,2.751528272875741,295.98155006367006,177.61670887259623,897,1.9041248606465997,1.8370428057360844,4.013377926421405,4.278246400093618,464,0.0947603121516165,0.5496098104793757,0.867335562987737,65.35701226309922,63.65792440108722,1.0,1.2499722481631175,0.5315573431735898,1.6435698867330477,0.7655068211558297,0.7268673355629878,0.5239687848383501,0.2909698996655518,9.256490925926,-0.3128748581978767,1.060211477062,0.5217391304347826,3.3318662927938,3.975291719917998,0.5239687848383501,8.0,1.9632643968866839,0.673608169841994,1.4781343046085447,0.5253282915705094,1.9869576671640927,0.8002065414286085,0,0.4782608695652174,0
scaffold_r5_morgan_fingerprints_random_forest,scaffold_r5,5,137,True,morgan_fingerprints,2048,2048,0.47475148579130005,0.33607012622872456,3.1993172944499997,2.5,-2.7163976669677714,-2.57683185565,-11.4,2.320007252608892,1.9181119920713579,2.1802571432111013,2.642530736388912,283.31765463102215,174.86781532310852,8072,0.3188800792864222,1.7605302279484638,1.670033127467047,4.487487611496531,5.487516794600931,4187,0.6425916749256689,70.31799430128841,64.96044875532984,,sqrt,1.0,100.0,,random_forest,tree_ensemble,8072,897,7175,897,-0.2056352122206714,0.16332572447887717,0.07241981841683356,0.08598310436867024,-0.08639785586471366,-0.07636926981330545,scaffold,0.40564363406322845,0.35101165692594744,1.0,0.5012372149331566,0.46153846153846156,0.041666666666666664,0.3013953488372093,0.38461538461538464,0.17562739828714555,2.611850390189521,2.751528272875741,295.98155006367006,177.61670887259623,897,1.9041248606465997,1.8370428057360844,4.013377926421405,4.278246400093618,464,0.0947603121516165,0.5496098104793757,0.867335562987737,65.35701226309922,63.65792440108722,1.0,1.2788195876193733,0.5170839284449871,1.668767324366251,0.7633667908767695,0.7391304347826086,0.5195094760312151,0.2954292084726867,9.334798265680499,-0.33542613857560605,1.0533726919825004,0.5284280936454849,3.3593599839422006,3.957366370327297,0.5195094760312151,9.0,1.9657953849125558,0.679777218574054,1.4904275189976663,0.5223762219235013,1.9931267158961528,0.8072387661608686,0,0.47157190635451507,0
scaffold_r5_morgan_fingerprints_ridge,scaffold_r5,5,137,True,morgan_fingerprints,2048,2048,0.47475148579130005,0.33607012622872456,3.1993172944499997,2.5,-2.7163976669677714,-2.57683185565,-11.4,2.320007252608892,1.9181119920713579,2.1802571432111013,2.642530736388912,283.31765463102215,174.86781532310852,8072,0.3188800792864222,1.7605302279484638,1.670033127467047,4.487487611496531,5.487516794600931,4187,0.6425916749256689,70.31799430128841,64.96044875532984,100.0,,,,,ridge,linear,8072,897,7175,897,-0.2056352122206714,0.16332572447887717,0.07241981841683356,0.08598310436867024,-0.08639785586471366,-0.07636926981330545,scaffold,0.40564363406322845,0.35101165692594744,1.0,0.5012372149331566,0.46153846153846156,0.041666666666666664,0.3013953488372093,0.38461538461538464,0.17562739828714555,2.611850390189521,2.751528272875741,295.98155006367006,177.61670887259623,897,1.9041248606465997,1.8370428057360844,4.013377926421405,4.278246400093618,464,0.0947603121516165,0.5496098104793757,0.867335562987737,65.35701226309922,63.65792440108722,1.0,1.3078104926319334,0.5027154533865099,1.6934112459603141,0.7413926805587845,0.7536231884057971,0.5540691192865106,0.26421404682274247,8.88563249804511,-0.22811329556250118,1.1391361536910705,0.5105908584169454,3.1658414785191766,3.8074726977450934,0.5540691192865106,7.0,1.9112810657908759,0.6104380505949736,1.466016596713652,0.555030404022973,1.9237875479170723,0.7884662671493897,0,0.48940914158305465,0
scaffold_r5_rdkit_descriptors_dummy,scaffold_r5,5,137,False,rdkit_descriptors,216,216,0.47475148579130005,0.33607012622872456,3.1993172944499997,2.5,-2.7163976669677714,-2.57683185565,-11.4,2.320007252608892,1.9181119920713579,2.1802571432111013,2.642530736388912,283.31765463102215,174.86781532310852,8072,0.3188800792864222,1.7605302279484638,1.670033127467047,4.487487611496531,5.487516794600931,4187,0.6425916749256689,70.31799430128841,64.96044875532984,,,,,mean,dummy,constant_baseline,8072,897,7175,897,-0.2056352122206714,0.16332572447887717,0.07241981841683356,0.08598310436867024,-0.08639785586471366,-0.07636926981330545,scaffold,0.40564363406322845,0.35101165692594744,1.0,0.5012372149331566,0.46153846153846156,0.041666666666666664,0.3013953488372093,0.38461538461538464,0.17562739828714555,2.611850390189521,2.751528272875741,295.98155006367006,177.61670887259623,897,1.9041248606465997,1.8370428057360844,4.013377926421405,4.278246400093618,464,0.0947603121516165,0.5496098104793757,0.867335562987737,65.35701226309922,63.65792440108722,1.0,1.9763106875556096,-0.026317648400315363,2.4327689062617246,,0.8695652173913043,0.7591973244147158,0.5328874024526199,10.183602333032228,-0.4336826615459405,2.1936023330322283,0.5239687848383501,4.769784683906445,5.493602333032224,0.7591973244147158,,2.885586897672545,,2.388401027769438,-0.02261310700616903,2.916403549180756,,,0.4760312151616499,
scaffold_r5_rdkit_descriptors_extra_trees,scaffold_r5,5,137,True,rdkit_descriptors,214,216,0.47475148579130005,0.33607012622872456,3.1993172944499997,2.5,-2.7163976669677714,-2.57683185565,-11.4,2.320007252608892,1.9181119920713579,2.1802571432111013,2.642530736388912,283.31765463102215,174.86781532310852,8072,0.3188800792864222,1.7605302279484638,1.670033127467047,4.487487611496531,5.487516794600931,4187,0.6425916749256689,70.31799430128841,64.96044875532984,,sqrt,1.0,100.0,,extra_trees,tree_ensemble,8072,897,7175,897,-0.2056352122206714,0.16332572447887717,0.07241981841683356,0.08598310436867024,-0.08639785586471366,-0.07636926981330545,scaffold,0.40564363406322845,0.35101165692594744,1.0,0.5012372149331566,0.46153846153846156,0.041666666666666664,0.3013953488372093,0.38461538461538464,0.17562739828714555,2.611850390189521,2.751528272875741,295.98155006367006,177.61670887259623,897,1.9041248606465997,1.8370428057360844,4.013377926421405,4.278246400093618,464,0.0947603121516165,0.5496098104793757,0.867335562987737,65.35701226309922,63.65792440108722,1.0,0.9239259437478399,0.6955441393096111,1.3250190648584141,0.8545868415222999,0.5362318840579711,0.3210702341137124,0.11817168338907469,5.332539308940002,-0.0395409652968028,0.57878994968,0.5206243032329989,2.240053918044199,3.074926932588398,0.3210702341137124,2.0,1.353556983086567,0.040030531007258174,0.901618020934339,0.779780564323747,1.3533800283293569,0.8867618589093549,1,0.47714604236343366,1
scaffold_r5_rdkit_descriptors_random_forest,scaffold_r5,5,137,True,rdkit_descriptors,214,216,0.47475148579130005,0.33607012622872456,3.1993172944499997,2.5,-2.7163976669677714,-2.57683185565,-11.4,2.320007252608892,1.9181119920713579,2.1802571432111013,2.642530736388912,283.31765463102215,174.86781532310852,8072,0.3188800792864222,1.7605302279484638,1.670033127467047,4.487487611496531,5.487516794600931,4187,0.6425916749256689,70.31799430128841,64.96044875532984,,sqrt,3.0,100.0,,random_forest,tree_ensemble,8072,897,7175,897,-0.2056352122206714,0.16332572447887717,0.07241981841683356,0.08598310436867024,-0.08639785586471366,-0.07636926981330545,scaffold,0.40564363406322845,0.35101165692594744,1.0,0.5012372149331566,0.46153846153846156,0.041666666666666664,0.3013953488372093,0.38461538461538464,0.17562739828714555,2.611850390189521,2.751528272875741,295.98155006367006,177.61670887259623,897,1.9041248606465997,1.8370428057360844,4.013377926421405,4.278246400093618,464,0.0947603121516165,0.5496098104793757,0.867335562987737,65.35701226309922,63.65792440108722,1.0,0.9374133241380446,0.6997197851900419,1.3159013024622532,0.8529316294577102,0.5484949832775919,0.30992196209587514,0.11482720178372352,6.440081904076367,-0.0650704435014248,0.5801501499246213,0.5484949832775919,2.1532750347916596,2.8611188423372536,0.30992196209587514,1.0,1.312468327564435,0.0,0.8941062048321102,0.7926152855216949,1.3133494973220987,0.8929979172451349,1,0.451505016722408,1
scaffold_r5_rdkit_descriptors_ridge,scaffold_r5,5,137,True,rdkit_descriptors,214,216,0.47475148579130005,0.33607012622872456,3.1993172944499997,2.5,-2.7163976669677714,-2.57683185565,-11.4,2.320007252608892,1.9181119920713579,2.1802571432111013,2.642530736388912,283.31765463102215,174.86781532310852,8072,0.3188800792864222,1.7605302279484638,1.670033127467047,4.487487611496531,5.487516794600931,4187,0.6425916749256689,70.31799430128841,64.96044875532984,100.0,,,,,ridge,linear,8072,897,7175,897,-0.2056352122206714,0.16332572447887717,0.07241981841683356,0.08598310436867024,-0.08639785586471366,-0.07636926981330545,scaffold,0.40564363406322845,0.35101165692594744,1.0,0.5012372149331566,0.46153846153846156,0.041666666666666664,0.3013953488372093,0.38461538461538464,0.17562739828714555,2.611850390189521,2.751528272875741,295.98155006367006,177.61670887259623,897,1.9041248606465997,1.8370428057360844,4.013377926421405,4.278246400093618,464,0.0947603121516165,0.5496098104793757,0.867335562987737,65.35701226309922,63.65792440108722,1.0,1.0720913216119718,0.6335131334388685,1.4537481189055552,0.8210335027192301,0.6666666666666666,0.3957636566332218,0.16499442586399107,7.351323129114887,-0.030970739295006454,0.7833538546563037,0.5306577480490524,2.4299848633094183,3.060802852744968,0.3957636566332218,3.0,1.4947122811141098,0.1808503829850252,1.0901002953281704,0.7315684783631167,1.494199880307124,0.8568402400236231,1,0.4693422519509476,0
