run_id,candidate,parameters,validation_rmse,validation_mae,validation_r2,validation_spearman,fit_and_predict_seconds
random_r1_rdkit_descriptors_dummy,1,"{""strategy"": ""mean""}",2.392461788843522,1.932511287702266,-8.166725678382392e-06,,0.015225540846586227
random_r1_rdkit_descriptors_dummy,2,"{""strategy"": ""median""}",2.398135634550875,1.9274194114307135,-0.00475693223025031,,0.0010420838370919228
random_r1_rdkit_descriptors_ridge,1,"{""alpha"": 0.1}",1.3962063008261505,1.0180279801806633,0.65942504059501,0.8098427828634542,0.34096020832657814
random_r1_rdkit_descriptors_ridge,2,"{""alpha"": 1.0}",1.3948091623408827,1.0205772744119703,0.6601063042572426,0.8099498171100823,0.25560754211619496
random_r1_rdkit_descriptors_ridge,3,"{""alpha"": 10.0}",1.4013300662363428,1.0321265235582948,0.6569207858529738,0.8072067475941703,0.1938907909207046
random_r1_rdkit_descriptors_ridge,4,"{""alpha"": 100.0}",1.4204739614260806,1.0516514767633003,0.6474829877325345,0.8027208862029499,0.170866624917835
random_r1_rdkit_descriptors_random_forest,1,"{""max_features"": ""sqrt"", ""min_samples_leaf"": 1, ""n_estimators"": 100}",1.2589399136281787,0.8497627391001858,0.7230996327163332,0.847803478109146,1.2554189590737224
random_r1_rdkit_descriptors_random_forest,2,"{""max_features"": ""log2"", ""min_samples_leaf"": 1, ""n_estimators"": 100}",1.2664345701586877,0.8672536663401472,0.7197929612409701,0.8478777910513292,0.8836891250684857
random_r1_rdkit_descriptors_random_forest,3,"{""max_features"": ""sqrt"", ""min_samples_leaf"": 3, ""n_estimators"": 100}",1.2608606104474347,0.8622802966512151,0.7222540842512879,0.846529154749211,0.9948130412958562
random_r1_rdkit_descriptors_extra_trees,1,"{""max_features"": ""sqrt"", ""min_samples_leaf"": 1, ""n_estimators"": 100}",1.271096363707194,0.8292921074084203,0.7177262590106982,0.8565733885790486,0.7773672919720411
random_r1_rdkit_descriptors_extra_trees,2,"{""max_features"": ""log2"", ""min_samples_leaf"": 1, ""n_estimators"": 100}",1.291880424838617,0.8547604303819976,0.7084197112484216,0.8489103925098503,0.6211926252581179
random_r1_rdkit_descriptors_extra_trees,3,"{""max_features"": ""sqrt"", ""min_samples_leaf"": 3, ""n_estimators"": 100}",1.274853984075726,0.8799007142391803,0.7160548745607339,0.8455549359093437,0.4979422502219677
random_r2_rdkit_descriptors_dummy,1,"{""strategy"": ""mean""}",2.4713249094825653,1.9675743148920286,-0.00010570562191203337,,0.0012212502770125866
random_r2_rdkit_descriptors_dummy,2,"{""strategy"": ""median""}",2.478110791160543,1.9648428747361204,-0.0056055218873949375,,0.000653665978461504
random_r2_rdkit_descriptors_ridge,1,"{""alpha"": 0.1}",1.4853908224894457,1.031890042012382,0.6387002306829757,0.8016844505180871,0.26847308315336704
random_r2_rdkit_descriptors_ridge,2,"{""alpha"": 1.0}",1.4851121756954684,1.0332145626055333,0.63883577154935,0.80111320826979,0.22077520890161395
random_r2_rdkit_descriptors_ridge,3,"{""alpha"": 10.0}",1.4772540680547752,1.0316725951971035,0.642647684157628,0.8037471958517705,0.1864312500692904
random_r2_rdkit_descriptors_ridge,4,"{""alpha"": 100.0}",1.4724898956670491,1.0377442741895633,0.644948903419067,0.8052130273700417,0.15637220768257976
random_r2_rdkit_descriptors_random_forest,1,"{""max_features"": ""sqrt"", ""min_samples_leaf"": 1, ""n_estimators"": 100}",1.2748262833070183,0.8198811476385043,0.7338734344276205,0.855846901425216,1.087048166897148
random_r2_rdkit_descriptors_random_forest,2,"{""max_features"": ""log2"", ""min_samples_leaf"": 1, ""n_estimators"": 100}",1.2868805820008742,0.8347823667368032,0.728816846161622,0.855565220820113,0.7208194998092949
random_r2_rdkit_descriptors_random_forest,3,"{""max_features"": ""sqrt"", ""min_samples_leaf"": 3, ""n_estimators"": 100}",1.2940300122854065,0.8455371468724197,0.7257952904398433,0.852088871857352,1.003176249563694
random_r2_rdkit_descriptors_extra_trees,1,"{""max_features"": ""sqrt"", ""min_samples_leaf"": 1, ""n_estimators"": 100}",1.2831762176447365,0.813753927695727,0.7303758336507415,0.8553045265776924,0.8358045001514256
random_r2_rdkit_descriptors_extra_trees,2,"{""max_features"": ""log2"", ""min_samples_leaf"": 1, ""n_estimators"": 100}",1.2962385418536906,0.8287561942445562,0.7248585177458204,0.8533600958964336,0.5930315419100225
random_r2_rdkit_descriptors_extra_trees,3,"{""max_features"": ""sqrt"", ""min_samples_leaf"": 3, ""n_estimators"": 100}",1.2972225367391104,0.8599948552834851,0.7244406308165146,0.8504835592595272,0.502170457970351
random_r3_rdkit_descriptors_dummy,1,"{""strategy"": ""mean""}",2.441552100359162,1.9543555586053691,-1.7340252769670883e-05,,0.0012105000205338001
random_r3_rdkit_descriptors_dummy,2,"{""strategy"": ""median""}",2.4473307835280185,1.9487290598273133,-0.0047566386727968535,,0.0006892923265695572
random_r3_rdkit_descriptors_ridge,1,"{""alpha"": 0.1}",1.45803277842152,1.0411147154310003,0.6433763722188741,0.8127347282719131,0.26326991710811853
random_r3_rdkit_descriptors_ridge,2,"{""alpha"": 1.0}",1.4673573122553976,1.046624535980337,0.6388003676068744,0.8112130623458766,0.24193487502634525
random_r3_rdkit_descriptors_ridge,3,"{""alpha"": 10.0}",1.472669309419369,1.047645253019305,0.6361804680836394,0.8102173067894719,0.18204070767387748
random_r3_rdkit_descriptors_ridge,4,"{""alpha"": 100.0}",1.4763335543425666,1.0494087196772517,0.6343677292961323,0.8092077427709187,0.15570258302614093
random_r3_rdkit_descriptors_random_forest,1,"{""max_features"": ""sqrt"", ""min_samples_leaf"": 1, ""n_estimators"": 100}",1.2872094170611301,0.8397156312975459,0.7220453428202527,0.8481233560083538,1.250381417106837
random_r3_rdkit_descriptors_random_forest,2,"{""max_features"": ""log2"", ""min_samples_leaf"": 1, ""n_estimators"": 100}",1.3045455751951986,0.8573112836612634,0.7145079293063259,0.8440214197294122,0.7193119581788778
random_r3_rdkit_descriptors_random_forest,3,"{""max_features"": ""sqrt"", ""min_samples_leaf"": 3, ""n_estimators"": 100}",1.2786912886827062,0.8461808724617955,0.7257119093169654,0.8506599258453666,1.0163187496364117
random_r3_rdkit_descriptors_extra_trees,1,"{""max_features"": ""sqrt"", ""min_samples_leaf"": 1, ""n_estimators"": 100}",1.313347780975886,0.8359028396099243,0.7106423106663289,0.8481527082660497,0.9609532500617206
random_r3_rdkit_descriptors_extra_trees,2,"{""max_features"": ""log2"", ""min_samples_leaf"": 1, ""n_estimators"": 100}",1.3229413605109988,0.8450637852844247,0.7063995429101788,0.846028669913033,0.564776792190969
random_r3_rdkit_descriptors_extra_trees,3,"{""max_features"": ""sqrt"", ""min_samples_leaf"": 3, ""n_estimators"": 100}",1.2742448989775272,0.856706846119142,0.727616155184492,0.8535905485502987,0.6272764159366488
random_r4_rdkit_descriptors_dummy,1,"{""strategy"": ""mean""}",2.3563250793838955,1.9186703041518431,-0.00017593972676199776,,0.0029715830460190773
random_r4_rdkit_descriptors_dummy,2,"{""strategy"": ""median""}",2.359784649018715,1.9143903881236901,-0.0031150235292538575,,0.0007242918945848942
random_r4_rdkit_descriptors_ridge,1,"{""alpha"": 0.1}",1.3989223795428998,1.0033548073985354,0.6474723162530156,0.8277720376543121,0.2708478751592338
random_r4_rdkit_descriptors_ridge,2,"{""alpha"": 1.0}",1.393060572111434,1.0003088188076767,0.6504204711710329,0.8276638063965611,0.22677483269944787
random_r4_rdkit_descriptors_ridge,3,"{""alpha"": 10.0}",1.3890457098073008,1.000744922339307,0.652432574889059,0.8288717084671844,0.18613020796328783
random_r4_rdkit_descriptors_ridge,4,"{""alpha"": 100.0}",1.3899898556234835,1.010201913912141,0.6519599254254115,0.8287764376926374,0.1580897499807179
random_r4_rdkit_descriptors_random_forest,1,"{""max_features"": ""sqrt"", ""min_samples_leaf"": 1, ""n_estimators"": 100}",1.1831750879083047,0.8015614359595551,0.7478238410722859,0.8692624100895048,1.1542220409028232
random_r4_rdkit_descriptors_random_forest,2,"{""max_features"": ""log2"", ""min_samples_leaf"": 1, ""n_estimators"": 100}",1.180905066831064,0.8009841732371243,0.7487905552291718,0.8725614308414527,0.7401655409485102
random_r4_rdkit_descriptors_random_forest,3,"{""max_features"": ""sqrt"", ""min_samples_leaf"": 3, ""n_estimators"": 100}",1.1821582371285058,0.8105316854198995,0.7482571080285656,0.8693995498704642,0.9175934167578816
random_r4_rdkit_descriptors_extra_trees,1,"{""max_features"": ""sqrt"", ""min_samples_leaf"": 1, ""n_estimators"": 100}",1.1881062359224062,0.7778595671188607,0.7457174591879956,0.8730509237483837,0.734338041394949
random_r4_rdkit_descriptors_extra_trees,2,"{""max_features"": ""log2"", ""min_samples_leaf"": 1, ""n_estimators"": 100}",1.1939010270061456,0.7853220180647971,0.7432309683909086,0.8735781637115221,0.5868225833401084
random_r4_rdkit_descriptors_extra_trees,3,"{""max_features"": ""sqrt"", ""min_samples_leaf"": 3, ""n_estimators"": 100}",1.1957455282484364,0.8230946042763047,0.7424369718428512,0.8683509650157856,0.5347565826959908
random_r5_rdkit_descriptors_dummy,1,"{""strategy"": ""mean""}",2.4144433187978214,1.944641548402107,-8.640718369035127e-06,,0.0008997502736747265
random_r5_rdkit_descriptors_dummy,2,"{""strategy"": ""median""}",2.4193946090815825,1.9403019960513936,-0.004114274400790707,,0.0005055423825979233
random_r5_rdkit_descriptors_ridge,1,"{""alpha"": 0.1}",1.4324555387826938,1.0277134254141769,0.648008621824554,0.818773586445396,0.2701673749834299
random_r5_rdkit_descriptors_ridge,2,"{""alpha"": 1.0}",1.4354973044532349,1.029211672455832,0.6465121536538143,0.8199284502699886,0.2227652920410037
random_r5_rdkit_descriptors_ridge,3,"{""alpha"": 10.0}",1.4358077792806458,1.0333468212189223,0.6463592297211533,0.8200860628246108,0.17928733304142952
random_r5_rdkit_descriptors_ridge,4,"{""alpha"": 100.0}",1.4473871778210625,1.0472645927704405,0.6406321960664494,0.8167954528658462,0.15611954126507044
random_r5_rdkit_descriptors_random_forest,1,"{""max_features"": ""sqrt"", ""min_samples_leaf"": 1, ""n_estimators"": 100}",1.1957293453932833,0.8026281331787826,0.7547350442133606,0.8728323883006762,1.175297750160098
random_r5_rdkit_descriptors_random_forest,2,"{""max_features"": ""log2"", ""min_samples_leaf"": 1, ""n_estimators"": 100}",1.2269819713183867,0.819592378646399,0.7417465769086891,0.8648109657955023,0.7457068343646824
random_r5_rdkit_descriptors_random_forest,3,"{""max_features"": ""sqrt"", ""min_samples_leaf"": 3, ""n_estimators"": 100}",1.219774418214961,0.8286087734131767,0.7447717366051434,0.865087491203255,0.854649624787271
random_r5_rdkit_descriptors_extra_trees,1,"{""max_features"": ""sqrt"", ""min_samples_leaf"": 1, ""n_estimators"": 100}",1.2046949246371919,0.7782648040396418,0.7510432618865807,0.8734780389378527,0.741848791949451
random_r5_rdkit_descriptors_extra_trees,2,"{""max_features"": ""log2"", ""min_samples_leaf"": 1, ""n_estimators"": 100}",1.2256610506614705,0.80183118540762,0.7423023286058366,0.8714043268892816,0.7167596248909831
random_r5_rdkit_descriptors_extra_trees,3,"{""max_features"": ""sqrt"", ""min_samples_leaf"": 3, ""n_estimators"": 100}",1.2298522145809632,0.8322896273303235,0.7405369142445661,0.8659653521747622,0.519140750169754
scaffold_r1_rdkit_descriptors_dummy,1,"{""strategy"": ""mean""}",2.3773679715397247,1.939305797775586,-0.005797002919791572,,0.0015855003148317337
scaffold_r1_rdkit_descriptors_dummy,2,"{""strategy"": ""median""}",2.3905627119536015,1.945149323700836,-0.016992626952719414,,0.0006900830194354057
scaffold_r1_rdkit_descriptors_ridge,1,"{""alpha"": 0.1}",1.4851565992468942,1.0891394686114606,0.6074797914839432,0.8142768179386841,0.2816226249560714
scaffold_r1_rdkit_descriptors_ridge,2,"{""alpha"": 1.0}",1.496858541450196,1.0935521246946762,0.6012698813533527,0.8147543510762036,0.21278191590681672
scaffold_r1_rdkit_descriptors_ridge,3,"{""alpha"": 10.0}",1.4898264408894137,1.091033425780942,0.6050074743992366,0.8136572989908507,0.18439308274537325
scaffold_r1_rdkit_descriptors_ridge,4,"{""alpha"": 100.0}",1.4900211287084335,1.094514815160108,0.6049042338393712,0.8149553511784918,0.16591266728937626
scaffold_r1_rdkit_descriptors_random_forest,1,"{""max_features"": ""sqrt"", ""min_samples_leaf"": 1, ""n_estimators"": 100}",1.338163921719503,0.925770616745333,0.6813336870185669,0.8467462984502524,1.1468326249159873
scaffold_r1_rdkit_descriptors_random_forest,2,"{""max_features"": ""log2"", ""min_samples_leaf"": 1, ""n_estimators"": 100}",1.3455318304685648,0.9379521380956481,0.6778148833224188,0.8463474656142813,0.6985811251215637
scaffold_r1_rdkit_descriptors_random_forest,3,"{""max_features"": ""sqrt"", ""min_samples_leaf"": 3, ""n_estimators"": 100}",1.3181488176390435,0.927559967312142,0.6907950690792508,0.8500367757587147,0.9240418751724064
scaffold_r1_rdkit_descriptors_extra_trees,1,"{""max_features"": ""sqrt"", ""min_samples_leaf"": 1, ""n_estimators"": 100}",1.3586792617711179,0.930870437085303,0.671487866017586,0.8459192195151446,0.8042656662873924
scaffold_r1_rdkit_descriptors_extra_trees,2,"{""max_features"": ""log2"", ""min_samples_leaf"": 1, ""n_estimators"": 100}",1.3505526389811071,0.9268558206496789,0.6754059505772689,0.8533053002308522,0.5271674171090126
scaffold_r1_rdkit_descriptors_extra_trees,3,"{""max_features"": ""sqrt"", ""min_samples_leaf"": 3, ""n_estimators"": 100}",1.3460504756369822,0.9572971417993762,0.6775664581938079,0.84747089268819,0.48906658263877034
scaffold_r2_rdkit_descriptors_dummy,1,"{""strategy"": ""mean""}",2.431192779633179,1.9693809982874215,-0.012115402270964637,,0.002604166977107525
scaffold_r2_rdkit_descriptors_dummy,2,"{""strategy"": ""median""}",2.453435960523617,1.9828396948743032,-0.03071997470314347,,0.0007429169490933418
scaffold_r2_rdkit_descriptors_ridge,1,"{""alpha"": 0.1}",1.469933773993016,1.103134885405595,0.6300127343533386,0.7980823762077591,0.2522794581018388
scaffold_r2_rdkit_descriptors_ridge,2,"{""alpha"": 1.0}",1.4740615202139156,1.1109642123779633,0.627931881648454,0.7964072672747676,0.20136724971234798
scaffold_r2_rdkit_descriptors_ridge,3,"{""alpha"": 10.0}",1.4710698881051212,1.1101063145017924,0.629440585859361,0.7954771435365798,0.18788058310747147
scaffold_r2_rdkit_descriptors_ridge,4,"{""alpha"": 100.0}",1.4757591515617794,1.1215758527658937,0.6270743893259035,0.7948636341416693,0.1537442090921104
scaffold_r2_rdkit_descriptors_random_forest,1,"{""max_features"": ""sqrt"", ""min_samples_leaf"": 1, ""n_estimators"": 100}",1.336794408784192,0.9631375128428596,0.6940006666852097,0.8331416930454703,1.0362859168089926
scaffold_r2_rdkit_descriptors_random_forest,2,"{""max_features"": ""log2"", ""min_samples_leaf"": 1, ""n_estimators"": 100}",1.3357400226232576,0.9771095998418189,0.694483185492462,0.8369646898030892,0.7069741250015795
scaffold_r2_rdkit_descriptors_random_forest,3,"{""max_features"": ""sqrt"", ""min_samples_leaf"": 3, ""n_estimators"": 100}",1.330502391672738,0.967833384568055,0.6968744398065606,0.8354203632866322,0.848087124992162
scaffold_r2_rdkit_descriptors_extra_trees,1,"{""max_features"": ""sqrt"", ""min_samples_leaf"": 1, ""n_estimators"": 100}",1.3360976103981212,0.9587091277133157,0.6943195852417581,0.8397836486119127,0.813472209032625
scaffold_r2_rdkit_descriptors_extra_trees,2,"{""max_features"": ""log2"", ""min_samples_leaf"": 1, ""n_estimators"": 100}",1.3849256991851637,0.9941451382636185,0.6715689657317391,0.832406488506084,0.5577535829506814
scaffold_r2_rdkit_descriptors_extra_trees,3,"{""max_features"": ""sqrt"", ""min_samples_leaf"": 3, ""n_estimators"": 100}",1.3500568053264188,0.9941556892113335,0.6878988821723171,0.832329479055888,0.5917317909188569
scaffold_r3_rdkit_descriptors_dummy,1,"{""strategy"": ""mean""}",2.4758645693892944,2.027360991633176,-0.008012732291130531,,0.001506791915744543
scaffold_r3_rdkit_descriptors_dummy,2,"{""strategy"": ""median""}",2.494763182223331,2.0391532851216834,-0.02346006199162609,,0.0007775840349495411
scaffold_r3_rdkit_descriptors_ridge,1,"{""alpha"": 0.1}",1.548905208141236,1.1476286327004779,0.6054864464758316,0.8156396842091528,0.27958533400669694
scaffold_r3_rdkit_descriptors_ridge,2,"{""alpha"": 1.0}",1.5486301058121248,1.1467176544548092,0.6056265737846906,0.8141732760111402,0.22498383279889822
scaffold_r3_rdkit_descriptors_ridge,3,"{""alpha"": 10.0}",1.5381239612269753,1.1357799291035198,0.6109594026879888,0.8165583923703074,0.18125229189172387
scaffold_r3_rdkit_descriptors_ridge,4,"{""alpha"": 100.0}",1.5292225225863763,1.1303139958491168,0.6154492884013927,0.8167353835634209,0.16078275023028255
scaffold_r3_rdkit_descriptors_random_forest,1,"{""max_features"": ""sqrt"", ""min_samples_leaf"": 1, ""n_estimators"": 100}",1.3633928948618828,0.9535381191533794,0.6943289557215286,0.8447269759142756,1.1768764592707157
scaffold_r3_rdkit_descriptors_random_forest,2,"{""max_features"": ""log2"", ""min_samples_leaf"": 1, ""n_estimators"": 100}",1.3793310756773136,0.9681367409167076,0.6871405414209911,0.8437573817378718,0.8194049168378115
scaffold_r3_rdkit_descriptors_random_forest,3,"{""max_features"": ""sqrt"", ""min_samples_leaf"": 3, ""n_estimators"": 100}",1.3475674095231729,0.9532217858355924,0.7013838814199811,0.8495540004679046,0.8527882499620318
scaffold_r3_rdkit_descriptors_extra_trees,1,"{""max_features"": ""sqrt"", ""min_samples_leaf"": 1, ""n_estimators"": 100}",1.4056658798976256,0.9584039585406896,0.6750799927210738,0.8413763568451691,0.7094492916949093
scaffold_r3_rdkit_descriptors_extra_trees,2,"{""max_features"": ""log2"", ""min_samples_leaf"": 1, ""n_estimators"": 100}",1.4325205924344693,0.9891859845413921,0.6625464547385327,0.8370124473562675,0.60564483422786
scaffold_r3_rdkit_descriptors_extra_trees,3,"{""max_features"": ""sqrt"", ""min_samples_leaf"": 3, ""n_estimators"": 100}",1.3745356388588266,0.9822302898795771,0.6893121589476283,0.845499689209244,0.5446914583444595
scaffold_r4_rdkit_descriptors_dummy,1,"{""strategy"": ""mean""}",2.3540545630724137,1.8993510363919581,-0.0004540464162694491,,0.001810333225876093
scaffold_r4_rdkit_descriptors_dummy,2,"{""strategy"": ""median""}",2.362556913231625,1.9033305072275364,-0.007693956719712958,,0.0007288330234587193
scaffold_r4_rdkit_descriptors_ridge,1,"{""alpha"": 0.1}",1.4962271284365636,1.086136256790452,0.5958345874539224,0.8112641951068139,0.2593406247906387
scaffold_r4_rdkit_descriptors_ridge,2,"{""alpha"": 1.0}",1.4879931492878489,1.0856202212138284,0.600270722262574,0.8119602705609947,0.22581166587769985
scaffold_r4_rdkit_descriptors_ridge,3,"{""alpha"": 10.0}",1.4715638790721726,1.0816810278009519,0.609048995219073,0.8132780171302315,0.18060916615650058
scaffold_r4_rdkit_descriptors_ridge,4,"{""alpha"": 100.0}",1.4693569878902972,1.086047020498892,0.6102207273888978,0.8140387620094461,0.15311187505722046
scaffold_r4_rdkit_descriptors_random_forest,1,"{""max_features"": ""sqrt"", ""min_samples_leaf"": 1, ""n_estimators"": 100}",1.2923654103945341,0.8986125817995965,0.6984670705411551,0.8461463564800535,1.0933159999549389
scaffold_r4_rdkit_descriptors_random_forest,2,"{""max_features"": ""log2"", ""min_samples_leaf"": 1, ""n_estimators"": 100}",1.3151021442981967,0.9139119780688738,0.687763933462452,0.8413165067193454,0.6841218336485326
scaffold_r4_rdkit_descriptors_random_forest,3,"{""max_features"": ""sqrt"", ""min_samples_leaf"": 3, ""n_estimators"": 100}",1.3022467030211806,0.9123471453218506,0.6938384636509216,0.8472587918879908,1.0716807921417058
scaffold_r4_rdkit_descriptors_extra_trees,1,"{""max_features"": ""sqrt"", ""min_samples_leaf"": 1, ""n_estimators"": 100}",1.3384501293155813,0.8983300140676387,0.6765788005599882,0.8384471623096177,1.0509735001251101
scaffold_r4_rdkit_descriptors_extra_trees,2,"{""max_features"": ""log2"", ""min_samples_leaf"": 1, ""n_estimators"": 100}",1.3415612884644943,0.9131107537117754,0.675073500886765,0.8404497620120118,0.6046427502296865
scaffold_r4_rdkit_descriptors_extra_trees,3,"{""max_features"": ""sqrt"", ""min_samples_leaf"": 3, ""n_estimators"": 100}",1.3188198785855019,0.9265731960348249,0.685996083694951,0.8481754812224143,0.4807135001756251
scaffold_r5_rdkit_descriptors_dummy,1,"{""strategy"": ""mean""}",2.4327689062617246,1.9763106875556096,-0.026317648400315363,,0.003285500220954418
scaffold_r5_rdkit_descriptors_dummy,2,"{""strategy"": ""median""}",2.4641531991825376,1.999684525149833,-0.05296877846069359,,0.0007639583200216293
scaffold_r5_rdkit_descriptors_ridge,1,"{""alpha"": 0.1}",1.475834802650401,1.080319430869803,0.6222925253902511,0.8162788632017798,0.2727666674181819
scaffold_r5_rdkit_descriptors_ridge,2,"{""alpha"": 1.0}",1.4734030321012028,1.0795877798452491,0.6235362163441858,0.8167921786161836,0.2696104170754552
scaffold_r5_rdkit_descriptors_ridge,3,"{""alpha"": 10.0}",1.4588315872651825,1.0741992008961054,0.6309455886500601,0.8188303432506299,0.18894745828583837
scaffold_r5_rdkit_descriptors_ridge,4,"{""alpha"": 100.0}",1.4537481189055552,1.0720913216119718,0.6335131334388685,0.8210335027192301,0.15504716709256172
scaffold_r5_rdkit_descriptors_random_forest,1,"{""max_features"": ""sqrt"", ""min_samples_leaf"": 1, ""n_estimators"": 100}",1.324438850032195,0.942155949137493,0.6958107183079756,0.8522745908319604,1.1754295411519706
scaffold_r5_rdkit_descriptors_random_forest,2,"{""max_features"": ""log2"", ""min_samples_leaf"": 1, ""n_estimators"": 100}",1.3428728325473311,0.9503398385334947,0.687284174599458,0.8508139490393374,0.7558350842446089
scaffold_r5_rdkit_descriptors_random_forest,3,"{""max_features"": ""sqrt"", ""min_samples_leaf"": 3, ""n_estimators"": 100}",1.3159013024622532,0.9374133241380446,0.6997197851900419,0.8529316294577102,0.9018663326278329
scaffold_r5_rdkit_descriptors_extra_trees,1,"{""max_features"": ""sqrt"", ""min_samples_leaf"": 1, ""n_estimators"": 100}",1.3250190648584141,0.9239259437478399,0.6955441393096111,0.8545868415222999,0.8206522916443646
scaffold_r5_rdkit_descriptors_extra_trees,2,"{""max_features"": ""log2"", ""min_samples_leaf"": 1, ""n_estimators"": 100}",1.3492925056074636,0.9441707311560545,0.6842871195253228,0.8520470167215902,0.6207672916352749
scaffold_r5_rdkit_descriptors_extra_trees,3,"{""max_features"": ""sqrt"", ""min_samples_leaf"": 3, ""n_estimators"": 100}",1.349842062428537,0.966165139662142,0.6840298921275323,0.8482486669024886,0.5731061659753323
low_similarity_r1_rdkit_descriptors_dummy,1,"{""strategy"": ""mean""}",2.33792348607688,1.8840327458016357,-0.017317002340896614,,0.0011247498914599419
low_similarity_r1_rdkit_descriptors_dummy,2,"{""strategy"": ""median""}",2.3227056727755993,1.8609527207481606,-0.004116437490682134,,0.0005425410345196724
low_similarity_r1_rdkit_descriptors_ridge,1,"{""alpha"": 0.1}",1.347137513299748,0.9844878929264264,0.6622311655147495,0.8190336644936197,0.2693321672268212
low_similarity_r1_rdkit_descriptors_ridge,2,"{""alpha"": 1.0}",1.3466172758004977,0.9846149921385579,0.6624919942456989,0.8186948797522791,0.23583754198625684
low_similarity_r1_rdkit_descriptors_ridge,3,"{""alpha"": 10.0}",1.3551033196267044,0.990954258069389,0.6582248097621711,0.8161935490066952,0.17615033267065883
low_similarity_r1_rdkit_descriptors_ridge,4,"{""alpha"": 100.0}",1.3615472658748269,0.9947179781090602,0.6549665822410969,0.8152173814100693,0.1529781250283122
low_similarity_r1_rdkit_descriptors_random_forest,1,"{""max_features"": ""sqrt"", ""min_samples_leaf"": 1, ""n_estimators"": 100}",1.189190737671484,0.8037802550925163,0.7367922024127687,0.8595082846017659,1.2454904592595994
low_similarity_r1_rdkit_descriptors_random_forest,2,"{""max_features"": ""log2"", ""min_samples_leaf"": 1, ""n_estimators"": 100}",1.1995771157813553,0.8228119799925032,0.732174416547327,0.8538542666954578,0.6962968748994172
low_similarity_r1_rdkit_descriptors_random_forest,3,"{""max_features"": ""sqrt"", ""min_samples_leaf"": 3, ""n_estimators"": 100}",1.1827447416373817,0.8138749241356661,0.7396378991807511,0.8554449210470169,0.8378139999695122
low_similarity_r1_rdkit_descriptors_extra_trees,1,"{""max_features"": ""sqrt"", ""min_samples_leaf"": 1, ""n_estimators"": 100}",1.1782691611203642,0.7899328524944209,0.7416046241627856,0.8642346491045347,0.8259589578956366
low_similarity_r1_rdkit_descriptors_extra_trees,2,"{""max_features"": ""log2"", ""min_samples_leaf"": 1, ""n_estimators"": 100}",1.196295601112744,0.8024650714573776,0.7336377180119216,0.8604051555307554,0.7155406670644879
low_similarity_r1_rdkit_descriptors_extra_trees,3,"{""max_features"": ""sqrt"", ""min_samples_leaf"": 3, ""n_estimators"": 100}",1.2045097021046245,0.8368197640924242,0.7299673239359943,0.8539415186223863,0.4649324999190867
low_similarity_r2_rdkit_descriptors_dummy,1,"{""strategy"": ""mean""}",2.3469458667234835,1.8997842370413456,-0.028975787613098936,,0.0015550842508673668
low_similarity_r2_rdkit_descriptors_dummy,2,"{""strategy"": ""median""}",2.327152839242233,1.8702790671691194,-0.011693186051581206,,0.0007362919859588146
low_similarity_r2_rdkit_descriptors_ridge,1,"{""alpha"": 0.1}",1.427197426794082,1.0046833899464243,0.6194890853798217,0.7843777786265236,0.2591684157960117
low_similarity_r2_rdkit_descriptors_ridge,2,"{""alpha"": 1.0}",1.4265359457917934,1.0061845811772276,0.6198417239244526,0.7850286374216148,0.20600787457078695
low_similarity_r2_rdkit_descriptors_ridge,3,"{""alpha"": 10.0}",1.4210614759461682,1.0057530834683504,0.6227539136788183,0.7852006817532033,0.1782809584401548
low_similarity_r2_rdkit_descriptors_ridge,4,"{""alpha"": 100.0}",1.4131902162902155,1.0037101417339478,0.6269214717908926,0.7863435349059005,0.15302095795050263
low_similarity_r2_rdkit_descriptors_random_forest,1,"{""max_features"": ""sqrt"", ""min_samples_leaf"": 1, ""n_estimators"": 100}",1.2412186046405809,0.8275416950478426,0.7121968361749574,0.8203705214809309,1.1856478340923786
low_similarity_r2_rdkit_descriptors_random_forest,2,"{""max_features"": ""log2"", ""min_samples_leaf"": 1, ""n_estimators"": 100}",1.2505395669721213,0.8394268314785805,0.7078580759048059,0.8168282412654992,0.722702874802053
low_similarity_r2_rdkit_descriptors_random_forest,3,"{""max_features"": ""sqrt"", ""min_samples_leaf"": 3, ""n_estimators"": 100}",1.2423650692286659,0.8366205767572205,0.7116649258117812,0.8214316537440927,0.8572898749262094
low_similarity_r2_rdkit_descriptors_extra_trees,1,"{""max_features"": ""sqrt"", ""min_samples_leaf"": 1, ""n_estimators"": 100}",1.2360458544158681,0.794442608402066,0.7145906638899937,0.8252383460397659,0.8608861672692001
low_similarity_r2_rdkit_descriptors_extra_trees,2,"{""max_features"": ""log2"", ""min_samples_leaf"": 1, ""n_estimators"": 100}",1.2510382017793897,0.8184391732604074,0.7076250546103082,0.81891793508185,0.507099375128746
low_similarity_r2_rdkit_descriptors_extra_trees,3,"{""max_features"": ""sqrt"", ""min_samples_leaf"": 3, ""n_estimators"": 100}",1.255058314863143,0.8483751807806986,0.70574298763922,0.8196094793148372,0.47516112495213747
low_similarity_r3_rdkit_descriptors_dummy,1,"{""strategy"": ""mean""}",2.3659174247920873,1.9252554078572381,-0.021169696682397987,,0.0013180417008697987
low_similarity_r3_rdkit_descriptors_dummy,2,"{""strategy"": ""median""}",2.3501040129996364,1.9003989743085843,-0.007564647879396924,,0.0006115417927503586
low_similarity_r3_rdkit_descriptors_ridge,1,"{""alpha"": 0.1}",1.383202738422681,0.9895235092932417,0.6509638310983803,0.8237009245155109,0.20699333306401968
low_similarity_r3_rdkit_descriptors_ridge,2,"{""alpha"": 1.0}",1.3837767924612723,0.9894327578704221,0.6506740583926507,0.8233476829129859,0.19860495813190937
low_similarity_r3_rdkit_descriptors_ridge,3,"{""alpha"": 10.0}",1.3896273496777365,0.9901944015253982,0.6477139395750829,0.8220461317192148,0.17848358396440744
low_similarity_r3_rdkit_descriptors_ridge,4,"{""alpha"": 100.0}",1.381905391895005,0.9910501816294692,0.6516182666228099,0.8221351757710057,0.1548002907074988
low_similarity_r3_rdkit_descriptors_random_forest,1,"{""max_features"": ""sqrt"", ""min_samples_leaf"": 1, ""n_estimators"": 100}",1.1798414234114314,0.8196525911327456,0.7460512773387677,0.8534466620018356,1.1048100418411195
low_similarity_r3_rdkit_descriptors_random_forest,2,"{""max_features"": ""log2"", ""min_samples_leaf"": 1, ""n_estimators"": 100}",1.1909033323497356,0.8256414764445477,0.7412670299276787,0.8517729285069834,0.7951567089185119
low_similarity_r3_rdkit_descriptors_random_forest,3,"{""max_features"": ""sqrt"", ""min_samples_leaf"": 3, ""n_estimators"": 100}",1.1913940139921082,0.8329573441995936,0.741053777231764,0.8497913737157131,0.8939960831776261
low_similarity_r3_rdkit_descriptors_extra_trees,1,"{""max_features"": ""sqrt"", ""min_samples_leaf"": 1, ""n_estimators"": 100}",1.1967632586473331,0.8054061583628852,0.7387145367533647,0.8525966498016284,0.8528415830805898
low_similarity_r3_rdkit_descriptors_extra_trees,2,"{""max_features"": ""log2"", ""min_samples_leaf"": 1, ""n_estimators"": 100}",1.2160700202160457,0.8223356357681113,0.7302161693944353,0.8474658718264195,0.5801775832660496
low_similarity_r3_rdkit_descriptors_extra_trees,3,"{""max_features"": ""sqrt"", ""min_samples_leaf"": 3, ""n_estimators"": 100}",1.1954321360451128,0.8366845122558083,0.7392954529170557,0.8516394912858747,0.5443179169669747
low_similarity_r4_rdkit_descriptors_dummy,1,"{""strategy"": ""mean""}",2.303336672775263,1.8672658336338948,-0.05199637105740673,,0.001932458020746708
low_similarity_r4_rdkit_descriptors_dummy,2,"{""strategy"": ""median""}",2.273583301306908,1.831634703749387,-0.02499356479468884,,0.000666916836053133
low_similarity_r4_rdkit_descriptors_ridge,1,"{""alpha"": 0.1}",1.3362015298941197,0.9715652228416463,0.6459673414106601,0.8115348909805858,0.2943535419180989
low_similarity_r4_rdkit_descriptors_ridge,2,"{""alpha"": 1.0}",1.3338108753338314,0.9686529241357156,0.6472330376890588,0.811189480528341,0.2382290423847735
low_similarity_r4_rdkit_descriptors_ridge,3,"{""alpha"": 10.0}",1.337547995987779,0.9714254306084917,0.6452534773151517,0.8102276202011328,0.1770243332721293
low_similarity_r4_rdkit_descriptors_ridge,4,"{""alpha"": 100.0}",1.336828877039859,0.9758325001582498,0.6456348264251033,0.8088387125437512,0.15744674997404218
low_similarity_r4_rdkit_descriptors_random_forest,1,"{""max_features"": ""sqrt"", ""min_samples_leaf"": 1, ""n_estimators"": 100}",1.1358513175704863,0.7829494714362945,0.7441753613530102,0.8431775776387809,1.0680643329396844
low_similarity_r4_rdkit_descriptors_random_forest,2,"{""max_features"": ""log2"", ""min_samples_leaf"": 1, ""n_estimators"": 100}",1.168346687115489,0.8144783134182808,0.7293282941769068,0.8352474694140899,0.8858275418169796
low_similarity_r4_rdkit_descriptors_random_forest,3,"{""max_features"": ""sqrt"", ""min_samples_leaf"": 3, ""n_estimators"": 100}",1.1501159031505896,0.7954986001053028,0.7377094677410232,0.8388995794362016,0.9426090409979224
low_similarity_r4_rdkit_descriptors_extra_trees,1,"{""max_features"": ""sqrt"", ""min_samples_leaf"": 1, ""n_estimators"": 100}",1.1543154417911865,0.7710700165165385,0.7357905129087352,0.8421846289666822,0.7570507917553186
low_similarity_r4_rdkit_descriptors_extra_trees,2,"{""max_features"": ""log2"", ""min_samples_leaf"": 1, ""n_estimators"": 100}",1.1658164460299545,0.7826945022086316,0.7304993901991312,0.8399198671697115,0.5884012090973556
low_similarity_r4_rdkit_descriptors_extra_trees,3,"{""max_features"": ""sqrt"", ""min_samples_leaf"": 3, ""n_estimators"": 100}",1.162713893313657,0.8062987614498602,0.7319319094516084,0.8375798830272845,0.7084917090833187
low_similarity_r5_rdkit_descriptors_dummy,1,"{""strategy"": ""mean""}",2.3941961358062094,1.9259034998616162,-0.03173905036589875,,0.0017495830543339252
low_similarity_r5_rdkit_descriptors_dummy,2,"{""strategy"": ""median""}",2.3719330293342598,1.893781441936399,-0.012640430330331354,,0.0007921657525002956
low_similarity_r5_rdkit_descriptors_ridge,1,"{""alpha"": 0.1}",1.3997667248046675,1.0105997521584282,0.6473354974177746,0.8069719930336203,0.2699504173360765
low_similarity_r5_rdkit_descriptors_ridge,2,"{""alpha"": 1.0}",1.3992267021439435,1.0115877525170163,0.6476075571588163,0.8068854513132182,0.22390358289703727
low_similarity_r5_rdkit_descriptors_ridge,3,"{""alpha"": 10.0}",1.401541783252918,1.013580055897501,0.6464404953975628,0.8052507688300722,0.18104454083368182
low_similarity_r5_rdkit_descriptors_ridge,4,"{""alpha"": 100.0}",1.4066093108715094,1.0211256624401746,0.6438791566864364,0.8048246859486342,0.15376329189166427
low_similarity_r5_rdkit_descriptors_random_forest,1,"{""max_features"": ""sqrt"", ""min_samples_leaf"": 1, ""n_estimators"": 100}",1.2081596164702462,0.8131169863099912,0.7372764235229767,0.8450611905872495,1.099732750095427
low_similarity_r5_rdkit_descriptors_random_forest,2,"{""max_features"": ""log2"", ""min_samples_leaf"": 1, ""n_estimators"": 100}",1.2179054915180438,0.8201819350325186,0.7330206970371502,0.8444151940079799,0.741004291921854
low_similarity_r5_rdkit_descriptors_random_forest,3,"{""max_features"": ""sqrt"", ""min_samples_leaf"": 3, ""n_estimators"": 100}",1.2039419455663742,0.8198718602896738,0.7391075514953886,0.8471831989517491,1.0517885000444949
low_similarity_r5_rdkit_descriptors_extra_trees,1,"{""max_features"": ""sqrt"", ""min_samples_leaf"": 1, ""n_estimators"": 100}",1.2123617473415291,0.7893471805777341,0.7354456740763371,0.8511300827488911,0.8643922498449683
low_similarity_r5_rdkit_descriptors_extra_trees,2,"{""max_features"": ""log2"", ""min_samples_leaf"": 1, ""n_estimators"": 100}",1.217313391955117,0.7987282138080216,0.7332802244041663,0.8499774983212895,0.5946797919459641
low_similarity_r5_rdkit_descriptors_extra_trees,3,"{""max_features"": ""sqrt"", ""min_samples_leaf"": 3, ""n_estimators"": 100}",1.213942744153867,0.8292022696739502,0.7347552328521467,0.8469693648588479,0.5601700409315526
random_r1_morgan_fingerprints_dummy,1,"{""strategy"": ""mean""}",2.392461788843522,1.932511287702266,-8.166725678382392e-06,,0.0030752080492675304
random_r1_morgan_fingerprints_dummy,2,"{""strategy"": ""median""}",2.398135634550875,1.9274194114307135,-0.00475693223025031,,0.0018919166177511215
random_r1_morgan_fingerprints_ridge,1,"{""alpha"": 0.1}",1.7575174427322064,1.3353326516768298,0.46034921361736836,0.6988973814151905,0.8199430829845369
random_r1_morgan_fingerprints_ridge,2,"{""alpha"": 1.0}",1.715989845415548,1.3042716217643342,0.48555025836451793,0.7093078273225085,0.772015375085175
random_r1_morgan_fingerprints_ridge,3,"{""alpha"": 10.0}",1.5979714053363911,1.2093515656020006,0.5538801642313745,0.7444961816374881,0.6099442080594599
random_r1_morgan_fingerprints_ridge,4,"{""alpha"": 100.0}",1.6146346994232166,1.2197337189801332,0.5445275748831879,0.7404152547190755,0.25620904099196196
random_r1_morgan_fingerprints_random_forest,1,"{""max_features"": ""sqrt"", ""min_samples_leaf"": 1, ""n_estimators"": 100}",1.525429220483276,1.1034511169012784,0.593465273771525,0.782766545010212,2.7982633328065276
random_r1_morgan_fingerprints_random_forest,2,"{""max_features"": ""log2"", ""min_samples_leaf"": 1, ""n_estimators"": 100}",1.5694755192810508,1.1548206639880412,0.569649196369254,0.7740460217435805,2.011132374871522
random_r1_morgan_fingerprints_random_forest,3,"{""max_features"": ""sqrt"", ""min_samples_leaf"": 3, ""n_estimators"": 100}",1.655372182244006,1.2657327154403257,0.5212543597885583,0.7566928880649566,1.1960960826836526
random_r1_morgan_fingerprints_extra_trees,1,"{""max_features"": ""sqrt"", ""min_samples_leaf"": 1, ""n_estimators"": 100}",1.5135312204965645,1.076789308880518,0.5997822979225531,0.7861926997200885,4.499315499793738
random_r1_morgan_fingerprints_extra_trees,2,"{""max_features"": ""log2"", ""min_samples_leaf"": 1, ""n_estimators"": 100}",1.5353629652858916,1.113071350798002,0.5881532456056371,0.7852121252722812,2.3706691660918295
random_r1_morgan_fingerprints_extra_trees,3,"{""max_features"": ""sqrt"", ""min_samples_leaf"": 3, ""n_estimators"": 100}",1.596123705451077,1.2087116371424218,0.5549112452745484,0.7752146606166094,2.0731428749859333
random_r2_morgan_fingerprints_dummy,1,"{""strategy"": ""mean""}",2.4713249094825653,1.9675743148920286,-0.00010570562191203337,,0.002705874852836132
random_r2_morgan_fingerprints_dummy,2,"{""strategy"": ""median""}",2.478110791160543,1.9648428747361204,-0.0056055218873949375,,0.0017909593880176544
random_r2_morgan_fingerprints_ridge,1,"{""alpha"": 0.1}",1.8640542454061728,1.371927295230009,0.431011741228445,0.6869352637205519,0.8347423332743347
random_r2_morgan_fingerprints_ridge,2,"{""alpha"": 1.0}",1.8164952019380756,1.3359633117949417,0.4596754234056667,0.6986056095281652,0.7322316667996347
random_r2_morgan_fingerprints_ridge,3,"{""alpha"": 10.0}",1.6752894864923866,1.2194043825968184,0.5404149025701703,0.7408987925629406,0.4835291672497988
random_r2_morgan_fingerprints_ridge,4,"{""alpha"": 100.0}",1.6723424748270936,1.2065138499618324,0.5420303981431713,0.7563059474988048,0.26999837486073375
random_r2_morgan_fingerprints_random_forest,1,"{""max_features"": ""sqrt"", ""min_samples_leaf"": 1, ""n_estimators"": 100}",1.5528041204241099,1.0819284521900692,0.6051614382265615,0.7993128682483512,3.238693749997765
random_r2_morgan_fingerprints_random_forest,2,"{""max_features"": ""log2"", ""min_samples_leaf"": 1, ""n_estimators"": 100}",1.5818511121649157,1.1215139125911497,0.5902514550124494,0.8011948850724525,1.7380600422620773
random_r2_morgan_fingerprints_random_forest,3,"{""max_features"": ""sqrt"", ""min_samples_leaf"": 3, ""n_estimators"": 100}",1.7106705677883025,1.247315727454715,0.520797606648087,0.7650043923286539,1.2187056667171419
random_r2_morgan_fingerprints_extra_trees,1,"{""max_features"": ""sqrt"", ""min_samples_leaf"": 1, ""n_estimators"": 100}",1.5260977335867123,1.0478312807949803,0.6186261540589806,0.7997115656477108,4.186510874889791
random_r2_morgan_fingerprints_extra_trees,2,"{""max_features"": ""log2"", ""min_samples_leaf"": 1, ""n_estimators"": 100}",1.557678298859386,1.086852624167812,0.6026787888617273,0.802042961243118,2.666126625146717
random_r2_morgan_fingerprints_extra_trees,3,"{""max_features"": ""sqrt"", ""min_samples_leaf"": 3, ""n_estimators"": 100}",1.6445802601652635,1.1907249526315773,0.5571095069413781,0.781840692733682,2.1910664583556354
random_r3_morgan_fingerprints_dummy,1,"{""strategy"": ""mean""}",2.441552100359162,1.9543555586053691,-1.7340252769670883e-05,,0.002647500019520521
random_r3_morgan_fingerprints_dummy,2,"{""strategy"": ""median""}",2.4473307835280185,1.9487290598273133,-0.0047566386727968535,,0.0019335830584168434
random_r3_morgan_fingerprints_ridge,1,"{""alpha"": 0.1}",1.8218178039785655,1.3698208695334966,0.4432176978585335,0.6865748868424398,0.8043572916649282
random_r3_morgan_fingerprints_ridge,2,"{""alpha"": 1.0}",1.779692637054061,1.338395159423182,0.46866852207605725,0.6990118382977574,0.7319232090376318
random_r3_morgan_fingerprints_ridge,3,"{""alpha"": 10.0}",1.6519645780899541,1.2395869068817431,0.5421987227012257,0.7381594591629153,0.48036312498152256
random_r3_morgan_fingerprints_ridge,4,"{""alpha"": 100.0}",1.6542528573147395,1.2316207611036953,0.5409295638938856,0.7446695544723756,0.2694335002452135
random_r3_morgan_fingerprints_random_forest,1,"{""max_features"": ""sqrt"", ""min_samples_leaf"": 1, ""n_estimators"": 100}",1.5064085366510291,1.0691937627784887,0.6193191111665821,0.8049993261647321,2.5545746670104563
random_r3_morgan_fingerprints_random_forest,2,"{""max_features"": ""log2"", ""min_samples_leaf"": 1, ""n_estimators"": 100}",1.5541185628469099,1.113123220558453,0.5948238867444846,0.7954424120397375,1.881811291910708
random_r3_morgan_fingerprints_random_forest,3,"{""max_features"": ""sqrt"", ""min_samples_leaf"": 3, ""n_estimators"": 100}",1.681053786497374,1.2471892643034406,0.5259340567459723,0.7710808834570213,1.3143827081657946
random_r3_morgan_fingerprints_extra_trees,1,"{""max_features"": ""sqrt"", ""min_samples_leaf"": 1, ""n_estimators"": 100}",1.483615770505353,1.0328433418529779,0.6307517712701745,0.8064545932394704,4.635822874959558
random_r3_morgan_fingerprints_extra_trees,2,"{""max_features"": ""log2"", ""min_samples_leaf"": 1, ""n_estimators"": 100}",1.5055888126870047,1.0558262055182062,0.6197332993984297,0.8073752922912423,2.825668292120099
random_r3_morgan_fingerprints_extra_trees,3,"{""max_features"": ""sqrt"", ""min_samples_leaf"": 3, ""n_estimators"": 100}",1.6208066636153828,1.1902786421144327,0.5593051599893659,0.7843232477758586,2.0742007079534233
random_r4_morgan_fingerprints_dummy,1,"{""strategy"": ""mean""}",2.3563250793838955,1.9186703041518431,-0.00017593972676199776,,0.002515125088393688
random_r4_morgan_fingerprints_dummy,2,"{""strategy"": ""median""}",2.359784649018715,1.9143903881236901,-0.0031150235292538575,,0.0017500417307019234
random_r4_morgan_fingerprints_ridge,1,"{""alpha"": 0.1}",1.851715190654372,1.383553781584157,0.3823330407741715,0.6664378062096932,0.8238864168524742
random_r4_morgan_fingerprints_ridge,2,"{""alpha"": 1.0}",1.804598253469926,1.3505779184005604,0.41336623378599435,0.6778809066804312,0.774686791934073
random_r4_morgan_fingerprints_ridge,3,"{""alpha"": 10.0}",1.6429394505052233,1.2297686332316407,0.5137617633337009,0.7233299532445039,0.49934137519448996
random_r4_morgan_fingerprints_ridge,4,"{""alpha"": 100.0}",1.5927888343984962,1.2139465495253128,0.5429934792666701,0.7443072388302517,0.2966114589944482
random_r4_morgan_fingerprints_random_forest,1,"{""max_features"": ""sqrt"", ""min_samples_leaf"": 1, ""n_estimators"": 100}",1.4613943294908252,1.053552764519156,0.6152834873373418,0.7958224315090351,2.692521749995649
random_r4_morgan_fingerprints_random_forest,2,"{""max_features"": ""log2"", ""min_samples_leaf"": 1, ""n_estimators"": 100}",1.489393989491514,1.0886702602154534,0.6004002706439323,0.7935344698306951,2.300747750326991
random_r4_morgan_fingerprints_random_forest,3,"{""max_features"": ""sqrt"", ""min_samples_leaf"": 3, ""n_estimators"": 100}",1.6171621250022892,1.2369297630291731,0.5288999891360311,0.7613634401508302,1.3330485839396715
random_r4_morgan_fingerprints_extra_trees,1,"{""max_features"": ""sqrt"", ""min_samples_leaf"": 1, ""n_estimators"": 100}",1.4358419315820847,1.010142320914481,0.6286193638539405,0.8024962098076622,5.182754000183195
random_r4_morgan_fingerprints_extra_trees,2,"{""max_features"": ""log2"", ""min_samples_leaf"": 1, ""n_estimators"": 100}",1.4493078647694384,1.0355976791586547,0.6216207696379487,0.8033027334039959,3.3966064578853548
random_r4_morgan_fingerprints_extra_trees,3,"{""max_features"": ""sqrt"", ""min_samples_leaf"": 3, ""n_estimators"": 100}",1.544331819682626,1.165828050197449,0.5703772890106265,0.7812038695869336,2.5807474167086184
random_r5_morgan_fingerprints_dummy,1,"{""strategy"": ""mean""}",2.4144433187978214,1.944641548402107,-8.640718369035127e-06,,0.0027245422825217247
random_r5_morgan_fingerprints_dummy,2,"{""strategy"": ""median""}",2.4193946090815825,1.9403019960513936,-0.004114274400790707,,0.0017797080799937248
random_r5_morgan_fingerprints_ridge,1,"{""alpha"": 0.1}",1.8215458172649075,1.3502440992116351,0.43081961799852897,0.6847379904761025,0.9065507082268596
random_r5_morgan_fingerprints_ridge,2,"{""alpha"": 1.0}",1.7765487794017367,1.317011809149913,0.4585928374753486,0.6954679810931952,0.734475374687463
random_r5_morgan_fingerprints_ridge,3,"{""alpha"": 10.0}",1.652264528453738,1.2139226667308511,0.5316949053544311,0.731321615553624,0.4803463746793568
random_r5_morgan_fingerprints_ridge,4,"{""alpha"": 100.0}",1.6610681915745307,1.2274707057074628,0.5266911255649447,0.7343444529051405,0.2726891250349581
random_r5_morgan_fingerprints_random_forest,1,"{""max_features"": ""sqrt"", ""min_samples_leaf"": 1, ""n_estimators"": 100}",1.507775504681219,1.0648230681670914,0.6100193213069438,0.7986901124065324,3.015162999741733
random_r5_morgan_fingerprints_random_forest,2,"{""max_features"": ""log2"", ""min_samples_leaf"": 1, ""n_estimators"": 100}",1.5337137341901235,1.1112643058251657,0.5964862510425759,0.7990899090889167,2.045526542235166
random_r5_morgan_fingerprints_random_forest,3,"{""max_features"": ""sqrt"", ""min_samples_leaf"": 3, ""n_estimators"": 100}",1.6777561869879467,1.2577575877199259,0.5171331157673671,0.7592653554001083,1.265376124996692
random_r5_morgan_fingerprints_extra_trees,1,"{""max_features"": ""sqrt"", ""min_samples_leaf"": 1, ""n_estimators"": 100}",1.500658677748505,1.0384944351009868,0.6136921159229816,0.8015598813005665,4.539925041142851
random_r5_morgan_fingerprints_extra_trees,2,"{""max_features"": ""log2"", ""min_samples_leaf"": 1, ""n_estimators"": 100}",1.5070711398292824,1.0666444773964932,0.6103835990406761,0.8065443054052032,2.444774250034243
random_r5_morgan_fingerprints_extra_trees,3,"{""max_features"": ""sqrt"", ""min_samples_leaf"": 3, ""n_estimators"": 100}",1.6194197683722584,1.1990471116269446,0.5501283800520536,0.7762429173348212,1.6941577503457665
scaffold_r1_morgan_fingerprints_dummy,1,"{""strategy"": ""mean""}",2.3773679715397247,1.939305797775586,-0.005797002919791572,,0.003282957710325718
scaffold_r1_morgan_fingerprints_dummy,2,"{""strategy"": ""median""}",2.3905627119536015,1.945149323700836,-0.016992626952719414,,0.002051666844636202
scaffold_r1_morgan_fingerprints_ridge,1,"{""alpha"": 0.1}",2.1012526133424343,1.593056315536227,0.21426869723694575,0.5893669657431636,0.8940108329989016
scaffold_r1_morgan_fingerprints_ridge,2,"{""alpha"": 1.0}",2.0425589313857895,1.5437557834010605,0.257550851903833,0.6022733693396976,0.7692203330807388
scaffold_r1_morgan_fingerprints_ridge,3,"{""alpha"": 10.0}",1.8434479861630215,1.3737684335345481,0.39524523530523703,0.6553168415609758,0.5159578751772642
scaffold_r1_morgan_fingerprints_ridge,4,"{""alpha"": 100.0}",1.7543129141526614,1.3168854221589696,0.452313995739529,0.696250810933651,0.2627540002577007
scaffold_r1_morgan_fingerprints_random_forest,1,"{""max_features"": ""sqrt"", ""min_samples_leaf"": 1, ""n_estimators"": 100}",1.7595008463050004,1.2993267941135973,0.4490699232564621,0.7188427564245058,2.6018877080641687
scaffold_r1_morgan_fingerprints_random_forest,2,"{""max_features"": ""log2"", ""min_samples_leaf"": 1, ""n_estimators"": 100}",1.7848166394489804,1.330404196938131,0.43310224850196677,0.7229319252108514,1.565895666833967
scaffold_r1_morgan_fingerprints_random_forest,3,"{""max_features"": ""sqrt"", ""min_samples_leaf"": 3, ""n_estimators"": 100}",1.8265462667500378,1.4011975331811153,0.40628383016311564,0.7064083269173463,1.1773290000855923
scaffold_r1_morgan_fingerprints_extra_trees,1,"{""max_features"": ""sqrt"", ""min_samples_leaf"": 1, ""n_estimators"": 100}",1.7383458815910104,1.2774195753815534,0.46223825026071863,0.7318065811699669,4.137353832833469
scaffold_r1_morgan_fingerprints_extra_trees,2,"{""max_features"": ""log2"", ""min_samples_leaf"": 1, ""n_estimators"": 100}",1.7375103658608757,1.2864947079461457,0.4627550638917691,0.7359902189523267,2.1294869580306113
scaffold_r1_morgan_fingerprints_extra_trees,3,"{""max_features"": ""sqrt"", ""min_samples_leaf"": 3, ""n_estimators"": 100}",1.7899304996625542,1.3597081617411728,0.4298490414732372,0.7248087097836594,1.9780169576406479
scaffold_r2_morgan_fingerprints_dummy,1,"{""strategy"": ""mean""}",2.431192779633179,1.9693809982874215,-0.012115402270964637,,0.003709125332534313
scaffold_r2_morgan_fingerprints_dummy,2,"{""strategy"": ""median""}",2.453435960523617,1.9828396948743032,-0.03071997470314347,,0.004218042362481356
scaffold_r2_morgan_fingerprints_ridge,1,"{""alpha"": 0.1}",2.1194507313222557,1.6500855437243054,0.23080245355122586,0.5645602072598603,1.0447671660222113
scaffold_r2_morgan_fingerprints_ridge,2,"{""alpha"": 1.0}",2.05898186944144,1.606316577337819,0.27406742637661097,0.580408200456821,0.8600309169851243
scaffold_r2_morgan_fingerprints_ridge,3,"{""alpha"": 10.0}",1.8583029676764553,1.4546333388375514,0.40867766885659107,0.6418991828802674,0.5366884157992899
scaffold_r2_morgan_fingerprints_ridge,4,"{""alpha"": 100.0}",1.7700096777915486,1.393939184556114,0.46353360629317464,0.6792744971805765,0.27156045800074935
scaffold_r2_morgan_fingerprints_random_forest,1,"{""max_features"": ""sqrt"", ""min_samples_leaf"": 1, ""n_estimators"": 100}",1.698856975969039,1.3238198472668938,0.5057975715596674,0.7198048331470678,2.9870476252399385
scaffold_r2_morgan_fingerprints_random_forest,2,"{""max_features"": ""log2"", ""min_samples_leaf"": 1, ""n_estimators"": 100}",1.71796222885342,1.3443982641461418,0.4946195220353816,0.7282466117131814,1.7992998748086393
scaffold_r2_morgan_fingerprints_random_forest,3,"{""max_features"": ""sqrt"", ""min_samples_leaf"": 3, ""n_estimators"": 100}",1.7989112949891528,1.412922432836474,0.4458711819190134,0.7105140795185726,1.3019337500445545
scaffold_r2_morgan_fingerprints_extra_trees,1,"{""max_features"": ""sqrt"", ""min_samples_leaf"": 1, ""n_estimators"": 100}",1.652164793537676,1.2654275216802808,0.5325900359580117,0.7348596905990117,3.9101100829429924
scaffold_r2_morgan_fingerprints_extra_trees,2,"{""max_features"": ""log2"", ""min_samples_leaf"": 1, ""n_estimators"": 100}",1.6799957226430264,1.3009542226820245,0.5167102421710119,0.731777427369157,2.6007847082801163
scaffold_r2_morgan_fingerprints_extra_trees,3,"{""max_features"": ""sqrt"", ""min_samples_leaf"": 3, ""n_estimators"": 100}",1.747809299145865,1.370123464326036,0.47690649125182816,0.7249562387034405,1.9096144172362983
scaffold_r3_morgan_fingerprints_dummy,1,"{""strategy"": ""mean""}",2.4758645693892944,2.027360991633176,-0.008012732291130531,,0.00308916624635458
scaffold_r3_morgan_fingerprints_dummy,2,"{""strategy"": ""median""}",2.494763182223331,2.0391532851216834,-0.02346006199162609,,0.0020807082764804363
scaffold_r3_morgan_fingerprints_ridge,1,"{""alpha"": 0.1}",2.014524303253578,1.583196451412489,0.33264446005541404,0.6420440858929273,0.8242925000376999
scaffold_r3_morgan_fingerprints_ridge,2,"{""alpha"": 1.0}",1.9552631339541346,1.5344205586456574,0.3713300939323857,0.6588837190291406,0.7455306672491133
scaffold_r3_morgan_fingerprints_ridge,3,"{""alpha"": 10.0}",1.7648699816267348,1.3706573422539243,0.4878022332924853,0.7166773378909143,0.48315558303147554
scaffold_r3_morgan_fingerprints_ridge,4,"{""alpha"": 100.0}",1.706994830349033,1.3171637031860886,0.5208442992112278,0.754012107770884,0.2711814995855093
scaffold_r3_morgan_fingerprints_random_forest,1,"{""max_features"": ""sqrt"", ""min_samples_leaf"": 1, ""n_estimators"": 100}",1.6959820800967969,1.292306141696503,0.5270069426468589,0.7724113249030381,3.1119890408590436
scaffold_r3_morgan_fingerprints_random_forest,2,"{""max_features"": ""log2"", ""min_samples_leaf"": 1, ""n_estimators"": 100}",1.7516315037792605,1.3409951998850893,0.49545751375078606,0.7603162522136655,1.8612681669183075
scaffold_r3_morgan_fingerprints_random_forest,3,"{""max_features"": ""sqrt"", ""min_samples_leaf"": 3, ""n_estimators"": 100}",1.8122683898758825,1.4120689068310077,0.45992101510387806,0.752736502769267,1.257733582984656
scaffold_r3_morgan_fingerprints_extra_trees,1,"{""max_features"": ""sqrt"", ""min_samples_leaf"": 1, ""n_estimators"": 100}",1.6803999927025224,1.2655507481023065,0.5356584039456276,0.7663713204512107,4.586952915880829
scaffold_r3_morgan_fingerprints_extra_trees,2,"{""max_features"": ""log2"", ""min_samples_leaf"": 1, ""n_estimators"": 100}",1.7226005404322704,1.3125861928161737,0.5120431645353616,0.7655337663400177,2.0851306249387562
scaffold_r3_morgan_fingerprints_extra_trees,3,"{""max_features"": ""sqrt"", ""min_samples_leaf"": 3, ""n_estimators"": 100}",1.7589776487594173,1.3669753466196475,0.49121665093800637,0.7663870811608419,2.1491605420596898
scaffold_r4_morgan_fingerprints_dummy,1,"{""strategy"": ""mean""}",2.3540545630724137,1.8993510363919581,-0.0004540464162694491,,0.004808292258530855
scaffold_r4_morgan_fingerprints_dummy,2,"{""strategy"": ""median""}",2.362556913231625,1.9033305072275364,-0.007693956719712958,,0.002608667127788067
scaffold_r4_morgan_fingerprints_ridge,1,"{""alpha"": 0.1}",1.8900849844122447,1.462421345568967,0.3550489424319552,0.6416075330975314,0.8365850411355495
scaffold_r4_morgan_fingerprints_ridge,2,"{""alpha"": 1.0}",1.840942300583438,1.4213543642574358,0.3881507257402509,0.6547865021338374,0.7253139168024063
scaffold_r4_morgan_fingerprints_ridge,3,"{""alpha"": 10.0}",1.6973313558075909,1.2956996453187417,0.47988741312669425,0.696913045761887,0.4866733751259744
scaffold_r4_morgan_fingerprints_ridge,4,"{""alpha"": 100.0}",1.6639883830536,1.275205318698109,0.500121249740032,0.7166255547411382,0.2600609171204269
scaffold_r4_morgan_fingerprints_random_forest,1,"{""max_features"": ""sqrt"", ""min_samples_leaf"": 1, ""n_estimators"": 100}",1.6292341348276798,1.207794134882241,0.52078423521293,0.7413272896627263,2.9206918752752244
scaffold_r4_morgan_fingerprints_random_forest,2,"{""max_features"": ""log2"", ""min_samples_leaf"": 1, ""n_estimators"": 100}",1.6668270111521313,1.25650434437837,0.4984142904798792,0.7289508774797062,1.8518820842728019
scaffold_r4_morgan_fingerprints_random_forest,3,"{""max_features"": ""sqrt"", ""min_samples_leaf"": 3, ""n_estimators"": 100}",1.7287156816945985,1.3372455980405935,0.46047541586332286,0.7152067378044473,1.3772419579327106
scaffold_r4_morgan_fingerprints_extra_trees,1,"{""max_features"": ""sqrt"", ""min_samples_leaf"": 1, ""n_estimators"": 100}",1.605994401510111,1.1899220287190668,0.5343579962766872,0.7412915413991721,3.4845352498814464
scaffold_r4_morgan_fingerprints_extra_trees,2,"{""max_features"": ""log2"", ""min_samples_leaf"": 1, ""n_estimators"": 100}",1.6302988348846723,1.209824987949776,0.5201576981729773,0.7444536143287441,2.583251583855599
scaffold_r4_morgan_fingerprints_extra_trees,3,"{""max_features"": ""sqrt"", ""min_samples_leaf"": 3, ""n_estimators"": 100}",1.6982068021081647,1.299956810614133,0.4793507494242505,0.723363727642857,2.595385333057493
scaffold_r5_morgan_fingerprints_dummy,1,"{""strategy"": ""mean""}",2.4327689062617246,1.9763106875556096,-0.026317648400315363,,0.003204457927495241
scaffold_r5_morgan_fingerprints_dummy,2,"{""strategy"": ""median""}",2.4641531991825376,1.999684525149833,-0.05296877846069359,,0.0016927081160247326
scaffold_r5_morgan_fingerprints_ridge,1,"{""alpha"": 0.1}",1.9810301891968793,1.5161663016153704,0.31944649970848293,0.6530717777646873,1.065579665824771
scaffold_r5_morgan_fingerprints_ridge,2,"{""alpha"": 1.0}",1.9249877459800702,1.474487940783115,0.3574069519595885,0.6665343557372255,0.8155308752320707
scaffold_r5_morgan_fingerprints_ridge,3,"{""alpha"": 10.0}",1.7474287298267894,1.33786066153523,0.4704840726434242,0.7173228070527002,0.49479729076847434
scaffold_r5_morgan_fingerprints_ridge,4,"{""alpha"": 100.0}",1.6934112459603141,1.3078104926319334,0.5027154533865099,0.7413926805587845,0.2734686662442982
scaffold_r5_morgan_fingerprints_random_forest,1,"{""max_features"": ""sqrt"", ""min_samples_leaf"": 1, ""n_estimators"": 100}",1.668767324366251,1.2788195876193733,0.5170839284449871,0.7633667908767695,2.91927691642195
scaffold_r5_morgan_fingerprints_random_forest,2,"{""max_features"": ""log2"", ""min_samples_leaf"": 1, ""n_estimators"": 100}",1.743157634842078,1.3405473209198322,0.4730694128600099,0.7556993533040258,1.9450480830855668
scaffold_r5_morgan_fingerprints_random_forest,3,"{""max_features"": ""sqrt"", ""min_samples_leaf"": 3, ""n_estimators"": 100}",1.7812316555566254,1.3896922446427753,0.4497996102656122,0.7475920592186929,1.227723415941
scaffold_r5_morgan_fingerprints_extra_trees,1,"{""max_features"": ""sqrt"", ""min_samples_leaf"": 1, ""n_estimators"": 100}",1.6435698867330477,1.2499722481631175,0.5315573431735898,0.7655068211558297,4.396661791950464
scaffold_r5_morgan_fingerprints_extra_trees,2,"{""max_features"": ""log2"", ""min_samples_leaf"": 1, ""n_estimators"": 100}",1.6742759316336708,1.2749110474278345,0.513890450721308,0.7710605026599274,2.442247875034809
scaffold_r5_morgan_fingerprints_extra_trees,3,"{""max_features"": ""sqrt"", ""min_samples_leaf"": 3, ""n_estimators"": 100}",1.722965037536997,1.3399822846862472,0.4852065482850739,0.7638574043693687,2.3029291252605617
low_similarity_r1_morgan_fingerprints_dummy,1,"{""strategy"": ""mean""}",2.33792348607688,1.8840327458016357,-0.017317002340896614,,0.002316999714821577
low_similarity_r1_morgan_fingerprints_dummy,2,"{""strategy"": ""median""}",2.3227056727755993,1.8609527207481606,-0.004116437490682134,,0.0016284999437630177
low_similarity_r1_morgan_fingerprints_ridge,1,"{""alpha"": 0.1}",1.7102278189520723,1.3185441638745925,0.45561813599731593,0.6862639941782245,0.8579470836557448
low_similarity_r1_morgan_fingerprints_ridge,2,"{""alpha"": 1.0}",1.6646410470634405,1.2775399089251085,0.48425275821234837,0.697901738528339,0.8114364999346435
low_similarity_r1_morgan_fingerprints_ridge,3,"{""alpha"": 10.0}",1.538046737571439,1.1596204449306224,0.559714096485489,0.7363687861682322,0.49689433397725224
low_similarity_r1_morgan_fingerprints_ridge,4,"{""alpha"": 100.0}",1.5418142410439886,1.1542941496992924,0.5575544608251646,0.7433730058637494,0.31175745790824294
low_similarity_r1_morgan_fingerprints_random_forest,1,"{""max_features"": ""sqrt"", ""min_samples_leaf"": 1, ""n_estimators"": 100}",1.4637437701229903,1.082811267659625,0.6012269181589693,0.7961479223327061,3.123860999941826
low_similarity_r1_morgan_fingerprints_random_forest,2,"{""max_features"": ""log2"", ""min_samples_leaf"": 1, ""n_estimators"": 100}",1.507841930909403,1.1247328134381323,0.5768373308452492,0.7861372707984192,1.831199750304222
low_similarity_r1_morgan_fingerprints_random_forest,3,"{""max_features"": ""sqrt"", ""min_samples_leaf"": 3, ""n_estimators"": 100}",1.5972579266640676,1.2171270094733926,0.5251616147041676,0.7689556124707382,1.228669332806021
low_similarity_r1_morgan_fingerprints_extra_trees,1,"{""max_features"": ""sqrt"", ""min_samples_leaf"": 1, ""n_estimators"": 100}",1.4321511545063283,1.0521084704605597,0.618254936081708,0.8013791336841521,4.3803176251240075
low_similarity_r1_morgan_fingerprints_extra_trees,2,"{""max_features"": ""log2"", ""min_samples_leaf"": 1, ""n_estimators"": 100}",1.4509112126652601,1.0817870453538223,0.6081883100995702,0.8022048632738482,2.544896916951984
low_similarity_r1_morgan_fingerprints_extra_trees,3,"{""max_features"": ""sqrt"", ""min_samples_leaf"": 3, ""n_estimators"": 100}",1.550683113297754,1.1758759658345674,0.5524497228883095,0.7809727272682444,2.155261042062193
low_similarity_r2_morgan_fingerprints_dummy,1,"{""strategy"": ""mean""}",2.3469458667234835,1.8997842370413456,-0.028975787613098936,,0.0032642497681081295
low_similarity_r2_morgan_fingerprints_dummy,2,"{""strategy"": ""median""}",2.327152839242233,1.8702790671691194,-0.011693186051581206,,0.001487750094383955
low_similarity_r2_morgan_fingerprints_ridge,1,"{""alpha"": 0.1}",1.8160909156531617,1.3455105378883685,0.3838674078789709,0.6776355185355373,1.1924658752977848
low_similarity_r2_morgan_fingerprints_ridge,2,"{""alpha"": 1.0}",1.7588386806924916,1.2990235455935486,0.4221022189804995,0.6904600909247517,0.8920057080686092
low_similarity_r2_morgan_fingerprints_ridge,3,"{""alpha"": 10.0}",1.589653499260226,1.1628006860152553,0.5279326636935084,0.7323730984793375,0.686304250266403
low_similarity_r2_morgan_fingerprints_ridge,4,"{""alpha"": 100.0}",1.5575327833685821,1.1552196382663744,0.546817215253034,0.7499484802271709,0.28971770871430635
low_similarity_r2_morgan_fingerprints_random_forest,1,"{""max_features"": ""sqrt"", ""min_samples_leaf"": 1, ""n_estimators"": 100}",1.486496367963537,1.0705035205414664,0.5872123309192752,0.7838632596512735,3.879976416938007
low_similarity_r2_morgan_fingerprints_random_forest,2,"{""max_features"": ""log2"", ""min_samples_leaf"": 1, ""n_estimators"": 100}",1.5107579522919075,1.111816182340229,0.5736278901909356,0.7830418113775536,2.8355675828643143
low_similarity_r2_morgan_fingerprints_random_forest,3,"{""max_features"": ""sqrt"", ""min_samples_leaf"": 3, ""n_estimators"": 100}",1.614974303887003,1.2167483479845165,0.5127742376511456,0.7544968101639163,1.641353499609977
low_similarity_r2_morgan_fingerprints_extra_trees,1,"{""max_features"": ""sqrt"", ""min_samples_leaf"": 1, ""n_estimators"": 100}",1.4574053299283998,1.0292774023314981,0.603210914437446,0.7892441694082116,4.95854708366096
low_similarity_r2_morgan_fingerprints_extra_trees,2,"{""max_features"": ""log2"", ""min_samples_leaf"": 1, ""n_estimators"": 100}",1.4659068604391885,1.0650416482406928,0.5985682069063007,0.7889685077581091,2.622983167413622
low_similarity_r2_morgan_fingerprints_extra_trees,3,"{""max_features"": ""sqrt"", ""min_samples_leaf"": 3, ""n_estimators"": 100}",1.559583474865018,1.1600250713885445,0.5456230832395329,0.7690761215017625,2.1222707093693316
low_similarity_r3_morgan_fingerprints_dummy,1,"{""strategy"": ""mean""}",2.3659174247920873,1.9252554078572381,-0.021169696682397987,,0.0030221249908208847
low_similarity_r3_morgan_fingerprints_dummy,2,"{""strategy"": ""median""}",2.3501040129996364,1.9003989743085843,-0.007564647879396924,,0.0027749589644372463
low_similarity_r3_morgan_fingerprints_ridge,1,"{""alpha"": 0.1}",1.6506490351711856,1.2790616331875295,0.5029406612797865,0.7196955187382779,0.9175355420447886
low_similarity_r3_morgan_fingerprints_ridge,2,"{""alpha"": 1.0}",1.6074629581496926,1.2455811258521747,0.5286096356570444,0.7303620828517448,0.7604456660337746
low_similarity_r3_morgan_fingerprints_ridge,3,"{""alpha"": 10.0}",1.4975741758110934,1.145637969067197,0.5908567054566101,0.7601769829220524,0.4864162909798324
low_similarity_r3_morgan_fingerprints_ridge,4,"{""alpha"": 100.0}",1.530373334479714,1.1577245830338239,0.5727387244901321,0.7629111198540167,0.27366416715085506
low_similarity_r3_morgan_fingerprints_random_forest,1,"{""max_features"": ""sqrt"", ""min_samples_leaf"": 1, ""n_estimators"": 100}",1.4465679797509474,1.0674296586658736,0.6182522832594577,0.8083873390973083,2.8416827912442386
low_similarity_r3_morgan_fingerprints_random_forest,2,"{""max_features"": ""log2"", ""min_samples_leaf"": 1, ""n_estimators"": 100}",1.4809416403516982,1.1076892354694794,0.5998943888168579,0.8092654592235816,1.9430157081224024
low_similarity_r3_morgan_fingerprints_random_forest,3,"{""max_features"": ""sqrt"", ""min_samples_leaf"": 3, ""n_estimators"": 100}",1.5963776695209106,1.2057841853615783,0.5350887651909684,0.7855190136749478,1.1267282920889556
low_similarity_r3_morgan_fingerprints_extra_trees,1,"{""max_features"": ""sqrt"", ""min_samples_leaf"": 1, ""n_estimators"": 100}",1.4061298983175758,1.0291866025512035,0.6392970964281883,0.813593909420745,4.361315082758665
low_similarity_r3_morgan_fingerprints_extra_trees,2,"{""max_features"": ""log2"", ""min_samples_leaf"": 1, ""n_estimators"": 100}",1.4353103557765061,1.0569276323682166,0.6241709124740245,0.8092104748774313,2.6636351249180734
low_similarity_r3_morgan_fingerprints_extra_trees,3,"{""max_features"": ""sqrt"", ""min_samples_leaf"": 3, ""n_estimators"": 100}",1.548534474081959,1.165212117953832,0.5625378234416604,0.7896085887281312,1.9831527089700103
low_similarity_r4_morgan_fingerprints_dummy,1,"{""strategy"": ""mean""}",2.303336672775263,1.8672658336338948,-0.05199637105740673,,0.0024483329616487026
low_similarity_r4_morgan_fingerprints_dummy,2,"{""strategy"": ""median""}",2.273583301306908,1.831634703749387,-0.02499356479468884,,0.0019290419295430183
low_similarity_r4_morgan_fingerprints_ridge,1,"{""alpha"": 0.1}",1.6824542928159434,1.2771309061821083,0.43871175587298106,0.6985387921937314,1.4366375422105193
low_similarity_r4_morgan_fingerprints_ridge,2,"{""alpha"": 1.0}",1.6329975668360508,1.2389472646134474,0.4712255376260319,0.7098556418113867,0.9233616669662297
low_similarity_r4_morgan_fingerprints_ridge,3,"{""alpha"": 10.0}",1.488121941746356,1.115518640224162,0.5608868555287829,0.7451576218124143,0.5380800417624414
low_similarity_r4_morgan_fingerprints_ridge,4,"{""alpha"": 100.0}",1.4878059746864702,1.1211824378176545,0.5610733060550523,0.7534927801289754,0.4977779174223542
low_similarity_r4_morgan_fingerprints_random_forest,1,"{""max_features"": ""sqrt"", ""min_samples_leaf"": 1, ""n_estimators"": 100}",1.4313085160983456,1.0485081660281572,0.5937756919036039,0.7831381975065395,6.005026875063777
low_similarity_r4_morgan_fingerprints_random_forest,2,"{""max_features"": ""log2"", ""min_samples_leaf"": 1, ""n_estimators"": 100}",1.436365486885747,1.0690664046580158,0.5909001505266928,0.7895645077515956,2.1636813753284514
low_similarity_r4_morgan_fingerprints_random_forest,3,"{""max_features"": ""sqrt"", ""min_samples_leaf"": 3, ""n_estimators"": 100}",1.5651999394503449,1.1867105293682123,0.514220658392374,0.7541543163010225,1.4111379999667406
low_similarity_r4_morgan_fingerprints_extra_trees,1,"{""max_features"": ""sqrt"", ""min_samples_leaf"": 1, ""n_estimators"": 100}",1.373467976299356,0.9876336093753181,0.6259441313743996,0.7989579609745888,5.308542583137751
low_similarity_r4_morgan_fingerprints_extra_trees,2,"{""max_features"": ""log2"", ""min_samples_leaf"": 1, ""n_estimators"": 100}",1.4017369789982448,1.025710342626982,0.6103878802025478,0.7930163925438085,2.5885991253890097
low_similarity_r4_morgan_fingerprints_extra_trees,3,"{""max_features"": ""sqrt"", ""min_samples_leaf"": 3, ""n_estimators"": 100}",1.5012285205424638,1.1242985199993882,0.5531178474464575,0.7697046698288174,2.3151916251517832
low_similarity_r5_morgan_fingerprints_dummy,1,"{""strategy"": ""mean""}",2.3941961358062094,1.9259034998616162,-0.03173905036589875,,0.004269166383892298
low_similarity_r5_morgan_fingerprints_dummy,2,"{""strategy"": ""median""}",2.3719330293342598,1.893781441936399,-0.012640430330331354,,0.0022693341597914696
low_similarity_r5_morgan_fingerprints_ridge,1,"{""alpha"": 0.1}",1.7963374150553604,1.3829575350667387,0.41920047988904063,0.6846612560109877,0.9753687079064548
low_similarity_r5_morgan_fingerprints_ridge,2,"{""alpha"": 1.0}",1.7463815706282344,1.3401137940499475,0.45105517308914966,0.6973556043113642,0.7947001662105322
low_similarity_r5_morgan_fingerprints_ridge,3,"{""alpha"": 10.0}",1.6134154350337468,1.2215231802407083,0.5314641438498535,0.7335445826939508,0.5475194999016821
low_similarity_r5_morgan_fingerprints_ridge,4,"{""alpha"": 100.0}",1.6194909883614685,1.2173166127917538,0.5279288184882828,0.7361371514488529,0.27687233313918114
low_similarity_r5_morgan_fingerprints_random_forest,1,"{""max_features"": ""sqrt"", ""min_samples_leaf"": 1, ""n_estimators"": 100}",1.5122646502464867,1.0845415420975688,0.588370948421722,0.7851791878292089,3.2002672920934856
low_similarity_r5_morgan_fingerprints_random_forest,2,"{""max_features"": ""log2"", ""min_samples_leaf"": 1, ""n_estimators"": 100}",1.5295739377990034,1.1196013779662792,0.5788940598306301,0.7877488201190171,2.3954997919499874
low_similarity_r5_morgan_fingerprints_random_forest,3,"{""max_features"": ""sqrt"", ""min_samples_leaf"": 3, ""n_estimators"": 100}",1.6631907544709001,1.2448569112580254,0.5021086953123639,0.7541564757075091,1.5110434996895492
low_similarity_r5_morgan_fingerprints_extra_trees,1,"{""max_features"": ""sqrt"", ""min_samples_leaf"": 1, ""n_estimators"": 100}",1.4675560340881755,1.0411105955429685,0.6123499875033137,0.7960970449737911,5.38710124976933
low_similarity_r5_morgan_fingerprints_extra_trees,2,"{""max_features"": ""log2"", ""min_samples_leaf"": 1, ""n_estimators"": 100}",1.4967282183787867,1.081443432427567,0.5967853427505605,0.7924803825887632,3.8184837917797267
low_similarity_r5_morgan_fingerprints_extra_trees,3,"{""max_features"": ""sqrt"", ""min_samples_leaf"": 3, ""n_estimators"": 100}",1.6034311325146573,1.1850329485070474,0.5372450843030792,0.7720608017343263,2.98972462490201
random_r1_maccs_fingerprints_dummy,1,"{""strategy"": ""mean""}",2.392461788843522,1.932511287702266,-8.166725678382392e-06,,0.0026134997606277466
random_r1_maccs_fingerprints_dummy,2,"{""strategy"": ""median""}",2.398135634550875,1.9274194114307135,-0.00475693223025031,,0.0008282503113150597
random_r1_maccs_fingerprints_ridge,1,"{""alpha"": 0.1}",1.6336738196898468,1.2447727425619204,0.5337227514380245,0.7423053621436475,0.07556379213929176
random_r1_maccs_fingerprints_ridge,2,"{""alpha"": 1.0}",1.6314128514253496,1.2432117859554284,0.5350124930348266,0.7428725481935422,0.04871687479317188
random_r1_maccs_fingerprints_ridge,3,"{""alpha"": 10.0}",1.6302695301527537,1.2431389676681834,0.5356640066233427,0.7421827071004067,0.03257841570302844
random_r1_maccs_fingerprints_ridge,4,"{""alpha"": 100.0}",1.6417626381142074,1.254364545679571,0.5290939580952119,0.7358365514572776,0.020706040784716606
random_r1_maccs_fingerprints_random_forest,1,"{""max_features"": ""sqrt"", ""min_samples_leaf"": 1, ""n_estimators"": 100}",1.4369031197617237,0.9796594571899646,0.6392814290149966,0.8169198268367636,0.5581166250631213
random_r1_maccs_fingerprints_random_forest,2,"{""max_features"": ""log2"", ""min_samples_leaf"": 1, ""n_estimators"": 100}",1.4622716066833241,0.9970648672730112,0.6264320398875876,0.812653669265833,0.47647683415561914
random_r1_maccs_fingerprints_random_forest,3,"{""max_features"": ""sqrt"", ""min_samples_leaf"": 3, ""n_estimators"": 100}",1.463756249108124,1.0531560432569398,0.6256730886921327,0.8139372242875196,0.2890558340586722
random_r1_maccs_fingerprints_extra_trees,1,"{""max_features"": ""sqrt"", ""min_samples_leaf"": 1, ""n_estimators"": 100}",1.4819197054570943,0.9840648725544916,0.6163255560466505,0.8053879301527009,0.5915949167683721
random_r1_maccs_fingerprints_extra_trees,2,"{""max_features"": ""log2"", ""min_samples_leaf"": 1, ""n_estimators"": 100}",1.4860383868507339,0.9932199429676234,0.6141899089551386,0.805949804084692,0.5238939579576254
random_r1_maccs_fingerprints_extra_trees,3,"{""max_features"": ""sqrt"", ""min_samples_leaf"": 3, ""n_estimators"": 100}",1.4407084050970966,1.0103524687000647,0.6373683499552838,0.8187694206695452,0.4374124170280993
random_r2_maccs_fingerprints_dummy,1,"{""strategy"": ""mean""}",2.4713249094825653,1.9675743148920286,-0.00010570562191203337,,0.004334874916821718
random_r2_maccs_fingerprints_dummy,2,"{""strategy"": ""median""}",2.478110791160543,1.9648428747361204,-0.0056055218873949375,,0.00198433268815279
random_r2_maccs_fingerprints_ridge,1,"{""alpha"": 0.1}",1.706882074817377,1.2424246258477656,0.522917763103166,0.7404609006323453,0.06392379244789481
random_r2_maccs_fingerprints_ridge,2,"{""alpha"": 1.0}",1.7068585353508323,1.2423806839467186,0.5229309218141072,0.7403751390911028,0.0529007907025516
random_r2_maccs_fingerprints_ridge,3,"{""alpha"": 10.0}",1.7092809614906854,1.2458840523974752,0.5215758186711806,0.7401315508624988,0.03572191717103124
random_r2_maccs_fingerprints_ridge,4,"{""alpha"": 100.0}",1.7267914823017205,1.263964542325947,0.5117232927370183,0.7343212255206754,0.023463833145797253
random_r2_maccs_fingerprints_random_forest,1,"{""max_features"": ""sqrt"", ""min_samples_leaf"": 1, ""n_estimators"": 100}",1.4441923089153066,0.9695278755685016,0.6584641733385491,0.8215649579325609,0.5089444159530103
random_r2_maccs_fingerprints_random_forest,2,"{""max_features"": ""log2"", ""min_samples_leaf"": 1, ""n_estimators"": 100}",1.4551132963446531,0.9781527996408883,0.6532792526916886,0.8242306734306815,0.35915329214185476
random_r2_maccs_fingerprints_random_forest,3,"{""max_features"": ""sqrt"", ""min_samples_leaf"": 3, ""n_estimators"": 100}",1.527769567637901,1.0597270923481714,0.6177901092781328,0.8034962194504655,0.22822774993255734
random_r2_maccs_fingerprints_extra_trees,1,"{""max_features"": ""sqrt"", ""min_samples_leaf"": 1, ""n_estimators"": 100}",1.4507768400092704,0.9478325973842522,0.6553427332445383,0.8222610841668342,0.7428375002928078
random_r2_maccs_fingerprints_extra_trees,2,"{""max_features"": ""log2"", ""min_samples_leaf"": 1, ""n_estimators"": 100}",1.4680232092033936,0.9553744804850861,0.6470996775262883,0.8193701341431923,0.8623140002600849
random_r2_maccs_fingerprints_extra_trees,3,"{""max_features"": ""sqrt"", ""min_samples_leaf"": 3, ""n_estimators"": 100}",1.4913793184421695,1.0181903656906952,0.6357811286671723,0.81191970750696,0.8813788341358304
random_r3_maccs_fingerprints_dummy,1,"{""strategy"": ""mean""}",2.441552100359162,1.9543555586053691,-1.7340252769670883e-05,,0.0029035829938948154
random_r3_maccs_fingerprints_dummy,2,"{""strategy"": ""median""}",2.4473307835280185,1.9487290598273133,-0.0047566386727968535,,0.0013709589838981628
random_r3_maccs_fingerprints_ridge,1,"{""alpha"": 0.1}",1.7235432241256678,1.2699549996660358,0.5016667133934922,0.7265338457820663,0.07589187519624829
random_r3_maccs_fingerprints_ridge,2,"{""alpha"": 1.0}",1.722445554346894,1.2707443539399452,0.5023012564622782,0.7266306482657966,0.053392957895994186
random_r3_maccs_fingerprints_ridge,3,"{""alpha"": 10.0}",1.7177982374564922,1.2701580040975695,0.5049833075455172,0.7282003130317926,0.03168270830065012
random_r3_maccs_fingerprints_ridge,4,"{""alpha"": 100.0}",1.7241765373700013,1.2785313309384443,0.5013004225460799,0.7284124779334442,0.017955833114683628
random_r3_maccs_fingerprints_random_forest,1,"{""max_features"": ""sqrt"", ""min_samples_leaf"": 1, ""n_estimators"": 100}",1.4561234129819567,0.9929777674914204,0.6443097929041373,0.8107252671565615,0.5703584998846054
random_r3_maccs_fingerprints_random_forest,2,"{""max_features"": ""log2"", ""min_samples_leaf"": 1, ""n_estimators"": 100}",1.460807181661024,1.0014429391014101,0.6420178854759961,0.8130678350474764,0.6051795422099531
random_r3_maccs_fingerprints_random_forest,3,"{""max_features"": ""sqrt"", ""min_samples_leaf"": 3, ""n_estimators"": 100}",1.4919144101949113,1.0431336833524973,0.6266094211187112,0.8066293148328586,0.2766884998418391
random_r3_maccs_fingerprints_extra_trees,1,"{""max_features"": ""sqrt"", ""min_samples_leaf"": 1, ""n_estimators"": 100}",1.4896253028722943,0.9841977925140579,0.6277543599670101,0.8062734525242387,0.5814451673068106
random_r3_maccs_fingerprints_extra_trees,2,"{""max_features"": ""log2"", ""min_samples_leaf"": 1, ""n_estimators"": 100}",1.4968072086212758,0.9917412298873144,0.6241563037493282,0.8073494822271968,0.44032412488013506
random_r3_maccs_fingerprints_extra_trees,3,"{""max_features"": ""sqrt"", ""min_samples_leaf"": 3, ""n_estimators"": 100}",1.443315926574966,1.000155585052073,0.6505392969059658,0.8178107818374313,0.3138908753171563
random_r4_maccs_fingerprints_dummy,1,"{""strategy"": ""mean""}",2.3563250793838955,1.9186703041518431,-0.00017593972676199776,,0.0038632922805845737
random_r4_maccs_fingerprints_dummy,2,"{""strategy"": ""median""}",2.359784649018715,1.9143903881236901,-0.0031150235292538575,,0.0007136669009923935
random_r4_maccs_fingerprints_ridge,1,"{""alpha"": 0.1}",1.5942851771176882,1.217721417586439,0.5421344079566011,0.7502110526718574,0.05182470940053463
random_r4_maccs_fingerprints_ridge,2,"{""alpha"": 1.0}",1.593690063692329,1.2177024955168132,0.5424761675223638,0.750217932993447,0.03881279192864895
random_r4_maccs_fingerprints_ridge,3,"{""alpha"": 10.0}",1.5922524336529273,1.2198514094432826,0.5433012380300415,0.7509005459819252,0.029297249857336283
random_r4_maccs_fingerprints_ridge,4,"{""alpha"": 100.0}",1.6019702008056778,1.231877616517508,0.5377096178556282,0.7466160264959536,0.019073250237852335
random_r4_maccs_fingerprints_random_forest,1,"{""max_features"": ""sqrt"", ""min_samples_leaf"": 1, ""n_estimators"": 100}",1.3109549586273443,0.899587665841317,0.6904138432604978,0.8455686520765379,0.3804967082105577
random_r4_maccs_fingerprints_random_forest,2,"{""max_features"": ""log2"", ""min_samples_leaf"": 1, ""n_estimators"": 100}",1.3326127032168806,0.9297117794902662,0.6801002583131539,0.8431821517925904,0.46304866718128324
random_r4_maccs_fingerprints_random_forest,3,"{""max_features"": ""sqrt"", ""min_samples_leaf"": 3, ""n_estimators"": 100}",1.4000943851010195,1.0153286567086124,0.6468813792808985,0.8235152658949993,0.23475058283656836
random_r4_maccs_fingerprints_extra_trees,1,"{""max_features"": ""sqrt"", ""min_samples_leaf"": 1, ""n_estimators"": 100}",1.3274512538691103,0.8813943853659291,0.682573518121302,0.841761575177923,0.7123176250606775
random_r4_maccs_fingerprints_extra_trees,2,"{""max_features"": ""log2"", ""min_samples_leaf"": 1, ""n_estimators"": 100}",1.3244112520130669,0.8855340136054952,0.6840257328706594,0.8449914310288291,0.5423422078602016
random_r4_maccs_fingerprints_extra_trees,3,"{""max_features"": ""sqrt"", ""min_samples_leaf"": 3, ""n_estimators"": 100}",1.3378751810313958,0.9560587523019817,0.6775687061442642,0.841190676168193,0.32004095893353224
random_r5_maccs_fingerprints_dummy,1,"{""strategy"": ""mean""}",2.4144433187978214,1.944641548402107,-8.640718369035127e-06,,0.0024495418183505535
random_r5_maccs_fingerprints_dummy,2,"{""strategy"": ""median""}",2.4193946090815825,1.9403019960513936,-0.004114274400790707,,0.0006720828823745251
random_r5_maccs_fingerprints_ridge,1,"{""alpha"": 0.1}",1.635504722017084,1.2337416243519153,0.5411472609568448,0.7461298757225291,0.060211583971977234
random_r5_maccs_fingerprints_ridge,2,"{""alpha"": 1.0}",1.6360442877460566,1.2345034967821844,0.540844452840447,0.7455263489923424,0.0378997502848506
random_r5_maccs_fingerprints_ridge,3,"{""alpha"": 10.0}",1.6386334730657075,1.2354751546881526,0.5393899940186131,0.7448687969593157,0.02787208277732134
random_r5_maccs_fingerprints_ridge,4,"{""alpha"": 100.0}",1.6580930930157796,1.250997214101345,0.5283850710805892,0.7385694572059788,0.018596500158309937
random_r5_maccs_fingerprints_random_forest,1,"{""max_features"": ""sqrt"", ""min_samples_leaf"": 1, ""n_estimators"": 100}",1.3671478186827903,0.9316906978114703,0.6793725717796234,0.8422032396045238,0.4494747081771493
random_r5_maccs_fingerprints_random_forest,2,"{""max_features"": ""log2"", ""min_samples_leaf"": 1, ""n_estimators"": 100}",1.3894417592341115,0.9566418805799141,0.6688304343775267,0.8376989965021693,0.42127175023779273
random_r5_maccs_fingerprints_random_forest,3,"{""max_features"": ""sqrt"", ""min_samples_leaf"": 3, ""n_estimators"": 100}",1.436427848576936,1.031303508542606,0.6460537164952886,0.8293229892987819,0.22861400013789535
random_r5_maccs_fingerprints_extra_trees,1,"{""max_features"": ""sqrt"", ""min_samples_leaf"": 1, ""n_estimators"": 100}",1.4302553715569302,0.9381894249350629,0.6490890674314997,0.8254886807037011,0.7888126247562468
random_r5_maccs_fingerprints_extra_trees,2,"{""max_features"": ""log2"", ""min_samples_leaf"": 1, ""n_estimators"": 100}",1.4379904475181065,0.9541952632037715,0.6452832261199883,0.8238847543321118,0.6748420833609998
random_r5_maccs_fingerprints_extra_trees,3,"{""max_features"": ""sqrt"", ""min_samples_leaf"": 3, ""n_estimators"": 100}",1.3949350575685462,0.9816548861699893,0.6662066332246561,0.8383326726246291,0.3710147081874311
scaffold_r1_maccs_fingerprints_dummy,1,"{""strategy"": ""mean""}",2.3773679715397247,1.939305797775586,-0.005797002919791572,,0.005017292220145464
scaffold_r1_maccs_fingerprints_dummy,2,"{""strategy"": ""median""}",2.3905627119536015,1.945149323700836,-0.016992626952719414,,0.0010064998641610146
scaffold_r1_maccs_fingerprints_ridge,1,"{""alpha"": 0.1}",1.650536987623028,1.2401538665641727,0.5151939349387618,0.7351795044293113,0.08008791599422693
scaffold_r1_maccs_fingerprints_ridge,2,"{""alpha"": 1.0}",1.6515748528611964,1.2408428525931228,0.5145840466882458,0.7351538552964024,0.059354042168706656
scaffold_r1_maccs_fingerprints_ridge,3,"{""alpha"": 10.0}",1.6557388518905913,1.241572161520914,0.5121332711759544,0.7349091540415214,0.030892999842762947
scaffold_r1_maccs_fingerprints_ridge,4,"{""alpha"": 100.0}",1.678411131586324,1.2517165628661242,0.498680930875255,0.7297430474938673,0.01942191692069173
scaffold_r1_maccs_fingerprints_random_forest,1,"{""max_features"": ""sqrt"", ""min_samples_leaf"": 1, ""n_estimators"": 100}",1.5456774911828934,1.1065074857712596,0.5748371717671554,0.7901388259708135,0.5344020831398666
scaffold_r1_maccs_fingerprints_random_forest,2,"{""max_features"": ""log2"", ""min_samples_leaf"": 1, ""n_estimators"": 100}",1.5727849720042208,1.1227895792412492,0.5597937302433199,0.7896440402953865,0.5183011661283672
scaffold_r1_maccs_fingerprints_random_forest,3,"{""max_features"": ""sqrt"", ""min_samples_leaf"": 3, ""n_estimators"": 100}",1.596265745316803,1.1681943353578232,0.5465515618071715,0.779262669170151,0.30453637475147843
scaffold_r1_maccs_fingerprints_extra_trees,1,"{""max_features"": ""sqrt"", ""min_samples_leaf"": 1, ""n_estimators"": 100}",1.5492495348068198,1.0951625699232017,0.5728698079049542,0.7913524616713554,0.5727627500891685
scaffold_r1_maccs_fingerprints_extra_trees,2,"{""max_features"": ""log2"", ""min_samples_leaf"": 1, ""n_estimators"": 100}",1.557036917360454,1.1070314468304603,0.5685650321347824,0.7895314471242373,0.512879041954875
scaffold_r1_maccs_fingerprints_extra_trees,3,"{""max_features"": ""sqrt"", ""min_samples_leaf"": 3, ""n_estimators"": 100}",1.5617538242942548,1.129872558334126,0.5659470838327894,0.7922713416739492,0.31362625025212765
scaffold_r2_maccs_fingerprints_dummy,1,"{""strategy"": ""mean""}",2.431192779633179,1.9693809982874215,-0.012115402270964637,,0.0016831662505865097
scaffold_r2_maccs_fingerprints_dummy,2,"{""strategy"": ""median""}",2.453435960523617,1.9828396948743032,-0.03071997470314347,,0.0007260004058480263
scaffold_r2_maccs_fingerprints_ridge,1,"{""alpha"": 0.1}",1.6763279782897207,1.2701495058480954,0.5188181622285252,0.7164897605195285,0.05311241699382663
scaffold_r2_maccs_fingerprints_ridge,2,"{""alpha"": 1.0}",1.6775833592814418,1.2716258791054842,0.5180971902833572,0.7164239815040834,0.04890308389440179
scaffold_r2_maccs_fingerprints_ridge,3,"{""alpha"": 10.0}",1.6876323183032116,1.2823901483569211,0.512306568254533,0.7140642729328416,0.048093832563608885
scaffold_r2_maccs_fingerprints_ridge,4,"{""alpha"": 100.0}",1.710943285249673,1.3083242455837492,0.49874067287280544,0.7104308407174617,0.020064750220626593
scaffold_r2_maccs_fingerprints_random_forest,1,"{""max_features"": ""sqrt"", ""min_samples_leaf"": 1, ""n_estimators"": 100}",1.5119240611821345,1.1146756880964939,0.6085726239033531,0.7974536823420656,0.452112415805459
scaffold_r2_maccs_fingerprints_random_forest,2,"{""max_features"": ""log2"", ""min_samples_leaf"": 1, ""n_estimators"": 100}",1.5416034114667763,1.1389229303866621,0.5930542053710031,0.7940661101807285,0.37083133310079575
scaffold_r2_maccs_fingerprints_random_forest,3,"{""max_features"": ""sqrt"", ""min_samples_leaf"": 3, ""n_estimators"": 100}",1.561978661989466,1.1673081533653504,0.5822259763821962,0.7806782324840282,0.43575487472116947
scaffold_r2_maccs_fingerprints_extra_trees,1,"{""max_features"": ""sqrt"", ""min_samples_leaf"": 1, ""n_estimators"": 100}",1.5445450618809629,1.121007080801616,0.5914996753437729,0.7914272446547151,0.6797409579157829
scaffold_r2_maccs_fingerprints_extra_trees,2,"{""max_features"": ""log2"", ""min_samples_leaf"": 1, ""n_estimators"": 100}",1.5698242774157647,1.1405231512557998,0.578018587228607,0.7893647815174719,0.5449170828796923
scaffold_r2_maccs_fingerprints_extra_trees,3,"{""max_features"": ""sqrt"", ""min_samples_leaf"": 3, ""n_estimators"": 100}",1.5305603565136772,1.138508132555116,0.5988635191632534,0.7877069500925881,0.28755899984389544
scaffold_r3_maccs_fingerprints_dummy,1,"{""strategy"": ""mean""}",2.4758645693892944,2.027360991633176,-0.008012732291130531,,0.005141584202647209
scaffold_r3_maccs_fingerprints_dummy,2,"{""strategy"": ""median""}",2.494763182223331,2.0391532851216834,-0.02346006199162609,,0.0009375410154461861
scaffold_r3_maccs_fingerprints_ridge,1,"{""alpha"": 0.1}",1.7358247607244448,1.3008316941314735,0.5045224219741501,0.7348050553066142,0.05146683333441615
scaffold_r3_maccs_fingerprints_ridge,2,"{""alpha"": 1.0}",1.734092106051853,1.2997458755808207,0.5055110737070843,0.7361058026926959,0.03747533308342099
scaffold_r3_maccs_fingerprints_ridge,3,"{""alpha"": 10.0}",1.7293615489593672,1.2989541869304742,0.5082052990490665,0.7385333937635696,0.025057875085622072
scaffold_r3_maccs_fingerprints_ridge,4,"{""alpha"": 100.0}",1.732490575070864,1.3041220234176312,0.5064240282523844,0.7412238425109232,0.02357954205945134
scaffold_r3_maccs_fingerprints_random_forest,1,"{""max_features"": ""sqrt"", ""min_samples_leaf"": 1, ""n_estimators"": 100}",1.5725014977495084,1.14804515153114,0.593374712460826,0.7920669098433922,0.5864039999432862
scaffold_r3_maccs_fingerprints_random_forest,2,"{""max_features"": ""log2"", ""min_samples_leaf"": 1, ""n_estimators"": 100}",1.5746452269941684,1.1434843449631888,0.5922652843361002,0.7987421484064589,0.4865982090122998
scaffold_r3_maccs_fingerprints_random_forest,3,"{""max_features"": ""sqrt"", ""min_samples_leaf"": 3, ""n_estimators"": 100}",1.6068457712544402,1.1946714276444657,0.5754189211640212,0.7908710010263849,0.2746928748674691
scaffold_r3_maccs_fingerprints_extra_trees,1,"{""max_features"": ""sqrt"", ""min_samples_leaf"": 1, ""n_estimators"": 100}",1.565489872602654,1.1244522931153957,0.5969928300945785,0.7982053412294253,0.5258877919986844
scaffold_r3_maccs_fingerprints_extra_trees,2,"{""max_features"": ""log2"", ""min_samples_leaf"": 1, ""n_estimators"": 100}",1.5995328237173896,1.1506982431215513,0.5792747656205388,0.788756043349349,0.5744088748469949
scaffold_r3_maccs_fingerprints_extra_trees,3,"{""max_features"": ""sqrt"", ""min_samples_leaf"": 3, ""n_estimators"": 100}",1.5772379060214317,1.1597316628989853,0.590921495252916,0.7957605982682323,0.30957379192113876
scaffold_r4_maccs_fingerprints_dummy,1,"{""strategy"": ""mean""}",2.3540545630724137,1.8993510363919581,-0.0004540464162694491,,0.0032380837947130203
scaffold_r4_maccs_fingerprints_dummy,2,"{""strategy"": ""median""}",2.362556913231625,1.9033305072275364,-0.007693956719712958,,0.0005767499096691608
scaffold_r4_maccs_fingerprints_ridge,1,"{""alpha"": 0.1}",1.6774958296241946,1.274619238169183,0.4919727666744428,0.7293500632153536,0.05255183298140764
scaffold_r4_maccs_fingerprints_ridge,2,"{""alpha"": 1.0}",1.6755834255314055,1.2748956652764452,0.4931304441370701,0.7296183625793979,0.0462681669741869
scaffold_r4_maccs_fingerprints_ridge,3,"{""alpha"": 10.0}",1.6701022544732629,1.2717717508735866,0.4964411651768983,0.7300677868686695,0.030603417195379734
scaffold_r4_maccs_fingerprints_ridge,4,"{""alpha"": 100.0}",1.668368587095558,1.2718835563755364,0.4974860717472138,0.7276896585071141,0.020328667014837265
scaffold_r4_maccs_fingerprints_random_forest,1,"{""max_features"": ""sqrt"", ""min_samples_leaf"": 1, ""n_estimators"": 100}",1.5077086921429752,1.077296046180494,0.589607918381636,0.7907461848685461,0.40998900029808283
scaffold_r4_maccs_fingerprints_random_forest,2,"{""max_features"": ""log2"", ""min_samples_leaf"": 1, ""n_estimators"": 100}",1.5192132889661785,1.0930514791246986,0.5833210158688931,0.7882924534952839,0.32662108400836587
scaffold_r4_maccs_fingerprints_random_forest,3,"{""max_features"": ""sqrt"", ""min_samples_leaf"": 3, ""n_estimators"": 100}",1.536151929824924,1.1240431276433636,0.5739775977100425,0.7816596906131746,0.28676800010725856
scaffold_r4_maccs_fingerprints_extra_trees,1,"{""max_features"": ""sqrt"", ""min_samples_leaf"": 1, ""n_estimators"": 100}",1.5070109447177655,1.0553230254148773,0.5899876784245244,0.7944617478249686,0.6087776250205934
scaffold_r4_maccs_fingerprints_extra_trees,2,"{""max_features"": ""log2"", ""min_samples_leaf"": 1, ""n_estimators"": 100}",1.533341200612654,1.0687138835685186,0.5755351755815397,0.7873804803975087,0.4855686672963202
scaffold_r4_maccs_fingerprints_extra_trees,3,"{""max_features"": ""sqrt"", ""min_samples_leaf"": 3, ""n_estimators"": 100}",1.498359157886564,1.0865965996306517,0.594681946287813,0.7915973375909034,0.3215577080845833
scaffold_r5_maccs_fingerprints_dummy,1,"{""strategy"": ""mean""}",2.4327689062617246,1.9763106875556096,-0.026317648400315363,,0.002481582574546337
scaffold_r5_maccs_fingerprints_dummy,2,"{""strategy"": ""median""}",2.4641531991825376,1.999684525149833,-0.05296877846069359,,0.0012830421328544617
scaffold_r5_maccs_fingerprints_ridge,1,"{""alpha"": 0.1}",1.5916268402485636,1.199737188057461,0.5606985945007195,0.7556394725643525,0.04690816579386592
scaffold_r5_maccs_fingerprints_ridge,2,"{""alpha"": 1.0}",1.5901478703160359,1.199198667093639,0.5615146296297147,0.7562887311641684,0.04622416663914919
scaffold_r5_maccs_fingerprints_ridge,3,"{""alpha"": 10.0}",1.5926969242270963,1.201649832160391,0.5601076929032578,0.7573674923392032,0.026851917151361704
scaffold_r5_maccs_fingerprints_ridge,4,"{""alpha"": 100.0}",1.617331765459197,1.2268711381001198,0.5463944942962918,0.7559075185676352,0.01878812490031123
scaffold_r5_maccs_fingerprints_random_forest,1,"{""max_features"": ""sqrt"", ""min_samples_leaf"": 1, ""n_estimators"": 100}",1.473867627948397,1.067931039594182,0.6232987645647008,0.8095533080366663,0.4649131251499057
scaffold_r5_maccs_fingerprints_random_forest,2,"{""max_features"": ""log2"", ""min_samples_leaf"": 1, ""n_estimators"": 100}",1.5087873104318648,1.0947610145484425,0.6052372825323366,0.8060432732954519,0.3145899581722915
scaffold_r5_maccs_fingerprints_random_forest,3,"{""max_features"": ""sqrt"", ""min_samples_leaf"": 3, ""n_estimators"": 100}",1.5195031891867004,1.1340833365989396,0.5996099133288881,0.8007473770246376,0.2230842080898583
scaffold_r5_maccs_fingerprints_extra_trees,1,"{""max_features"": ""sqrt"", ""min_samples_leaf"": 1, ""n_estimators"": 100}",1.5180235920107743,1.0755038603263216,0.6003892833451875,0.8037998971405386,0.7018877910450101
scaffold_r5_maccs_fingerprints_extra_trees,2,"{""max_features"": ""log2"", ""min_samples_leaf"": 1, ""n_estimators"": 100}",1.5149904113464956,1.0739395487709498,0.6019846215972149,0.8081453316773662,0.537971124984324
scaffold_r5_maccs_fingerprints_extra_trees,3,"{""max_features"": ""sqrt"", ""min_samples_leaf"": 3, ""n_estimators"": 100}",1.486200638862469,1.0995691049117773,0.6169680763187846,0.8087462255299671,0.41537241684272885
low_similarity_r1_maccs_fingerprints_dummy,1,"{""strategy"": ""mean""}",2.33792348607688,1.8840327458016357,-0.017317002340896614,,0.002423624973744154
low_similarity_r1_maccs_fingerprints_dummy,2,"{""strategy"": ""median""}",2.3227056727755993,1.8609527207481606,-0.004116437490682134,,0.0008074576035141945
low_similarity_r1_maccs_fingerprints_ridge,1,"{""alpha"": 0.1}",1.5306917336958583,1.1735065160823483,0.563914959299215,0.7631348967854545,0.05242562526836991
low_similarity_r1_maccs_fingerprints_ridge,2,"{""alpha"": 1.0}",1.530166843655875,1.1732486924894632,0.5642139841699825,0.7631777136058359,0.0462563750334084
low_similarity_r1_maccs_fingerprints_ridge,3,"{""alpha"": 10.0}",1.5294818703641246,1.173349794581391,0.5646040527058587,0.7618105584194664,0.032269000075757504
low_similarity_r1_maccs_fingerprints_ridge,4,"{""alpha"": 100.0}",1.540686285505635,1.1821468336475829,0.5582015898152789,0.7554262734866791,0.020162208937108517
low_similarity_r1_maccs_fingerprints_random_forest,1,"{""max_features"": ""sqrt"", ""min_samples_leaf"": 1, ""n_estimators"": 100}",1.3391791824524701,0.9434059782852798,0.6662101744691726,0.8246981529712238,0.3687470839358866
low_similarity_r1_maccs_fingerprints_random_forest,2,"{""max_features"": ""log2"", ""min_samples_leaf"": 1, ""n_estimators"": 100}",1.352709777582436,0.9661769470442406,0.6594311101305129,0.8247328029298268,0.38729549990966916
low_similarity_r1_maccs_fingerprints_random_forest,3,"{""max_features"": ""sqrt"", ""min_samples_leaf"": 3, ""n_estimators"": 100}",1.4194007658484216,1.0350441021973624,0.6250220022342344,0.8044888971492435,0.2388145001605153
low_similarity_r1_maccs_fingerprints_extra_trees,1,"{""max_features"": ""sqrt"", ""min_samples_leaf"": 1, ""n_estimators"": 100}",1.3451405506234084,0.9287422054584146,0.6632318232938336,0.823531826542776,0.5770190842449665
low_similarity_r1_maccs_fingerprints_extra_trees,2,"{""max_features"": ""log2"", ""min_samples_leaf"": 1, ""n_estimators"": 100}",1.3549254645942688,0.9384079142997706,0.6583145187129297,0.8237665949811839,0.4939988749101758
low_similarity_r1_maccs_fingerprints_extra_trees,3,"{""max_features"": ""sqrt"", ""min_samples_leaf"": 3, ""n_estimators"": 100}",1.3790565674471014,0.9941107552481487,0.6460353619999906,0.8174050017516862,0.41476945811882615
low_similarity_r2_maccs_fingerprints_dummy,1,"{""strategy"": ""mean""}",2.3469458667234835,1.8997842370413456,-0.028975787613098936,,0.0017072497867047787
low_similarity_r2_maccs_fingerprints_dummy,2,"{""strategy"": ""median""}",2.327152839242233,1.8702790671691194,-0.011693186051581206,,0.000656540971249342
low_similarity_r2_maccs_fingerprints_ridge,1,"{""alpha"": 0.1}",1.6238587113809115,1.1902576127027769,0.5073987726568479,0.7299071786709471,0.04975237511098385
low_similarity_r2_maccs_fingerprints_ridge,2,"{""alpha"": 1.0}",1.6238536792395297,1.1907770995748461,0.5074018256751466,0.7297054995169516,0.04181608324870467
low_similarity_r2_maccs_fingerprints_ridge,3,"{""alpha"": 10.0}",1.6237375122667315,1.191492105653236,0.5074723019657399,0.72940711858128,0.02832529181614518
low_similarity_r2_maccs_fingerprints_ridge,4,"{""alpha"": 100.0}",1.6298610144827026,1.2039863198557919,0.5037504177998021,0.7243229383350009,0.01843804121017456
low_similarity_r2_maccs_fingerprints_random_forest,1,"{""max_features"": ""sqrt"", ""min_samples_leaf"": 1, ""n_estimators"": 100}",1.3704637573928982,0.929425429811761,0.6491397888502717,0.8118286993118097,0.524704416282475
low_similarity_r2_maccs_fingerprints_random_forest,2,"{""max_features"": ""log2"", ""min_samples_leaf"": 1, ""n_estimators"": 100}",1.3700437963556371,0.9326464641800097,0.6493547891244777,0.8150006673320729,0.35702795814722776
low_similarity_r2_maccs_fingerprints_random_forest,3,"{""max_features"": ""sqrt"", ""min_samples_leaf"": 3, ""n_estimators"": 100}",1.437199425021971,1.0167027307486916,0.6141370500501468,0.8009980752271904,0.2057702923193574
low_similarity_r2_maccs_fingerprints_extra_trees,1,"{""max_features"": ""sqrt"", ""min_samples_leaf"": 1, ""n_estimators"": 100}",1.3837164121341838,0.9133532229625634,0.6423212041217253,0.8078562574519645,0.6001094160601497
low_similarity_r2_maccs_fingerprints_extra_trees,2,"{""max_features"": ""log2"", ""min_samples_leaf"": 1, ""n_estimators"": 100}",1.3799574174583178,0.914479767783595,0.6442619001061752,0.8123664640028274,0.4555097077973187
low_similarity_r2_maccs_fingerprints_extra_trees,3,"{""max_features"": ""sqrt"", ""min_samples_leaf"": 3, ""n_estimators"": 100}",1.4035799491255256,0.9715162559161811,0.6319783894709532,0.8088608485044076,0.39186366694048047
low_similarity_r3_maccs_fingerprints_dummy,1,"{""strategy"": ""mean""}",2.3659174247920873,1.9252554078572381,-0.021169696682397987,,0.0009536249563097954
low_similarity_r3_maccs_fingerprints_dummy,2,"{""strategy"": ""median""}",2.3501040129996364,1.9003989743085843,-0.007564647879396924,,0.0014035413041710854
low_similarity_r3_maccs_fingerprints_ridge,1,"{""alpha"": 0.1}",1.5683017035490154,1.1771027790248387,0.551298024751486,0.7538253803722011,0.07005029125139117
low_similarity_r3_maccs_fingerprints_ridge,2,"{""alpha"": 1.0}",1.5674192508608407,1.1773311651318124,0.5518028343354671,0.7538470812941189,0.04407449997961521
low_similarity_r3_maccs_fingerprints_ridge,3,"{""alpha"": 10.0}",1.568110076157511,1.1791980962665598,0.5514076698992414,0.7535086789264795,0.03408766724169254
low_similarity_r3_maccs_fingerprints_ridge,4,"{""alpha"": 100.0}",1.5861415681421862,1.1972450270246684,0.5410317465633305,0.7472302440306515,0.019821790978312492
low_similarity_r3_maccs_fingerprints_random_forest,1,"{""max_features"": ""sqrt"", ""min_samples_leaf"": 1, ""n_estimators"": 100}",1.3383158181887282,0.9403648194061217,0.6732497148908121,0.827568541932631,0.6029466250911355
low_similarity_r3_maccs_fingerprints_random_forest,2,"{""max_features"": ""log2"", ""min_samples_leaf"": 1, ""n_estimators"": 100}",1.3462422007117698,0.9421650136192314,0.6693677949476411,0.8266213045992127,0.31009887531399727
low_similarity_r3_maccs_fingerprints_random_forest,3,"{""max_features"": ""sqrt"", ""min_samples_leaf"": 3, ""n_estimators"": 100}",1.4101223426752225,1.0163786460407496,0.6372458909137322,0.8159740334168258,0.22351650008931756
low_similarity_r3_maccs_fingerprints_extra_trees,1,"{""max_features"": ""sqrt"", ""min_samples_leaf"": 1, ""n_estimators"": 100}",1.3306292163553257,0.9004224662270767,0.6769923093297054,0.8308504446417305,0.6055680001154542
low_similarity_r3_maccs_fingerprints_extra_trees,2,"{""max_features"": ""log2"", ""min_samples_leaf"": 1, ""n_estimators"": 100}",1.3578662315427803,0.922753918033976,0.6636335055305709,0.826695742701932,0.5169189590960741
low_similarity_r3_maccs_fingerprints_extra_trees,3,"{""max_features"": ""sqrt"", ""min_samples_leaf"": 3, ""n_estimators"": 100}",1.3534517116116533,0.9628732099081094,0.665817053227999,0.827721656110128,0.7743922499939799
low_similarity_r4_maccs_fingerprints_dummy,1,"{""strategy"": ""mean""}",2.303336672775263,1.8672658336338948,-0.05199637105740673,,0.003129958175122738
low_similarity_r4_maccs_fingerprints_dummy,2,"{""strategy"": ""median""}",2.273583301306908,1.831634703749387,-0.02499356479468884,,0.0007391669787466526
low_similarity_r4_maccs_fingerprints_ridge,1,"{""alpha"": 0.1}",1.512980401540414,1.1518360225596862,0.5460939181197892,0.7476739156773469,0.0853700409643352
low_similarity_r4_maccs_fingerprints_ridge,2,"{""alpha"": 1.0}",1.511955434515537,1.1518601413209975,0.5467087062268681,0.7475624006667855,0.04866354214027524
low_similarity_r4_maccs_fingerprints_ridge,3,"{""alpha"": 10.0}",1.5106833614645172,1.1541072408718043,0.5474711322329232,0.7473265286511511,0.029435040894895792
low_similarity_r4_maccs_fingerprints_ridge,4,"{""alpha"": 100.0}",1.517346254643859,1.1682552917137559,0.5434705576974435,0.742210797231197,0.020654333755373955
low_similarity_r4_maccs_fingerprints_random_forest,1,"{""max_features"": ""sqrt"", ""min_samples_leaf"": 1, ""n_estimators"": 100}",1.2745845269442482,0.9023184830029783,0.6778659141929688,0.8195976508642334,0.5728582078590989
low_similarity_r4_maccs_fingerprints_random_forest,2,"{""max_features"": ""log2"", ""min_samples_leaf"": 1, ""n_estimators"": 100}",1.2960660428848423,0.919464822758152,0.6669160843639457,0.8156332149083263,0.49526900006458163
low_similarity_r4_maccs_fingerprints_random_forest,3,"{""max_features"": ""sqrt"", ""min_samples_leaf"": 3, ""n_estimators"": 100}",1.3206607412680447,0.9657064731037756,0.6541546562680478,0.8118239638868759,0.2746877088211477
low_similarity_r4_maccs_fingerprints_extra_trees,1,"{""max_features"": ""sqrt"", ""min_samples_leaf"": 1, ""n_estimators"": 100}",1.3029837334839927,0.8881243343737244,0.6633509563564727,0.8120371028587743,0.7891816669143736
low_similarity_r4_maccs_fingerprints_extra_trees,2,"{""max_features"": ""log2"", ""min_samples_leaf"": 1, ""n_estimators"": 100}",1.30362775989707,0.8891098116785657,0.6630180827340628,0.8145842906308103,0.495940166991204
low_similarity_r4_maccs_fingerprints_extra_trees,3,"{""max_features"": ""sqrt"", ""min_samples_leaf"": 3, ""n_estimators"": 100}",1.2816568831048845,0.9305203791368605,0.6742811104326798,0.8196456104660377,0.3913327921181917
low_similarity_r5_maccs_fingerprints_dummy,1,"{""strategy"": ""mean""}",2.3941961358062094,1.9259034998616162,-0.03173905036589875,,0.0025063748471438885
low_similarity_r5_maccs_fingerprints_dummy,2,"{""strategy"": ""median""}",2.3719330293342598,1.893781441936399,-0.012640430330331354,,0.000681708101183176
low_similarity_r5_maccs_fingerprints_ridge,1,"{""alpha"": 0.1}",1.6771063333595408,1.25811986356072,0.4937423306509232,0.7234742288556256,0.04916683305054903
low_similarity_r5_maccs_fingerprints_ridge,2,"{""alpha"": 1.0}",1.6765365662691611,1.2580512913695812,0.4940862563231425,0.7235523771343906,0.038904333021491766
low_similarity_r5_maccs_fingerprints_ridge,3,"{""alpha"": 10.0}",1.676681523374425,1.259249684982103,0.4939987676710482,0.7228253767093799,0.026740916073322296
low_similarity_r5_maccs_fingerprints_ridge,4,"{""alpha"": 100.0}",1.6857464942151654,1.2747242638961747,0.4885125905499461,0.7167493211556853,0.01932508312165737
low_similarity_r5_maccs_fingerprints_random_forest,1,"{""max_features"": ""sqrt"", ""min_samples_leaf"": 1, ""n_estimators"": 100}",1.4084175802558239,0.9676166933621984,0.6429629444352014,0.8041386907981515,0.37064937502145767
low_similarity_r5_maccs_fingerprints_random_forest,2,"{""max_features"": ""log2"", ""min_samples_leaf"": 1, ""n_estimators"": 100}",1.4290837205266407,0.9794551576774256,0.6324082452650293,0.7985339872242813,0.32654945785179734
low_similarity_r5_maccs_fingerprints_random_forest,3,"{""max_features"": ""sqrt"", ""min_samples_leaf"": 3, ""n_estimators"": 100}",1.4592346288708342,1.0376315819632898,0.6167336665461307,0.8012539747263588,0.22926629101857543
low_similarity_r5_maccs_fingerprints_extra_trees,1,"{""max_features"": ""sqrt"", ""min_samples_leaf"": 1, ""n_estimators"": 100}",1.426865619613421,0.9561879204990839,0.6335484483654119,0.8003229835694481,0.6865128329955041
low_similarity_r5_maccs_fingerprints_extra_trees,2,"{""max_features"": ""log2"", ""min_samples_leaf"": 1, ""n_estimators"": 100}",1.4437323980215626,0.9681646281300965,0.624833698278334,0.7958514776376994,0.6754691251553595
low_similarity_r5_maccs_fingerprints_extra_trees,3,"{""max_features"": ""sqrt"", ""min_samples_leaf"": 3, ""n_estimators"": 100}",1.4234158072225669,0.9983122473047078,0.6353182868645064,0.8073805473874792,0.3236530418507755
