outer_heldout_source,meta_model,transformed_feature,importance,absolute_importance,posterior_sd
AQUA,logistic,numeric__x_features_after_preprocessing,-0.8511266994837302,0.8511266994837302,
AQUA,logistic,numeric__x_fit_molecules,-0.022651495301900908,0.022651495301900908,
AQUA,logistic,numeric__x_fit_scaffold_count,-0.02398042528997073,0.02398042528997073,
AQUA,logistic,numeric__x_fit_log_s_mean,0.022590210126266577,0.022590210126266577,
AQUA,logistic,numeric__x_fit_log_s_std,-0.01990979099943994,0.01990979099943994,
AQUA,logistic,numeric__x_fit_log_s_iqr,-0.01584032681715261,0.01584032681715261,
AQUA,logistic,numeric__x_fit_mean_observation_count,-0.020802284342573,0.020802284342573,
AQUA,logistic,numeric__x_fit_multiple_source_fraction,-0.02337952880379611,0.02337952880379611,
AQUA,logistic,numeric__x_fit_single_observation_fraction,0.016305758107618477,0.016305758107618477,
AQUA,logistic,numeric__x_test_molecules,0.03625775128538259,0.03625775128538259,
AQUA,logistic,numeric__x_test_scaffold_count,0.03549370370110885,0.03549370370110885,
AQUA,logistic,numeric__x_test_unseen_scaffold_fraction,0.007465938780425391,0.007465938780425391,
AQUA,logistic,numeric__x_test_max_train_similarity_median,-0.04808256223931791,0.04808256223931791,
AQUA,logistic,numeric__x_test_max_train_similarity_p10,-0.057443271643097565,0.057443271643097565,
AQUA,logistic,numeric__x_test_similarity_below_0p3_fraction,-0.03235858518866475,0.03235858518866475,
AQUA,logistic,numeric__x_test_similarity_below_0p5_fraction,0.023048183166214663,0.023048183166214663,
AQUA,logistic,numeric__x_shift_mol_wt_smd,0.010463501746780185,0.010463501746780185,
AQUA,logistic,numeric__x_shift_mol_log_p_smd,0.016380997814593908,0.016380997814593908,
AQUA,logistic,numeric__x_shift_tpsa_smd,0.01383741487226286,0.01383741487226286,
AQUA,logistic,numeric__x_shift_fraction_csp3_smd,-0.05029109464956631,0.05029109464956631,
AQUA,logistic,numeric__x_shift_rotatable_bonds_smd,0.04057761788594834,0.04057761788594834,
AQUA,logistic,numeric__x_shift_ring_count_smd,-0.02122452111756661,0.02122452111756661,
AQUA,logistic,numeric__x_validation_rmse,-0.08056265793884443,0.08056265793884443,
AQUA,logistic,numeric__x_validation_mae,-0.9469623407886321,0.9469623407886321,
AQUA,logistic,numeric__x_validation_r2,0.09462108983191164,0.09462108983191164,
AQUA,logistic,numeric__x_validation_spearman,0.422309198230135,0.422309198230135,
AQUA,logistic,numeric__x_hp_C,0.0,0.0,
AQUA,logistic,numeric__x_hp_alpha,-0.11649670745733054,0.11649670745733054,
AQUA,logistic,numeric__x_hp_batch_size,0.0,0.0,
AQUA,logistic,numeric__x_hp_depth,0.0,0.0,
AQUA,logistic,numeric__x_hp_dropout,0.0,0.0,
AQUA,logistic,numeric__x_hp_early_stopping_patience,0.0,0.0,
AQUA,logistic,numeric__x_hp_ensemble_size,0.0,0.0,
AQUA,logistic,numeric__x_hp_epsilon,0.059720904150135846,0.059720904150135846,
AQUA,logistic,numeric__x_hp_ffn_hidden_dim,0.0,0.0,
AQUA,logistic,numeric__x_hp_ffn_num_layers,0.0,0.0,
AQUA,logistic,numeric__x_hp_l1_ratio,-0.027882536664893067,0.027882536664893067,
AQUA,logistic,numeric__x_hp_l2_regularization,-0.005062564347928047,0.005062564347928047,
AQUA,logistic,numeric__x_hp_learning_rate,-0.020086616713126348,0.020086616713126348,
AQUA,logistic,numeric__x_hp_max_depth,-0.13997337552948577,0.13997337552948577,
AQUA,logistic,numeric__x_hp_max_leaf_nodes,-0.017195490773217262,0.017195490773217262,
AQUA,logistic,numeric__x_hp_maximum_epochs,0.0,0.0,
AQUA,logistic,numeric__x_hp_message_hidden_dim,0.0,0.0,
AQUA,logistic,numeric__x_hp_min_child_weight,0.022323830171808657,0.022323830171808657,
AQUA,logistic,numeric__x_hp_min_samples_leaf,-0.2172473378530526,0.2172473378530526,
AQUA,logistic,numeric__x_hp_minibatch_frac,-3.0821958519684578e-18,3.0821958519684578e-18,
AQUA,logistic,numeric__x_hp_n_estimators,0.21977248818453055,0.21977248818453055,
AQUA,logistic,numeric__x_hp_n_neighbors,0.1101556414486263,0.1101556414486263,
AQUA,logistic,numeric__missingindicator_x_hp_C,-0.3658111972944319,0.3658111972944319,
AQUA,logistic,numeric__missingindicator_x_hp_alpha,0.532563056570837,0.532563056570837,
AQUA,logistic,numeric__missingindicator_x_hp_batch_size,-0.09454036446298399,0.09454036446298399,
AQUA,logistic,numeric__missingindicator_x_hp_depth,-0.09454036446298399,0.09454036446298399,
AQUA,logistic,numeric__missingindicator_x_hp_dropout,-0.09454036446298399,0.09454036446298399,
AQUA,logistic,numeric__missingindicator_x_hp_early_stopping_patience,-0.09454036446298399,0.09454036446298399,
AQUA,logistic,numeric__missingindicator_x_hp_ensemble_size,-0.09454036446298399,0.09454036446298399,
AQUA,logistic,numeric__missingindicator_x_hp_epsilon,-0.3658111972944319,0.3658111972944319,
AQUA,logistic,numeric__missingindicator_x_hp_ffn_hidden_dim,-0.09454036446298399,0.09454036446298399,
AQUA,logistic,numeric__missingindicator_x_hp_ffn_num_layers,-0.09454036446298399,0.09454036446298399,
AQUA,logistic,numeric__missingindicator_x_hp_l1_ratio,0.15413724317320854,0.15413724317320854,
AQUA,logistic,numeric__missingindicator_x_hp_l2_regularization,-0.23516896078167168,0.23516896078167168,
AQUA,logistic,numeric__missingindicator_x_hp_learning_rate,-0.3609903953004269,0.3609903953004269,
AQUA,logistic,numeric__missingindicator_x_hp_max_depth,-0.31269863557214994,0.31269863557214994,
AQUA,logistic,numeric__missingindicator_x_hp_max_leaf_nodes,-0.23516896078167168,0.23516896078167168,
AQUA,logistic,numeric__missingindicator_x_hp_maximum_epochs,-0.09454036446298399,0.09454036446298399,
AQUA,logistic,numeric__missingindicator_x_hp_message_hidden_dim,-0.09454036446298399,0.09454036446298399,
AQUA,logistic,numeric__missingindicator_x_hp_min_child_weight,-0.31269863557214994,0.31269863557214994,
AQUA,logistic,numeric__missingindicator_x_hp_min_samples_leaf,-0.18958363570859807,0.18958363570859807,
AQUA,logistic,numeric__missingindicator_x_hp_minibatch_frac,0.011322353423392465,0.011322353423392465,
AQUA,logistic,numeric__missingindicator_x_hp_n_estimators,-0.35981069895297796,0.35981069895297796,
AQUA,logistic,numeric__missingindicator_x_hp_n_neighbors,0.31649584229563277,0.31649584229563277,
AQUA,logistic,categorical__x_model_chemprop,0.016553006845252873,0.016553006845252873,
AQUA,logistic,categorical__x_model_elastic_net,-0.05064834068269399,0.05064834068269399,
AQUA,logistic,categorical__x_model_esol,-0.0011166721776092476,0.0011166721776092476,
AQUA,logistic,categorical__x_model_extra_trees,-0.18983195236013173,0.18983195236013173,
AQUA,logistic,categorical__x_model_hist_gradient_boosting,0.04265042189750954,0.04265042189750954,
AQUA,logistic,categorical__x_model_knn,-0.10086500902657713,0.10086500902657713,
AQUA,logistic,categorical__x_model_mlp,-0.1399719959940161,0.1399719959940161,
AQUA,logistic,categorical__x_model_ngboost,-0.00309266522687574,0.00309266522687574,
AQUA,logistic,categorical__x_model_random_forest,0.26167403918470544,0.26167403918470544,
AQUA,logistic,categorical__x_model_ridge,-0.06702334916591773,0.06702334916591773,
AQUA,logistic,categorical__x_model_svr,0.11016900149697698,0.11016900149697698,
AQUA,logistic,categorical__x_model_xgboost,0.09374156302856057,0.09374156302856057,
AQUA,logistic,categorical__x_model_class_chemistry_equation,-0.0011166721776092476,0.0011166721776092476,
AQUA,logistic,categorical__x_model_class_graph_neural_network,0.016553006845252873,0.016553006845252873,
AQUA,logistic,categorical__x_model_class_kernel,0.11016900149697698,0.11016900149697698,
AQUA,logistic,categorical__x_model_class_linear,-0.1176716898486117,0.1176716898486117,
AQUA,logistic,categorical__x_model_class_local_similarity,-0.10086500902657713,0.10086500902657713,
AQUA,logistic,categorical__x_model_class_neural_network,-0.1399719959940161,0.1399719959940161,
AQUA,logistic,categorical__x_model_class_probabilistic_boosting,-0.00309266522687574,0.00309266522687574,
AQUA,logistic,categorical__x_model_class_tree_ensemble,0.208234071750644,0.208234071750644,
AQUA,logistic,categorical__x_feature_type_maccs_fingerprints,-1.6680264676103083,1.6680264676103083,
AQUA,logistic,categorical__x_feature_type_molecular_graph,0.016553006845252873,0.016553006845252873,
AQUA,logistic,categorical__x_feature_type_morgan_fingerprints,-0.44148401469964904,0.44148401469964904,
AQUA,logistic,categorical__x_feature_type_rdkit_descriptors,2.0651955232838826,2.0651955232838826,
AQUA,logistic,categorical__x_hp_architecture_D-MPNN,0.016553006845252873,0.016553006845252873,
AQUA,logistic,categorical__x_hp_architecture_None,-0.04431495902606877,0.04431495902606877,
AQUA,logistic,categorical__x_hp_gamma_scale,0.11016900149697698,0.11016900149697698,
AQUA,logistic,categorical__x_hp_gamma_None,-0.13793095367779426,0.13793095367779426,
AQUA,logistic,"categorical__x_hp_hidden_layer_sizes_[128, 64]",-0.08172505786806261,0.08172505786806261,
AQUA,logistic,categorical__x_hp_hidden_layer_sizes_[128],-0.05824693812595398,0.05824693812595398,
AQUA,logistic,categorical__x_hp_hidden_layer_sizes_None,0.11221004381319935,0.11221004381319935,
AQUA,logistic,categorical__x_hp_max_features_log2,-0.11772632957823735,0.11772632957823735,
AQUA,logistic,categorical__x_hp_max_features_sqrt,0.18956841640281133,0.18956841640281133,
AQUA,logistic,categorical__x_hp_max_features_None,-0.09960403900539028,0.09960403900539028,
AQUA,logistic,categorical__x_hp_strategy_None,-0.02776195218081607,0.02776195218081607,
AQUA,logistic,categorical__x_hp_weights_distance,-0.10086500902657713,0.10086500902657713,
AQUA,logistic,categorical__x_hp_weights_None,0.07310305684576084,0.07310305684576084,
AQUA,bayesian_logistic_laplace,numeric__x_features_after_preprocessing,-0.8511266994837302,0.8511266994837302,0.6922622427994118
AQUA,bayesian_logistic_laplace,numeric__x_fit_molecules,-0.022651495301900908,0.022651495301900908,0.9638309802103852
AQUA,bayesian_logistic_laplace,numeric__x_fit_scaffold_count,-0.02398042528997073,0.02398042528997073,0.9630702671320727
AQUA,bayesian_logistic_laplace,numeric__x_fit_log_s_mean,0.022590210126266577,0.022590210126266577,0.877735717910775
AQUA,bayesian_logistic_laplace,numeric__x_fit_log_s_std,-0.01990979099943994,0.01990979099943994,0.9233818141665782
AQUA,bayesian_logistic_laplace,numeric__x_fit_log_s_iqr,-0.01584032681715261,0.01584032681715261,0.9346717375423982
AQUA,bayesian_logistic_laplace,numeric__x_fit_mean_observation_count,-0.020802284342573,0.020802284342573,0.9630788532205565
AQUA,bayesian_logistic_laplace,numeric__x_fit_multiple_source_fraction,-0.02337952880379611,0.02337952880379611,0.9636387230418068
AQUA,bayesian_logistic_laplace,numeric__x_fit_single_observation_fraction,0.016305758107618477,0.016305758107618477,0.9670728850143475
AQUA,bayesian_logistic_laplace,numeric__x_test_molecules,0.03625775128538259,0.03625775128538259,0.9444196473227253
AQUA,bayesian_logistic_laplace,numeric__x_test_scaffold_count,0.03549370370110885,0.03549370370110885,0.9463804958509247
AQUA,bayesian_logistic_laplace,numeric__x_test_unseen_scaffold_fraction,0.007465938780425391,0.007465938780425391,0.962416792807973
AQUA,bayesian_logistic_laplace,numeric__x_test_max_train_similarity_median,-0.04808256223931791,0.04808256223931791,0.9641808828223956
AQUA,bayesian_logistic_laplace,numeric__x_test_max_train_similarity_p10,-0.057443271643097565,0.057443271643097565,0.9557581513818878
AQUA,bayesian_logistic_laplace,numeric__x_test_similarity_below_0p3_fraction,-0.03235858518866475,0.03235858518866475,0.9603814829458537
AQUA,bayesian_logistic_laplace,numeric__x_test_similarity_below_0p5_fraction,0.023048183166214663,0.023048183166214663,0.9622534972633553
AQUA,bayesian_logistic_laplace,numeric__x_shift_mol_wt_smd,0.010463501746780185,0.010463501746780185,0.9072651068899685
AQUA,bayesian_logistic_laplace,numeric__x_shift_mol_log_p_smd,0.016380997814593908,0.016380997814593908,0.8182616784264664
AQUA,bayesian_logistic_laplace,numeric__x_shift_tpsa_smd,0.01383741487226286,0.01383741487226286,0.9601667620291446
AQUA,bayesian_logistic_laplace,numeric__x_shift_fraction_csp3_smd,-0.05029109464956631,0.05029109464956631,0.8141213698942081
AQUA,bayesian_logistic_laplace,numeric__x_shift_rotatable_bonds_smd,0.04057761788594834,0.04057761788594834,0.9212313852324046
AQUA,bayesian_logistic_laplace,numeric__x_shift_ring_count_smd,-0.02122452111756661,0.02122452111756661,0.7879012680129505
AQUA,bayesian_logistic_laplace,numeric__x_validation_rmse,-0.08056265793884443,0.08056265793884443,0.8925639261020857
AQUA,bayesian_logistic_laplace,numeric__x_validation_mae,-0.9469623407886321,0.9469623407886321,0.9016297440902064
AQUA,bayesian_logistic_laplace,numeric__x_validation_r2,0.09462108983191164,0.09462108983191164,0.9718347892514299
AQUA,bayesian_logistic_laplace,numeric__x_validation_spearman,0.422309198230135,0.422309198230135,0.624828924217762
AQUA,bayesian_logistic_laplace,numeric__x_hp_C,0.0,0.0,1.0000000000000018
AQUA,bayesian_logistic_laplace,numeric__x_hp_alpha,-0.11649670745733054,0.11649670745733054,0.8123191460575999
AQUA,bayesian_logistic_laplace,numeric__x_hp_batch_size,0.0,0.0,1.000000000000001
AQUA,bayesian_logistic_laplace,numeric__x_hp_depth,0.0,0.0,1.000000000000001
AQUA,bayesian_logistic_laplace,numeric__x_hp_dropout,0.0,0.0,1.0000000000000016
AQUA,bayesian_logistic_laplace,numeric__x_hp_early_stopping_patience,0.0,0.0,0.9999999999999948
AQUA,bayesian_logistic_laplace,numeric__x_hp_ensemble_size,0.0,0.0,1.0000000000000004
AQUA,bayesian_logistic_laplace,numeric__x_hp_epsilon,0.059720904150135846,0.059720904150135846,0.19388725154719433
AQUA,bayesian_logistic_laplace,numeric__x_hp_ffn_hidden_dim,0.0,0.0,1.0
AQUA,bayesian_logistic_laplace,numeric__x_hp_ffn_num_layers,0.0,0.0,1.0000000000000004
AQUA,bayesian_logistic_laplace,numeric__x_hp_l1_ratio,-0.027882536664893067,0.027882536664893067,0.9224087542748969
AQUA,bayesian_logistic_laplace,numeric__x_hp_l2_regularization,-0.005062564347928047,0.005062564347928047,0.12806244551009302
AQUA,bayesian_logistic_laplace,numeric__x_hp_learning_rate,-0.020086616713126348,0.020086616713126348,0.5032894012877788
AQUA,bayesian_logistic_laplace,numeric__x_hp_max_depth,-0.13997337552948577,0.13997337552948577,0.25375371882891584
AQUA,bayesian_logistic_laplace,numeric__x_hp_max_leaf_nodes,-0.017195490773217262,0.017195490773217262,0.2985652221833337
AQUA,bayesian_logistic_laplace,numeric__x_hp_maximum_epochs,0.0,0.0,1.0000000000000002
AQUA,bayesian_logistic_laplace,numeric__x_hp_message_hidden_dim,0.0,0.0,1.0000000000000002
AQUA,bayesian_logistic_laplace,numeric__x_hp_min_child_weight,0.022323830171808657,0.022323830171808657,0.33083694243772477
AQUA,bayesian_logistic_laplace,numeric__x_hp_min_samples_leaf,-0.2172473378530526,0.2172473378530526,0.2331487439692824
AQUA,bayesian_logistic_laplace,numeric__x_hp_minibatch_frac,-3.0821958519684578e-18,3.0821958519684578e-18,1.0
AQUA,bayesian_logistic_laplace,numeric__x_hp_n_estimators,0.21977248818453055,0.21977248818453055,0.8370524538029529
AQUA,bayesian_logistic_laplace,numeric__x_hp_n_neighbors,0.1101556414486263,0.1101556414486263,0.8394441982506512
AQUA,bayesian_logistic_laplace,numeric__missingindicator_x_hp_C,-0.3658111972944319,0.3658111972944319,0.8053538982374482
AQUA,bayesian_logistic_laplace,numeric__missingindicator_x_hp_alpha,0.532563056570837,0.532563056570837,0.8451681950646927
AQUA,bayesian_logistic_laplace,numeric__missingindicator_x_hp_batch_size,-0.09454036446298399,0.09454036446298399,0.944893682868756
AQUA,bayesian_logistic_laplace,numeric__missingindicator_x_hp_depth,-0.09454036446298399,0.09454036446298399,0.9448936828687772
AQUA,bayesian_logistic_laplace,numeric__missingindicator_x_hp_dropout,-0.09454036446298399,0.09454036446298399,0.9448936828687579
AQUA,bayesian_logistic_laplace,numeric__missingindicator_x_hp_early_stopping_patience,-0.09454036446298399,0.09454036446298399,0.9448936828687632
AQUA,bayesian_logistic_laplace,numeric__missingindicator_x_hp_ensemble_size,-0.09454036446298399,0.09454036446298399,0.9448936828687912
AQUA,bayesian_logistic_laplace,numeric__missingindicator_x_hp_epsilon,-0.3658111972944319,0.3658111972944319,0.8053538982374524
AQUA,bayesian_logistic_laplace,numeric__missingindicator_x_hp_ffn_hidden_dim,-0.09454036446298399,0.09454036446298399,0.9448936828687733
AQUA,bayesian_logistic_laplace,numeric__missingindicator_x_hp_ffn_num_layers,-0.09454036446298399,0.09454036446298399,0.9448936828687878
AQUA,bayesian_logistic_laplace,numeric__missingindicator_x_hp_l1_ratio,0.15413724317320854,0.15413724317320854,0.8462704249626577
AQUA,bayesian_logistic_laplace,numeric__missingindicator_x_hp_l2_regularization,-0.23516896078167168,0.23516896078167168,0.755877655655158
AQUA,bayesian_logistic_laplace,numeric__missingindicator_x_hp_learning_rate,-0.3609903953004269,0.3609903953004269,0.8480642750438104
AQUA,bayesian_logistic_laplace,numeric__missingindicator_x_hp_max_depth,-0.31269863557214994,0.31269863557214994,0.8329615256562235
AQUA,bayesian_logistic_laplace,numeric__missingindicator_x_hp_max_leaf_nodes,-0.23516896078167168,0.23516896078167168,0.7558776556551473
AQUA,bayesian_logistic_laplace,numeric__missingindicator_x_hp_maximum_epochs,-0.09454036446298399,0.09454036446298399,0.9448936828687736
AQUA,bayesian_logistic_laplace,numeric__missingindicator_x_hp_message_hidden_dim,-0.09454036446298399,0.09454036446298399,0.9448936828687848
AQUA,bayesian_logistic_laplace,numeric__missingindicator_x_hp_min_child_weight,-0.31269863557214994,0.31269863557214994,0.8329615256562233
AQUA,bayesian_logistic_laplace,numeric__missingindicator_x_hp_min_samples_leaf,-0.18958363570859807,0.18958363570859807,0.7964763255539717
AQUA,bayesian_logistic_laplace,numeric__missingindicator_x_hp_minibatch_frac,0.011322353423392465,0.011322353423392465,0.5177397441876822
AQUA,bayesian_logistic_laplace,numeric__missingindicator_x_hp_n_estimators,-0.35981069895297796,0.35981069895297796,0.8544580498261994
AQUA,bayesian_logistic_laplace,numeric__missingindicator_x_hp_n_neighbors,0.31649584229563277,0.31649584229563277,0.8126948586890386
AQUA,bayesian_logistic_laplace,categorical__x_model_chemprop,0.016553006845252873,0.016553006845252873,0.9981527900354655
AQUA,bayesian_logistic_laplace,categorical__x_model_elastic_net,-0.05064834068269399,0.05064834068269399,0.9863306965020129
AQUA,bayesian_logistic_laplace,categorical__x_model_esol,-0.0011166721776092476,0.0011166721776092476,0.9996478175106077
AQUA,bayesian_logistic_laplace,categorical__x_model_extra_trees,-0.18983195236013173,0.18983195236013173,0.8017577350114372
AQUA,bayesian_logistic_laplace,categorical__x_model_hist_gradient_boosting,0.04265042189750954,0.04265042189750954,0.9925914841199859
AQUA,bayesian_logistic_laplace,categorical__x_model_knn,-0.10086500902657713,0.10086500902657713,0.9836258089535412
AQUA,bayesian_logistic_laplace,categorical__x_model_mlp,-0.1399719959940161,0.1399719959940161,0.9688114935302962
AQUA,bayesian_logistic_laplace,categorical__x_model_ngboost,-0.00309266522687574,0.00309266522687574,0.9873159024593647
AQUA,bayesian_logistic_laplace,categorical__x_model_random_forest,0.26167403918470544,0.26167403918470544,0.7973478827362543
AQUA,bayesian_logistic_laplace,categorical__x_model_ridge,-0.06702334916591773,0.06702334916591773,0.9790710152185575
AQUA,bayesian_logistic_laplace,categorical__x_model_svr,0.11016900149697698,0.11016900149697698,0.9830480357649958
AQUA,bayesian_logistic_laplace,categorical__x_model_xgboost,0.09374156302856057,0.09374156302856057,0.9852463095016334
AQUA,bayesian_logistic_laplace,categorical__x_model_class_chemistry_equation,-0.0011166721776092476,0.0011166721776092476,0.9996478175106074
AQUA,bayesian_logistic_laplace,categorical__x_model_class_graph_neural_network,0.016553006845252873,0.016553006845252873,0.9981527900354639
AQUA,bayesian_logistic_laplace,categorical__x_model_class_kernel,0.11016900149697698,0.11016900149697698,0.9830480357649951
AQUA,bayesian_logistic_laplace,categorical__x_model_class_linear,-0.1176716898486117,0.1176716898486117,0.9721679893844568
AQUA,bayesian_logistic_laplace,categorical__x_model_class_local_similarity,-0.10086500902657713,0.10086500902657713,0.9836258089535409
AQUA,bayesian_logistic_laplace,categorical__x_model_class_neural_network,-0.1399719959940161,0.1399719959940161,0.968811493530296
AQUA,bayesian_logistic_laplace,categorical__x_model_class_probabilistic_boosting,-0.00309266522687574,0.00309266522687574,0.9873159024593628
AQUA,bayesian_logistic_laplace,categorical__x_model_class_tree_ensemble,0.208234071750644,0.208234071750644,0.9625518265369477
AQUA,bayesian_logistic_laplace,categorical__x_feature_type_maccs_fingerprints,-1.6680264676103083,1.6680264676103083,0.8025900694198563
AQUA,bayesian_logistic_laplace,categorical__x_feature_type_molecular_graph,0.016553006845252873,0.016553006845252873,0.9981527900354665
AQUA,bayesian_logistic_laplace,categorical__x_feature_type_morgan_fingerprints,-0.44148401469964904,0.44148401469964904,0.9450603442161011
AQUA,bayesian_logistic_laplace,categorical__x_feature_type_rdkit_descriptors,2.0651955232838826,2.0651955232838826,0.7938388670320967
AQUA,bayesian_logistic_laplace,categorical__x_hp_architecture_D-MPNN,0.016553006845252873,0.016553006845252873,0.9981527900354641
AQUA,bayesian_logistic_laplace,categorical__x_hp_architecture_None,-0.04431495902606877,0.04431495902606877,0.9981527854484863
AQUA,bayesian_logistic_laplace,categorical__x_hp_gamma_scale,0.11016900149697698,0.11016900149697698,0.9830480357649963
AQUA,bayesian_logistic_laplace,categorical__x_hp_gamma_None,-0.13793095367779426,0.13793095367779426,0.9830480321821218
AQUA,bayesian_logistic_laplace,"categorical__x_hp_hidden_layer_sizes_[128, 64]",-0.08172505786806261,0.08172505786806261,0.9733480176026964
AQUA,bayesian_logistic_laplace,categorical__x_hp_hidden_layer_sizes_[128],-0.05824693812595398,0.05824693812595398,0.9780095347057041
AQUA,bayesian_logistic_laplace,categorical__x_hp_hidden_layer_sizes_None,0.11221004381319935,0.11221004381319935,0.9688114900250818
AQUA,bayesian_logistic_laplace,categorical__x_hp_max_features_log2,-0.11772632957823735,0.11772632957823735,0.949163652100192
AQUA,bayesian_logistic_laplace,categorical__x_hp_max_features_sqrt,0.18956841640281133,0.18956841640281133,0.9244767390361455
AQUA,bayesian_logistic_laplace,categorical__x_hp_max_features_None,-0.09960403900539028,0.09960403900539028,0.9687314412737863
AQUA,bayesian_logistic_laplace,categorical__x_hp_strategy_None,-0.02776195218081607,0.02776195218081607,0.9999999950000183
AQUA,bayesian_logistic_laplace,categorical__x_hp_weights_distance,-0.10086500902657713,0.10086500902657713,0.9836258089535406
AQUA,bayesian_logistic_laplace,categorical__x_hp_weights_None,0.07310305684576084,0.07310305684576084,0.9836258049081303
AQUA,random_forest,numeric__x_features_after_preprocessing,0.020207536782449256,0.020207536782449256,
AQUA,random_forest,numeric__x_fit_molecules,0.0038473873811167157,0.0038473873811167157,
AQUA,random_forest,numeric__x_fit_scaffold_count,0.006662910245399078,0.006662910245399078,
AQUA,random_forest,numeric__x_fit_log_s_mean,0.0037633659976519874,0.0037633659976519874,
AQUA,random_forest,numeric__x_fit_log_s_std,0.0037241693029218606,0.0037241693029218606,
AQUA,random_forest,numeric__x_fit_log_s_iqr,0.005082441974455473,0.005082441974455473,
AQUA,random_forest,numeric__x_fit_mean_observation_count,0.0037712973859108426,0.0037712973859108426,
AQUA,random_forest,numeric__x_fit_multiple_source_fraction,0.004761750026618288,0.004761750026618288,
AQUA,random_forest,numeric__x_fit_single_observation_fraction,0.005348228373349493,0.005348228373349493,
AQUA,random_forest,numeric__x_test_molecules,0.005756048443004472,0.005756048443004472,
AQUA,random_forest,numeric__x_test_scaffold_count,0.003892330573163244,0.003892330573163244,
AQUA,random_forest,numeric__x_test_unseen_scaffold_fraction,0.003626715822606754,0.003626715822606754,
AQUA,random_forest,numeric__x_test_max_train_similarity_median,0.007264439223868808,0.007264439223868808,
AQUA,random_forest,numeric__x_test_max_train_similarity_p10,0.010622054735881747,0.010622054735881747,
AQUA,random_forest,numeric__x_test_similarity_below_0p3_fraction,0.014278348799016813,0.014278348799016813,
AQUA,random_forest,numeric__x_test_similarity_below_0p5_fraction,0.012030812399723841,0.012030812399723841,
AQUA,random_forest,numeric__x_shift_mol_wt_smd,0.004784278043946505,0.004784278043946505,
AQUA,random_forest,numeric__x_shift_mol_log_p_smd,0.003913916151868791,0.003913916151868791,
AQUA,random_forest,numeric__x_shift_tpsa_smd,0.005228710029827087,0.005228710029827087,
AQUA,random_forest,numeric__x_shift_fraction_csp3_smd,0.004153071080910256,0.004153071080910256,
AQUA,random_forest,numeric__x_shift_rotatable_bonds_smd,0.005072454089379014,0.005072454089379014,
AQUA,random_forest,numeric__x_shift_ring_count_smd,0.0033446492388370702,0.0033446492388370702,
AQUA,random_forest,numeric__x_validation_rmse,0.08630585276249837,0.08630585276249837,
AQUA,random_forest,numeric__x_validation_mae,0.1307751713558898,0.1307751713558898,
AQUA,random_forest,numeric__x_validation_r2,0.08733599185149472,0.08733599185149472,
AQUA,random_forest,numeric__x_validation_spearman,0.09579983125715114,0.09579983125715114,
AQUA,random_forest,numeric__x_hp_C,0.0,0.0,
AQUA,random_forest,numeric__x_hp_alpha,0.000910827029459701,0.000910827029459701,
AQUA,random_forest,numeric__x_hp_batch_size,0.0,0.0,
AQUA,random_forest,numeric__x_hp_depth,0.0,0.0,
AQUA,random_forest,numeric__x_hp_dropout,0.0,0.0,
AQUA,random_forest,numeric__x_hp_early_stopping_patience,0.0,0.0,
AQUA,random_forest,numeric__x_hp_ensemble_size,0.0,0.0,
AQUA,random_forest,numeric__x_hp_epsilon,0.003912361480652248,0.003912361480652248,
AQUA,random_forest,numeric__x_hp_ffn_hidden_dim,0.0,0.0,
AQUA,random_forest,numeric__x_hp_ffn_num_layers,0.0,0.0,
AQUA,random_forest,numeric__x_hp_l1_ratio,0.0,0.0,
AQUA,random_forest,numeric__x_hp_l2_regularization,0.0078073128228079375,0.0078073128228079375,
AQUA,random_forest,numeric__x_hp_learning_rate,0.015371983765975417,0.015371983765975417,
AQUA,random_forest,numeric__x_hp_max_depth,0.0,0.0,
AQUA,random_forest,numeric__x_hp_max_leaf_nodes,0.0,0.0,
AQUA,random_forest,numeric__x_hp_maximum_epochs,0.0,0.0,
AQUA,random_forest,numeric__x_hp_message_hidden_dim,0.0,0.0,
AQUA,random_forest,numeric__x_hp_min_child_weight,0.0017272000868686886,0.0017272000868686886,
AQUA,random_forest,numeric__x_hp_min_samples_leaf,0.0015276586973005726,0.0015276586973005726,
AQUA,random_forest,numeric__x_hp_minibatch_frac,0.0,0.0,
AQUA,random_forest,numeric__x_hp_n_estimators,0.03439870946594706,0.03439870946594706,
AQUA,random_forest,numeric__x_hp_n_neighbors,2.129441431073757e-05,2.129441431073757e-05,
AQUA,random_forest,numeric__missingindicator_x_hp_C,0.006561916985677439,0.006561916985677439,
AQUA,random_forest,numeric__missingindicator_x_hp_alpha,0.0054043603079266785,0.0054043603079266785,
AQUA,random_forest,numeric__missingindicator_x_hp_batch_size,0.0022428962450255496,0.0022428962450255496,
AQUA,random_forest,numeric__missingindicator_x_hp_depth,0.0016526122894224733,0.0016526122894224733,
AQUA,random_forest,numeric__missingindicator_x_hp_dropout,0.0024980075703442736,0.0024980075703442736,
AQUA,random_forest,numeric__missingindicator_x_hp_early_stopping_patience,0.002168142861409347,0.002168142861409347,
AQUA,random_forest,numeric__missingindicator_x_hp_ensemble_size,0.003746350077808862,0.003746350077808862,
AQUA,random_forest,numeric__missingindicator_x_hp_epsilon,0.0051428400700038205,0.0051428400700038205,
AQUA,random_forest,numeric__missingindicator_x_hp_ffn_hidden_dim,0.002275004640752655,0.002275004640752655,
AQUA,random_forest,numeric__missingindicator_x_hp_ffn_num_layers,0.0016535927158573653,0.0016535927158573653,
AQUA,random_forest,numeric__missingindicator_x_hp_l1_ratio,0.00016487681030060978,0.00016487681030060978,
AQUA,random_forest,numeric__missingindicator_x_hp_l2_regularization,0.03515148379954213,0.03515148379954213,
AQUA,random_forest,numeric__missingindicator_x_hp_learning_rate,0.046777967227634255,0.046777967227634255,
AQUA,random_forest,numeric__missingindicator_x_hp_max_depth,0.018008527250342837,0.018008527250342837,
AQUA,random_forest,numeric__missingindicator_x_hp_max_leaf_nodes,0.024716785128952774,0.024716785128952774,
AQUA,random_forest,numeric__missingindicator_x_hp_maximum_epochs,0.0027372433808146063,0.0027372433808146063,
AQUA,random_forest,numeric__missingindicator_x_hp_message_hidden_dim,0.0024064385533156315,0.0024064385533156315,
AQUA,random_forest,numeric__missingindicator_x_hp_min_child_weight,0.017397076143127434,0.017397076143127434,
AQUA,random_forest,numeric__missingindicator_x_hp_min_samples_leaf,0.00985792413583812,0.00985792413583812,
AQUA,random_forest,numeric__missingindicator_x_hp_minibatch_frac,0.004647330834556991,0.004647330834556991,
AQUA,random_forest,numeric__missingindicator_x_hp_n_estimators,0.008369024441961446,0.008369024441961446,
AQUA,random_forest,numeric__missingindicator_x_hp_n_neighbors,0.00026488038049036117,0.00026488038049036117,
AQUA,random_forest,categorical__x_model_chemprop,0.002636770640416158,0.002636770640416158,
AQUA,random_forest,categorical__x_model_elastic_net,6.343089400375168e-05,6.343089400375168e-05,
AQUA,random_forest,categorical__x_model_esol,0.0002622838354537135,0.0002622838354537135,
AQUA,random_forest,categorical__x_model_extra_trees,0.0014034295714192508,0.0014034295714192508,
AQUA,random_forest,categorical__x_model_hist_gradient_boosting,0.02201983086634299,0.02201983086634299,
AQUA,random_forest,categorical__x_model_knn,0.00026802916470431315,0.00026802916470431315,
AQUA,random_forest,categorical__x_model_mlp,0.001126165571977591,0.001126165571977591,
AQUA,random_forest,categorical__x_model_ngboost,0.003653310026562696,0.003653310026562696,
AQUA,random_forest,categorical__x_model_random_forest,0.002995544079604583,0.002995544079604583,
AQUA,random_forest,categorical__x_model_ridge,0.00010452922516891124,0.00010452922516891124,
AQUA,random_forest,categorical__x_model_svr,0.006673688576452404,0.006673688576452404,
AQUA,random_forest,categorical__x_model_xgboost,0.018771070147181265,0.018771070147181265,
AQUA,random_forest,categorical__x_model_class_chemistry_equation,1.0118170197763466e-05,1.0118170197763466e-05,
AQUA,random_forest,categorical__x_model_class_graph_neural_network,0.0024469249603330167,0.0024469249603330167,
AQUA,random_forest,categorical__x_model_class_kernel,0.005661098387054619,0.005661098387054619,
AQUA,random_forest,categorical__x_model_class_linear,0.0014554413527493486,0.0014554413527493486,
AQUA,random_forest,categorical__x_model_class_local_similarity,0.0004778697248111026,0.0004778697248111026,
AQUA,random_forest,categorical__x_model_class_neural_network,0.001591602671638991,0.001591602671638991,
AQUA,random_forest,categorical__x_model_class_probabilistic_boosting,0.003846609970384505,0.003846609970384505,
AQUA,random_forest,categorical__x_model_class_tree_ensemble,0.013949120874624778,0.013949120874624778,
AQUA,random_forest,categorical__x_feature_type_maccs_fingerprints,0.007480320185255905,0.007480320185255905,
AQUA,random_forest,categorical__x_feature_type_molecular_graph,0.001221227315201902,0.001221227315201902,
AQUA,random_forest,categorical__x_feature_type_morgan_fingerprints,0.007600754931487263,0.007600754931487263,
AQUA,random_forest,categorical__x_feature_type_rdkit_descriptors,0.04539749715304908,0.04539749715304908,
AQUA,random_forest,categorical__x_hp_architecture_D-MPNN,0.0021412629454228035,0.0021412629454228035,
AQUA,random_forest,categorical__x_hp_architecture_None,0.0015754732121361509,0.0015754732121361509,
AQUA,random_forest,categorical__x_hp_gamma_scale,0.006174475258423605,0.006174475258423605,
AQUA,random_forest,categorical__x_hp_gamma_None,0.005644641094344326,0.005644641094344326,
AQUA,random_forest,"categorical__x_hp_hidden_layer_sizes_[128, 64]",3.947559399495002e-05,3.947559399495002e-05,
AQUA,random_forest,categorical__x_hp_hidden_layer_sizes_[128],0.0,0.0,
AQUA,random_forest,categorical__x_hp_hidden_layer_sizes_None,0.0011990742036148488,0.0011990742036148488,
AQUA,random_forest,categorical__x_hp_max_features_log2,1.1413598064956027e-06,1.1413598064956027e-06,
AQUA,random_forest,categorical__x_hp_max_features_sqrt,0.009281753572653146,0.009281753572653146,
AQUA,random_forest,categorical__x_hp_max_features_None,0.011571621382613428,0.011571621382613428,
AQUA,random_forest,categorical__x_hp_strategy_None,0.0,0.0,
AQUA,random_forest,categorical__x_hp_weights_distance,0.00015941893851399152,0.00015941893851399152,
AQUA,random_forest,categorical__x_hp_weights_None,0.00021860119903110395,0.00021860119903110395,
AqSolDB,logistic,numeric__x_features_after_preprocessing,-0.845354687003671,0.845354687003671,
AqSolDB,logistic,numeric__x_fit_molecules,-0.006569540990569513,0.006569540990569513,
AqSolDB,logistic,numeric__x_fit_scaffold_count,-0.00733004216970078,0.00733004216970078,
AqSolDB,logistic,numeric__x_fit_log_s_mean,-0.014750148650147158,0.014750148650147158,
AqSolDB,logistic,numeric__x_fit_log_s_std,0.0029131592487650552,0.0029131592487650552,
AqSolDB,logistic,numeric__x_fit_log_s_iqr,0.0009995760672841083,0.0009995760672841083,
AqSolDB,logistic,numeric__x_fit_mean_observation_count,-0.01369761053500024,0.01369761053500024,
AqSolDB,logistic,numeric__x_fit_multiple_source_fraction,-0.007279703343017091,0.007279703343017091,
AqSolDB,logistic,numeric__x_fit_single_observation_fraction,0.006842564591184064,0.006842564591184064,
AqSolDB,logistic,numeric__x_test_molecules,0.01996763484691655,0.01996763484691655,
AqSolDB,logistic,numeric__x_test_scaffold_count,0.018292929497177753,0.018292929497177753,
AqSolDB,logistic,numeric__x_test_unseen_scaffold_fraction,-0.0016287154793888068,0.0016287154793888068,
AqSolDB,logistic,numeric__x_test_max_train_similarity_median,-0.06570969596926943,0.06570969596926943,
AqSolDB,logistic,numeric__x_test_max_train_similarity_p10,-0.032220932313245285,0.032220932313245285,
AqSolDB,logistic,numeric__x_test_similarity_below_0p3_fraction,-0.0009741205366233894,0.0009741205366233894,
AqSolDB,logistic,numeric__x_test_similarity_below_0p5_fraction,0.023375926310182035,0.023375926310182035,
AqSolDB,logistic,numeric__x_shift_mol_wt_smd,-0.013279094363667806,0.013279094363667806,
AqSolDB,logistic,numeric__x_shift_mol_log_p_smd,-0.028553416791089685,0.028553416791089685,
AqSolDB,logistic,numeric__x_shift_tpsa_smd,0.012187304824663929,0.012187304824663929,
AqSolDB,logistic,numeric__x_shift_fraction_csp3_smd,-0.04138929984742166,0.04138929984742166,
AqSolDB,logistic,numeric__x_shift_rotatable_bonds_smd,0.027682161506276108,0.027682161506276108,
AqSolDB,logistic,numeric__x_shift_ring_count_smd,-0.027112961005445413,0.027112961005445413,
AqSolDB,logistic,numeric__x_validation_rmse,-0.056876128752634536,0.056876128752634536,
AqSolDB,logistic,numeric__x_validation_mae,-0.914577359583809,0.914577359583809,
AqSolDB,logistic,numeric__x_validation_r2,0.13535979667588274,0.13535979667588274,
AqSolDB,logistic,numeric__x_validation_spearman,0.4559500902310291,0.4559500902310291,
AqSolDB,logistic,numeric__x_hp_C,0.0,0.0,
AqSolDB,logistic,numeric__x_hp_alpha,-0.08984374637985167,0.08984374637985167,
AqSolDB,logistic,numeric__x_hp_batch_size,0.0,0.0,
AqSolDB,logistic,numeric__x_hp_depth,0.0,0.0,
AqSolDB,logistic,numeric__x_hp_dropout,0.0,0.0,
AqSolDB,logistic,numeric__x_hp_early_stopping_patience,0.0,0.0,
AqSolDB,logistic,numeric__x_hp_ensemble_size,0.0,0.0,
AqSolDB,logistic,numeric__x_hp_epsilon,0.23855620203504896,0.23855620203504896,
AqSolDB,logistic,numeric__x_hp_ffn_hidden_dim,0.0,0.0,
AqSolDB,logistic,numeric__x_hp_ffn_num_layers,0.0,0.0,
AqSolDB,logistic,numeric__x_hp_l1_ratio,0.006881152859378125,0.006881152859378125,
AqSolDB,logistic,numeric__x_hp_l2_regularization,0.016380859422559332,0.016380859422559332,
AqSolDB,logistic,numeric__x_hp_learning_rate,-0.12197845819278014,0.12197845819278014,
AqSolDB,logistic,numeric__x_hp_max_depth,0.05560156726573399,0.05560156726573399,
AqSolDB,logistic,numeric__x_hp_max_leaf_nodes,-0.022809413745883474,0.022809413745883474,
AqSolDB,logistic,numeric__x_hp_maximum_epochs,0.0,0.0,
AqSolDB,logistic,numeric__x_hp_message_hidden_dim,0.0,0.0,
AqSolDB,logistic,numeric__x_hp_min_child_weight,0.04560921292494954,0.04560921292494954,
AqSolDB,logistic,numeric__x_hp_min_samples_leaf,-0.09352598406180146,0.09352598406180146,
AqSolDB,logistic,numeric__x_hp_minibatch_frac,1.5776394996886534e-18,1.5776394996886534e-18,
AqSolDB,logistic,numeric__x_hp_n_estimators,0.20218719542039357,0.20218719542039357,
AqSolDB,logistic,numeric__x_hp_n_neighbors,0.16013368417355486,0.16013368417355486,
AqSolDB,logistic,numeric__missingindicator_x_hp_C,-0.4494940413881807,0.4494940413881807,
AqSolDB,logistic,numeric__missingindicator_x_hp_alpha,0.5161576186588553,0.5161576186588553,
AqSolDB,logistic,numeric__missingindicator_x_hp_batch_size,-0.10050852215013062,0.10050852215013062,
AqSolDB,logistic,numeric__missingindicator_x_hp_depth,-0.10050852215013062,0.10050852215013062,
AqSolDB,logistic,numeric__missingindicator_x_hp_dropout,-0.10050852215013062,0.10050852215013062,
AqSolDB,logistic,numeric__missingindicator_x_hp_early_stopping_patience,-0.10050852215013062,0.10050852215013062,
AqSolDB,logistic,numeric__missingindicator_x_hp_ensemble_size,-0.10050852215013062,0.10050852215013062,
AqSolDB,logistic,numeric__missingindicator_x_hp_epsilon,-0.4494940413881807,0.4494940413881807,
AqSolDB,logistic,numeric__missingindicator_x_hp_ffn_hidden_dim,-0.10050852215013062,0.10050852215013062,
AqSolDB,logistic,numeric__missingindicator_x_hp_ffn_num_layers,-0.10050852215013062,0.10050852215013062,
AqSolDB,logistic,numeric__missingindicator_x_hp_l1_ratio,0.1435328000657952,0.1435328000657952,
AqSolDB,logistic,numeric__missingindicator_x_hp_l2_regularization,-0.28643779674219827,0.28643779674219827,
AqSolDB,logistic,numeric__missingindicator_x_hp_learning_rate,-0.21508229825369374,0.21508229825369374,
AqSolDB,logistic,numeric__missingindicator_x_hp_max_depth,-0.4640127744522994,0.4640127744522994,
AqSolDB,logistic,numeric__missingindicator_x_hp_max_leaf_nodes,-0.28643779674219827,0.28643779674219827,
AqSolDB,logistic,numeric__missingindicator_x_hp_maximum_epochs,-0.10050852215013062,0.10050852215013062,
AqSolDB,logistic,numeric__missingindicator_x_hp_message_hidden_dim,-0.10050852215013062,0.10050852215013062,
AqSolDB,logistic,numeric__missingindicator_x_hp_min_child_weight,-0.4640127744522994,0.4640127744522994,
AqSolDB,logistic,numeric__missingindicator_x_hp_min_samples_leaf,-0.2058866422870846,0.2058866422870846,
AqSolDB,logistic,numeric__missingindicator_x_hp_minibatch_frac,0.6159061563033736,0.6159061563033736,
AqSolDB,logistic,numeric__missingindicator_x_hp_n_estimators,-0.23729031636245076,0.23729031636245076,
AqSolDB,logistic,numeric__missingindicator_x_hp_n_neighbors,0.2702804833083395,0.2702804833083395,
AqSolDB,logistic,categorical__x_model_chemprop,0.01915956122138966,0.01915956122138966,
AqSolDB,logistic,categorical__x_model_elastic_net,-0.04287143469126344,0.04287143469126344,
AqSolDB,logistic,categorical__x_model_esol,0.0006284339372533981,0.0006284339372533981,
AqSolDB,logistic,categorical__x_model_extra_trees,-0.09071743432670057,0.09071743432670057,
AqSolDB,logistic,categorical__x_model_hist_gradient_boosting,0.053663734457948885,0.053663734457948885,
AqSolDB,logistic,categorical__x_model_knn,-0.08207383239085861,0.08207383239085861,
AqSolDB,logistic,categorical__x_model_mlp,-0.13127802728449706,0.13127802728449706,
AqSolDB,logistic,categorical__x_model_ngboost,-0.11379043403249546,0.11379043403249546,
AqSolDB,logistic,categorical__x_model_random_forest,0.1782430810896335,0.1782430810896335,
AqSolDB,logistic,categorical__x_model_ridge,-0.06234145502727814,0.06234145502727814,
AqSolDB,logistic,categorical__x_model_svr,0.14054867596059,0.14054867596059,
AqSolDB,logistic,categorical__x_model_xgboost,0.14503924441212288,0.14503924441212288,
AqSolDB,logistic,categorical__x_model_class_chemistry_equation,0.0006284339372533981,0.0006284339372533981,
AqSolDB,logistic,categorical__x_model_class_graph_neural_network,0.01915956122138966,0.01915956122138966,
AqSolDB,logistic,categorical__x_model_class_kernel,0.14054867596059,0.14054867596059,
AqSolDB,logistic,categorical__x_model_class_linear,-0.10521288971854141,0.10521288971854141,
AqSolDB,logistic,categorical__x_model_class_local_similarity,-0.08207383239085861,0.08207383239085861,
AqSolDB,logistic,categorical__x_model_class_neural_network,-0.13127802728449706,0.13127802728449706,
AqSolDB,logistic,categorical__x_model_class_probabilistic_boosting,-0.11379043403249546,0.11379043403249546,
AqSolDB,logistic,categorical__x_model_class_tree_ensemble,0.2862286256330048,0.2862286256330048,
AqSolDB,logistic,categorical__x_feature_type_maccs_fingerprints,-1.8501846743607648,1.8501846743607648,
AqSolDB,logistic,categorical__x_feature_type_molecular_graph,0.01915956122138966,0.01915956122138966,
AqSolDB,logistic,categorical__x_feature_type_morgan_fingerprints,-0.43302946335071213,0.43302946335071213,
AqSolDB,logistic,categorical__x_feature_type_rdkit_descriptors,2.2782646898159387,2.2782646898159387,
AqSolDB,logistic,categorical__x_hp_architecture_D-MPNN,0.01915956122138966,0.01915956122138966,
AqSolDB,logistic,categorical__x_hp_architecture_None,-0.004949447895543671,0.004949447895543671,
AqSolDB,logistic,categorical__x_hp_gamma_scale,0.14054867596059,0.14054867596059,
AqSolDB,logistic,categorical__x_hp_gamma_None,-0.12633856263474535,0.12633856263474535,
AqSolDB,logistic,"categorical__x_hp_hidden_layer_sizes_[128, 64]",-0.06427411411729661,0.06427411411729661,
AqSolDB,logistic,categorical__x_hp_hidden_layer_sizes_[128],-0.06700391316720036,0.06700391316720036,
AqSolDB,logistic,categorical__x_hp_hidden_layer_sizes_None,0.1454881406103418,0.1454881406103418,
AqSolDB,logistic,categorical__x_hp_max_features_log2,-0.0022700386147471146,0.0022700386147471146,
AqSolDB,logistic,categorical__x_hp_max_features_sqrt,0.08979568537767989,0.08979568537767989,
AqSolDB,logistic,categorical__x_hp_max_features_None,-0.07331553343708745,0.07331553343708745,
AqSolDB,logistic,categorical__x_hp_strategy_None,0.01421011332584559,0.01421011332584559,
AqSolDB,logistic,categorical__x_hp_weights_distance,-0.08207383239085861,0.08207383239085861,
AqSolDB,logistic,categorical__x_hp_weights_None,0.09628394571670441,0.09628394571670441,
AqSolDB,bayesian_logistic_laplace,numeric__x_features_after_preprocessing,-0.845354687003671,0.845354687003671,0.6990464947491537
AqSolDB,bayesian_logistic_laplace,numeric__x_fit_molecules,-0.006569540990569513,0.006569540990569513,0.9735292833634157
AqSolDB,bayesian_logistic_laplace,numeric__x_fit_scaffold_count,-0.00733004216970078,0.00733004216970078,0.9737917150584938
AqSolDB,bayesian_logistic_laplace,numeric__x_fit_log_s_mean,-0.014750148650147158,0.014750148650147158,0.9682906965657188
AqSolDB,bayesian_logistic_laplace,numeric__x_fit_log_s_std,0.0029131592487650552,0.0029131592487650552,0.9686161527777669
AqSolDB,bayesian_logistic_laplace,numeric__x_fit_log_s_iqr,0.0009995760672841083,0.0009995760672841083,0.9669244127340344
AqSolDB,bayesian_logistic_laplace,numeric__x_fit_mean_observation_count,-0.01369761053500024,0.01369761053500024,0.9681664363118969
AqSolDB,bayesian_logistic_laplace,numeric__x_fit_multiple_source_fraction,-0.007279703343017091,0.007279703343017091,0.973682486636779
AqSolDB,bayesian_logistic_laplace,numeric__x_fit_single_observation_fraction,0.006842564591184064,0.006842564591184064,0.973572521640844
AqSolDB,bayesian_logistic_laplace,numeric__x_test_molecules,0.01996763484691655,0.01996763484691655,0.9533865552254249
AqSolDB,bayesian_logistic_laplace,numeric__x_test_scaffold_count,0.018292929497177753,0.018292929497177753,0.9577423475684838
AqSolDB,bayesian_logistic_laplace,numeric__x_test_unseen_scaffold_fraction,-0.0016287154793888068,0.0016287154793888068,0.9668785751333083
AqSolDB,bayesian_logistic_laplace,numeric__x_test_max_train_similarity_median,-0.06570969596926943,0.06570969596926943,0.9695867893827421
AqSolDB,bayesian_logistic_laplace,numeric__x_test_max_train_similarity_p10,-0.032220932313245285,0.032220932313245285,0.9612602050897336
AqSolDB,bayesian_logistic_laplace,numeric__x_test_similarity_below_0p3_fraction,-0.0009741205366233894,0.0009741205366233894,0.9705414663827263
AqSolDB,bayesian_logistic_laplace,numeric__x_test_similarity_below_0p5_fraction,0.023375926310182035,0.023375926310182035,0.9679719170393277
AqSolDB,bayesian_logistic_laplace,numeric__x_shift_mol_wt_smd,-0.013279094363667806,0.013279094363667806,0.9188352374505118
AqSolDB,bayesian_logistic_laplace,numeric__x_shift_mol_log_p_smd,-0.028553416791089685,0.028553416791089685,0.9292198649940964
AqSolDB,bayesian_logistic_laplace,numeric__x_shift_tpsa_smd,0.012187304824663929,0.012187304824663929,0.9711165081297776
AqSolDB,bayesian_logistic_laplace,numeric__x_shift_fraction_csp3_smd,-0.04138929984742166,0.04138929984742166,0.37013611810307284
AqSolDB,bayesian_logistic_laplace,numeric__x_shift_rotatable_bonds_smd,0.027682161506276108,0.027682161506276108,0.8483770532295365
AqSolDB,bayesian_logistic_laplace,numeric__x_shift_ring_count_smd,-0.027112961005445413,0.027112961005445413,0.7614768558409831
AqSolDB,bayesian_logistic_laplace,numeric__x_validation_rmse,-0.056876128752634536,0.056876128752634536,0.9004624996371308
AqSolDB,bayesian_logistic_laplace,numeric__x_validation_mae,-0.914577359583809,0.914577359583809,0.9222737024143872
AqSolDB,bayesian_logistic_laplace,numeric__x_validation_r2,0.13535979667588274,0.13535979667588274,0.9740090381965927
AqSolDB,bayesian_logistic_laplace,numeric__x_validation_spearman,0.4559500902310291,0.4559500902310291,0.7167320790812288
AqSolDB,bayesian_logistic_laplace,numeric__x_hp_C,0.0,0.0,1.0000000000000013
AqSolDB,bayesian_logistic_laplace,numeric__x_hp_alpha,-0.08984374637985167,0.08984374637985167,0.8466457059376225
AqSolDB,bayesian_logistic_laplace,numeric__x_hp_batch_size,0.0,0.0,1.0000000000000004
AqSolDB,bayesian_logistic_laplace,numeric__x_hp_depth,0.0,0.0,1.0000000000000007
AqSolDB,bayesian_logistic_laplace,numeric__x_hp_dropout,0.0,0.0,1.000000000000001
AqSolDB,bayesian_logistic_laplace,numeric__x_hp_early_stopping_patience,0.0,0.0,1.0000000000000013
AqSolDB,bayesian_logistic_laplace,numeric__x_hp_ensemble_size,0.0,0.0,1.0
AqSolDB,bayesian_logistic_laplace,numeric__x_hp_epsilon,0.23855620203504896,0.23855620203504896,0.20170712571755348
AqSolDB,bayesian_logistic_laplace,numeric__x_hp_ffn_hidden_dim,0.0,0.0,1.0
AqSolDB,bayesian_logistic_laplace,numeric__x_hp_ffn_num_layers,0.0,0.0,1.0
AqSolDB,bayesian_logistic_laplace,numeric__x_hp_l1_ratio,0.006881152859378125,0.006881152859378125,0.9984474211172552
AqSolDB,bayesian_logistic_laplace,numeric__x_hp_l2_regularization,0.016380859422559332,0.016380859422559332,0.12607389093062213
AqSolDB,bayesian_logistic_laplace,numeric__x_hp_learning_rate,-0.12197845819278014,0.12197845819278014,0.7203740160977155
AqSolDB,bayesian_logistic_laplace,numeric__x_hp_max_depth,0.05560156726573399,0.05560156726573399,0.6801849316303629
AqSolDB,bayesian_logistic_laplace,numeric__x_hp_max_leaf_nodes,-0.022809413745883474,0.022809413745883474,0.3539678998777033
AqSolDB,bayesian_logistic_laplace,numeric__x_hp_maximum_epochs,0.0,0.0,1.0
AqSolDB,bayesian_logistic_laplace,numeric__x_hp_message_hidden_dim,0.0,0.0,0.9999999999999996
AqSolDB,bayesian_logistic_laplace,numeric__x_hp_min_child_weight,0.04560921292494954,0.04560921292494954,0.5054134049071105
AqSolDB,bayesian_logistic_laplace,numeric__x_hp_min_samples_leaf,-0.09352598406180146,0.09352598406180146,0.23441757521427362
AqSolDB,bayesian_logistic_laplace,numeric__x_hp_minibatch_frac,1.5776394996886534e-18,1.5776394996886534e-18,1.0
AqSolDB,bayesian_logistic_laplace,numeric__x_hp_n_estimators,0.20218719542039357,0.20218719542039357,0.8617703555281289
AqSolDB,bayesian_logistic_laplace,numeric__x_hp_n_neighbors,0.16013368417355486,0.16013368417355486,0.8216578582879452
AqSolDB,bayesian_logistic_laplace,numeric__missingindicator_x_hp_C,-0.4494940413881807,0.4494940413881807,0.8064448700898335
AqSolDB,bayesian_logistic_laplace,numeric__missingindicator_x_hp_alpha,0.5161576186588553,0.5161576186588553,0.8498479997097903
AqSolDB,bayesian_logistic_laplace,numeric__missingindicator_x_hp_batch_size,-0.10050852215013062,0.10050852215013062,0.9449439659680807
AqSolDB,bayesian_logistic_laplace,numeric__missingindicator_x_hp_depth,-0.10050852215013062,0.10050852215013062,0.944943965968075
AqSolDB,bayesian_logistic_laplace,numeric__missingindicator_x_hp_dropout,-0.10050852215013062,0.10050852215013062,0.9449439659680741
AqSolDB,bayesian_logistic_laplace,numeric__missingindicator_x_hp_early_stopping_patience,-0.10050852215013062,0.10050852215013062,0.9449439659680718
AqSolDB,bayesian_logistic_laplace,numeric__missingindicator_x_hp_ensemble_size,-0.10050852215013062,0.10050852215013062,0.9449439659680836
AqSolDB,bayesian_logistic_laplace,numeric__missingindicator_x_hp_epsilon,-0.4494940413881807,0.4494940413881807,0.8064448700898308
AqSolDB,bayesian_logistic_laplace,numeric__missingindicator_x_hp_ffn_hidden_dim,-0.10050852215013062,0.10050852215013062,0.9449439659680867
AqSolDB,bayesian_logistic_laplace,numeric__missingindicator_x_hp_ffn_num_layers,-0.10050852215013062,0.10050852215013062,0.9449439659680624
AqSolDB,bayesian_logistic_laplace,numeric__missingindicator_x_hp_l1_ratio,0.1435328000657952,0.1435328000657952,0.853879211751773
AqSolDB,bayesian_logistic_laplace,numeric__missingindicator_x_hp_l2_regularization,-0.28643779674219827,0.28643779674219827,0.7588393011631781
AqSolDB,bayesian_logistic_laplace,numeric__missingindicator_x_hp_learning_rate,-0.21508229825369374,0.21508229825369374,0.8730971304142822
AqSolDB,bayesian_logistic_laplace,numeric__missingindicator_x_hp_max_depth,-0.4640127744522994,0.4640127744522994,0.8575365629396652
AqSolDB,bayesian_logistic_laplace,numeric__missingindicator_x_hp_max_leaf_nodes,-0.28643779674219827,0.28643779674219827,0.758839301163174
AqSolDB,bayesian_logistic_laplace,numeric__missingindicator_x_hp_maximum_epochs,-0.10050852215013062,0.10050852215013062,0.9449439659680707
AqSolDB,bayesian_logistic_laplace,numeric__missingindicator_x_hp_message_hidden_dim,-0.10050852215013062,0.10050852215013062,0.9449439659680331
AqSolDB,bayesian_logistic_laplace,numeric__missingindicator_x_hp_min_child_weight,-0.4640127744522994,0.4640127744522994,0.857536562939671
AqSolDB,bayesian_logistic_laplace,numeric__missingindicator_x_hp_min_samples_leaf,-0.2058866422870846,0.2058866422870846,0.8074719681759691
AqSolDB,bayesian_logistic_laplace,numeric__missingindicator_x_hp_minibatch_frac,0.6159061563033736,0.6159061563033736,0.6451094110724804
AqSolDB,bayesian_logistic_laplace,numeric__missingindicator_x_hp_n_estimators,-0.23729031636245076,0.23729031636245076,0.8623162861159688
AqSolDB,bayesian_logistic_laplace,numeric__missingindicator_x_hp_n_neighbors,0.2702804833083395,0.2702804833083395,0.8309572527078821
AqSolDB,bayesian_logistic_laplace,categorical__x_model_chemprop,0.01915956122138966,0.01915956122138966,0.9981544293672314
AqSolDB,bayesian_logistic_laplace,categorical__x_model_elastic_net,-0.04287143469126344,0.04287143469126344,0.9869578259189404
AqSolDB,bayesian_logistic_laplace,categorical__x_model_esol,0.0006284339372533981,0.0006284339372533981,0.9997271804814968
AqSolDB,bayesian_logistic_laplace,categorical__x_model_extra_trees,-0.09071743432670057,0.09071743432670057,0.8077982799634797
AqSolDB,bayesian_logistic_laplace,categorical__x_model_hist_gradient_boosting,0.053663734457948885,0.053663734457948885,0.9926693047417474
AqSolDB,bayesian_logistic_laplace,categorical__x_model_knn,-0.08207383239085861,0.08207383239085861,0.9850843915289212
AqSolDB,bayesian_logistic_laplace,categorical__x_model_mlp,-0.13127802728449706,0.13127802728449706,0.9702599406438848
AqSolDB,bayesian_logistic_laplace,categorical__x_model_ngboost,-0.11379043403249546,0.11379043403249546,0.9898956900449674
AqSolDB,bayesian_logistic_laplace,categorical__x_model_random_forest,0.1782430810896335,0.1782430810896335,0.8051295330318236
AqSolDB,bayesian_logistic_laplace,categorical__x_model_ridge,-0.06234145502727814,0.06234145502727814,0.978754213116718
AqSolDB,bayesian_logistic_laplace,categorical__x_model_svr,0.14054867596059,0.14054867596059,0.9831335908673265
AqSolDB,bayesian_logistic_laplace,categorical__x_model_xgboost,0.14503924441212288,0.14503924441212288,0.9872611256369422
AqSolDB,bayesian_logistic_laplace,categorical__x_model_class_chemistry_equation,0.0006284339372533981,0.0006284339372533981,0.9997271804814969
AqSolDB,bayesian_logistic_laplace,categorical__x_model_class_graph_neural_network,0.01915956122138966,0.01915956122138966,0.9981544293672303
AqSolDB,bayesian_logistic_laplace,categorical__x_model_class_kernel,0.14054867596059,0.14054867596059,0.9831335908673264
AqSolDB,bayesian_logistic_laplace,categorical__x_model_class_linear,-0.10521288971854141,0.10521288971854141,0.972616761724124
AqSolDB,bayesian_logistic_laplace,categorical__x_model_class_local_similarity,-0.08207383239085861,0.08207383239085861,0.985084391528921
AqSolDB,bayesian_logistic_laplace,categorical__x_model_class_neural_network,-0.13127802728449706,0.13127802728449706,0.9702599406438847
AqSolDB,bayesian_logistic_laplace,categorical__x_model_class_probabilistic_boosting,-0.11379043403249546,0.11379043403249546,0.9898956900449674
AqSolDB,bayesian_logistic_laplace,categorical__x_model_class_tree_ensemble,0.2862286256330048,0.2862286256330048,0.9643555050310167
AqSolDB,bayesian_logistic_laplace,categorical__x_feature_type_maccs_fingerprints,-1.8501846743607648,1.8501846743607648,0.8054119661327754
AqSolDB,bayesian_logistic_laplace,categorical__x_feature_type_molecular_graph,0.01915956122138966,0.01915956122138966,0.9981544293672283
AqSolDB,bayesian_logistic_laplace,categorical__x_feature_type_morgan_fingerprints,-0.43302946335071213,0.43302946335071213,0.9462556298599338
AqSolDB,bayesian_logistic_laplace,categorical__x_feature_type_rdkit_descriptors,2.2782646898159387,2.2782646898159387,0.8046087498030676
AqSolDB,bayesian_logistic_laplace,categorical__x_hp_architecture_D-MPNN,0.01915956122138966,0.01915956122138966,0.9981544293672289
AqSolDB,bayesian_logistic_laplace,categorical__x_hp_architecture_None,-0.004949447895543671,0.004949447895543671,0.9981544247808105
AqSolDB,bayesian_logistic_laplace,categorical__x_hp_gamma_scale,0.14054867596059,0.14054867596059,0.9831335908673274
AqSolDB,bayesian_logistic_laplace,categorical__x_hp_gamma_None,-0.12633856263474535,0.12633856263474535,0.9831335873168288
AqSolDB,bayesian_logistic_laplace,"categorical__x_hp_hidden_layer_sizes_[128, 64]",-0.06427411411729661,0.06427411411729661,0.9773909944580624
AqSolDB,bayesian_logistic_laplace,categorical__x_hp_hidden_layer_sizes_[128],-0.06700391316720036,0.06700391316720036,0.9771375642023673
AqSolDB,bayesian_logistic_laplace,categorical__x_hp_hidden_layer_sizes_None,0.1454881406103418,0.1454881406103418,0.9702599371078652
AqSolDB,bayesian_logistic_laplace,categorical__x_hp_max_features_log2,-0.0022700386147471146,0.0022700386147471146,0.9981914683692915
AqSolDB,bayesian_logistic_laplace,categorical__x_hp_max_features_sqrt,0.08979568537767989,0.08979568537767989,0.9686978586140075
AqSolDB,bayesian_logistic_laplace,categorical__x_hp_max_features_None,-0.07331553343708745,0.07331553343708745,0.9702628542436227
AqSolDB,bayesian_logistic_laplace,categorical__x_hp_strategy_None,0.01421011332584559,0.01421011332584559,0.9999999949999461
AqSolDB,bayesian_logistic_laplace,categorical__x_hp_weights_distance,-0.08207383239085861,0.08207383239085861,0.9850843915289214
AqSolDB,bayesian_logistic_laplace,categorical__x_hp_weights_None,0.09628394571670441,0.09628394571670441,0.9850843874496186
AqSolDB,random_forest,numeric__x_features_after_preprocessing,0.016292766996410774,0.016292766996410774,
AqSolDB,random_forest,numeric__x_fit_molecules,0.0025595902998069896,0.0025595902998069896,
AqSolDB,random_forest,numeric__x_fit_scaffold_count,0.002112168590290034,0.002112168590290034,
AqSolDB,random_forest,numeric__x_fit_log_s_mean,0.003246011446861769,0.003246011446861769,
AqSolDB,random_forest,numeric__x_fit_log_s_std,0.0032039742378881285,0.0032039742378881285,
AqSolDB,random_forest,numeric__x_fit_log_s_iqr,0.00394280698518094,0.00394280698518094,
AqSolDB,random_forest,numeric__x_fit_mean_observation_count,0.0026817961725265683,0.0026817961725265683,
AqSolDB,random_forest,numeric__x_fit_multiple_source_fraction,0.003556581267916638,0.003556581267916638,
AqSolDB,random_forest,numeric__x_fit_single_observation_fraction,0.0029398395129873996,0.0029398395129873996,
AqSolDB,random_forest,numeric__x_test_molecules,0.003032943720575079,0.003032943720575079,
AqSolDB,random_forest,numeric__x_test_scaffold_count,0.0026533652067472356,0.0026533652067472356,
AqSolDB,random_forest,numeric__x_test_unseen_scaffold_fraction,0.0033176841759566906,0.0033176841759566906,
AqSolDB,random_forest,numeric__x_test_max_train_similarity_median,0.005811110557337563,0.005811110557337563,
AqSolDB,random_forest,numeric__x_test_max_train_similarity_p10,0.0056970043121266556,0.0056970043121266556,
AqSolDB,random_forest,numeric__x_test_similarity_below_0p3_fraction,0.00828121777112808,0.00828121777112808,
AqSolDB,random_forest,numeric__x_test_similarity_below_0p5_fraction,0.01339070016677174,0.01339070016677174,
AqSolDB,random_forest,numeric__x_shift_mol_wt_smd,0.003319709924830865,0.003319709924830865,
AqSolDB,random_forest,numeric__x_shift_mol_log_p_smd,0.0022576199921718896,0.0022576199921718896,
AqSolDB,random_forest,numeric__x_shift_tpsa_smd,0.003064230558642591,0.003064230558642591,
AqSolDB,random_forest,numeric__x_shift_fraction_csp3_smd,0.0027895689684163767,0.0027895689684163767,
AqSolDB,random_forest,numeric__x_shift_rotatable_bonds_smd,0.0031015523029997052,0.0031015523029997052,
AqSolDB,random_forest,numeric__x_shift_ring_count_smd,0.003081644026659156,0.003081644026659156,
AqSolDB,random_forest,numeric__x_validation_rmse,0.09902890821554367,0.09902890821554367,
AqSolDB,random_forest,numeric__x_validation_mae,0.15801163204978677,0.15801163204978677,
AqSolDB,random_forest,numeric__x_validation_r2,0.09980968030411874,0.09980968030411874,
AqSolDB,random_forest,numeric__x_validation_spearman,0.1056994887155469,0.1056994887155469,
AqSolDB,random_forest,numeric__x_hp_C,0.0,0.0,
AqSolDB,random_forest,numeric__x_hp_alpha,0.0010472269863460845,0.0010472269863460845,
AqSolDB,random_forest,numeric__x_hp_batch_size,0.0,0.0,
AqSolDB,random_forest,numeric__x_hp_depth,0.0,0.0,
AqSolDB,random_forest,numeric__x_hp_dropout,0.0,0.0,
AqSolDB,random_forest,numeric__x_hp_early_stopping_patience,0.0,0.0,
AqSolDB,random_forest,numeric__x_hp_ensemble_size,0.0,0.0,
AqSolDB,random_forest,numeric__x_hp_epsilon,0.014388502044625627,0.014388502044625627,
AqSolDB,random_forest,numeric__x_hp_ffn_hidden_dim,0.0,0.0,
AqSolDB,random_forest,numeric__x_hp_ffn_num_layers,0.0,0.0,
AqSolDB,random_forest,numeric__x_hp_l1_ratio,0.0,0.0,
AqSolDB,random_forest,numeric__x_hp_l2_regularization,0.004805916779673063,0.004805916779673063,
AqSolDB,random_forest,numeric__x_hp_learning_rate,0.007546995485274787,0.007546995485274787,
AqSolDB,random_forest,numeric__x_hp_max_depth,0.0,0.0,
AqSolDB,random_forest,numeric__x_hp_max_leaf_nodes,0.0,0.0,
AqSolDB,random_forest,numeric__x_hp_maximum_epochs,0.0,0.0,
AqSolDB,random_forest,numeric__x_hp_message_hidden_dim,0.0,0.0,
AqSolDB,random_forest,numeric__x_hp_min_child_weight,0.002002864871944789,0.002002864871944789,
AqSolDB,random_forest,numeric__x_hp_min_samples_leaf,0.00029461209165099515,0.00029461209165099515,
AqSolDB,random_forest,numeric__x_hp_minibatch_frac,0.0,0.0,
AqSolDB,random_forest,numeric__x_hp_n_estimators,0.025051554243824888,0.025051554243824888,
AqSolDB,random_forest,numeric__x_hp_n_neighbors,2.7922461736774186e-06,2.7922461736774186e-06,
AqSolDB,random_forest,numeric__missingindicator_x_hp_C,0.011674004748037339,0.011674004748037339,
AqSolDB,random_forest,numeric__missingindicator_x_hp_alpha,0.003995549686411683,0.003995549686411683,
AqSolDB,random_forest,numeric__missingindicator_x_hp_batch_size,0.0016712034522197818,0.0016712034522197818,
AqSolDB,random_forest,numeric__missingindicator_x_hp_depth,0.0027377989082560364,0.0027377989082560364,
AqSolDB,random_forest,numeric__missingindicator_x_hp_dropout,0.0021577035848274442,0.0021577035848274442,
AqSolDB,random_forest,numeric__missingindicator_x_hp_early_stopping_patience,0.0014391626035757923,0.0014391626035757923,
AqSolDB,random_forest,numeric__missingindicator_x_hp_ensemble_size,0.0025521661603211134,0.0025521661603211134,
AqSolDB,random_forest,numeric__missingindicator_x_hp_epsilon,0.009645486684797571,0.009645486684797571,
AqSolDB,random_forest,numeric__missingindicator_x_hp_ffn_hidden_dim,0.002866361454308731,0.002866361454308731,
AqSolDB,random_forest,numeric__missingindicator_x_hp_ffn_num_layers,0.002706854337370837,0.002706854337370837,
AqSolDB,random_forest,numeric__missingindicator_x_hp_l1_ratio,0.00022095625699107826,0.00022095625699107826,
AqSolDB,random_forest,numeric__missingindicator_x_hp_l2_regularization,0.021723810613336267,0.021723810613336267,
AqSolDB,random_forest,numeric__missingindicator_x_hp_learning_rate,0.030330423815869433,0.030330423815869433,
AqSolDB,random_forest,numeric__missingindicator_x_hp_max_depth,0.02443470380113959,0.02443470380113959,
AqSolDB,random_forest,numeric__missingindicator_x_hp_max_leaf_nodes,0.024959309081259727,0.024959309081259727,
AqSolDB,random_forest,numeric__missingindicator_x_hp_maximum_epochs,0.001711094660347696,0.001711094660347696,
AqSolDB,random_forest,numeric__missingindicator_x_hp_message_hidden_dim,0.0009520333290384708,0.0009520333290384708,
AqSolDB,random_forest,numeric__missingindicator_x_hp_min_child_weight,0.022287711824586644,0.022287711824586644,
AqSolDB,random_forest,numeric__missingindicator_x_hp_min_samples_leaf,0.006637192210015135,0.006637192210015135,
AqSolDB,random_forest,numeric__missingindicator_x_hp_minibatch_frac,0.0021501686346068905,0.0021501686346068905,
AqSolDB,random_forest,numeric__missingindicator_x_hp_n_estimators,0.006457773792359539,0.006457773792359539,
AqSolDB,random_forest,numeric__missingindicator_x_hp_n_neighbors,0.00016911893455885487,0.00016911893455885487,
AqSolDB,random_forest,categorical__x_model_chemprop,0.0029736783142998782,0.0029736783142998782,
AqSolDB,random_forest,categorical__x_model_elastic_net,6.859636757867613e-05,6.859636757867613e-05,
AqSolDB,random_forest,categorical__x_model_esol,1.0928215063459057e-05,1.0928215063459057e-05,
AqSolDB,random_forest,categorical__x_model_extra_trees,0.0028251759274553656,0.0028251759274553656,
AqSolDB,random_forest,categorical__x_model_hist_gradient_boosting,0.018251033199358585,0.018251033199358585,
AqSolDB,random_forest,categorical__x_model_knn,0.00021504473743916996,0.00021504473743916996,
AqSolDB,random_forest,categorical__x_model_mlp,0.0009358198555963422,0.0009358198555963422,
AqSolDB,random_forest,categorical__x_model_ngboost,0.0028246794773632137,0.0028246794773632137,
AqSolDB,random_forest,categorical__x_model_random_forest,0.001542431922981153,0.001542431922981153,
AqSolDB,random_forest,categorical__x_model_ridge,0.0001385073213388038,0.0001385073213388038,
AqSolDB,random_forest,categorical__x_model_svr,0.0092371206875347,0.0092371206875347,
AqSolDB,random_forest,categorical__x_model_xgboost,0.023697131911788225,0.023697131911788225,
AqSolDB,random_forest,categorical__x_model_class_chemistry_equation,5.341913662583358e-06,5.341913662583358e-06,
AqSolDB,random_forest,categorical__x_model_class_graph_neural_network,0.0020686760948063704,0.0020686760948063704,
AqSolDB,random_forest,categorical__x_model_class_kernel,0.010174144363535647,0.010174144363535647,
AqSolDB,random_forest,categorical__x_model_class_linear,0.0020877991301193467,0.0020877991301193467,
AqSolDB,random_forest,categorical__x_model_class_local_similarity,8.953736166443917e-05,8.953736166443917e-05,
AqSolDB,random_forest,categorical__x_model_class_neural_network,0.0008590150938408299,0.0008590150938408299,
AqSolDB,random_forest,categorical__x_model_class_probabilistic_boosting,0.002891537947154683,0.002891537947154683,
AqSolDB,random_forest,categorical__x_model_class_tree_ensemble,0.012231611903800588,0.012231611903800588,
AqSolDB,random_forest,categorical__x_feature_type_maccs_fingerprints,0.0077548007045383635,0.0077548007045383635,
AqSolDB,random_forest,categorical__x_feature_type_molecular_graph,0.0018740708463606986,0.0018740708463606986,
AqSolDB,random_forest,categorical__x_feature_type_morgan_fingerprints,0.006269181384706578,0.006269181384706578,
AqSolDB,random_forest,categorical__x_feature_type_rdkit_descriptors,0.04164556905697199,0.04164556905697199,
AqSolDB,random_forest,categorical__x_hp_architecture_D-MPNN,0.0022110915503844313,0.0022110915503844313,
AqSolDB,random_forest,categorical__x_hp_architecture_None,0.001645825554440828,0.001645825554440828,
AqSolDB,random_forest,categorical__x_hp_gamma_scale,0.011375709610859343,0.011375709610859343,
AqSolDB,random_forest,categorical__x_hp_gamma_None,0.013781487506532459,0.013781487506532459,
AqSolDB,random_forest,"categorical__x_hp_hidden_layer_sizes_[128, 64]",0.00010083787454686636,0.00010083787454686636,
AqSolDB,random_forest,categorical__x_hp_hidden_layer_sizes_[128],6.262945633492353e-05,6.262945633492353e-05,
AqSolDB,random_forest,categorical__x_hp_hidden_layer_sizes_None,0.0010342643382971668,0.0010342643382971668,
AqSolDB,random_forest,categorical__x_hp_max_features_log2,0.0,0.0,
AqSolDB,random_forest,categorical__x_hp_max_features_sqrt,0.008922857949080001,0.008922857949080001,
AqSolDB,random_forest,categorical__x_hp_max_features_None,0.00829529456495219,0.00829529456495219,
AqSolDB,random_forest,categorical__x_hp_strategy_None,0.0,0.0,
AqSolDB,random_forest,categorical__x_hp_weights_distance,0.00013113472481612073,0.00013113472481612073,
AqSolDB,random_forest,categorical__x_hp_weights_None,0.00026278332781750084,0.00026278332781750084,
Delaney,logistic,numeric__x_features_after_preprocessing,-0.8396663468697801,0.8396663468697801,
Delaney,logistic,numeric__x_fit_molecules,-0.03407414104620721,0.03407414104620721,
Delaney,logistic,numeric__x_fit_scaffold_count,-0.035341573367682774,0.035341573367682774,
Delaney,logistic,numeric__x_fit_log_s_mean,0.03922286238380197,0.03922286238380197,
Delaney,logistic,numeric__x_fit_log_s_std,-0.02547222214396489,0.02547222214396489,
Delaney,logistic,numeric__x_fit_log_s_iqr,-0.01759775280846708,0.01759775280846708,
Delaney,logistic,numeric__x_fit_mean_observation_count,-0.02847973555623294,0.02847973555623294,
Delaney,logistic,numeric__x_fit_multiple_source_fraction,-0.03462965240949852,0.03462965240949852,
Delaney,logistic,numeric__x_fit_single_observation_fraction,0.024467561933175244,0.024467561933175244,
Delaney,logistic,numeric__x_test_molecules,0.04633592412529107,0.04633592412529107,
Delaney,logistic,numeric__x_test_scaffold_count,0.04555577754757129,0.04555577754757129,
Delaney,logistic,numeric__x_test_unseen_scaffold_fraction,0.014711275051323277,0.014711275051323277,
Delaney,logistic,numeric__x_test_max_train_similarity_median,-0.0755303972824045,0.0755303972824045,
Delaney,logistic,numeric__x_test_max_train_similarity_p10,0.008579342017785551,0.008579342017785551,
Delaney,logistic,numeric__x_test_similarity_below_0p3_fraction,-0.03293018260459716,0.03293018260459716,
Delaney,logistic,numeric__x_test_similarity_below_0p5_fraction,0.048165768797061304,0.048165768797061304,
Delaney,logistic,numeric__x_shift_mol_wt_smd,0.0326149404554849,0.0326149404554849,
Delaney,logistic,numeric__x_shift_mol_log_p_smd,0.039689848893376574,0.039689848893376574,
Delaney,logistic,numeric__x_shift_tpsa_smd,0.017103041147256682,0.017103041147256682,
Delaney,logistic,numeric__x_shift_fraction_csp3_smd,-0.045704068263318375,0.045704068263318375,
Delaney,logistic,numeric__x_shift_rotatable_bonds_smd,0.05226727426006605,0.05226727426006605,
Delaney,logistic,numeric__x_shift_ring_count_smd,0.004092161708836806,0.004092161708836806,
Delaney,logistic,numeric__x_validation_rmse,-0.2370108924505755,0.2370108924505755,
Delaney,logistic,numeric__x_validation_mae,-1.0760097222528937,1.0760097222528937,
Delaney,logistic,numeric__x_validation_r2,0.1465278301000535,0.1465278301000535,
Delaney,logistic,numeric__x_validation_spearman,0.479154627311025,0.479154627311025,
Delaney,logistic,numeric__x_hp_C,0.0,0.0,
Delaney,logistic,numeric__x_hp_alpha,-0.10765058274982679,0.10765058274982679,
Delaney,logistic,numeric__x_hp_batch_size,0.0,0.0,
Delaney,logistic,numeric__x_hp_depth,0.0,0.0,
Delaney,logistic,numeric__x_hp_dropout,0.0,0.0,
Delaney,logistic,numeric__x_hp_early_stopping_patience,0.0,0.0,
Delaney,logistic,numeric__x_hp_ensemble_size,0.0,0.0,
Delaney,logistic,numeric__x_hp_epsilon,0.052208434069596084,0.052208434069596084,
Delaney,logistic,numeric__x_hp_ffn_hidden_dim,0.0,0.0,
Delaney,logistic,numeric__x_hp_ffn_num_layers,0.0,0.0,
Delaney,logistic,numeric__x_hp_l1_ratio,-0.02369431851954029,0.02369431851954029,
Delaney,logistic,numeric__x_hp_l2_regularization,0.09216042910024462,0.09216042910024462,
Delaney,logistic,numeric__x_hp_learning_rate,-0.03902161589960214,0.03902161589960214,
Delaney,logistic,numeric__x_hp_max_depth,-0.15749224445625873,0.15749224445625873,
Delaney,logistic,numeric__x_hp_max_leaf_nodes,0.0808880602275615,0.0808880602275615,
Delaney,logistic,numeric__x_hp_maximum_epochs,0.0,0.0,
Delaney,logistic,numeric__x_hp_message_hidden_dim,0.0,0.0,
Delaney,logistic,numeric__x_hp_min_child_weight,0.12328377584113907,0.12328377584113907,
Delaney,logistic,numeric__x_hp_min_samples_leaf,-0.11366175105416101,0.11366175105416101,
Delaney,logistic,numeric__x_hp_minibatch_frac,-3.0894290675599654e-18,3.0894290675599654e-18,
Delaney,logistic,numeric__x_hp_n_estimators,0.17991520407417164,0.17991520407417164,
Delaney,logistic,numeric__x_hp_n_neighbors,0.14047201407264415,0.14047201407264415,
Delaney,logistic,numeric__missingindicator_x_hp_C,-0.34913574843282263,0.34913574843282263,
Delaney,logistic,numeric__missingindicator_x_hp_alpha,0.5379212472840444,0.5379212472840444,
Delaney,logistic,numeric__missingindicator_x_hp_batch_size,-0.08085784919663487,0.08085784919663487,
Delaney,logistic,numeric__missingindicator_x_hp_depth,-0.08085784919663487,0.08085784919663487,
Delaney,logistic,numeric__missingindicator_x_hp_dropout,-0.08085784919663487,0.08085784919663487,
Delaney,logistic,numeric__missingindicator_x_hp_early_stopping_patience,-0.08085784919663487,0.08085784919663487,
Delaney,logistic,numeric__missingindicator_x_hp_ensemble_size,-0.08085784919663487,0.08085784919663487,
Delaney,logistic,numeric__missingindicator_x_hp_epsilon,-0.34913574843282263,0.34913574843282263,
Delaney,logistic,numeric__missingindicator_x_hp_ffn_hidden_dim,-0.08085784919663487,0.08085784919663487,
Delaney,logistic,numeric__missingindicator_x_hp_ffn_num_layers,-0.08085784919663487,0.08085784919663487,
Delaney,logistic,numeric__missingindicator_x_hp_l1_ratio,0.1496529496085337,0.1496529496085337,
Delaney,logistic,numeric__missingindicator_x_hp_l2_regularization,-0.27733242459390445,0.27733242459390445,
Delaney,logistic,numeric__missingindicator_x_hp_learning_rate,-0.35845370899846707,0.35845370899846707,
Delaney,logistic,numeric__missingindicator_x_hp_max_depth,-0.2857478291411827,0.2857478291411827,
Delaney,logistic,numeric__missingindicator_x_hp_max_leaf_nodes,-0.27733242459390445,0.27733242459390445,
Delaney,logistic,numeric__missingindicator_x_hp_maximum_epochs,-0.08085784919663487,0.08085784919663487,
Delaney,logistic,numeric__missingindicator_x_hp_message_hidden_dim,-0.08085784919663487,0.08085784919663487,
Delaney,logistic,numeric__missingindicator_x_hp_min_child_weight,-0.2857478291411827,0.2857478291411827,
Delaney,logistic,numeric__missingindicator_x_hp_min_samples_leaf,-0.19886363589416586,0.19886363589416586,
Delaney,logistic,numeric__missingindicator_x_hp_minibatch_frac,0.013803012836011078,0.013803012836011078,
Delaney,logistic,numeric__missingindicator_x_hp_n_estimators,-0.3494001903289528,0.3494001903289528,
Delaney,logistic,numeric__missingindicator_x_hp_n_neighbors,0.3161819542836515,0.3161819542836515,
Delaney,logistic,categorical__x_model_chemprop,0.014011521635822607,0.014011521635822607,
Delaney,logistic,categorical__x_model_elastic_net,-0.04926835252526198,0.04926835252526198,
Delaney,logistic,categorical__x_model_esol,0.0061468220334950615,0.0061468220334950615,
Delaney,logistic,categorical__x_model_extra_trees,-0.4099444570490005,0.4099444570490005,
Delaney,logistic,categorical__x_model_hist_gradient_boosting,0.05047265881263665,0.05047265881263665,
Delaney,logistic,categorical__x_model_knn,-0.10077490556654381,0.10077490556654381,
Delaney,logistic,categorical__x_model_mlp,-0.14987746600389437,0.14987746600389437,
Delaney,logistic,categorical__x_model_ngboost,-0.0035553450636930293,0.0035553450636930293,
Delaney,logistic,categorical__x_model_random_forest,0.48558040740097647,0.48558040740097647,
Delaney,logistic,categorical__x_model_ridge,-0.061021217122187624,0.061021217122187624,
Delaney,logistic,categorical__x_model_svr,0.10500439162630301,0.10500439162630301,
Delaney,logistic,categorical__x_model_xgboost,0.08539883862644607,0.08539883862644607,
Delaney,logistic,categorical__x_model_class_chemistry_equation,0.0061468220334950615,0.0061468220334950615,
Delaney,logistic,categorical__x_model_class_graph_neural_network,0.014011521635822607,0.014011521635822607,
Delaney,logistic,categorical__x_model_class_kernel,0.10500439162630301,0.10500439162630301,
Delaney,logistic,categorical__x_model_class_linear,-0.11028956964744963,0.11028956964744963,
Delaney,logistic,categorical__x_model_class_local_similarity,-0.10077490556654381,0.10077490556654381,
Delaney,logistic,categorical__x_model_class_neural_network,-0.14987746600389437,0.14987746600389437,
Delaney,logistic,categorical__x_model_class_probabilistic_boosting,-0.0035553450636930293,0.0035553450636930293,
Delaney,logistic,categorical__x_model_class_tree_ensemble,0.21150744779105843,0.21150744779105843,
Delaney,logistic,categorical__x_feature_type_maccs_fingerprints,-1.6445291676342342,1.6445291676342342,
Delaney,logistic,categorical__x_feature_type_molecular_graph,0.014011521635822607,0.014011521635822607,
Delaney,logistic,categorical__x_feature_type_morgan_fingerprints,-0.4361024968086455,0.4361024968086455,
Delaney,logistic,categorical__x_feature_type_rdkit_descriptors,2.0387930396121456,2.0387930396121456,
Delaney,logistic,categorical__x_hp_architecture_D-MPNN,0.014011521635822607,0.014011521635822607,
Delaney,logistic,categorical__x_hp_architecture_None,-0.04183862483072491,0.04183862483072491,
Delaney,logistic,categorical__x_hp_gamma_scale,0.10500439162630301,0.10500439162630301,
Delaney,logistic,categorical__x_hp_gamma_None,-0.13283149482120404,0.13283149482120404,
Delaney,logistic,"categorical__x_hp_hidden_layer_sizes_[128, 64]",-0.06263646030409387,0.06263646030409387,
Delaney,logistic,categorical__x_hp_hidden_layer_sizes_[128],-0.0872410056998005,0.0872410056998005,
Delaney,logistic,categorical__x_hp_hidden_layer_sizes_None,0.12205036280899308,0.12205036280899308,
Delaney,logistic,categorical__x_hp_max_features_log2,-0.17911553261285154,0.17911553261285154,
Delaney,logistic,categorical__x_hp_max_features_sqrt,0.25475148296482897,0.25475148296482897,
Delaney,logistic,categorical__x_hp_max_features_None,-0.10346305354687808,0.10346305354687808,
Delaney,logistic,categorical__x_hp_strategy_None,-0.027827103194901278,0.027827103194901278,
Delaney,logistic,categorical__x_hp_weights_distance,-0.10077490556654381,0.10077490556654381,
Delaney,logistic,categorical__x_hp_weights_None,0.07294780237164197,0.07294780237164197,
Delaney,bayesian_logistic_laplace,numeric__x_features_after_preprocessing,-0.8396663468697801,0.8396663468697801,0.6923096410409212
Delaney,bayesian_logistic_laplace,numeric__x_fit_molecules,-0.03407414104620721,0.03407414104620721,0.9621558284068399
Delaney,bayesian_logistic_laplace,numeric__x_fit_scaffold_count,-0.035341573367682774,0.035341573367682774,0.9610677666650129
Delaney,bayesian_logistic_laplace,numeric__x_fit_log_s_mean,0.03922286238380197,0.03922286238380197,0.9070100134246569
Delaney,bayesian_logistic_laplace,numeric__x_fit_log_s_std,-0.02547222214396489,0.02547222214396489,0.9201288454907197
Delaney,bayesian_logistic_laplace,numeric__x_fit_log_s_iqr,-0.01759775280846708,0.01759775280846708,0.9310951095655022
Delaney,bayesian_logistic_laplace,numeric__x_fit_mean_observation_count,-0.02847973555623294,0.02847973555623294,0.9643487526803445
Delaney,bayesian_logistic_laplace,numeric__x_fit_multiple_source_fraction,-0.03462965240949852,0.03462965240949852,0.9617034518776446
Delaney,bayesian_logistic_laplace,numeric__x_fit_single_observation_fraction,0.024467561933175244,0.024467561933175244,0.9663226466375354
Delaney,bayesian_logistic_laplace,numeric__x_test_molecules,0.04633592412529107,0.04633592412529107,0.9389332225013837
Delaney,bayesian_logistic_laplace,numeric__x_test_scaffold_count,0.04555577754757129,0.04555577754757129,0.9407958886470982
Delaney,bayesian_logistic_laplace,numeric__x_test_unseen_scaffold_fraction,0.014711275051323277,0.014711275051323277,0.9649881517721277
Delaney,bayesian_logistic_laplace,numeric__x_test_max_train_similarity_median,-0.0755303972824045,0.0755303972824045,0.9626047934148771
Delaney,bayesian_logistic_laplace,numeric__x_test_max_train_similarity_p10,0.008579342017785551,0.008579342017785551,0.9612138205736265
Delaney,bayesian_logistic_laplace,numeric__x_test_similarity_below_0p3_fraction,-0.03293018260459716,0.03293018260459716,0.9632392424084995
Delaney,bayesian_logistic_laplace,numeric__x_test_similarity_below_0p5_fraction,0.048165768797061304,0.048165768797061304,0.9626113911702983
Delaney,bayesian_logistic_laplace,numeric__x_shift_mol_wt_smd,0.0326149404554849,0.0326149404554849,0.9554152571733175
Delaney,bayesian_logistic_laplace,numeric__x_shift_mol_log_p_smd,0.039689848893376574,0.039689848893376574,0.9062521978673171
Delaney,bayesian_logistic_laplace,numeric__x_shift_tpsa_smd,0.017103041147256682,0.017103041147256682,0.9658846779277203
Delaney,bayesian_logistic_laplace,numeric__x_shift_fraction_csp3_smd,-0.045704068263318375,0.045704068263318375,0.4543981636120939
Delaney,bayesian_logistic_laplace,numeric__x_shift_rotatable_bonds_smd,0.05226727426006605,0.05226727426006605,0.909040520520954
Delaney,bayesian_logistic_laplace,numeric__x_shift_ring_count_smd,0.004092161708836806,0.004092161708836806,0.8763570665253276
Delaney,bayesian_logistic_laplace,numeric__x_validation_rmse,-0.2370108924505755,0.2370108924505755,0.9092050998195537
Delaney,bayesian_logistic_laplace,numeric__x_validation_mae,-1.0760097222528937,1.0760097222528937,0.9107328230794387
Delaney,bayesian_logistic_laplace,numeric__x_validation_r2,0.1465278301000535,0.1465278301000535,0.9792586590426104
Delaney,bayesian_logistic_laplace,numeric__x_validation_spearman,0.479154627311025,0.479154627311025,0.6221615338655548
Delaney,bayesian_logistic_laplace,numeric__x_hp_C,0.0,0.0,1.000000000000001
Delaney,bayesian_logistic_laplace,numeric__x_hp_alpha,-0.10765058274982679,0.10765058274982679,0.8269860360596388
Delaney,bayesian_logistic_laplace,numeric__x_hp_batch_size,0.0,0.0,1.0000000000000024
Delaney,bayesian_logistic_laplace,numeric__x_hp_depth,0.0,0.0,1.000000000000001
Delaney,bayesian_logistic_laplace,numeric__x_hp_dropout,0.0,0.0,1.0000000000000018
Delaney,bayesian_logistic_laplace,numeric__x_hp_early_stopping_patience,0.0,0.0,1.0000000000000033
Delaney,bayesian_logistic_laplace,numeric__x_hp_ensemble_size,0.0,0.0,1.0
Delaney,bayesian_logistic_laplace,numeric__x_hp_epsilon,0.052208434069596084,0.052208434069596084,0.1909776810173501
Delaney,bayesian_logistic_laplace,numeric__x_hp_ffn_hidden_dim,0.0,0.0,1.0000000000000004
Delaney,bayesian_logistic_laplace,numeric__x_hp_ffn_num_layers,0.0,0.0,0.9999999999999998
Delaney,bayesian_logistic_laplace,numeric__x_hp_l1_ratio,-0.02369431851954029,0.02369431851954029,0.9298946782035135
Delaney,bayesian_logistic_laplace,numeric__x_hp_l2_regularization,0.09216042910024462,0.09216042910024462,0.12949643442489361
Delaney,bayesian_logistic_laplace,numeric__x_hp_learning_rate,-0.03902161589960214,0.03902161589960214,0.5194176277239707
Delaney,bayesian_logistic_laplace,numeric__x_hp_max_depth,-0.15749224445625873,0.15749224445625873,0.27498112576461037
Delaney,bayesian_logistic_laplace,numeric__x_hp_max_leaf_nodes,0.0808880602275615,0.0808880602275615,0.32945147756341725
Delaney,bayesian_logistic_laplace,numeric__x_hp_maximum_epochs,0.0,0.0,0.9999999999999999
Delaney,bayesian_logistic_laplace,numeric__x_hp_message_hidden_dim,0.0,0.0,0.9999999999999996
Delaney,bayesian_logistic_laplace,numeric__x_hp_min_child_weight,0.12328377584113907,0.12328377584113907,0.3141429220811128
Delaney,bayesian_logistic_laplace,numeric__x_hp_min_samples_leaf,-0.11366175105416101,0.11366175105416101,0.19563143104010555
Delaney,bayesian_logistic_laplace,numeric__x_hp_minibatch_frac,-3.0894290675599654e-18,3.0894290675599654e-18,0.9999999999999994
Delaney,bayesian_logistic_laplace,numeric__x_hp_n_estimators,0.17991520407417164,0.17991520407417164,0.8286178932772515
Delaney,bayesian_logistic_laplace,numeric__x_hp_n_neighbors,0.14047201407264415,0.14047201407264415,0.8278489228168071
Delaney,bayesian_logistic_laplace,numeric__missingindicator_x_hp_C,-0.34913574843282263,0.34913574843282263,0.8056340260990148
Delaney,bayesian_logistic_laplace,numeric__missingindicator_x_hp_alpha,0.5379212472840444,0.5379212472840444,0.8453137247888917
Delaney,bayesian_logistic_laplace,numeric__missingindicator_x_hp_batch_size,-0.08085784919663487,0.08085784919663487,0.9449144783528651
Delaney,bayesian_logistic_laplace,numeric__missingindicator_x_hp_depth,-0.08085784919663487,0.08085784919663487,0.9449144783528817
Delaney,bayesian_logistic_laplace,numeric__missingindicator_x_hp_dropout,-0.08085784919663487,0.08085784919663487,0.9449144783528435
Delaney,bayesian_logistic_laplace,numeric__missingindicator_x_hp_early_stopping_patience,-0.08085784919663487,0.08085784919663487,0.9449144783528644
Delaney,bayesian_logistic_laplace,numeric__missingindicator_x_hp_ensemble_size,-0.08085784919663487,0.08085784919663487,0.9449144783528214
Delaney,bayesian_logistic_laplace,numeric__missingindicator_x_hp_epsilon,-0.34913574843282263,0.34913574843282263,0.8056340260990137
Delaney,bayesian_logistic_laplace,numeric__missingindicator_x_hp_ffn_hidden_dim,-0.08085784919663487,0.08085784919663487,0.9449144783528767
Delaney,bayesian_logistic_laplace,numeric__missingindicator_x_hp_ffn_num_layers,-0.08085784919663487,0.08085784919663487,0.9449144783528772
Delaney,bayesian_logistic_laplace,numeric__missingindicator_x_hp_l1_ratio,0.1496529496085337,0.1496529496085337,0.8541031962184393
Delaney,bayesian_logistic_laplace,numeric__missingindicator_x_hp_l2_regularization,-0.27733242459390445,0.27733242459390445,0.7563931939502256
Delaney,bayesian_logistic_laplace,numeric__missingindicator_x_hp_learning_rate,-0.35845370899846707,0.35845370899846707,0.8478777582337604
Delaney,bayesian_logistic_laplace,numeric__missingindicator_x_hp_max_depth,-0.2857478291411827,0.2857478291411827,0.8327469017501752
Delaney,bayesian_logistic_laplace,numeric__missingindicator_x_hp_max_leaf_nodes,-0.27733242459390445,0.27733242459390445,0.7563931939502206
Delaney,bayesian_logistic_laplace,numeric__missingindicator_x_hp_maximum_epochs,-0.08085784919663487,0.08085784919663487,0.9449144783528585
Delaney,bayesian_logistic_laplace,numeric__missingindicator_x_hp_message_hidden_dim,-0.08085784919663487,0.08085784919663487,0.9449144783528591
Delaney,bayesian_logistic_laplace,numeric__missingindicator_x_hp_min_child_weight,-0.2857478291411827,0.2857478291411827,0.8327469017501737
Delaney,bayesian_logistic_laplace,numeric__missingindicator_x_hp_min_samples_leaf,-0.19886363589416586,0.19886363589416586,0.7962126006091689
Delaney,bayesian_logistic_laplace,numeric__missingindicator_x_hp_minibatch_frac,0.013803012836011078,0.013803012836011078,0.5176273464481356
Delaney,bayesian_logistic_laplace,numeric__missingindicator_x_hp_n_estimators,-0.3494001903289528,0.3494001903289528,0.8546693502983268
Delaney,bayesian_logistic_laplace,numeric__missingindicator_x_hp_n_neighbors,0.3161819542836515,0.3161819542836515,0.821615011636976
Delaney,bayesian_logistic_laplace,categorical__x_model_chemprop,0.014011521635822607,0.014011521635822607,0.9981534680005072
Delaney,bayesian_logistic_laplace,categorical__x_model_elastic_net,-0.04926835252526198,0.04926835252526198,0.98697636609562
Delaney,bayesian_logistic_laplace,categorical__x_model_esol,0.0061468220334950615,0.0061468220334950615,0.9999397148178912
Delaney,bayesian_logistic_laplace,categorical__x_model_extra_trees,-0.4099444570490005,0.4099444570490005,0.7906636699229724
Delaney,bayesian_logistic_laplace,categorical__x_model_hist_gradient_boosting,0.05047265881263665,0.05047265881263665,0.9926050090402182
Delaney,bayesian_logistic_laplace,categorical__x_model_knn,-0.10077490556654381,0.10077490556654381,0.9843344651360653
Delaney,bayesian_logistic_laplace,categorical__x_model_mlp,-0.14987746600389437,0.14987746600389437,0.9681530354957358
Delaney,bayesian_logistic_laplace,categorical__x_model_ngboost,-0.0035553450636930293,0.0035553450636930293,0.9873138728429854
Delaney,bayesian_logistic_laplace,categorical__x_model_random_forest,0.48558040740097647,0.48558040740097647,0.7856502382344559
Delaney,bayesian_logistic_laplace,categorical__x_model_ridge,-0.061021217122187624,0.061021217122187624,0.9792928222292264
Delaney,bayesian_logistic_laplace,categorical__x_model_svr,0.10500439162630301,0.10500439162630301,0.9830699933312916
Delaney,bayesian_logistic_laplace,categorical__x_model_xgboost,0.08539883862644607,0.08539883862644607,0.9852289534360632
Delaney,bayesian_logistic_laplace,categorical__x_model_class_chemistry_equation,0.0061468220334950615,0.0061468220334950615,0.9999397148178906
Delaney,bayesian_logistic_laplace,categorical__x_model_class_graph_neural_network,0.014011521635822607,0.014011521635822607,0.9981534680005073
Delaney,bayesian_logistic_laplace,categorical__x_model_class_kernel,0.10500439162630301,0.10500439162630301,0.9830699933312927
Delaney,bayesian_logistic_laplace,categorical__x_model_class_linear,-0.11028956964744963,0.11028956964744963,0.9726273110739114
Delaney,bayesian_logistic_laplace,categorical__x_model_class_local_similarity,-0.10077490556654381,0.10077490556654381,0.9843344651360646
Delaney,bayesian_logistic_laplace,categorical__x_model_class_neural_network,-0.14987746600389437,0.14987746600389437,0.9681530354957355
Delaney,bayesian_logistic_laplace,categorical__x_model_class_probabilistic_boosting,-0.0035553450636930293,0.0035553450636930293,0.9873138728429847
Delaney,bayesian_logistic_laplace,categorical__x_model_class_tree_ensemble,0.21150744779105843,0.21150744779105843,0.9626041989901619
Delaney,bayesian_logistic_laplace,categorical__x_feature_type_maccs_fingerprints,-1.6445291676342342,1.6445291676342342,0.8028905818462944
Delaney,bayesian_logistic_laplace,categorical__x_feature_type_molecular_graph,0.014011521635822607,0.014011521635822607,0.9981534680005071
Delaney,bayesian_logistic_laplace,categorical__x_feature_type_morgan_fingerprints,-0.4361024968086455,0.4361024968086455,0.945069841984139
Delaney,bayesian_logistic_laplace,categorical__x_feature_type_rdkit_descriptors,2.0387930396121456,2.0387930396121456,0.794881368452653
Delaney,bayesian_logistic_laplace,categorical__x_hp_architecture_D-MPNN,0.014011521635822607,0.014011521635822607,0.9981534680005071
Delaney,bayesian_logistic_laplace,categorical__x_hp_architecture_None,-0.04183862483072491,0.04183862483072491,0.9981534634130463
Delaney,bayesian_logistic_laplace,categorical__x_hp_gamma_scale,0.10500439162630301,0.10500439162630301,0.9830699933312934
Delaney,bayesian_logistic_laplace,categorical__x_hp_gamma_None,-0.13283149482120404,0.13283149482120404,0.9830699897501095
Delaney,bayesian_logistic_laplace,"categorical__x_hp_hidden_layer_sizes_[128, 64]",-0.06263646030409387,0.06263646030409387,0.9762674454171923
Delaney,bayesian_logistic_laplace,categorical__x_hp_hidden_layer_sizes_[128],-0.0872410056998005,0.0872410056998005,0.972553300245573
Delaney,bayesian_logistic_laplace,categorical__x_hp_hidden_layer_sizes_None,0.12205036280899308,0.12205036280899308,0.9681530320523313
Delaney,bayesian_logistic_laplace,categorical__x_hp_max_features_log2,-0.17911553261285154,0.17911553261285154,0.9424923334550979
Delaney,bayesian_logistic_laplace,categorical__x_hp_max_features_sqrt,0.25475148296482897,0.25475148296482897,0.9184156033240554
Delaney,bayesian_logistic_laplace,categorical__x_hp_max_features_None,-0.10346305354687808,0.10346305354687808,0.9686949394416363
Delaney,bayesian_logistic_laplace,categorical__x_hp_strategy_None,-0.027827103194901278,0.027827103194901278,0.9999999950000157
Delaney,bayesian_logistic_laplace,categorical__x_hp_weights_distance,-0.10077490556654381,0.10077490556654381,0.9843344651360646
Delaney,bayesian_logistic_laplace,categorical__x_hp_weights_None,0.07294780237164197,0.07294780237164197,0.9843344610564337
Delaney,random_forest,numeric__x_features_after_preprocessing,0.022003969206015748,0.022003969206015748,
Delaney,random_forest,numeric__x_fit_molecules,0.0029474302459540406,0.0029474302459540406,
Delaney,random_forest,numeric__x_fit_scaffold_count,0.0033261058982532554,0.0033261058982532554,
Delaney,random_forest,numeric__x_fit_log_s_mean,0.004906057986895349,0.004906057986895349,
Delaney,random_forest,numeric__x_fit_log_s_std,0.004044953256266589,0.004044953256266589,
Delaney,random_forest,numeric__x_fit_log_s_iqr,0.005840483211900634,0.005840483211900634,
Delaney,random_forest,numeric__x_fit_mean_observation_count,0.004561428814434884,0.004561428814434884,
Delaney,random_forest,numeric__x_fit_multiple_source_fraction,0.005389707543337268,0.005389707543337268,
Delaney,random_forest,numeric__x_fit_single_observation_fraction,0.004073931773804232,0.004073931773804232,
Delaney,random_forest,numeric__x_test_molecules,0.007243744913374298,0.007243744913374298,
Delaney,random_forest,numeric__x_test_scaffold_count,0.005989129522408447,0.005989129522408447,
Delaney,random_forest,numeric__x_test_unseen_scaffold_fraction,0.004527234913229239,0.004527234913229239,
Delaney,random_forest,numeric__x_test_max_train_similarity_median,0.00527837758388692,0.00527837758388692,
Delaney,random_forest,numeric__x_test_max_train_similarity_p10,0.009942689875210723,0.009942689875210723,
Delaney,random_forest,numeric__x_test_similarity_below_0p3_fraction,0.01068840341980241,0.01068840341980241,
Delaney,random_forest,numeric__x_test_similarity_below_0p5_fraction,0.013569592054018035,0.013569592054018035,
Delaney,random_forest,numeric__x_shift_mol_wt_smd,0.00452664720997322,0.00452664720997322,
Delaney,random_forest,numeric__x_shift_mol_log_p_smd,0.004287562659879074,0.004287562659879074,
Delaney,random_forest,numeric__x_shift_tpsa_smd,0.0053326085065911405,0.0053326085065911405,
Delaney,random_forest,numeric__x_shift_fraction_csp3_smd,0.0030587927228039164,0.0030587927228039164,
Delaney,random_forest,numeric__x_shift_rotatable_bonds_smd,0.004619440116253472,0.004619440116253472,
Delaney,random_forest,numeric__x_shift_ring_count_smd,0.002807741238500101,0.002807741238500101,
Delaney,random_forest,numeric__x_validation_rmse,0.10351163857629718,0.10351163857629718,
Delaney,random_forest,numeric__x_validation_mae,0.13991600533096923,0.13991600533096923,
Delaney,random_forest,numeric__x_validation_r2,0.09349970308752756,0.09349970308752756,
Delaney,random_forest,numeric__x_validation_spearman,0.09553606540556987,0.09553606540556987,
Delaney,random_forest,numeric__x_hp_C,0.0,0.0,
Delaney,random_forest,numeric__x_hp_alpha,0.001248281619415668,0.001248281619415668,
Delaney,random_forest,numeric__x_hp_batch_size,0.0,0.0,
Delaney,random_forest,numeric__x_hp_depth,0.0,0.0,
Delaney,random_forest,numeric__x_hp_dropout,0.0,0.0,
Delaney,random_forest,numeric__x_hp_early_stopping_patience,0.0,0.0,
Delaney,random_forest,numeric__x_hp_ensemble_size,0.0,0.0,
Delaney,random_forest,numeric__x_hp_epsilon,0.004813896379467731,0.004813896379467731,
Delaney,random_forest,numeric__x_hp_ffn_hidden_dim,0.0,0.0,
Delaney,random_forest,numeric__x_hp_ffn_num_layers,0.0,0.0,
Delaney,random_forest,numeric__x_hp_l1_ratio,1.1766538161953052e-05,1.1766538161953052e-05,
Delaney,random_forest,numeric__x_hp_l2_regularization,0.0031684544075038404,0.0031684544075038404,
Delaney,random_forest,numeric__x_hp_learning_rate,0.008473750307121624,0.008473750307121624,
Delaney,random_forest,numeric__x_hp_max_depth,0.0,0.0,
Delaney,random_forest,numeric__x_hp_max_leaf_nodes,0.0,0.0,
Delaney,random_forest,numeric__x_hp_maximum_epochs,0.0,0.0,
Delaney,random_forest,numeric__x_hp_message_hidden_dim,0.0,0.0,
Delaney,random_forest,numeric__x_hp_min_child_weight,0.0011859995744660484,0.0011859995744660484,
Delaney,random_forest,numeric__x_hp_min_samples_leaf,0.0009089187322334165,0.0009089187322334165,
Delaney,random_forest,numeric__x_hp_minibatch_frac,0.0,0.0,
Delaney,random_forest,numeric__x_hp_n_estimators,0.022478221452130912,0.022478221452130912,
Delaney,random_forest,numeric__x_hp_n_neighbors,5.556000510900887e-05,5.556000510900887e-05,
Delaney,random_forest,numeric__missingindicator_x_hp_C,0.0056897053404878165,0.0056897053404878165,
Delaney,random_forest,numeric__missingindicator_x_hp_alpha,0.00663763631277531,0.00663763631277531,
Delaney,random_forest,numeric__missingindicator_x_hp_batch_size,0.0014405202417138547,0.0014405202417138547,
Delaney,random_forest,numeric__missingindicator_x_hp_depth,0.0017168615940179803,0.0017168615940179803,
Delaney,random_forest,numeric__missingindicator_x_hp_dropout,0.0023460458676359663,0.0023460458676359663,
Delaney,random_forest,numeric__missingindicator_x_hp_early_stopping_patience,0.0016161930678865023,0.0016161930678865023,
Delaney,random_forest,numeric__missingindicator_x_hp_ensemble_size,0.001423254385796278,0.001423254385796278,
Delaney,random_forest,numeric__missingindicator_x_hp_epsilon,0.005877245260212854,0.005877245260212854,
Delaney,random_forest,numeric__missingindicator_x_hp_ffn_hidden_dim,0.0016515370936170215,0.0016515370936170215,
Delaney,random_forest,numeric__missingindicator_x_hp_ffn_num_layers,0.0020565329292439576,0.0020565329292439576,
Delaney,random_forest,numeric__missingindicator_x_hp_l1_ratio,0.0003288709178677286,0.0003288709178677286,
Delaney,random_forest,numeric__missingindicator_x_hp_l2_regularization,0.024154391543340863,0.024154391543340863,
Delaney,random_forest,numeric__missingindicator_x_hp_learning_rate,0.05411139368483884,0.05411139368483884,
Delaney,random_forest,numeric__missingindicator_x_hp_max_depth,0.01578427070123736,0.01578427070123736,
Delaney,random_forest,numeric__missingindicator_x_hp_max_leaf_nodes,0.024919961934490056,0.024919961934490056,
Delaney,random_forest,numeric__missingindicator_x_hp_maximum_epochs,0.0017024370558262692,0.0017024370558262692,
Delaney,random_forest,numeric__missingindicator_x_hp_message_hidden_dim,0.0016717725610382154,0.0016717725610382154,
Delaney,random_forest,numeric__missingindicator_x_hp_min_child_weight,0.01951917015468771,0.01951917015468771,
Delaney,random_forest,numeric__missingindicator_x_hp_min_samples_leaf,0.005732675101544967,0.005732675101544967,
Delaney,random_forest,numeric__missingindicator_x_hp_minibatch_frac,0.0056862171204887695,0.0056862171204887695,
Delaney,random_forest,numeric__missingindicator_x_hp_n_estimators,0.008733014161488396,0.008733014161488396,
Delaney,random_forest,numeric__missingindicator_x_hp_n_neighbors,0.00046363842062236587,0.00046363842062236587,
Delaney,random_forest,categorical__x_model_chemprop,0.0015033321648982485,0.0015033321648982485,
Delaney,random_forest,categorical__x_model_elastic_net,0.00036780452766021907,0.00036780452766021907,
Delaney,random_forest,categorical__x_model_esol,0.00024399143323232893,0.00024399143323232893,
Delaney,random_forest,categorical__x_model_extra_trees,0.0031989216015220205,0.0031989216015220205,
Delaney,random_forest,categorical__x_model_hist_gradient_boosting,0.025280206894834234,0.025280206894834234,
Delaney,random_forest,categorical__x_model_knn,0.00011671454323050399,0.00011671454323050399,
Delaney,random_forest,categorical__x_model_mlp,0.0008273204396742078,0.0008273204396742078,
Delaney,random_forest,categorical__x_model_ngboost,0.00449124315749163,0.00449124315749163,
Delaney,random_forest,categorical__x_model_random_forest,0.0024342106682682246,0.0024342106682682246,
Delaney,random_forest,categorical__x_model_ridge,0.00021660486873378336,0.00021660486873378336,
Delaney,random_forest,categorical__x_model_svr,0.005585591154336946,0.005585591154336946,
Delaney,random_forest,categorical__x_model_xgboost,0.015113928879969735,0.015113928879969735,
Delaney,random_forest,categorical__x_model_class_chemistry_equation,0.00011660612450052195,0.00011660612450052195,
Delaney,random_forest,categorical__x_model_class_graph_neural_network,0.0013841260341650576,0.0013841260341650576,
Delaney,random_forest,categorical__x_model_class_kernel,0.007976412970597483,0.007976412970597483,
Delaney,random_forest,categorical__x_model_class_linear,0.0014950756685841986,0.0014950756685841986,
Delaney,random_forest,categorical__x_model_class_local_similarity,0.0003205338713457434,0.0003205338713457434,
Delaney,random_forest,categorical__x_model_class_neural_network,0.0007610023704447636,0.0007610023704447636,
Delaney,random_forest,categorical__x_model_class_probabilistic_boosting,0.0034633623457458506,0.0034633623457458506,
Delaney,random_forest,categorical__x_model_class_tree_ensemble,0.015789425215387724,0.015789425215387724,
Delaney,random_forest,categorical__x_feature_type_maccs_fingerprints,0.010423969810268321,0.010423969810268321,
Delaney,random_forest,categorical__x_feature_type_molecular_graph,0.0012717626382240661,0.0012717626382240661,
Delaney,random_forest,categorical__x_feature_type_morgan_fingerprints,0.009939539035871334,0.009939539035871334,
Delaney,random_forest,categorical__x_feature_type_rdkit_descriptors,0.05408954604251289,0.05408954604251289,
Delaney,random_forest,categorical__x_hp_architecture_D-MPNN,0.0016455763345545565,0.0016455763345545565,
Delaney,random_forest,categorical__x_hp_architecture_None,0.001417962498858074,0.001417962498858074,
Delaney,random_forest,categorical__x_hp_gamma_scale,0.003243710561777842,0.003243710561777842,
Delaney,random_forest,categorical__x_hp_gamma_None,0.005248140488382199,0.005248140488382199,
Delaney,random_forest,"categorical__x_hp_hidden_layer_sizes_[128, 64]",0.0,0.0,
Delaney,random_forest,categorical__x_hp_hidden_layer_sizes_[128],5.18491433747594e-06,5.18491433747594e-06,
Delaney,random_forest,categorical__x_hp_hidden_layer_sizes_None,0.0014932182678669271,0.0014932182678669271,
Delaney,random_forest,categorical__x_hp_max_features_log2,0.0,0.0,
Delaney,random_forest,categorical__x_hp_max_features_sqrt,0.006104192771476267,0.006104192771476267,
Delaney,random_forest,categorical__x_hp_max_features_None,0.005913942362533606,0.005913942362533606,
Delaney,random_forest,categorical__x_hp_strategy_None,0.0,0.0,
Delaney,random_forest,categorical__x_hp_weights_distance,0.0006842715422269003,0.0006842715422269003,
Delaney,random_forest,categorical__x_hp_weights_None,0.0007949282568600925,0.0007949282568600925,
OCHEM,logistic,numeric__x_features_after_preprocessing,-0.8625163302956838,0.8625163302956838,
OCHEM,logistic,numeric__x_fit_molecules,-0.033391446664521734,0.033391446664521734,
OCHEM,logistic,numeric__x_fit_scaffold_count,-0.03327726883442397,0.03327726883442397,
OCHEM,logistic,numeric__x_fit_log_s_mean,0.029618586811837686,0.029618586811837686,
OCHEM,logistic,numeric__x_fit_log_s_std,-0.027649657894636498,0.027649657894636498,
OCHEM,logistic,numeric__x_fit_log_s_iqr,-0.028911979064187084,0.028911979064187084,
OCHEM,logistic,numeric__x_fit_mean_observation_count,-0.04100395354659029,0.04100395354659029,
OCHEM,logistic,numeric__x_fit_multiple_source_fraction,-0.033520826191936706,0.033520826191936706,
OCHEM,logistic,numeric__x_fit_single_observation_fraction,0.03356044132862706,0.03356044132862706,
OCHEM,logistic,numeric__x_test_molecules,0.033192595093723624,0.033192595093723624,
OCHEM,logistic,numeric__x_test_scaffold_count,0.0327369123983038,0.0327369123983038,
OCHEM,logistic,numeric__x_test_unseen_scaffold_fraction,0.014838421100216919,0.014838421100216919,
OCHEM,logistic,numeric__x_test_max_train_similarity_median,-0.085402897901715,0.085402897901715,
OCHEM,logistic,numeric__x_test_max_train_similarity_p10,-0.07409785648621425,0.07409785648621425,
OCHEM,logistic,numeric__x_test_similarity_below_0p3_fraction,-0.04158481224348304,0.04158481224348304,
OCHEM,logistic,numeric__x_test_similarity_below_0p5_fraction,-0.02161225811455575,0.02161225811455575,
OCHEM,logistic,numeric__x_shift_mol_wt_smd,0.02929120985738174,0.02929120985738174,
OCHEM,logistic,numeric__x_shift_mol_log_p_smd,0.01245693292500204,0.01245693292500204,
OCHEM,logistic,numeric__x_shift_tpsa_smd,0.03888277455406114,0.03888277455406114,
OCHEM,logistic,numeric__x_shift_fraction_csp3_smd,-0.08428800805738934,0.08428800805738934,
OCHEM,logistic,numeric__x_shift_rotatable_bonds_smd,0.02979443528662485,0.02979443528662485,
OCHEM,logistic,numeric__x_shift_ring_count_smd,0.01841831483090357,0.01841831483090357,
OCHEM,logistic,numeric__x_validation_rmse,-0.43734839221096217,0.43734839221096217,
OCHEM,logistic,numeric__x_validation_mae,-0.8766927091885117,0.8766927091885117,
OCHEM,logistic,numeric__x_validation_r2,0.2050605504148391,0.2050605504148391,
OCHEM,logistic,numeric__x_validation_spearman,0.7889228678463337,0.7889228678463337,
OCHEM,logistic,numeric__x_hp_C,0.0,0.0,
OCHEM,logistic,numeric__x_hp_alpha,-0.10144891440370045,0.10144891440370045,
OCHEM,logistic,numeric__x_hp_batch_size,0.0,0.0,
OCHEM,logistic,numeric__x_hp_depth,0.0,0.0,
OCHEM,logistic,numeric__x_hp_dropout,0.0,0.0,
OCHEM,logistic,numeric__x_hp_early_stopping_patience,0.0,0.0,
OCHEM,logistic,numeric__x_hp_ensemble_size,0.0,0.0,
OCHEM,logistic,numeric__x_hp_epsilon,-0.03877993931579113,0.03877993931579113,
OCHEM,logistic,numeric__x_hp_ffn_hidden_dim,0.0,0.0,
OCHEM,logistic,numeric__x_hp_ffn_num_layers,0.0,0.0,
OCHEM,logistic,numeric__x_hp_l1_ratio,-0.024360265143120688,0.024360265143120688,
OCHEM,logistic,numeric__x_hp_l2_regularization,0.12905481649564182,0.12905481649564182,
OCHEM,logistic,numeric__x_hp_learning_rate,-0.05083464168470521,0.05083464168470521,
OCHEM,logistic,numeric__x_hp_max_depth,-0.20011578141695577,0.20011578141695577,
OCHEM,logistic,numeric__x_hp_max_leaf_nodes,0.13684993494300615,0.13684993494300615,
OCHEM,logistic,numeric__x_hp_maximum_epochs,0.0,0.0,
OCHEM,logistic,numeric__x_hp_message_hidden_dim,0.0,0.0,
OCHEM,logistic,numeric__x_hp_min_child_weight,0.1282324755647483,0.1282324755647483,
OCHEM,logistic,numeric__x_hp_min_samples_leaf,0.18232630602299862,0.18232630602299862,
OCHEM,logistic,numeric__x_hp_minibatch_frac,1.2420199285471267e-18,1.2420199285471267e-18,
OCHEM,logistic,numeric__x_hp_n_estimators,0.2079856770433405,0.2079856770433405,
OCHEM,logistic,numeric__x_hp_n_neighbors,0.1630701144877667,0.1630701144877667,
OCHEM,logistic,numeric__missingindicator_x_hp_C,-0.5283735488258205,0.5283735488258205,
OCHEM,logistic,numeric__missingindicator_x_hp_alpha,0.513898654554686,0.513898654554686,
OCHEM,logistic,numeric__missingindicator_x_hp_batch_size,-0.07748050498973623,0.07748050498973623,
OCHEM,logistic,numeric__missingindicator_x_hp_depth,-0.07748050498973623,0.07748050498973623,
OCHEM,logistic,numeric__missingindicator_x_hp_dropout,-0.07748050498973623,0.07748050498973623,
OCHEM,logistic,numeric__missingindicator_x_hp_early_stopping_patience,-0.07748050498973623,0.07748050498973623,
OCHEM,logistic,numeric__missingindicator_x_hp_ensemble_size,-0.07748050498973623,0.07748050498973623,
OCHEM,logistic,numeric__missingindicator_x_hp_epsilon,-0.5283735488258205,0.5283735488258205,
OCHEM,logistic,numeric__missingindicator_x_hp_ffn_hidden_dim,-0.07748050498973623,0.07748050498973623,
OCHEM,logistic,numeric__missingindicator_x_hp_ffn_num_layers,-0.07748050498973623,0.07748050498973623,
OCHEM,logistic,numeric__missingindicator_x_hp_l1_ratio,0.1314356658868871,0.1314356658868871,
OCHEM,logistic,numeric__missingindicator_x_hp_l2_regularization,-0.2769777139412081,0.2769777139412081,
OCHEM,logistic,numeric__missingindicator_x_hp_learning_rate,-0.4090364375899852,0.4090364375899852,
OCHEM,logistic,numeric__missingindicator_x_hp_max_depth,-0.32500007211322807,0.32500007211322807,
OCHEM,logistic,numeric__missingindicator_x_hp_max_leaf_nodes,-0.2769777139412081,0.2769777139412081,
OCHEM,logistic,numeric__missingindicator_x_hp_maximum_epochs,-0.07748050498973623,0.07748050498973623,
OCHEM,logistic,numeric__missingindicator_x_hp_message_hidden_dim,-0.07748050498973623,0.07748050498973623,
OCHEM,logistic,numeric__missingindicator_x_hp_min_child_weight,-0.32500007211322807,0.32500007211322807,
OCHEM,logistic,numeric__missingindicator_x_hp_min_samples_leaf,0.018269862277103668,0.018269862277103668,
OCHEM,logistic,numeric__missingindicator_x_hp_minibatch_frac,-0.025523791113118362,0.025523791113118362,
OCHEM,logistic,numeric__missingindicator_x_hp_n_estimators,-0.20402659091780204,0.20402659091780204,
OCHEM,logistic,numeric__missingindicator_x_hp_n_neighbors,0.2893999941913521,0.2893999941913521,
OCHEM,logistic,categorical__x_model_chemprop,0.014778129810347774,0.014778129810347774,
OCHEM,logistic,categorical__x_model_elastic_net,-0.03945374618890461,0.03945374618890461,
OCHEM,logistic,categorical__x_model_esol,0.0029496230244637875,0.0029496230244637875,
OCHEM,logistic,categorical__x_model_extra_trees,-0.9764611452490037,0.9764611452490037,
OCHEM,logistic,categorical__x_model_hist_gradient_boosting,0.05180019786807618,0.05180019786807618,
OCHEM,logistic,categorical__x_model_knn,-0.08831128947583743,0.08831128947583743,
OCHEM,logistic,categorical__x_model_mlp,-0.14636767488615013,0.14636767488615013,
OCHEM,logistic,categorical__x_model_ngboost,0.005136165357281629,0.005136165357281629,
OCHEM,logistic,categorical__x_model_random_forest,0.9713617877154238,0.9713617877154238,
OCHEM,logistic,categorical__x_model_ridge,-0.05058617958577047,0.05058617958577047,
OCHEM,logistic,categorical__x_model_svr,0.16462180437976123,0.16462180437976123,
OCHEM,logistic,categorical__x_model_xgboost,0.10171944820509454,0.10171944820509454,
OCHEM,logistic,categorical__x_model_class_chemistry_equation,0.0029496230244637875,0.0029496230244637875,
OCHEM,logistic,categorical__x_model_class_graph_neural_network,0.014778129810347774,0.014778129810347774,
OCHEM,logistic,categorical__x_model_class_kernel,0.16462180437976123,0.16462180437976123,
OCHEM,logistic,categorical__x_model_class_linear,-0.09003992577467494,0.09003992577467494,
OCHEM,logistic,categorical__x_model_class_local_similarity,-0.08831128947583743,0.08831128947583743,
OCHEM,logistic,categorical__x_model_class_neural_network,-0.14636767488615013,0.14636767488615013,
OCHEM,logistic,categorical__x_model_class_probabilistic_boosting,0.005136165357281629,0.005136165357281629,
OCHEM,logistic,categorical__x_model_class_tree_ensemble,0.14842028853959252,0.14842028853959252,
OCHEM,logistic,categorical__x_feature_type_maccs_fingerprints,-1.6736650310253278,1.6736650310253278,
OCHEM,logistic,categorical__x_feature_type_molecular_graph,0.014778129810347774,0.014778129810347774,
OCHEM,logistic,categorical__x_feature_type_morgan_fingerprints,-0.43472501690913584,0.43472501690913584,
OCHEM,logistic,categorical__x_feature_type_rdkit_descriptors,2.104799039098899,2.104799039098899,
OCHEM,logistic,categorical__x_hp_architecture_D-MPNN,0.014778129810347774,0.014778129810347774,
OCHEM,logistic,categorical__x_hp_architecture_None,-0.0035910088355640517,0.0035910088355640517,
OCHEM,logistic,categorical__x_hp_gamma_scale,0.16462180437976123,0.16462180437976123,
OCHEM,logistic,categorical__x_hp_gamma_None,-0.15343468340497773,0.15343468340497773,
OCHEM,logistic,"categorical__x_hp_hidden_layer_sizes_[128, 64]",-0.08582514613450655,0.08582514613450655,
OCHEM,logistic,categorical__x_hp_hidden_layer_sizes_[128],-0.060542528751643856,0.060542528751643856,
OCHEM,logistic,categorical__x_hp_hidden_layer_sizes_None,0.1575547958609344,0.1575547958609344,
OCHEM,logistic,categorical__x_hp_max_features_log2,-0.09939574012116076,0.09939574012116076,
OCHEM,logistic,categorical__x_hp_max_features_sqrt,0.09429638258758267,0.09429638258758267,
OCHEM,logistic,categorical__x_hp_max_features_None,0.016286478508362765,0.016286478508362765,
OCHEM,logistic,categorical__x_hp_strategy_None,0.01118712097478314,0.01118712097478314,
OCHEM,logistic,categorical__x_hp_weights_distance,-0.08831128947583743,0.08831128947583743,
OCHEM,logistic,categorical__x_hp_weights_None,0.09949841045062095,0.09949841045062095,
OCHEM,bayesian_logistic_laplace,numeric__x_features_after_preprocessing,-0.8625163302956838,0.8625163302956838,0.6866750191289218
OCHEM,bayesian_logistic_laplace,numeric__x_fit_molecules,-0.033391446664521734,0.033391446664521734,0.9722469454104227
OCHEM,bayesian_logistic_laplace,numeric__x_fit_scaffold_count,-0.03327726883442397,0.03327726883442397,0.9722434395728731
OCHEM,bayesian_logistic_laplace,numeric__x_fit_log_s_mean,0.029618586811837686,0.029618586811837686,0.9603786483811433
OCHEM,bayesian_logistic_laplace,numeric__x_fit_log_s_std,-0.027649657894636498,0.027649657894636498,0.9705302613116491
OCHEM,bayesian_logistic_laplace,numeric__x_fit_log_s_iqr,-0.028911979064187084,0.028911979064187084,0.921501239871005
OCHEM,bayesian_logistic_laplace,numeric__x_fit_mean_observation_count,-0.04100395354659029,0.04100395354659029,0.9636145976450472
OCHEM,bayesian_logistic_laplace,numeric__x_fit_multiple_source_fraction,-0.033520826191936706,0.033520826191936706,0.972166797666011
OCHEM,bayesian_logistic_laplace,numeric__x_fit_single_observation_fraction,0.03356044132862706,0.03356044132862706,0.9721059376545781
OCHEM,bayesian_logistic_laplace,numeric__x_test_molecules,0.033192595093723624,0.033192595093723624,0.9702234705543918
OCHEM,bayesian_logistic_laplace,numeric__x_test_scaffold_count,0.0327369123983038,0.0327369123983038,0.9705946565587245
OCHEM,bayesian_logistic_laplace,numeric__x_test_unseen_scaffold_fraction,0.014838421100216919,0.014838421100216919,0.9547857224968812
OCHEM,bayesian_logistic_laplace,numeric__x_test_max_train_similarity_median,-0.085402897901715,0.085402897901715,0.9627806669524728
OCHEM,bayesian_logistic_laplace,numeric__x_test_max_train_similarity_p10,-0.07409785648621425,0.07409785648621425,0.9467260919893052
OCHEM,bayesian_logistic_laplace,numeric__x_test_similarity_below_0p3_fraction,-0.04158481224348304,0.04158481224348304,0.9628579528515231
OCHEM,bayesian_logistic_laplace,numeric__x_test_similarity_below_0p5_fraction,-0.02161225811455575,0.02161225811455575,0.9603887521377773
OCHEM,bayesian_logistic_laplace,numeric__x_shift_mol_wt_smd,0.02929120985738174,0.02929120985738174,0.9541109851399276
OCHEM,bayesian_logistic_laplace,numeric__x_shift_mol_log_p_smd,0.01245693292500204,0.01245693292500204,0.9020105677453235
OCHEM,bayesian_logistic_laplace,numeric__x_shift_tpsa_smd,0.03888277455406114,0.03888277455406114,0.9648841239519036
OCHEM,bayesian_logistic_laplace,numeric__x_shift_fraction_csp3_smd,-0.08428800805738934,0.08428800805738934,0.4353086710737916
OCHEM,bayesian_logistic_laplace,numeric__x_shift_rotatable_bonds_smd,0.02979443528662485,0.02979443528662485,0.9714629911723625
OCHEM,bayesian_logistic_laplace,numeric__x_shift_ring_count_smd,0.01841831483090357,0.01841831483090357,0.5578507421392989
OCHEM,bayesian_logistic_laplace,numeric__x_validation_rmse,-0.43734839221096217,0.43734839221096217,0.9205656219565871
OCHEM,bayesian_logistic_laplace,numeric__x_validation_mae,-0.8766927091885117,0.8766927091885117,0.9305053744544816
OCHEM,bayesian_logistic_laplace,numeric__x_validation_r2,0.2050605504148391,0.2050605504148391,0.9824141817689819
OCHEM,bayesian_logistic_laplace,numeric__x_validation_spearman,0.7889228678463337,0.7889228678463337,0.6253229049418506
OCHEM,bayesian_logistic_laplace,numeric__x_hp_C,0.0,0.0,1.0000000000000009
OCHEM,bayesian_logistic_laplace,numeric__x_hp_alpha,-0.10144891440370045,0.10144891440370045,0.8476665095760673
OCHEM,bayesian_logistic_laplace,numeric__x_hp_batch_size,0.0,0.0,1.0000000000000038
OCHEM,bayesian_logistic_laplace,numeric__x_hp_depth,0.0,0.0,1.000000000000003
OCHEM,bayesian_logistic_laplace,numeric__x_hp_dropout,0.0,0.0,1.0000000000000007
OCHEM,bayesian_logistic_laplace,numeric__x_hp_early_stopping_patience,0.0,0.0,1.0000000000000029
OCHEM,bayesian_logistic_laplace,numeric__x_hp_ensemble_size,0.0,0.0,1.0000000000000002
OCHEM,bayesian_logistic_laplace,numeric__x_hp_epsilon,-0.03877993931579113,0.03877993931579113,0.2142855029572305
OCHEM,bayesian_logistic_laplace,numeric__x_hp_ffn_hidden_dim,0.0,0.0,1.0000000000000002
OCHEM,bayesian_logistic_laplace,numeric__x_hp_ffn_num_layers,0.0,0.0,1.0000000000000002
OCHEM,bayesian_logistic_laplace,numeric__x_hp_l1_ratio,-0.024360265143120688,0.024360265143120688,0.9190345497329164
OCHEM,bayesian_logistic_laplace,numeric__x_hp_l2_regularization,0.12905481649564182,0.12905481649564182,0.13309065765692882
OCHEM,bayesian_logistic_laplace,numeric__x_hp_learning_rate,-0.05083464168470521,0.05083464168470521,0.5078879070811269
OCHEM,bayesian_logistic_laplace,numeric__x_hp_max_depth,-0.20011578141695577,0.20011578141695577,0.4935679979251511
OCHEM,bayesian_logistic_laplace,numeric__x_hp_max_leaf_nodes,0.13684993494300615,0.13684993494300615,0.2976902773970299
OCHEM,bayesian_logistic_laplace,numeric__x_hp_maximum_epochs,0.0,0.0,1.0
OCHEM,bayesian_logistic_laplace,numeric__x_hp_message_hidden_dim,0.0,0.0,1.0
OCHEM,bayesian_logistic_laplace,numeric__x_hp_min_child_weight,0.1282324755647483,0.1282324755647483,0.3225939612421843
OCHEM,bayesian_logistic_laplace,numeric__x_hp_min_samples_leaf,0.18232630602299862,0.18232630602299862,0.22308051040829066
OCHEM,bayesian_logistic_laplace,numeric__x_hp_minibatch_frac,1.2420199285471267e-18,1.2420199285471267e-18,0.9999999999999998
OCHEM,bayesian_logistic_laplace,numeric__x_hp_n_estimators,0.2079856770433405,0.2079856770433405,0.8403888695967253
OCHEM,bayesian_logistic_laplace,numeric__x_hp_n_neighbors,0.1630701144877667,0.1630701144877667,0.8094232493956551
OCHEM,bayesian_logistic_laplace,numeric__missingindicator_x_hp_C,-0.5283735488258205,0.5283735488258205,0.8075073652167761
OCHEM,bayesian_logistic_laplace,numeric__missingindicator_x_hp_alpha,0.513898654554686,0.513898654554686,0.8511046326953382
OCHEM,bayesian_logistic_laplace,numeric__missingindicator_x_hp_batch_size,-0.07748050498973623,0.07748050498973623,0.9449366298280949
OCHEM,bayesian_logistic_laplace,numeric__missingindicator_x_hp_depth,-0.07748050498973623,0.07748050498973623,0.9449366298280737
OCHEM,bayesian_logistic_laplace,numeric__missingindicator_x_hp_dropout,-0.07748050498973623,0.07748050498973623,0.9449366298280996
OCHEM,bayesian_logistic_laplace,numeric__missingindicator_x_hp_early_stopping_patience,-0.07748050498973623,0.07748050498973623,0.9449366298280796
OCHEM,bayesian_logistic_laplace,numeric__missingindicator_x_hp_ensemble_size,-0.07748050498973623,0.07748050498973623,0.944936629828111
OCHEM,bayesian_logistic_laplace,numeric__missingindicator_x_hp_epsilon,-0.5283735488258205,0.5283735488258205,0.8075073652167725
OCHEM,bayesian_logistic_laplace,numeric__missingindicator_x_hp_ffn_hidden_dim,-0.07748050498973623,0.07748050498973623,0.9449366298280654
OCHEM,bayesian_logistic_laplace,numeric__missingindicator_x_hp_ffn_num_layers,-0.07748050498973623,0.07748050498973623,0.9449366298280863
OCHEM,bayesian_logistic_laplace,numeric__missingindicator_x_hp_l1_ratio,0.1314356658868871,0.1314356658868871,0.8701263846533697
OCHEM,bayesian_logistic_laplace,numeric__missingindicator_x_hp_l2_regularization,-0.2769777139412081,0.2769777139412081,0.7566414477987577
OCHEM,bayesian_logistic_laplace,numeric__missingindicator_x_hp_learning_rate,-0.4090364375899852,0.4090364375899852,0.8484308820601428
OCHEM,bayesian_logistic_laplace,numeric__missingindicator_x_hp_max_depth,-0.32500007211322807,0.32500007211322807,0.8331100259051509
OCHEM,bayesian_logistic_laplace,numeric__missingindicator_x_hp_max_leaf_nodes,-0.2769777139412081,0.2769777139412081,0.7566414477987601
OCHEM,bayesian_logistic_laplace,numeric__missingindicator_x_hp_maximum_epochs,-0.07748050498973623,0.07748050498973623,0.9449366298280948
OCHEM,bayesian_logistic_laplace,numeric__missingindicator_x_hp_message_hidden_dim,-0.07748050498973623,0.07748050498973623,0.9449366298280741
OCHEM,bayesian_logistic_laplace,numeric__missingindicator_x_hp_min_child_weight,-0.32500007211322807,0.32500007211322807,0.8331100259051559
OCHEM,bayesian_logistic_laplace,numeric__missingindicator_x_hp_min_samples_leaf,0.018269862277103668,0.018269862277103668,0.8016504368960518
OCHEM,bayesian_logistic_laplace,numeric__missingindicator_x_hp_minibatch_frac,-0.025523791113118362,0.025523791113118362,0.5181158905601819
OCHEM,bayesian_logistic_laplace,numeric__missingindicator_x_hp_n_estimators,-0.20402659091780204,0.20402659091780204,0.8573425043650994
OCHEM,bayesian_logistic_laplace,numeric__missingindicator_x_hp_n_neighbors,0.2893999941913521,0.2893999941913521,0.826628734934103
OCHEM,bayesian_logistic_laplace,categorical__x_model_chemprop,0.014778129810347774,0.014778129810347774,0.9981541901888156
OCHEM,bayesian_logistic_laplace,categorical__x_model_elastic_net,-0.03945374618890461,0.03945374618890461,0.9883143725430145
OCHEM,bayesian_logistic_laplace,categorical__x_model_esol,0.0029496230244637875,0.0029496230244637875,0.9999865358549686
OCHEM,bayesian_logistic_laplace,categorical__x_model_extra_trees,-0.9764611452490037,0.9764611452490037,0.8460353673143882
OCHEM,bayesian_logistic_laplace,categorical__x_model_hist_gradient_boosting,0.05180019786807618,0.05180019786807618,0.9926115250941613
OCHEM,bayesian_logistic_laplace,categorical__x_model_knn,-0.08831128947583743,0.08831128947583743,0.9847359468341232
OCHEM,bayesian_logistic_laplace,categorical__x_model_mlp,-0.14636767488615013,0.14636767488615013,0.9695019263069033
OCHEM,bayesian_logistic_laplace,categorical__x_model_ngboost,0.005136165357281629,0.005136165357281629,0.9873226978769125
OCHEM,bayesian_logistic_laplace,categorical__x_model_random_forest,0.9713617877154238,0.9713617877154238,0.8337697910908528
OCHEM,bayesian_logistic_laplace,categorical__x_model_ridge,-0.05058617958577047,0.05058617958577047,0.9825227252394447
OCHEM,bayesian_logistic_laplace,categorical__x_model_svr,0.16462180437976123,0.16462180437976123,0.9832170169514797
OCHEM,bayesian_logistic_laplace,categorical__x_model_xgboost,0.10171944820509454,0.10171944820509454,0.9852583207602366
OCHEM,bayesian_logistic_laplace,categorical__x_model_class_chemistry_equation,0.0029496230244637875,0.0029496230244637875,0.9999865358549683
OCHEM,bayesian_logistic_laplace,categorical__x_model_class_graph_neural_network,0.014778129810347774,0.014778129810347774,0.9981541901888143
OCHEM,bayesian_logistic_laplace,categorical__x_model_class_kernel,0.16462180437976123,0.16462180437976123,0.9832170169514794
OCHEM,bayesian_logistic_laplace,categorical__x_model_class_linear,-0.09003992577467494,0.09003992577467494,0.9757644732027487
OCHEM,bayesian_logistic_laplace,categorical__x_model_class_local_similarity,-0.08831128947583743,0.08831128947583743,0.9847359468341229
OCHEM,bayesian_logistic_laplace,categorical__x_model_class_neural_network,-0.14636767488615013,0.14636767488615013,0.9695019263069036
OCHEM,bayesian_logistic_laplace,categorical__x_model_class_probabilistic_boosting,0.005136165357281629,0.005136165357281629,0.9873226978769104
OCHEM,bayesian_logistic_laplace,categorical__x_model_class_tree_ensemble,0.14842028853959252,0.14842028853959252,0.963256006818192
OCHEM,bayesian_logistic_laplace,categorical__x_feature_type_maccs_fingerprints,-1.6736650310253278,1.6736650310253278,0.8003653002097443
OCHEM,bayesian_logistic_laplace,categorical__x_feature_type_molecular_graph,0.014778129810347774,0.014778129810347774,0.9981541901888149
OCHEM,bayesian_logistic_laplace,categorical__x_feature_type_morgan_fingerprints,-0.43472501690913584,0.43472501690913584,0.9441780021612545
OCHEM,bayesian_logistic_laplace,categorical__x_feature_type_rdkit_descriptors,2.104799039098899,2.104799039098899,0.7899009262884104
OCHEM,bayesian_logistic_laplace,categorical__x_hp_architecture_D-MPNN,0.014778129810347774,0.014778129810347774,0.9981541901888137
OCHEM,bayesian_logistic_laplace,categorical__x_hp_architecture_None,-0.0035910088355640517,0.0035910088355640517,0.9981541856022621
OCHEM,bayesian_logistic_laplace,categorical__x_hp_gamma_scale,0.16462180437976123,0.16462180437976123,0.9832170169514817
OCHEM,bayesian_logistic_laplace,categorical__x_hp_gamma_None,-0.15343468340497773,0.15343468340497773,0.9832170134180698
OCHEM,bayesian_logistic_laplace,"categorical__x_hp_hidden_layer_sizes_[128, 64]",-0.08582514613450655,0.08582514613450655,0.9731834281280163
OCHEM,bayesian_logistic_laplace,categorical__x_hp_hidden_layer_sizes_[128],-0.060542528751643856,0.060542528751643856,0.977949745841644
OCHEM,bayesian_logistic_laplace,categorical__x_hp_hidden_layer_sizes_None,0.1575547958609344,0.1575547958609344,0.9695019228853501
OCHEM,bayesian_logistic_laplace,categorical__x_hp_max_features_log2,-0.09939574012116076,0.09939574012116076,0.9636660524126278
OCHEM,bayesian_logistic_laplace,categorical__x_hp_max_features_sqrt,0.09429638258758267,0.09429638258758267,0.9383947425835598
OCHEM,bayesian_logistic_laplace,categorical__x_hp_max_features_None,0.016286478508362765,0.016286478508362765,0.9694497488980943
OCHEM,bayesian_logistic_laplace,categorical__x_hp_strategy_None,0.01118712097478314,0.01118712097478314,0.999999995000013
OCHEM,bayesian_logistic_laplace,categorical__x_hp_weights_distance,-0.08831128947583743,0.08831128947583743,0.9847359468341231
OCHEM,bayesian_logistic_laplace,categorical__x_hp_weights_None,0.09949841045062095,0.09949841045062095,0.9847359427622588
OCHEM,random_forest,numeric__x_features_after_preprocessing,0.016278192411701174,0.016278192411701174,
OCHEM,random_forest,numeric__x_fit_molecules,0.003680991025455372,0.003680991025455372,
OCHEM,random_forest,numeric__x_fit_scaffold_count,0.0040001093476361195,0.0040001093476361195,
OCHEM,random_forest,numeric__x_fit_log_s_mean,0.00347975990633621,0.00347975990633621,
OCHEM,random_forest,numeric__x_fit_log_s_std,0.002825428461004236,0.002825428461004236,
OCHEM,random_forest,numeric__x_fit_log_s_iqr,0.0033760260690468653,0.0033760260690468653,
OCHEM,random_forest,numeric__x_fit_mean_observation_count,0.00415021962060689,0.00415021962060689,
OCHEM,random_forest,numeric__x_fit_multiple_source_fraction,0.0025511031564617696,0.0025511031564617696,
OCHEM,random_forest,numeric__x_fit_single_observation_fraction,0.0044967687830562205,0.0044967687830562205,
OCHEM,random_forest,numeric__x_test_molecules,0.0033283293680412907,0.0033283293680412907,
OCHEM,random_forest,numeric__x_test_scaffold_count,0.0028783939094898232,0.0028783939094898232,
OCHEM,random_forest,numeric__x_test_unseen_scaffold_fraction,0.004566139771195179,0.004566139771195179,
OCHEM,random_forest,numeric__x_test_max_train_similarity_median,0.00596511842546035,0.00596511842546035,
OCHEM,random_forest,numeric__x_test_max_train_similarity_p10,0.005798598254653015,0.005798598254653015,
OCHEM,random_forest,numeric__x_test_similarity_below_0p3_fraction,0.009043024335935334,0.009043024335935334,
OCHEM,random_forest,numeric__x_test_similarity_below_0p5_fraction,0.01162958080088997,0.01162958080088997,
OCHEM,random_forest,numeric__x_shift_mol_wt_smd,0.004241048383108823,0.004241048383108823,
OCHEM,random_forest,numeric__x_shift_mol_log_p_smd,0.0036910758571578758,0.0036910758571578758,
OCHEM,random_forest,numeric__x_shift_tpsa_smd,0.003744997154505764,0.003744997154505764,
OCHEM,random_forest,numeric__x_shift_fraction_csp3_smd,0.0031544714253363346,0.0031544714253363346,
OCHEM,random_forest,numeric__x_shift_rotatable_bonds_smd,0.0016385584316931411,0.0016385584316931411,
OCHEM,random_forest,numeric__x_shift_ring_count_smd,0.0016810192081234045,0.0016810192081234045,
OCHEM,random_forest,numeric__x_validation_rmse,0.09679118070778434,0.09679118070778434,
OCHEM,random_forest,numeric__x_validation_mae,0.15423324849121908,0.15423324849121908,
OCHEM,random_forest,numeric__x_validation_r2,0.0985525401211116,0.0985525401211116,
OCHEM,random_forest,numeric__x_validation_spearman,0.10770879405525981,0.10770879405525981,
OCHEM,random_forest,numeric__x_hp_C,0.0,0.0,
OCHEM,random_forest,numeric__x_hp_alpha,0.001069257262900187,0.001069257262900187,
OCHEM,random_forest,numeric__x_hp_batch_size,0.0,0.0,
OCHEM,random_forest,numeric__x_hp_depth,0.0,0.0,
OCHEM,random_forest,numeric__x_hp_dropout,0.0,0.0,
OCHEM,random_forest,numeric__x_hp_early_stopping_patience,0.0,0.0,
OCHEM,random_forest,numeric__x_hp_ensemble_size,0.0,0.0,
OCHEM,random_forest,numeric__x_hp_epsilon,0.008938443588366114,0.008938443588366114,
OCHEM,random_forest,numeric__x_hp_ffn_hidden_dim,0.0,0.0,
OCHEM,random_forest,numeric__x_hp_ffn_num_layers,0.0,0.0,
OCHEM,random_forest,numeric__x_hp_l1_ratio,3.7084189036803767e-06,3.7084189036803767e-06,
OCHEM,random_forest,numeric__x_hp_l2_regularization,0.002891698466108328,0.002891698466108328,
OCHEM,random_forest,numeric__x_hp_learning_rate,0.009784309761427717,0.009784309761427717,
OCHEM,random_forest,numeric__x_hp_max_depth,0.0,0.0,
OCHEM,random_forest,numeric__x_hp_max_leaf_nodes,0.0,0.0,
OCHEM,random_forest,numeric__x_hp_maximum_epochs,0.0,0.0,
OCHEM,random_forest,numeric__x_hp_message_hidden_dim,0.0,0.0,
OCHEM,random_forest,numeric__x_hp_min_child_weight,0.0013068817071966693,0.0013068817071966693,
OCHEM,random_forest,numeric__x_hp_min_samples_leaf,0.00023660904571856772,0.00023660904571856772,
OCHEM,random_forest,numeric__x_hp_minibatch_frac,0.0,0.0,
OCHEM,random_forest,numeric__x_hp_n_estimators,0.02632059568574688,0.02632059568574688,
OCHEM,random_forest,numeric__x_hp_n_neighbors,0.0,0.0,
OCHEM,random_forest,numeric__missingindicator_x_hp_C,0.011278786505840573,0.011278786505840573,
OCHEM,random_forest,numeric__missingindicator_x_hp_alpha,0.007728414491172898,0.007728414491172898,
OCHEM,random_forest,numeric__missingindicator_x_hp_batch_size,0.001299931980087365,0.001299931980087365,
OCHEM,random_forest,numeric__missingindicator_x_hp_depth,0.001143937741062691,0.001143937741062691,
OCHEM,random_forest,numeric__missingindicator_x_hp_dropout,0.0014095327652642077,0.0014095327652642077,
OCHEM,random_forest,numeric__missingindicator_x_hp_early_stopping_patience,0.0013124787041202404,0.0013124787041202404,
OCHEM,random_forest,numeric__missingindicator_x_hp_ensemble_size,0.0009281050713248605,0.0009281050713248605,
OCHEM,random_forest,numeric__missingindicator_x_hp_epsilon,0.009938371136467936,0.009938371136467936,
OCHEM,random_forest,numeric__missingindicator_x_hp_ffn_hidden_dim,0.0008979691744817061,0.0008979691744817061,
OCHEM,random_forest,numeric__missingindicator_x_hp_ffn_num_layers,0.0010370810751739851,0.0010370810751739851,
OCHEM,random_forest,numeric__missingindicator_x_hp_l1_ratio,0.00023585724058970386,0.00023585724058970386,
OCHEM,random_forest,numeric__missingindicator_x_hp_l2_regularization,0.01994821795540489,0.01994821795540489,
OCHEM,random_forest,numeric__missingindicator_x_hp_learning_rate,0.04376690428808186,0.04376690428808186,
OCHEM,random_forest,numeric__missingindicator_x_hp_max_depth,0.020443996361533923,0.020443996361533923,
OCHEM,random_forest,numeric__missingindicator_x_hp_max_leaf_nodes,0.02006396493226807,0.02006396493226807,
OCHEM,random_forest,numeric__missingindicator_x_hp_maximum_epochs,0.0006999325245909356,0.0006999325245909356,
OCHEM,random_forest,numeric__missingindicator_x_hp_message_hidden_dim,0.000989599500358991,0.000989599500358991,
OCHEM,random_forest,numeric__missingindicator_x_hp_min_child_weight,0.023060383541736822,0.023060383541736822,
OCHEM,random_forest,numeric__missingindicator_x_hp_min_samples_leaf,0.00807007571415259,0.00807007571415259,
OCHEM,random_forest,numeric__missingindicator_x_hp_minibatch_frac,0.0034298576840020704,0.0034298576840020704,
OCHEM,random_forest,numeric__missingindicator_x_hp_n_estimators,0.006694327192823337,0.006694327192823337,
OCHEM,random_forest,numeric__missingindicator_x_hp_n_neighbors,0.00014847686482265967,0.00014847686482265967,
OCHEM,random_forest,categorical__x_model_chemprop,0.00048805819843689466,0.00048805819843689466,
OCHEM,random_forest,categorical__x_model_elastic_net,5.074064718728662e-05,5.074064718728662e-05,
OCHEM,random_forest,categorical__x_model_esol,0.00015827053076309267,0.00015827053076309267,
OCHEM,random_forest,categorical__x_model_extra_trees,0.0029680411603261905,0.0029680411603261905,
OCHEM,random_forest,categorical__x_model_hist_gradient_boosting,0.017909824893452,0.017909824893452,
OCHEM,random_forest,categorical__x_model_knn,0.0005711509824590104,0.0005711509824590104,
OCHEM,random_forest,categorical__x_model_mlp,0.0005952906531037063,0.0005952906531037063,
OCHEM,random_forest,categorical__x_model_ngboost,0.004309565076222148,0.004309565076222148,
OCHEM,random_forest,categorical__x_model_random_forest,0.0028877908123872945,0.0028877908123872945,
OCHEM,random_forest,categorical__x_model_ridge,0.00012675869440830287,0.00012675869440830287,
OCHEM,random_forest,categorical__x_model_svr,0.010502422866879512,0.010502422866879512,
OCHEM,random_forest,categorical__x_model_xgboost,0.016644000126354277,0.016644000126354277,
OCHEM,random_forest,categorical__x_model_class_chemistry_equation,0.0002291239970193755,0.0002291239970193755,
OCHEM,random_forest,categorical__x_model_class_graph_neural_network,0.0017138573134882356,0.0017138573134882356,
OCHEM,random_forest,categorical__x_model_class_kernel,0.009399874914492777,0.009399874914492777,
OCHEM,random_forest,categorical__x_model_class_linear,0.0015896951124028382,0.0015896951124028382,
OCHEM,random_forest,categorical__x_model_class_local_similarity,0.00011918566718560957,0.00011918566718560957,
OCHEM,random_forest,categorical__x_model_class_neural_network,0.0007878199558103918,0.0007878199558103918,
OCHEM,random_forest,categorical__x_model_class_probabilistic_boosting,0.0036297081330658055,0.0036297081330658055,
OCHEM,random_forest,categorical__x_model_class_tree_ensemble,0.009008068125725738,0.009008068125725738,
OCHEM,random_forest,categorical__x_feature_type_maccs_fingerprints,0.008607924470384679,0.008607924470384679,
OCHEM,random_forest,categorical__x_feature_type_molecular_graph,0.0007881506218118131,0.0007881506218118131,
OCHEM,random_forest,categorical__x_feature_type_morgan_fingerprints,0.011637910604684843,0.011637910604684843,
OCHEM,random_forest,categorical__x_feature_type_rdkit_descriptors,0.054453725153047236,0.054453725153047236,
OCHEM,random_forest,categorical__x_hp_architecture_D-MPNN,0.00036608967469158195,0.00036608967469158195,
OCHEM,random_forest,categorical__x_hp_architecture_None,0.0006234194408071982,0.0006234194408071982,
OCHEM,random_forest,categorical__x_hp_gamma_scale,0.009405311331981839,0.009405311331981839,
OCHEM,random_forest,categorical__x_hp_gamma_None,0.013254654110167874,0.013254654110167874,
OCHEM,random_forest,"categorical__x_hp_hidden_layer_sizes_[128, 64]",0.00022502820779675038,0.00022502820779675038,
OCHEM,random_forest,categorical__x_hp_hidden_layer_sizes_[128],1.0490097440354149e-06,1.0490097440354149e-06,
OCHEM,random_forest,categorical__x_hp_hidden_layer_sizes_None,0.00035505045382469607,0.00035505045382469607,
OCHEM,random_forest,categorical__x_hp_max_features_log2,0.0,0.0,
OCHEM,random_forest,categorical__x_hp_max_features_sqrt,0.009059190635679441,0.009059190635679441,
OCHEM,random_forest,categorical__x_hp_max_features_None,0.008117101298885643,0.008117101298885643,
OCHEM,random_forest,categorical__x_hp_strategy_None,0.0,0.0,
OCHEM,random_forest,categorical__x_hp_weights_distance,0.0004035148184457104,0.0004035148184457104,
OCHEM,random_forest,categorical__x_hp_weights_None,0.000450208442875598,0.000450208442875598,
PHYSPROP,logistic,numeric__x_features_after_preprocessing,-0.8839363896495251,0.8839363896495251,
PHYSPROP,logistic,numeric__x_fit_molecules,-0.021159478922324712,0.021159478922324712,
PHYSPROP,logistic,numeric__x_fit_scaffold_count,-0.022169931765098835,0.022169931765098835,
PHYSPROP,logistic,numeric__x_fit_log_s_mean,0.023169513114231047,0.023169513114231047,
PHYSPROP,logistic,numeric__x_fit_log_s_std,-0.01881981246475712,0.01881981246475712,
PHYSPROP,logistic,numeric__x_fit_log_s_iqr,-0.014942179466318225,0.014942179466318225,
PHYSPROP,logistic,numeric__x_fit_mean_observation_count,-0.020705434953797033,0.020705434953797033,
PHYSPROP,logistic,numeric__x_fit_multiple_source_fraction,-0.021729668774118003,0.021729668774118003,
PHYSPROP,logistic,numeric__x_fit_single_observation_fraction,0.014963606657252838,0.014963606657252838,
PHYSPROP,logistic,numeric__x_test_molecules,0.03146930153278937,0.03146930153278937,
PHYSPROP,logistic,numeric__x_test_scaffold_count,0.030665114777754916,0.030665114777754916,
PHYSPROP,logistic,numeric__x_test_unseen_scaffold_fraction,0.003434620858887716,0.003434620858887716,
PHYSPROP,logistic,numeric__x_test_max_train_similarity_median,-0.07755136955462869,0.07755136955462869,
PHYSPROP,logistic,numeric__x_test_max_train_similarity_p10,-0.04622692373120313,0.04622692373120313,
PHYSPROP,logistic,numeric__x_test_similarity_below_0p3_fraction,-0.01810480142244472,0.01810480142244472,
PHYSPROP,logistic,numeric__x_test_similarity_below_0p5_fraction,0.02643402969156158,0.02643402969156158,
PHYSPROP,logistic,numeric__x_shift_mol_wt_smd,0.013655872214605473,0.013655872214605473,
PHYSPROP,logistic,numeric__x_shift_mol_log_p_smd,0.01686994063439205,0.01686994063439205,
PHYSPROP,logistic,numeric__x_shift_tpsa_smd,0.012776052890807067,0.012776052890807067,
PHYSPROP,logistic,numeric__x_shift_fraction_csp3_smd,-0.05533688689701828,0.05533688689701828,
PHYSPROP,logistic,numeric__x_shift_rotatable_bonds_smd,0.03464178403466979,0.03464178403466979,
PHYSPROP,logistic,numeric__x_shift_ring_count_smd,-0.014592737856780056,0.014592737856780056,
PHYSPROP,logistic,numeric__x_validation_rmse,-0.07639787448656127,0.07639787448656127,
PHYSPROP,logistic,numeric__x_validation_mae,-0.8723294583663896,0.8723294583663896,
PHYSPROP,logistic,numeric__x_validation_r2,0.12217112093454766,0.12217112093454766,
PHYSPROP,logistic,numeric__x_validation_spearman,0.3547207524816628,0.3547207524816628,
PHYSPROP,logistic,numeric__x_hp_C,0.0,0.0,
PHYSPROP,logistic,numeric__x_hp_alpha,-0.11760548936315027,0.11760548936315027,
PHYSPROP,logistic,numeric__x_hp_batch_size,0.0,0.0,
PHYSPROP,logistic,numeric__x_hp_depth,0.0,0.0,
PHYSPROP,logistic,numeric__x_hp_dropout,0.0,0.0,
PHYSPROP,logistic,numeric__x_hp_early_stopping_patience,0.0,0.0,
PHYSPROP,logistic,numeric__x_hp_ensemble_size,0.0,0.0,
PHYSPROP,logistic,numeric__x_hp_epsilon,0.18526448504205711,0.18526448504205711,
PHYSPROP,logistic,numeric__x_hp_ffn_hidden_dim,0.0,0.0,
PHYSPROP,logistic,numeric__x_hp_ffn_num_layers,0.0,0.0,
PHYSPROP,logistic,numeric__x_hp_l1_ratio,-0.027248610546136684,0.027248610546136684,
PHYSPROP,logistic,numeric__x_hp_l2_regularization,0.0391907099007729,0.0391907099007729,
PHYSPROP,logistic,numeric__x_hp_learning_rate,-0.09961442048565576,0.09961442048565576,
PHYSPROP,logistic,numeric__x_hp_max_depth,-0.1538557122134516,0.1538557122134516,
PHYSPROP,logistic,numeric__x_hp_max_leaf_nodes,0.024605943457279584,0.024605943457279584,
PHYSPROP,logistic,numeric__x_hp_maximum_epochs,0.0,0.0,
PHYSPROP,logistic,numeric__x_hp_message_hidden_dim,0.0,0.0,
PHYSPROP,logistic,numeric__x_hp_min_child_weight,0.07337797031796618,0.07337797031796618,
PHYSPROP,logistic,numeric__x_hp_min_samples_leaf,-0.1106714188870736,0.1106714188870736,
PHYSPROP,logistic,numeric__x_hp_minibatch_frac,1.4376992979712337e-18,1.4376992979712337e-18,
PHYSPROP,logistic,numeric__x_hp_n_estimators,0.22200395268989656,0.22200395268989656,
PHYSPROP,logistic,numeric__x_hp_n_neighbors,0.18255073030770064,0.18255073030770064,
PHYSPROP,logistic,numeric__missingindicator_x_hp_C,-0.327239117195047,0.327239117195047,
PHYSPROP,logistic,numeric__missingindicator_x_hp_alpha,0.5458104199661531,0.5458104199661531,
PHYSPROP,logistic,numeric__missingindicator_x_hp_batch_size,-0.08781046984743836,0.08781046984743836,
PHYSPROP,logistic,numeric__missingindicator_x_hp_depth,-0.08781046984743836,0.08781046984743836,
PHYSPROP,logistic,numeric__missingindicator_x_hp_dropout,-0.08781046984743836,0.08781046984743836,
PHYSPROP,logistic,numeric__missingindicator_x_hp_early_stopping_patience,-0.08781046984743836,0.08781046984743836,
PHYSPROP,logistic,numeric__missingindicator_x_hp_ensemble_size,-0.08781046984743836,0.08781046984743836,
PHYSPROP,logistic,numeric__missingindicator_x_hp_epsilon,-0.327239117195047,0.327239117195047,
PHYSPROP,logistic,numeric__missingindicator_x_hp_ffn_hidden_dim,-0.08781046984743836,0.08781046984743836,
PHYSPROP,logistic,numeric__missingindicator_x_hp_ffn_num_layers,-0.08781046984743836,0.08781046984743836,
PHYSPROP,logistic,numeric__missingindicator_x_hp_l1_ratio,0.16106291819499335,0.16106291819499335,
PHYSPROP,logistic,numeric__missingindicator_x_hp_l2_regularization,-0.27623077582073147,0.27623077582073147,
PHYSPROP,logistic,numeric__missingindicator_x_hp_learning_rate,-0.3502581902208714,0.3502581902208714,
PHYSPROP,logistic,numeric__missingindicator_x_hp_max_depth,-0.2850230607347041,0.2850230607347041,
PHYSPROP,logistic,numeric__missingindicator_x_hp_max_leaf_nodes,-0.27623077582073147,0.27623077582073147,
PHYSPROP,logistic,numeric__missingindicator_x_hp_maximum_epochs,-0.08781046984743836,0.08781046984743836,
PHYSPROP,logistic,numeric__missingindicator_x_hp_message_hidden_dim,-0.08781046984743836,0.08781046984743836,
PHYSPROP,logistic,numeric__missingindicator_x_hp_min_child_weight,-0.2850230607347041,0.2850230607347041,
PHYSPROP,logistic,numeric__missingindicator_x_hp_min_samples_leaf,-0.22910256715423474,0.22910256715423474,
PHYSPROP,logistic,numeric__missingindicator_x_hp_minibatch_frac,0.028407306172077314,0.028407306172077314,
PHYSPROP,logistic,numeric__missingindicator_x_hp_n_estimators,-0.3691712095112776,0.3691712095112776,
PHYSPROP,logistic,numeric__missingindicator_x_hp_n_neighbors,0.290456038590923,0.290456038590923,
PHYSPROP,logistic,categorical__x_model_chemprop,0.016758079631500042,0.016758079631500042,
PHYSPROP,logistic,categorical__x_model_elastic_net,-0.04842845912533939,0.04842845912533939,
PHYSPROP,logistic,categorical__x_model_esol,-0.0004560389832383787,0.0004560389832383787,
PHYSPROP,logistic,categorical__x_model_extra_trees,-0.4328386095996306,0.4328386095996306,
PHYSPROP,logistic,categorical__x_model_hist_gradient_boosting,0.05172453068043802,0.05172453068043802,
PHYSPROP,logistic,categorical__x_model_knn,-0.08844907674598732,0.08844907674598732,
PHYSPROP,logistic,categorical__x_model_mlp,-0.13389959715215285,0.13389959715215285,
PHYSPROP,logistic,categorical__x_model_ngboost,-0.004809251740835723,0.004809251740835723,
PHYSPROP,logistic,categorical__x_model_random_forest,0.5296202511450455,0.5296202511450455,
PHYSPROP,logistic,categorical__x_model_ridge,-0.06841660773982071,0.06841660773982071,
PHYSPROP,logistic,categorical__x_model_svr,0.10260081493445455,0.10260081493445455,
PHYSPROP,logistic,categorical__x_model_xgboost,0.08954360874079226,0.08954360874079226,
PHYSPROP,logistic,categorical__x_model_class_chemistry_equation,-0.0004560389832383787,0.0004560389832383787,
PHYSPROP,logistic,categorical__x_model_class_graph_neural_network,0.016758079631500042,0.016758079631500042,
PHYSPROP,logistic,categorical__x_model_class_kernel,0.10260081493445455,0.10260081493445455,
PHYSPROP,logistic,categorical__x_model_class_linear,-0.11684506686516007,0.11684506686516007,
PHYSPROP,logistic,categorical__x_model_class_local_similarity,-0.08844907674598732,0.08844907674598732,
PHYSPROP,logistic,categorical__x_model_class_neural_network,-0.13389959715215285,0.13389959715215285,
PHYSPROP,logistic,categorical__x_model_class_probabilistic_boosting,-0.004809251740835723,0.004809251740835723,
PHYSPROP,logistic,categorical__x_model_class_tree_ensemble,0.23804978096664842,0.23804978096664842,
PHYSPROP,logistic,categorical__x_feature_type_maccs_fingerprints,-1.6810830959100922,1.6810830959100922,
PHYSPROP,logistic,categorical__x_feature_type_molecular_graph,0.016758079631500042,0.016758079631500042,
PHYSPROP,logistic,categorical__x_feature_type_morgan_fingerprints,-0.4466923916022869,0.4466923916022869,
PHYSPROP,logistic,categorical__x_feature_type_rdkit_descriptors,2.1239670519261042,2.1239670519261042,
PHYSPROP,logistic,categorical__x_hp_architecture_D-MPNN,0.016758079631500042,0.016758079631500042,
PHYSPROP,logistic,categorical__x_hp_architecture_None,-0.0038084355862716465,0.0038084355862716465,
PHYSPROP,logistic,categorical__x_hp_gamma_scale,0.10260081493445455,0.10260081493445455,
PHYSPROP,logistic,categorical__x_hp_gamma_None,-0.08965117088922649,0.08965117088922649,
PHYSPROP,logistic,"categorical__x_hp_hidden_layer_sizes_[128, 64]",-0.06342404066878511,0.06342404066878511,
PHYSPROP,logistic,categorical__x_hp_hidden_layer_sizes_[128],-0.07047555648336823,0.07047555648336823,
PHYSPROP,logistic,categorical__x_hp_hidden_layer_sizes_None,0.1468492411973811,0.1468492411973811,
PHYSPROP,logistic,categorical__x_hp_max_features_log2,-0.1873474226452504,0.1873474226452504,
PHYSPROP,logistic,categorical__x_hp_max_features_sqrt,0.2841290641906696,0.2841290641906696,
PHYSPROP,logistic,categorical__x_hp_max_features_None,-0.08383199750019045,0.08383199750019045,
PHYSPROP,logistic,categorical__x_hp_strategy_None,0.012949644045228144,0.012949644045228144,
PHYSPROP,logistic,categorical__x_hp_weights_distance,-0.08844907674598732,0.08844907674598732,
PHYSPROP,logistic,categorical__x_hp_weights_None,0.10139872079121501,0.10139872079121501,
PHYSPROP,bayesian_logistic_laplace,numeric__x_features_after_preprocessing,-0.8839363896495251,0.8839363896495251,0.6927162624534738
PHYSPROP,bayesian_logistic_laplace,numeric__x_fit_molecules,-0.021159478922324712,0.021159478922324712,0.961843576312737
PHYSPROP,bayesian_logistic_laplace,numeric__x_fit_scaffold_count,-0.022169931765098835,0.022169931765098835,0.9606227150113675
PHYSPROP,bayesian_logistic_laplace,numeric__x_fit_log_s_mean,0.023169513114231047,0.023169513114231047,0.9055293858908717
PHYSPROP,bayesian_logistic_laplace,numeric__x_fit_log_s_std,-0.01881981246475712,0.01881981246475712,0.9200096126618099
PHYSPROP,bayesian_logistic_laplace,numeric__x_fit_log_s_iqr,-0.014942179466318225,0.014942179466318225,0.931791648329644
PHYSPROP,bayesian_logistic_laplace,numeric__x_fit_mean_observation_count,-0.020705434953797033,0.020705434953797033,0.9599073244679938
PHYSPROP,bayesian_logistic_laplace,numeric__x_fit_multiple_source_fraction,-0.021729668774118003,0.021729668774118003,0.9612785307955808
PHYSPROP,bayesian_logistic_laplace,numeric__x_fit_single_observation_fraction,0.014963606657252838,0.014963606657252838,0.965952096968503
PHYSPROP,bayesian_logistic_laplace,numeric__x_test_molecules,0.03146930153278937,0.03146930153278937,0.9415643207477
PHYSPROP,bayesian_logistic_laplace,numeric__x_test_scaffold_count,0.030665114777754916,0.030665114777754916,0.9431834608544544
PHYSPROP,bayesian_logistic_laplace,numeric__x_test_unseen_scaffold_fraction,0.003434620858887716,0.003434620858887716,0.9604599470756484
PHYSPROP,bayesian_logistic_laplace,numeric__x_test_max_train_similarity_median,-0.07755136955462869,0.07755136955462869,0.9620708196348683
PHYSPROP,bayesian_logistic_laplace,numeric__x_test_max_train_similarity_p10,-0.04622692373120313,0.04622692373120313,0.9524848368331984
PHYSPROP,bayesian_logistic_laplace,numeric__x_test_similarity_below_0p3_fraction,-0.01810480142244472,0.01810480142244472,0.9615913891025755
PHYSPROP,bayesian_logistic_laplace,numeric__x_test_similarity_below_0p5_fraction,0.02643402969156158,0.02643402969156158,0.9605297345030658
PHYSPROP,bayesian_logistic_laplace,numeric__x_shift_mol_wt_smd,0.013655872214605473,0.013655872214605473,0.963874282883612
PHYSPROP,bayesian_logistic_laplace,numeric__x_shift_mol_log_p_smd,0.01686994063439205,0.01686994063439205,0.8938219147204736
PHYSPROP,bayesian_logistic_laplace,numeric__x_shift_tpsa_smd,0.012776052890807067,0.012776052890807067,0.962756335870636
PHYSPROP,bayesian_logistic_laplace,numeric__x_shift_fraction_csp3_smd,-0.05533688689701828,0.05533688689701828,0.33333741840199466
PHYSPROP,bayesian_logistic_laplace,numeric__x_shift_rotatable_bonds_smd,0.03464178403466979,0.03464178403466979,0.913279425413921
PHYSPROP,bayesian_logistic_laplace,numeric__x_shift_ring_count_smd,-0.014592737856780056,0.014592737856780056,0.9347048512781347
PHYSPROP,bayesian_logistic_laplace,numeric__x_validation_rmse,-0.07639787448656127,0.07639787448656127,0.8904207538502622
PHYSPROP,bayesian_logistic_laplace,numeric__x_validation_mae,-0.8723294583663896,0.8723294583663896,0.9034513758514321
PHYSPROP,bayesian_logistic_laplace,numeric__x_validation_r2,0.12217112093454766,0.12217112093454766,0.9704821099413754
PHYSPROP,bayesian_logistic_laplace,numeric__x_validation_spearman,0.3547207524816628,0.3547207524816628,0.6195254685276189
PHYSPROP,bayesian_logistic_laplace,numeric__x_hp_C,0.0,0.0,1.0000000000000004
PHYSPROP,bayesian_logistic_laplace,numeric__x_hp_alpha,-0.11760548936315027,0.11760548936315027,0.8202433226472875
PHYSPROP,bayesian_logistic_laplace,numeric__x_hp_batch_size,0.0,0.0,1.0000000000000007
PHYSPROP,bayesian_logistic_laplace,numeric__x_hp_depth,0.0,0.0,1.0000000000000009
PHYSPROP,bayesian_logistic_laplace,numeric__x_hp_dropout,0.0,0.0,0.999999999999999
PHYSPROP,bayesian_logistic_laplace,numeric__x_hp_early_stopping_patience,0.0,0.0,1.000000000000001
PHYSPROP,bayesian_logistic_laplace,numeric__x_hp_ensemble_size,0.0,0.0,1.0000000000000002
PHYSPROP,bayesian_logistic_laplace,numeric__x_hp_epsilon,0.18526448504205711,0.18526448504205711,0.21644115481435075
PHYSPROP,bayesian_logistic_laplace,numeric__x_hp_ffn_hidden_dim,0.0,0.0,1.0
PHYSPROP,bayesian_logistic_laplace,numeric__x_hp_ffn_num_layers,0.0,0.0,0.9999999999999999
PHYSPROP,bayesian_logistic_laplace,numeric__x_hp_l1_ratio,-0.027248610546136684,0.027248610546136684,0.9269330654768009
PHYSPROP,bayesian_logistic_laplace,numeric__x_hp_l2_regularization,0.0391907099007729,0.0391907099007729,0.13652428162286398
PHYSPROP,bayesian_logistic_laplace,numeric__x_hp_learning_rate,-0.09961442048565576,0.09961442048565576,0.5149937325183461
PHYSPROP,bayesian_logistic_laplace,numeric__x_hp_max_depth,-0.1538557122134516,0.1538557122134516,0.24630743575076083
PHYSPROP,bayesian_logistic_laplace,numeric__x_hp_max_leaf_nodes,0.024605943457279584,0.024605943457279584,0.32740424625631787
PHYSPROP,bayesian_logistic_laplace,numeric__x_hp_maximum_epochs,0.0,0.0,1.0
PHYSPROP,bayesian_logistic_laplace,numeric__x_hp_message_hidden_dim,0.0,0.0,1.0000000000000004
PHYSPROP,bayesian_logistic_laplace,numeric__x_hp_min_child_weight,0.07337797031796618,0.07337797031796618,0.31145658318555614
PHYSPROP,bayesian_logistic_laplace,numeric__x_hp_min_samples_leaf,-0.1106714188870736,0.1106714188870736,0.18947444956035867
PHYSPROP,bayesian_logistic_laplace,numeric__x_hp_minibatch_frac,1.4376992979712337e-18,1.4376992979712337e-18,0.9999999999999996
PHYSPROP,bayesian_logistic_laplace,numeric__x_hp_n_estimators,0.22200395268989656,0.22200395268989656,0.8287501218787081
PHYSPROP,bayesian_logistic_laplace,numeric__x_hp_n_neighbors,0.18255073030770064,0.18255073030770064,0.8169890749953106
PHYSPROP,bayesian_logistic_laplace,numeric__missingindicator_x_hp_C,-0.327239117195047,0.327239117195047,0.8071387683211441
PHYSPROP,bayesian_logistic_laplace,numeric__missingindicator_x_hp_alpha,0.5458104199661531,0.5458104199661531,0.8477193337810432
PHYSPROP,bayesian_logistic_laplace,numeric__missingindicator_x_hp_batch_size,-0.08781046984743836,0.08781046984743836,0.9449201832902885
PHYSPROP,bayesian_logistic_laplace,numeric__missingindicator_x_hp_depth,-0.08781046984743836,0.08781046984743836,0.9449201832903029
PHYSPROP,bayesian_logistic_laplace,numeric__missingindicator_x_hp_dropout,-0.08781046984743836,0.08781046984743836,0.9449201832903107
PHYSPROP,bayesian_logistic_laplace,numeric__missingindicator_x_hp_early_stopping_patience,-0.08781046984743836,0.08781046984743836,0.944920183290298
PHYSPROP,bayesian_logistic_laplace,numeric__missingindicator_x_hp_ensemble_size,-0.08781046984743836,0.08781046984743836,0.9449201832903069
PHYSPROP,bayesian_logistic_laplace,numeric__missingindicator_x_hp_epsilon,-0.327239117195047,0.327239117195047,0.8071387683211445
PHYSPROP,bayesian_logistic_laplace,numeric__missingindicator_x_hp_ffn_hidden_dim,-0.08781046984743836,0.08781046984743836,0.944920183290328
PHYSPROP,bayesian_logistic_laplace,numeric__missingindicator_x_hp_ffn_num_layers,-0.08781046984743836,0.08781046984743836,0.9449201832903111
PHYSPROP,bayesian_logistic_laplace,numeric__missingindicator_x_hp_l1_ratio,0.16106291819499335,0.16106291819499335,0.8487240903551153
PHYSPROP,bayesian_logistic_laplace,numeric__missingindicator_x_hp_l2_regularization,-0.27623077582073147,0.27623077582073147,0.7565558067814422
PHYSPROP,bayesian_logistic_laplace,numeric__missingindicator_x_hp_learning_rate,-0.3502581902208714,0.3502581902208714,0.8475174910793322
PHYSPROP,bayesian_logistic_laplace,numeric__missingindicator_x_hp_max_depth,-0.2850230607347041,0.2850230607347041,0.8322539294066004
PHYSPROP,bayesian_logistic_laplace,numeric__missingindicator_x_hp_max_leaf_nodes,-0.27623077582073147,0.27623077582073147,0.7565558067814381
PHYSPROP,bayesian_logistic_laplace,numeric__missingindicator_x_hp_maximum_epochs,-0.08781046984743836,0.08781046984743836,0.9449201832903223
PHYSPROP,bayesian_logistic_laplace,numeric__missingindicator_x_hp_message_hidden_dim,-0.08781046984743836,0.08781046984743836,0.9449201832903051
PHYSPROP,bayesian_logistic_laplace,numeric__missingindicator_x_hp_min_child_weight,-0.2850230607347041,0.2850230607347041,0.8322539294065923
PHYSPROP,bayesian_logistic_laplace,numeric__missingindicator_x_hp_min_samples_leaf,-0.22910256715423474,0.22910256715423474,0.7965661190340836
PHYSPROP,bayesian_logistic_laplace,numeric__missingindicator_x_hp_minibatch_frac,0.028407306172077314,0.028407306172077314,0.5168088378962098
PHYSPROP,bayesian_logistic_laplace,numeric__missingindicator_x_hp_n_estimators,-0.3691712095112776,0.3691712095112776,0.8552193023906071
PHYSPROP,bayesian_logistic_laplace,numeric__missingindicator_x_hp_n_neighbors,0.290456038590923,0.290456038590923,0.827011127107412
PHYSPROP,bayesian_logistic_laplace,categorical__x_model_chemprop,0.016758079631500042,0.016758079631500042,0.99815365399277
PHYSPROP,bayesian_logistic_laplace,categorical__x_model_elastic_net,-0.04842845912533939,0.04842845912533939,0.986532362134514
PHYSPROP,bayesian_logistic_laplace,categorical__x_model_esol,-0.0004560389832383787,0.0004560389832383787,0.9994704665405624
PHYSPROP,bayesian_logistic_laplace,categorical__x_model_extra_trees,-0.4328386095996306,0.4328386095996306,0.78876836037709
PHYSPROP,bayesian_logistic_laplace,categorical__x_model_hist_gradient_boosting,0.05172453068043802,0.05172453068043802,0.9926092769909289
PHYSPROP,bayesian_logistic_laplace,categorical__x_model_knn,-0.08844907674598732,0.08844907674598732,0.9847666609905908
PHYSPROP,bayesian_logistic_laplace,categorical__x_model_mlp,-0.13389959715215285,0.13389959715215285,0.9701949780941124
PHYSPROP,bayesian_logistic_laplace,categorical__x_model_ngboost,-0.004809251740835723,0.004809251740835723,0.9872991058304875
PHYSPROP,bayesian_logistic_laplace,categorical__x_model_random_forest,0.5296202511450455,0.5296202511450455,0.7843028639826102
PHYSPROP,bayesian_logistic_laplace,categorical__x_model_ridge,-0.06841660773982071,0.06841660773982071,0.9784211981969333
PHYSPROP,bayesian_logistic_laplace,categorical__x_model_svr,0.10260081493445455,0.10260081493445455,0.9831880634441029
PHYSPROP,bayesian_logistic_laplace,categorical__x_model_xgboost,0.08954360874079226,0.08954360874079226,0.9851891038474984
PHYSPROP,bayesian_logistic_laplace,categorical__x_model_class_chemistry_equation,-0.0004560389832383787,0.0004560389832383787,0.9994704665405625
PHYSPROP,bayesian_logistic_laplace,categorical__x_model_class_graph_neural_network,0.016758079631500042,0.016758079631500042,0.9981536539927696
PHYSPROP,bayesian_logistic_laplace,categorical__x_model_class_kernel,0.10260081493445455,0.10260081493445455,0.9831880634440996
PHYSPROP,bayesian_logistic_laplace,categorical__x_model_class_linear,-0.11684506686516007,0.11684506686516007,0.9720337678459553
PHYSPROP,bayesian_logistic_laplace,categorical__x_model_class_local_similarity,-0.08844907674598732,0.08844907674598732,0.9847666609905911
PHYSPROP,bayesian_logistic_laplace,categorical__x_model_class_neural_network,-0.13389959715215285,0.13389959715215285,0.9701949780941121
PHYSPROP,bayesian_logistic_laplace,categorical__x_model_class_probabilistic_boosting,-0.004809251740835723,0.004809251740835723,0.987299105830486
PHYSPROP,bayesian_logistic_laplace,categorical__x_model_class_tree_ensemble,0.23804978096664842,0.23804978096664842,0.9627392951691558
PHYSPROP,bayesian_logistic_laplace,categorical__x_feature_type_maccs_fingerprints,-1.6810830959100922,1.6810830959100922,0.8009410908672628
PHYSPROP,bayesian_logistic_laplace,categorical__x_feature_type_molecular_graph,0.016758079631500042,0.016758079631500042,0.9981536539927696
PHYSPROP,bayesian_logistic_laplace,categorical__x_feature_type_morgan_fingerprints,-0.4466923916022869,0.4466923916022869,0.945161000139403
PHYSPROP,bayesian_logistic_laplace,categorical__x_feature_type_rdkit_descriptors,2.1239670519261042,2.1239670519261042,0.7933057431820935
PHYSPROP,bayesian_logistic_laplace,categorical__x_hp_architecture_D-MPNN,0.016758079631500042,0.016758079631500042,0.9981536539927717
PHYSPROP,bayesian_logistic_laplace,categorical__x_hp_architecture_None,-0.0038084355862716465,0.0038084355862716465,0.9981536494073402
PHYSPROP,bayesian_logistic_laplace,categorical__x_hp_gamma_scale,0.10260081493445455,0.10260081493445455,0.9831880634441021
PHYSPROP,bayesian_logistic_laplace,categorical__x_hp_gamma_None,-0.08965117088922649,0.08965117088922649,0.9831880598718393
PHYSPROP,bayesian_logistic_laplace,"categorical__x_hp_hidden_layer_sizes_[128, 64]",-0.06342404066878511,0.06342404066878511,0.9780953034103129
PHYSPROP,bayesian_logistic_laplace,categorical__x_hp_hidden_layer_sizes_[128],-0.07047555648336823,0.07047555648336823,0.9767389890816441
PHYSPROP,bayesian_logistic_laplace,categorical__x_hp_hidden_layer_sizes_None,0.1468492411973811,0.1468492411973811,0.970194974535315
PHYSPROP,bayesian_logistic_laplace,categorical__x_hp_max_features_log2,-0.1873474226452504,0.1873474226452504,0.9415007275386161
PHYSPROP,bayesian_logistic_laplace,categorical__x_hp_max_features_sqrt,0.2841290641906696,0.2841290641906696,0.9176327434304304
PHYSPROP,bayesian_logistic_laplace,categorical__x_hp_max_features_None,-0.08383199750019045,0.08383199750019045,0.9687438719544651
PHYSPROP,bayesian_logistic_laplace,categorical__x_hp_strategy_None,0.012949644045228144,0.012949644045228144,0.9999999950000671
PHYSPROP,bayesian_logistic_laplace,categorical__x_hp_weights_distance,-0.08844907674598732,0.08844907674598732,0.9847666609905916
PHYSPROP,bayesian_logistic_laplace,categorical__x_hp_weights_None,0.10139872079121501,0.10139872079121501,0.9847666569027446
PHYSPROP,random_forest,numeric__x_features_after_preprocessing,0.021791673121007857,0.021791673121007857,
PHYSPROP,random_forest,numeric__x_fit_molecules,0.0036902183611552115,0.0036902183611552115,
PHYSPROP,random_forest,numeric__x_fit_scaffold_count,0.0050856086816786755,0.0050856086816786755,
PHYSPROP,random_forest,numeric__x_fit_log_s_mean,0.005202939108219658,0.005202939108219658,
PHYSPROP,random_forest,numeric__x_fit_log_s_std,0.0034050376332984906,0.0034050376332984906,
PHYSPROP,random_forest,numeric__x_fit_log_s_iqr,0.004971299725742929,0.004971299725742929,
PHYSPROP,random_forest,numeric__x_fit_mean_observation_count,0.004024820249868749,0.004024820249868749,
PHYSPROP,random_forest,numeric__x_fit_multiple_source_fraction,0.004948189607800058,0.004948189607800058,
PHYSPROP,random_forest,numeric__x_fit_single_observation_fraction,0.004281146412122315,0.004281146412122315,
PHYSPROP,random_forest,numeric__x_test_molecules,0.004878988485280258,0.004878988485280258,
PHYSPROP,random_forest,numeric__x_test_scaffold_count,0.005540311107140265,0.005540311107140265,
PHYSPROP,random_forest,numeric__x_test_unseen_scaffold_fraction,0.0042100402423735864,0.0042100402423735864,
PHYSPROP,random_forest,numeric__x_test_max_train_similarity_median,0.01042184337844102,0.01042184337844102,
PHYSPROP,random_forest,numeric__x_test_max_train_similarity_p10,0.008481995575608072,0.008481995575608072,
PHYSPROP,random_forest,numeric__x_test_similarity_below_0p3_fraction,0.010567495170008776,0.010567495170008776,
PHYSPROP,random_forest,numeric__x_test_similarity_below_0p5_fraction,0.01310604214236027,0.01310604214236027,
PHYSPROP,random_forest,numeric__x_shift_mol_wt_smd,0.004041230499726089,0.004041230499726089,
PHYSPROP,random_forest,numeric__x_shift_mol_log_p_smd,0.0029044662285432066,0.0029044662285432066,
PHYSPROP,random_forest,numeric__x_shift_tpsa_smd,0.005046199388962086,0.005046199388962086,
PHYSPROP,random_forest,numeric__x_shift_fraction_csp3_smd,0.0026673856723106832,0.0026673856723106832,
PHYSPROP,random_forest,numeric__x_shift_rotatable_bonds_smd,0.004990570278272499,0.004990570278272499,
PHYSPROP,random_forest,numeric__x_shift_ring_count_smd,0.005254375583753692,0.005254375583753692,
PHYSPROP,random_forest,numeric__x_validation_rmse,0.09777884323562205,0.09777884323562205,
PHYSPROP,random_forest,numeric__x_validation_mae,0.12062900814765569,0.12062900814765569,
PHYSPROP,random_forest,numeric__x_validation_r2,0.08554191738195531,0.08554191738195531,
PHYSPROP,random_forest,numeric__x_validation_spearman,0.09628748675763135,0.09628748675763135,
PHYSPROP,random_forest,numeric__x_hp_C,0.0,0.0,
PHYSPROP,random_forest,numeric__x_hp_alpha,0.0015845322479832395,0.0015845322479832395,
PHYSPROP,random_forest,numeric__x_hp_batch_size,0.0,0.0,
PHYSPROP,random_forest,numeric__x_hp_depth,0.0,0.0,
PHYSPROP,random_forest,numeric__x_hp_dropout,0.0,0.0,
PHYSPROP,random_forest,numeric__x_hp_early_stopping_patience,0.0,0.0,
PHYSPROP,random_forest,numeric__x_hp_ensemble_size,0.0,0.0,
PHYSPROP,random_forest,numeric__x_hp_epsilon,0.007886540956701875,0.007886540956701875,
PHYSPROP,random_forest,numeric__x_hp_ffn_hidden_dim,0.0,0.0,
PHYSPROP,random_forest,numeric__x_hp_ffn_num_layers,0.0,0.0,
PHYSPROP,random_forest,numeric__x_hp_l1_ratio,1.0062328297980457e-05,1.0062328297980457e-05,
PHYSPROP,random_forest,numeric__x_hp_l2_regularization,0.00958551086957902,0.00958551086957902,
PHYSPROP,random_forest,numeric__x_hp_learning_rate,0.014217660540580443,0.014217660540580443,
PHYSPROP,random_forest,numeric__x_hp_max_depth,0.0,0.0,
PHYSPROP,random_forest,numeric__x_hp_max_leaf_nodes,0.0,0.0,
PHYSPROP,random_forest,numeric__x_hp_maximum_epochs,0.0,0.0,
PHYSPROP,random_forest,numeric__x_hp_message_hidden_dim,0.0,0.0,
PHYSPROP,random_forest,numeric__x_hp_min_child_weight,0.00237667833237805,0.00237667833237805,
PHYSPROP,random_forest,numeric__x_hp_min_samples_leaf,0.0007176595131855853,0.0007176595131855853,
PHYSPROP,random_forest,numeric__x_hp_minibatch_frac,0.0,0.0,
PHYSPROP,random_forest,numeric__x_hp_n_estimators,0.030120059953029413,0.030120059953029413,
PHYSPROP,random_forest,numeric__x_hp_n_neighbors,0.0,0.0,
PHYSPROP,random_forest,numeric__missingindicator_x_hp_C,0.005632488572021456,0.005632488572021456,
PHYSPROP,random_forest,numeric__missingindicator_x_hp_alpha,0.0077509715361973345,0.0077509715361973345,
PHYSPROP,random_forest,numeric__missingindicator_x_hp_batch_size,0.0008376659168868363,0.0008376659168868363,
PHYSPROP,random_forest,numeric__missingindicator_x_hp_depth,0.0006369072437920905,0.0006369072437920905,
PHYSPROP,random_forest,numeric__missingindicator_x_hp_dropout,0.001151515132191799,0.001151515132191799,
PHYSPROP,random_forest,numeric__missingindicator_x_hp_early_stopping_patience,0.0017346215245659924,0.0017346215245659924,
PHYSPROP,random_forest,numeric__missingindicator_x_hp_ensemble_size,0.001493565179766778,0.001493565179766778,
PHYSPROP,random_forest,numeric__missingindicator_x_hp_epsilon,0.005065622705173519,0.005065622705173519,
PHYSPROP,random_forest,numeric__missingindicator_x_hp_ffn_hidden_dim,0.0017654528165226863,0.0017654528165226863,
PHYSPROP,random_forest,numeric__missingindicator_x_hp_ffn_num_layers,0.0012976259850892627,0.0012976259850892627,
PHYSPROP,random_forest,numeric__missingindicator_x_hp_l1_ratio,0.0003079415803136037,0.0003079415803136037,
PHYSPROP,random_forest,numeric__missingindicator_x_hp_l2_regularization,0.027483767809716127,0.027483767809716127,
PHYSPROP,random_forest,numeric__missingindicator_x_hp_learning_rate,0.05321717306173876,0.05321717306173876,
PHYSPROP,random_forest,numeric__missingindicator_x_hp_max_depth,0.01944304807153102,0.01944304807153102,
PHYSPROP,random_forest,numeric__missingindicator_x_hp_max_leaf_nodes,0.02274495939367939,0.02274495939367939,
PHYSPROP,random_forest,numeric__missingindicator_x_hp_maximum_epochs,0.002023324946186595,0.002023324946186595,
PHYSPROP,random_forest,numeric__missingindicator_x_hp_message_hidden_dim,0.0008980431998175056,0.0008980431998175056,
PHYSPROP,random_forest,numeric__missingindicator_x_hp_min_child_weight,0.02171789553929923,0.02171789553929923,
PHYSPROP,random_forest,numeric__missingindicator_x_hp_min_samples_leaf,0.008081305519889179,0.008081305519889179,
PHYSPROP,random_forest,numeric__missingindicator_x_hp_minibatch_frac,0.0030562561077227077,0.0030562561077227077,
PHYSPROP,random_forest,numeric__missingindicator_x_hp_n_estimators,0.009505370173063452,0.009505370173063452,
PHYSPROP,random_forest,numeric__missingindicator_x_hp_n_neighbors,0.0005155929827267541,0.0005155929827267541,
PHYSPROP,random_forest,categorical__x_model_chemprop,0.0014791434877963613,0.0014791434877963613,
PHYSPROP,random_forest,categorical__x_model_elastic_net,0.0001364137153776036,0.0001364137153776036,
PHYSPROP,random_forest,categorical__x_model_esol,0.00020027048243524974,0.00020027048243524974,
PHYSPROP,random_forest,categorical__x_model_extra_trees,0.0027714866342337828,0.0027714866342337828,
PHYSPROP,random_forest,categorical__x_model_hist_gradient_boosting,0.02639942123705552,0.02639942123705552,
PHYSPROP,random_forest,categorical__x_model_knn,0.0005705066389758268,0.0005705066389758268,
PHYSPROP,random_forest,categorical__x_model_mlp,0.0005724604667641386,0.0005724604667641386,
PHYSPROP,random_forest,categorical__x_model_ngboost,0.0041815894337305795,0.0041815894337305795,
PHYSPROP,random_forest,categorical__x_model_random_forest,0.0021511238590444875,0.0021511238590444875,
PHYSPROP,random_forest,categorical__x_model_ridge,0.00028772073446892247,0.00028772073446892247,
PHYSPROP,random_forest,categorical__x_model_svr,0.006032032998367964,0.006032032998367964,
PHYSPROP,random_forest,categorical__x_model_xgboost,0.019704072471259045,0.019704072471259045,
PHYSPROP,random_forest,categorical__x_model_class_chemistry_equation,0.0002874487215874433,0.0002874487215874433,
PHYSPROP,random_forest,categorical__x_model_class_graph_neural_network,0.0009773836115513175,0.0009773836115513175,
PHYSPROP,random_forest,categorical__x_model_class_kernel,0.006208017548129545,0.006208017548129545,
PHYSPROP,random_forest,categorical__x_model_class_linear,0.0017186631111862228,0.0017186631111862228,
PHYSPROP,random_forest,categorical__x_model_class_local_similarity,0.00032892075322072225,0.00032892075322072225,
PHYSPROP,random_forest,categorical__x_model_class_neural_network,0.0005670347099260988,0.0005670347099260988,
PHYSPROP,random_forest,categorical__x_model_class_probabilistic_boosting,0.004830542491003702,0.004830542491003702,
PHYSPROP,random_forest,categorical__x_model_class_tree_ensemble,0.01480433228983484,0.01480433228983484,
PHYSPROP,random_forest,categorical__x_feature_type_maccs_fingerprints,0.0122837449929802,0.0122837449929802,
PHYSPROP,random_forest,categorical__x_feature_type_molecular_graph,0.0011555088492021805,0.0011555088492021805,
PHYSPROP,random_forest,categorical__x_feature_type_morgan_fingerprints,0.010787695438828418,0.010787695438828418,
PHYSPROP,random_forest,categorical__x_feature_type_rdkit_descriptors,0.049654174671444444,0.049654174671444444,
PHYSPROP,random_forest,categorical__x_hp_architecture_D-MPNN,0.0010517143540639334,0.0010517143540639334,
PHYSPROP,random_forest,categorical__x_hp_architecture_None,0.0012616277013887485,0.0012616277013887485,
PHYSPROP,random_forest,categorical__x_hp_gamma_scale,0.008527180395966649,0.008527180395966649,
PHYSPROP,random_forest,categorical__x_hp_gamma_None,0.005329642059131579,0.005329642059131579,
PHYSPROP,random_forest,"categorical__x_hp_hidden_layer_sizes_[128, 64]",5.488478644456285e-05,5.488478644456285e-05,
PHYSPROP,random_forest,categorical__x_hp_hidden_layer_sizes_[128],5.3783364972675335e-05,5.3783364972675335e-05,
PHYSPROP,random_forest,categorical__x_hp_hidden_layer_sizes_None,0.0007629876554157744,0.0007629876554157744,
PHYSPROP,random_forest,categorical__x_hp_max_features_log2,0.0,0.0,
PHYSPROP,random_forest,categorical__x_hp_max_features_sqrt,0.004610871290402027,0.004610871290402027,
PHYSPROP,random_forest,categorical__x_hp_max_features_None,0.0060375330555290105,0.0060375330555290105,
PHYSPROP,random_forest,categorical__x_hp_strategy_None,0.0,0.0,
PHYSPROP,random_forest,categorical__x_hp_weights_distance,0.0007244231664563655,0.0007244231664563655,
PHYSPROP,random_forest,categorical__x_hp_weights_None,0.0008866909056574273,0.0008866909056574273,
