outer_heldout_source,meta_model,run_id,task_id,heldout_source,x_model,x_model_class,x_feature_type,x_validation_rmse,y_top3_candidate,y_test_rmse,y_rmse_regret_vs_best,y_within_0p1_log_s_of_best,predicted_top3_probability,probability_lower_95,probability_upper_95
AQUA,logistic,source_holdout_aqua_r1_maccs_fingerprints_elastic_net,source_holdout_aqua_r1,AQUA,elastic_net,linear,maccs_fingerprints,1.6512239588503594,0,1.2076420988373981,0.6029334470066768,0,2.1751286200556963e-05,,
AQUA,logistic,source_holdout_aqua_r1_maccs_fingerprints_extra_trees,source_holdout_aqua_r1,AQUA,extra_trees,tree_ensemble,maccs_fingerprints,1.4361660196388675,0,1.0042881704931548,0.39957951866243346,0,0.0007329630327568532,,
AQUA,logistic,source_holdout_aqua_r1_maccs_fingerprints_knn,source_holdout_aqua_r1,AQUA,knn,local_similarity,maccs_fingerprints,1.5674372589016232,0,1.3335111630137282,0.7288025111830069,0,6.712615897151588e-05,,
AQUA,logistic,source_holdout_aqua_r1_maccs_fingerprints_mlp,source_holdout_aqua_r1,AQUA,mlp,neural_network,maccs_fingerprints,1.4436650162612863,0,1.036936140309864,0.4322274884791427,0,8.071269338472732e-05,,
AQUA,logistic,source_holdout_aqua_r1_maccs_fingerprints_random_forest,source_holdout_aqua_r1,AQUA,random_forest,tree_ensemble,maccs_fingerprints,1.4096247229812484,0,1.0217423422078438,0.41703369037712246,0,0.0038132471603561147,,
AQUA,logistic,source_holdout_aqua_r1_maccs_fingerprints_ridge,source_holdout_aqua_r1,AQUA,ridge,linear,maccs_fingerprints,1.6529353878964803,0,1.2146473395429578,0.6099386877122365,0,3.4664802609984495e-05,,
AQUA,logistic,source_holdout_aqua_r1_maccs_fingerprints_svr,source_holdout_aqua_r1,AQUA,svr,kernel,maccs_fingerprints,1.386238590828105,0,0.9501770771629928,0.3454684253322715,0,0.010167498772590754,,
AQUA,logistic,source_holdout_aqua_r1_maccs_fingerprints_xgboost,source_holdout_aqua_r1,AQUA,xgboost,tree_ensemble,maccs_fingerprints,1.3977330792238443,0,0.9981417706064476,0.3934331187757263,0,0.061062209110484204,,
AQUA,logistic,source_holdout_aqua_r1_molecular_graph_chemprop,source_holdout_aqua_r1,AQUA,chemprop,graph_neural_network,molecular_graph,1.1642819875673727,0,0.666241504002147,0.06153285217142568,1,0.38954046555262506,,
AQUA,logistic,source_holdout_aqua_r1_morgan_fingerprints_elastic_net,source_holdout_aqua_r1,AQUA,elastic_net,linear,morgan_fingerprints,1.7139851778163884,0,1.3672758177390207,0.7625671659082994,0,5.720324659219699e-06,,
AQUA,logistic,source_holdout_aqua_r1_morgan_fingerprints_extra_trees,source_holdout_aqua_r1,AQUA,extra_trees,tree_ensemble,morgan_fingerprints,1.4129376756834628,0,1.2261523931775928,0.6214437413468715,0,0.001112308833866208,,
AQUA,logistic,source_holdout_aqua_r1_morgan_fingerprints_knn,source_holdout_aqua_r1,AQUA,knn,local_similarity,morgan_fingerprints,1.5285267576075792,0,1.343196560678332,0.7384879088476107,0,3.1614225181219156e-05,,
AQUA,logistic,source_holdout_aqua_r1_morgan_fingerprints_mlp,source_holdout_aqua_r1,AQUA,mlp,neural_network,morgan_fingerprints,1.540219762258286,0,1.1783523078025084,0.5736436559717871,0,2.7894870236107585e-05,,
AQUA,logistic,source_holdout_aqua_r1_morgan_fingerprints_random_forest,source_holdout_aqua_r1,AQUA,random_forest,tree_ensemble,morgan_fingerprints,1.4346779646300312,0,1.2471264878935149,0.6424178360627936,0,0.001568121938304696,,
AQUA,logistic,source_holdout_aqua_r1_morgan_fingerprints_ridge,source_holdout_aqua_r1,AQUA,ridge,linear,morgan_fingerprints,1.5991371814499349,0,1.2573576491400726,0.6526489973093513,0,1.2021874400192794e-05,,
AQUA,logistic,source_holdout_aqua_r1_morgan_fingerprints_svr,source_holdout_aqua_r1,AQUA,svr,kernel,morgan_fingerprints,1.3652360739972433,0,1.0145219178454985,0.4098132660147772,0,0.0048630232852364995,,
AQUA,logistic,source_holdout_aqua_r1_morgan_fingerprints_xgboost,source_holdout_aqua_r1,AQUA,xgboost,tree_ensemble,morgan_fingerprints,1.479803932071978,0,1.1673942839371092,0.5626856321063879,0,0.019943308734383058,,
AQUA,logistic,source_holdout_aqua_r1_rdkit_descriptors_elastic_net,source_holdout_aqua_r1,AQUA,elastic_net,linear,rdkit_descriptors,1.436057984862178,0,0.8271583898305145,0.22244973799979317,0,0.002711260975874643,,
AQUA,logistic,source_holdout_aqua_r1_rdkit_descriptors_esol,source_holdout_aqua_r1,AQUA,esol,chemistry_equation,rdkit_descriptors,3.4202114097926826,0,2.890171201721559,2.2854625498908376,0,5.880583546886441e-05,,
AQUA,logistic,source_holdout_aqua_r1_rdkit_descriptors_extra_trees,source_holdout_aqua_r1,AQUA,extra_trees,tree_ensemble,rdkit_descriptors,1.2136274142364543,0,0.6843594286156133,0.07965077678489196,1,0.189711390370307,,
AQUA,logistic,source_holdout_aqua_r1_rdkit_descriptors_hist_gradient_boosting,source_holdout_aqua_r1,AQUA,hist_gradient_boosting,tree_ensemble,rdkit_descriptors,1.181375178894135,1,0.6424621463771643,0.037753494546442945,1,0.6772199337572247,,
AQUA,logistic,source_holdout_aqua_r1_rdkit_descriptors_knn,source_holdout_aqua_r1,AQUA,knn,local_similarity,rdkit_descriptors,1.293605060012796,0,0.9407595665248971,0.3360509146941758,0,0.005792503366029007,,
AQUA,logistic,source_holdout_aqua_r1_rdkit_descriptors_mlp,source_holdout_aqua_r1,AQUA,mlp,neural_network,rdkit_descriptors,1.2515618577739078,0,0.7378445850353079,0.1331359332045866,0,0.008497383051741726,,
AQUA,logistic,source_holdout_aqua_r1_rdkit_descriptors_ngboost,source_holdout_aqua_r1,AQUA,ngboost,probabilistic_boosting,rdkit_descriptors,1.2497395093822992,0,0.6870400647974755,0.08233141296675417,1,0.2711938362335264,,
AQUA,logistic,source_holdout_aqua_r1_rdkit_descriptors_random_forest,source_holdout_aqua_r1,AQUA,random_forest,tree_ensemble,rdkit_descriptors,1.2077100080001604,0,0.6714283315347511,0.06671967970402981,1,0.2557981144018702,,
AQUA,logistic,source_holdout_aqua_r1_rdkit_descriptors_ridge,source_holdout_aqua_r1,AQUA,ridge,linear,rdkit_descriptors,1.412681341959453,0,0.7952810030804768,0.19057235124975547,0,0.0048640010825876665,,
AQUA,logistic,source_holdout_aqua_r1_rdkit_descriptors_svr,source_holdout_aqua_r1,AQUA,svr,kernel,rdkit_descriptors,1.193528663237971,1,0.6047086518307213,0.0,1,0.5591710681834728,,
AQUA,logistic,source_holdout_aqua_r1_rdkit_descriptors_xgboost,source_holdout_aqua_r1,AQUA,xgboost,tree_ensemble,rdkit_descriptors,1.1467345315640023,1,0.6348692963074404,0.030160644476719067,1,0.8846455005009598,,
AQUA,logistic,source_holdout_aqua_r2_maccs_fingerprints_elastic_net,source_holdout_aqua_r2,AQUA,elastic_net,linear,maccs_fingerprints,1.6155483169771705,0,1.2076420988373984,0.6029423535966054,0,2.789413749139233e-05,,
AQUA,logistic,source_holdout_aqua_r2_maccs_fingerprints_extra_trees,source_holdout_aqua_r2,AQUA,extra_trees,tree_ensemble,maccs_fingerprints,1.406623676351646,0,0.9988541484103313,0.3941544031695383,0,0.0009142370598863557,,
AQUA,logistic,source_holdout_aqua_r2_maccs_fingerprints_knn,source_holdout_aqua_r2,AQUA,knn,local_similarity,maccs_fingerprints,1.5495220378770163,0,1.3426821283802264,0.7379823831394334,0,8.31116763702017e-05,,
AQUA,logistic,source_holdout_aqua_r2_maccs_fingerprints_mlp,source_holdout_aqua_r2,AQUA,mlp,neural_network,maccs_fingerprints,1.403582082031516,0,1.0438553186420718,0.43915557340127886,0,0.00010484438753273702,,
AQUA,logistic,source_holdout_aqua_r2_maccs_fingerprints_random_forest,source_holdout_aqua_r2,AQUA,random_forest,tree_ensemble,maccs_fingerprints,1.4097560623619165,0,1.022366148466573,0.41766640322577997,0,0.0042926218833412,,
AQUA,logistic,source_holdout_aqua_r2_maccs_fingerprints_ridge,source_holdout_aqua_r2,AQUA,ridge,linear,maccs_fingerprints,1.6185931994592255,0,1.213556633196298,0.608856887955505,0,4.177647107585376e-05,,
AQUA,logistic,source_holdout_aqua_r2_maccs_fingerprints_svr,source_holdout_aqua_r2,AQUA,svr,kernel,maccs_fingerprints,1.3523863417162458,0,0.9543728008653313,0.3496730556245383,0,0.016868670506438217,,
AQUA,logistic,source_holdout_aqua_r2_maccs_fingerprints_xgboost,source_holdout_aqua_r2,AQUA,xgboost,tree_ensemble,maccs_fingerprints,1.3545177188195041,0,1.0047993902828982,0.40009964504210527,0,0.0784594816033531,,
AQUA,logistic,source_holdout_aqua_r2_molecular_graph_chemprop,source_holdout_aqua_r2,AQUA,chemprop,graph_neural_network,molecular_graph,1.2384915770684488,0,0.7020986492385507,0.09739890399775775,1,0.34359251014284165,,
AQUA,logistic,source_holdout_aqua_r2_morgan_fingerprints_elastic_net,source_holdout_aqua_r2,AQUA,elastic_net,linear,morgan_fingerprints,1.7094745187198381,0,1.2976436793719408,0.6929439341311479,0,8.780035706877441e-06,,
AQUA,logistic,source_holdout_aqua_r2_morgan_fingerprints_extra_trees,source_holdout_aqua_r2,AQUA,extra_trees,tree_ensemble,morgan_fingerprints,1.5334943203760496,0,1.2190383376723006,0.6143385924315077,0,0.0007726157809397284,,
AQUA,logistic,source_holdout_aqua_r2_morgan_fingerprints_knn,source_holdout_aqua_r2,AQUA,knn,local_similarity,morgan_fingerprints,1.608907351428223,0,1.3427647813731842,0.7380650361323913,0,2.4887709678735514e-05,,
AQUA,logistic,source_holdout_aqua_r2_morgan_fingerprints_mlp,source_holdout_aqua_r2,AQUA,mlp,neural_network,morgan_fingerprints,1.5347477982162667,0,1.2076273009101253,0.6029275556693323,0,2.690232711881362e-05,,
AQUA,logistic,source_holdout_aqua_r2_morgan_fingerprints_random_forest,source_holdout_aqua_r2,AQUA,random_forest,tree_ensemble,morgan_fingerprints,1.542951391678093,0,1.2288180870644978,0.6241183418237048,0,0.0010904759511410022,,
AQUA,logistic,source_holdout_aqua_r2_morgan_fingerprints_ridge,source_holdout_aqua_r2,AQUA,ridge,linear,morgan_fingerprints,1.6147146296157708,0,1.257358093864185,0.6526583486233921,0,1.2516221120223865e-05,,
AQUA,logistic,source_holdout_aqua_r2_morgan_fingerprints_svr,source_holdout_aqua_r2,AQUA,svr,kernel,morgan_fingerprints,1.4458477458636614,0,1.0145219188410473,0.4098221736002543,0,0.004122424859996822,,
AQUA,logistic,source_holdout_aqua_r2_morgan_fingerprints_xgboost,source_holdout_aqua_r2,AQUA,xgboost,tree_ensemble,morgan_fingerprints,1.556846784526364,0,1.1685699961260043,0.5638702508852114,0,0.015555957752550276,,
AQUA,logistic,source_holdout_aqua_r2_rdkit_descriptors_elastic_net,source_holdout_aqua_r2,AQUA,elastic_net,linear,rdkit_descriptors,1.472631817315057,0,0.8271583898305137,0.22245864458972076,0,0.0022296662342207027,,
AQUA,logistic,source_holdout_aqua_r2_rdkit_descriptors_esol,source_holdout_aqua_r2,AQUA,esol,chemistry_equation,rdkit_descriptors,3.7250292636937483,0,2.890171201721559,2.2854714564807663,0,2.5481167620080266e-05,,
AQUA,logistic,source_holdout_aqua_r2_rdkit_descriptors_extra_trees,source_holdout_aqua_r2,AQUA,extra_trees,tree_ensemble,rdkit_descriptors,1.2739823463754487,0,0.6629170905550182,0.05821734531422529,1,0.05696311319634714,,
AQUA,logistic,source_holdout_aqua_r2_rdkit_descriptors_hist_gradient_boosting,source_holdout_aqua_r2,AQUA,hist_gradient_boosting,tree_ensemble,rdkit_descriptors,1.2250947761880313,0,0.6623832746827837,0.05768352944199073,1,0.6728719737175862,,
AQUA,logistic,source_holdout_aqua_r2_rdkit_descriptors_knn,source_holdout_aqua_r2,AQUA,knn,local_similarity,rdkit_descriptors,1.3863179432579353,0,0.938721601557664,0.3340218563168711,0,0.00446894854599558,,
AQUA,logistic,source_holdout_aqua_r2_rdkit_descriptors_mlp,source_holdout_aqua_r2,AQUA,mlp,neural_network,rdkit_descriptors,1.2801192893650497,0,0.7232664440318651,0.11856669879107218,0,0.007433678129666625,,
AQUA,logistic,source_holdout_aqua_r2_rdkit_descriptors_ngboost,source_holdout_aqua_r2,AQUA,ngboost,probabilistic_boosting,rdkit_descriptors,1.2704122214411198,0,0.6805304654096936,0.07583072016890069,1,0.19374092798990958,,
AQUA,logistic,source_holdout_aqua_r2_rdkit_descriptors_random_forest,source_holdout_aqua_r2,AQUA,random_forest,tree_ensemble,rdkit_descriptors,1.253587406206576,1,0.6600275026932805,0.055327757452487525,1,0.0927555225779138,,
AQUA,logistic,source_holdout_aqua_r2_rdkit_descriptors_ridge,source_holdout_aqua_r2,AQUA,ridge,linear,rdkit_descriptors,1.4641160213888456,0,0.8058618791771364,0.2011621339363434,0,0.003552223743102704,,
AQUA,logistic,source_holdout_aqua_r2_rdkit_descriptors_svr,source_holdout_aqua_r2,AQUA,svr,kernel,rdkit_descriptors,1.2552000377205215,1,0.604699745240793,0.0,1,0.5211945081035085,,
AQUA,logistic,source_holdout_aqua_r2_rdkit_descriptors_xgboost,source_holdout_aqua_r2,AQUA,xgboost,tree_ensemble,rdkit_descriptors,1.2024173222410628,1,0.6322802645010043,0.027580519260211322,1,0.8424190958805335,,
AQUA,logistic,source_holdout_aqua_r3_maccs_fingerprints_elastic_net,source_holdout_aqua_r3,AQUA,elastic_net,linear,maccs_fingerprints,1.6783218859417306,0,1.2076420988373981,0.5999581765785159,0,2.3461082740301872e-05,,
AQUA,logistic,source_holdout_aqua_r3_maccs_fingerprints_extra_trees,source_holdout_aqua_r3,AQUA,extra_trees,tree_ensemble,maccs_fingerprints,1.4720993546449834,0,1.066195836767407,0.4585119145085247,0,0.0016593521020959853,,
AQUA,logistic,source_holdout_aqua_r3_maccs_fingerprints_knn,source_holdout_aqua_r3,AQUA,knn,local_similarity,maccs_fingerprints,1.5666737510893445,0,1.3281545883885917,0.7204706661297094,0,7.04642872429828e-05,,
AQUA,logistic,source_holdout_aqua_r3_maccs_fingerprints_mlp,source_holdout_aqua_r3,AQUA,mlp,neural_network,maccs_fingerprints,1.483474264439613,0,1.0500829670563652,0.44239904479748293,0,7.3920177849006e-05,,
AQUA,logistic,source_holdout_aqua_r3_maccs_fingerprints_random_forest,source_holdout_aqua_r3,AQUA,random_forest,tree_ensemble,maccs_fingerprints,1.4563944598136558,0,1.028513196128929,0.42082927387004687,0,0.0033668243987718073,,
AQUA,logistic,source_holdout_aqua_r3_maccs_fingerprints_ridge,source_holdout_aqua_r3,AQUA,ridge,linear,maccs_fingerprints,1.678426354688406,0,1.2141080282313195,0.6064241059724372,0,3.69952060002694e-05,,
AQUA,logistic,source_holdout_aqua_r3_maccs_fingerprints_svr,source_holdout_aqua_r3,AQUA,svr,kernel,maccs_fingerprints,1.4302270154046723,0,0.9543790617404415,0.3466951394815593,0,0.012545284370647029,,
AQUA,logistic,source_holdout_aqua_r3_maccs_fingerprints_xgboost,source_holdout_aqua_r3,AQUA,xgboost,tree_ensemble,maccs_fingerprints,1.4421791806150188,0,0.9943923041040148,0.38670838184513256,0,0.04399069216451663,,
AQUA,logistic,source_holdout_aqua_r3_molecular_graph_chemprop,source_holdout_aqua_r3,AQUA,chemprop,graph_neural_network,molecular_graph,1.197040002929196,0,0.6734020368365776,0.06571811457769539,1,0.392932861339281,,
AQUA,logistic,source_holdout_aqua_r3_morgan_fingerprints_elastic_net,source_holdout_aqua_r3,AQUA,elastic_net,linear,morgan_fingerprints,1.7417137081959213,0,1.2976436793719408,0.6899597571130586,0,6.500476965016024e-06,,
AQUA,logistic,source_holdout_aqua_r3_morgan_fingerprints_extra_trees,source_holdout_aqua_r3,AQUA,extra_trees,tree_ensemble,morgan_fingerprints,1.5175775672303646,0,1.236169205986495,0.6284852837276128,0,0.0007535988175253139,,
AQUA,logistic,source_holdout_aqua_r3_morgan_fingerprints_knn,source_holdout_aqua_r3,AQUA,knn,local_similarity,morgan_fingerprints,1.6000309331512577,0,1.346994255985752,0.7393103337268697,0,2.3089720628679e-05,,
AQUA,logistic,source_holdout_aqua_r3_morgan_fingerprints_mlp,source_holdout_aqua_r3,AQUA,mlp,neural_network,morgan_fingerprints,1.5726786863360052,0,1.1678397275921903,0.5601558053333081,0,2.3145555844239098e-05,,
AQUA,logistic,source_holdout_aqua_r3_morgan_fingerprints_random_forest,source_holdout_aqua_r3,AQUA,random_forest,tree_ensemble,morgan_fingerprints,1.5392174090735045,0,1.2359233174805933,0.628239395221711,0,0.001065658683728039,,
AQUA,logistic,source_holdout_aqua_r3_morgan_fingerprints_ridge,source_holdout_aqua_r3,AQUA,ridge,linear,morgan_fingerprints,1.6783624703688305,0,1.2534368641843956,0.6457529419255134,0,1.3500006721641816e-05,,
AQUA,logistic,source_holdout_aqua_r3_morgan_fingerprints_svr,source_holdout_aqua_r3,AQUA,svr,kernel,morgan_fingerprints,1.4286981941325816,0,1.014521917845496,0.4068379955866138,0,0.004188761741845303,,
AQUA,logistic,source_holdout_aqua_r3_morgan_fingerprints_xgboost,source_holdout_aqua_r3,AQUA,xgboost,tree_ensemble,morgan_fingerprints,1.5468854952270226,0,1.1774252246849954,0.5697413024261132,0,0.015332724348185387,,
AQUA,logistic,source_holdout_aqua_r3_rdkit_descriptors_elastic_net,source_holdout_aqua_r3,AQUA,elastic_net,linear,rdkit_descriptors,1.5132775212727472,0,0.8271583898305147,0.21947446757163247,0,0.0022491704372251354,,
AQUA,logistic,source_holdout_aqua_r3_rdkit_descriptors_esol,source_holdout_aqua_r3,AQUA,esol,chemistry_equation,rdkit_descriptors,3.6643071160641836,0,2.890171201721559,2.2824872794626767,0,3.349016231068722e-05,,
AQUA,logistic,source_holdout_aqua_r3_rdkit_descriptors_extra_trees,source_holdout_aqua_r3,AQUA,extra_trees,tree_ensemble,rdkit_descriptors,1.3003860583062594,0,0.685573403670274,0.07788948141139174,1,0.15172955999402976,,
AQUA,logistic,source_holdout_aqua_r3_rdkit_descriptors_hist_gradient_boosting,source_holdout_aqua_r3,AQUA,hist_gradient_boosting,tree_ensemble,rdkit_descriptors,1.2765734431003852,1,0.6336238173761523,0.025939895117270018,1,0.617342495548337,,
AQUA,logistic,source_holdout_aqua_r3_rdkit_descriptors_knn,source_holdout_aqua_r3,AQUA,knn,local_similarity,rdkit_descriptors,1.3577892334220727,0,0.9398390537824898,0.33215513152360754,0,0.004786790579184968,,
AQUA,logistic,source_holdout_aqua_r3_rdkit_descriptors_mlp,source_holdout_aqua_r3,AQUA,mlp,neural_network,rdkit_descriptors,1.2763951200019041,0,0.7249016847278091,0.1172177624689269,0,0.006967727139534953,,
AQUA,logistic,source_holdout_aqua_r3_rdkit_descriptors_ngboost,source_holdout_aqua_r3,AQUA,ngboost,probabilistic_boosting,rdkit_descriptors,1.3132460909137618,0,0.6878000883164198,0.08011616605753757,1,0.17835734556615818,,
AQUA,logistic,source_holdout_aqua_r3_rdkit_descriptors_random_forest,source_holdout_aqua_r3,AQUA,random_forest,tree_ensemble,rdkit_descriptors,1.298224880990996,0,0.67337547768136,0.06569155542247773,1,0.209840936579651,,
AQUA,logistic,source_holdout_aqua_r3_rdkit_descriptors_ridge,source_holdout_aqua_r3,AQUA,ridge,linear,rdkit_descriptors,1.4880088120608117,0,0.7935842179947715,0.1859002957358893,0,0.003982292485089832,,
AQUA,logistic,source_holdout_aqua_r3_rdkit_descriptors_svr,source_holdout_aqua_r3,AQUA,svr,kernel,rdkit_descriptors,1.2731272215984275,1,0.6076839222588822,0.0,1,0.43408579326908814,,
AQUA,logistic,source_holdout_aqua_r3_rdkit_descriptors_xgboost,source_holdout_aqua_r3,AQUA,xgboost,tree_ensemble,rdkit_descriptors,1.2288832032832768,1,0.6376469727691485,0.029963050510266265,1,0.8190747210461753,,
AQUA,logistic,source_holdout_aqua_r4_maccs_fingerprints_elastic_net,source_holdout_aqua_r4,AQUA,elastic_net,linear,maccs_fingerprints,1.6836586046259463,0,1.207642098837398,0.6029588420036768,0,1.6178323343162758e-05,,
AQUA,logistic,source_holdout_aqua_r4_maccs_fingerprints_extra_trees,source_holdout_aqua_r4,AQUA,extra_trees,tree_ensemble,maccs_fingerprints,1.3980580830255904,0,1.0039656429347286,0.3992823861010074,0,0.000776641010432574,,
AQUA,logistic,source_holdout_aqua_r4_maccs_fingerprints_knn,source_holdout_aqua_r4,AQUA,knn,local_similarity,maccs_fingerprints,1.571763495848747,0,1.3361414651880352,0.7314582083543141,0,5.798595797212629e-05,,
AQUA,logistic,source_holdout_aqua_r4_maccs_fingerprints_mlp,source_holdout_aqua_r4,AQUA,mlp,neural_network,maccs_fingerprints,1.4187610850522976,0,1.074835778897399,0.47015252206367786,0,8.281350284451635e-05,,
AQUA,logistic,source_holdout_aqua_r4_maccs_fingerprints_random_forest,source_holdout_aqua_r4,AQUA,random_forest,tree_ensemble,maccs_fingerprints,1.4013838988205154,0,1.0177174802957392,0.413034223462018,0,0.003690514975425722,,
AQUA,logistic,source_holdout_aqua_r4_maccs_fingerprints_ridge,source_holdout_aqua_r4,AQUA,ridge,linear,maccs_fingerprints,1.6863334256458493,0,1.2146977412958928,0.6100144844621717,0,2.580937799165052e-05,,
AQUA,logistic,source_holdout_aqua_r4_maccs_fingerprints_svr,source_holdout_aqua_r4,AQUA,svr,kernel,maccs_fingerprints,1.3562648127592232,0,0.9543812931782902,0.3496980363445691,0,0.013669049125050887,,
AQUA,logistic,source_holdout_aqua_r4_maccs_fingerprints_xgboost,source_holdout_aqua_r4,AQUA,xgboost,tree_ensemble,maccs_fingerprints,1.374496686397605,0,0.9968595493282353,0.39217629249451413,0,0.06467939402135839,,
AQUA,logistic,source_holdout_aqua_r4_molecular_graph_chemprop,source_holdout_aqua_r4,AQUA,chemprop,graph_neural_network,molecular_graph,1.1568799194831616,0,0.682122043497634,0.0774387866639128,1,0.3934900604221173,,
AQUA,logistic,source_holdout_aqua_r4_morgan_fingerprints_elastic_net,source_holdout_aqua_r4,AQUA,elastic_net,linear,morgan_fingerprints,1.66172525695116,0,1.2976436793719408,0.6929604225382197,0,8.959350277971857e-06,,
AQUA,logistic,source_holdout_aqua_r4_morgan_fingerprints_extra_trees,source_holdout_aqua_r4,AQUA,extra_trees,tree_ensemble,morgan_fingerprints,1.438221836340001,0,1.2240100833021696,0.6193268264684485,0,0.0008865119799920069,,
AQUA,logistic,source_holdout_aqua_r4_morgan_fingerprints_knn,source_holdout_aqua_r4,AQUA,knn,local_similarity,morgan_fingerprints,1.568895410284213,0,1.344385783495027,0.7397025266613059,0,2.1724743979728055e-05,,
AQUA,logistic,source_holdout_aqua_r4_morgan_fingerprints_mlp,source_holdout_aqua_r4,AQUA,mlp,neural_network,morgan_fingerprints,1.5056267041453677,0,1.141696410777889,0.5370131539441679,0,2.4721776369431975e-05,,
AQUA,logistic,source_holdout_aqua_r4_morgan_fingerprints_random_forest,source_holdout_aqua_r4,AQUA,random_forest,tree_ensemble,morgan_fingerprints,1.4599392378974114,0,1.2559728217152986,0.6512895648815774,0,0.001179236275228609,,
AQUA,logistic,source_holdout_aqua_r4_morgan_fingerprints_ridge,source_holdout_aqua_r4,AQUA,ridge,linear,morgan_fingerprints,1.5549429428676547,0,1.2573622270880418,0.6526789702543206,0,1.2840498960510776e-05,,
AQUA,logistic,source_holdout_aqua_r4_morgan_fingerprints_svr,source_holdout_aqua_r4,AQUA,svr,kernel,morgan_fingerprints,1.3263242154109909,0,1.01452191784551,0.4098386610117889,0,0.005019962394657443,,
AQUA,logistic,source_holdout_aqua_r4_morgan_fingerprints_xgboost,source_holdout_aqua_r4,AQUA,xgboost,tree_ensemble,morgan_fingerprints,1.4408306011417837,0,1.1509584482785618,0.5462751914448406,0,0.015524796362658504,,
AQUA,logistic,source_holdout_aqua_r4_rdkit_descriptors_elastic_net,source_holdout_aqua_r4,AQUA,elastic_net,linear,rdkit_descriptors,1.4624499834300084,0,0.827158389830514,0.2224751329967929,0,0.0021928204203094186,,
AQUA,logistic,source_holdout_aqua_r4_rdkit_descriptors_esol,source_holdout_aqua_r4,AQUA,esol,chemistry_equation,rdkit_descriptors,4.094183571023283,0,2.890171201721559,2.285487944887838,0,2.0405747571802224e-05,,
AQUA,logistic,source_holdout_aqua_r4_rdkit_descriptors_extra_trees,source_holdout_aqua_r4,AQUA,extra_trees,tree_ensemble,rdkit_descriptors,1.2087708101477113,0,0.6734985207514179,0.06881526391769677,1,0.17723652851743243,,
AQUA,logistic,source_holdout_aqua_r4_rdkit_descriptors_hist_gradient_boosting,source_holdout_aqua_r4,AQUA,hist_gradient_boosting,tree_ensemble,rdkit_descriptors,1.1725621367531514,0,0.6980423533580316,0.0933590965243104,1,0.6750529430617055,,
AQUA,logistic,source_holdout_aqua_r4_rdkit_descriptors_knn,source_holdout_aqua_r4,AQUA,knn,local_similarity,rdkit_descriptors,1.2873191113257882,0,0.9387640162642934,0.33408075943057225,0,0.005236980960216003,,
AQUA,logistic,source_holdout_aqua_r4_rdkit_descriptors_mlp,source_holdout_aqua_r4,AQUA,mlp,neural_network,rdkit_descriptors,1.283168543773036,0,0.7370685136420156,0.1323852568082945,0,0.007105545481085949,,
AQUA,logistic,source_holdout_aqua_r4_rdkit_descriptors_ngboost,source_holdout_aqua_r4,AQUA,ngboost,probabilistic_boosting,rdkit_descriptors,1.2389614353993312,0,0.6744529881438048,0.06976973131008368,1,0.24895917226943765,,
AQUA,logistic,source_holdout_aqua_r4_rdkit_descriptors_random_forest,source_holdout_aqua_r4,AQUA,random_forest,tree_ensemble,rdkit_descriptors,1.195992873411524,1,0.6680973704222567,0.06341411358853555,1,0.24180119231417205,,
AQUA,logistic,source_holdout_aqua_r4_rdkit_descriptors_ridge,source_holdout_aqua_r4,AQUA,ridge,linear,rdkit_descriptors,1.4670962945786108,0,0.8214604269426654,0.21677717010894426,0,0.001963026982112067,,
AQUA,logistic,source_holdout_aqua_r4_rdkit_descriptors_svr,source_holdout_aqua_r4,AQUA,svr,kernel,rdkit_descriptors,1.1940321919649284,1,0.6046832568337211,0.0,1,0.5268027064645395,,
AQUA,logistic,source_holdout_aqua_r4_rdkit_descriptors_xgboost,source_holdout_aqua_r4,AQUA,xgboost,tree_ensemble,rdkit_descriptors,1.1303962671036638,1,0.6248397400205639,0.02015648318684271,1,0.8776582036070844,,
AQUA,logistic,source_holdout_aqua_r5_maccs_fingerprints_elastic_net,source_holdout_aqua_r5,AQUA,elastic_net,linear,maccs_fingerprints,1.6499555739195046,0,1.207642098837398,0.6029498401596007,0,2.373862417607458e-05,,
AQUA,logistic,source_holdout_aqua_r5_maccs_fingerprints_extra_trees,source_holdout_aqua_r5,AQUA,extra_trees,tree_ensemble,maccs_fingerprints,1.437047866000033,0,1.009078335228562,0.40438607655076475,0,0.0007514622666724896,,
AQUA,logistic,source_holdout_aqua_r5_maccs_fingerprints_knn,source_holdout_aqua_r5,AQUA,knn,local_similarity,maccs_fingerprints,1.5519036190756599,0,1.3325932635268476,0.7279010048490504,0,7.246093527904656e-05,,
AQUA,logistic,source_holdout_aqua_r5_maccs_fingerprints_mlp,source_holdout_aqua_r5,AQUA,mlp,neural_network,maccs_fingerprints,1.4120232119013905,0,1.0612081826009425,0.45651592392314533,0,9.877248135507949e-05,,
AQUA,logistic,source_holdout_aqua_r5_maccs_fingerprints_random_forest,source_holdout_aqua_r5,AQUA,random_forest,tree_ensemble,maccs_fingerprints,1.4346028171089926,0,1.0203926027070995,0.41570034402930234,0,0.0034531626867450767,,
AQUA,logistic,source_holdout_aqua_r5_maccs_fingerprints_ridge,source_holdout_aqua_r5,AQUA,ridge,linear,maccs_fingerprints,1.6476437430891657,0,1.2144074739651927,0.6097152152873955,0,3.878734818584667e-05,,
AQUA,logistic,source_holdout_aqua_r5_maccs_fingerprints_svr,source_holdout_aqua_r5,AQUA,svr,kernel,maccs_fingerprints,1.3530706618497577,0,0.9501890397593185,0.34549678108152126,0,0.01162457736854599,,
AQUA,logistic,source_holdout_aqua_r5_maccs_fingerprints_xgboost,source_holdout_aqua_r5,AQUA,xgboost,tree_ensemble,maccs_fingerprints,1.3915030277134004,0,1.0043415014709098,0.39964924279311265,0,0.06657621647611764,,
AQUA,logistic,source_holdout_aqua_r5_molecular_graph_chemprop,source_holdout_aqua_r5,AQUA,chemprop,graph_neural_network,molecular_graph,1.2324801104824865,0,0.6964236264313872,0.09173136775359003,1,0.34475729262967875,,
AQUA,logistic,source_holdout_aqua_r5_morgan_fingerprints_elastic_net,source_holdout_aqua_r5,AQUA,elastic_net,linear,morgan_fingerprints,1.7289575152390417,0,1.2976436793719406,0.6929514206941434,0,7.312410058126487e-06,,
AQUA,logistic,source_holdout_aqua_r5_morgan_fingerprints_extra_trees,source_holdout_aqua_r5,AQUA,extra_trees,tree_ensemble,morgan_fingerprints,1.4837739431684587,0,1.2431648142718184,0.6384725555940212,0,0.000800575266369004,,
AQUA,logistic,source_holdout_aqua_r5_morgan_fingerprints_knn,source_holdout_aqua_r5,AQUA,knn,local_similarity,morgan_fingerprints,1.615739003524985,0,1.3433932009490335,0.7387009422712363,0,2.1129466071563752e-05,,
AQUA,logistic,source_holdout_aqua_r5_morgan_fingerprints_mlp,source_holdout_aqua_r5,AQUA,mlp,neural_network,morgan_fingerprints,1.551793924620436,0,1.1678252762242414,0.5631330175464442,0,2.2582071334187457e-05,,
AQUA,logistic,source_holdout_aqua_r5_morgan_fingerprints_random_forest,source_holdout_aqua_r5,AQUA,random_forest,tree_ensemble,morgan_fingerprints,1.515556579482333,0,1.2468431402583933,0.6421508815805961,0,0.0010944917888152878,,
AQUA,logistic,source_holdout_aqua_r5_morgan_fingerprints_ridge,source_holdout_aqua_r5,AQUA,ridge,linear,morgan_fingerprints,1.6697672583230132,0,1.257334137578349,0.6526418789005519,0,9.86203873591109e-06,,
AQUA,logistic,source_holdout_aqua_r5_morgan_fingerprints_svr,source_holdout_aqua_r5,AQUA,svr,kernel,morgan_fingerprints,1.3965177730693992,0,1.0145219178455045,0.4098296591677073,0,0.004183396520475979,,
AQUA,logistic,source_holdout_aqua_r5_morgan_fingerprints_xgboost,source_holdout_aqua_r5,AQUA,xgboost,tree_ensemble,morgan_fingerprints,1.5597184634312846,0,1.1808042134541146,0.5761119547763174,0,0.011176834701966386,,
AQUA,logistic,source_holdout_aqua_r5_rdkit_descriptors_elastic_net,source_holdout_aqua_r5,AQUA,elastic_net,linear,rdkit_descriptors,1.4955133862951093,0,0.8271583898305135,0.2224661311527163,0,0.0021810858145043777,,
AQUA,logistic,source_holdout_aqua_r5_rdkit_descriptors_esol,source_holdout_aqua_r5,AQUA,esol,chemistry_equation,rdkit_descriptors,3.8840949707049184,0,2.890171201721559,2.2854789430437616,0,2.7360987036440427e-05,,
AQUA,logistic,source_holdout_aqua_r5_rdkit_descriptors_extra_trees,source_holdout_aqua_r5,AQUA,extra_trees,tree_ensemble,rdkit_descriptors,1.2595519895931189,0,0.6561464266692703,0.051454167991473065,1,0.05627325802017486,,
AQUA,logistic,source_holdout_aqua_r5_rdkit_descriptors_hist_gradient_boosting,source_holdout_aqua_r5,AQUA,hist_gradient_boosting,tree_ensemble,rdkit_descriptors,1.2097635700925378,1,0.6453156597096561,0.04062340103185891,1,0.666507971930319,,
AQUA,logistic,source_holdout_aqua_r5_rdkit_descriptors_knn,source_holdout_aqua_r5,AQUA,knn,local_similarity,rdkit_descriptors,1.3681397152407548,0,0.9391862956661029,0.3344940369883057,0,0.0041519513999289095,,
AQUA,logistic,source_holdout_aqua_r5_rdkit_descriptors_mlp,source_holdout_aqua_r5,AQUA,mlp,neural_network,rdkit_descriptors,1.294869127989758,0,0.7249015869270935,0.12020932824929631,0,0.006835363668570369,,
AQUA,logistic,source_holdout_aqua_r5_rdkit_descriptors_ngboost,source_holdout_aqua_r5,AQUA,ngboost,probabilistic_boosting,rdkit_descriptors,1.281534987509427,0,0.685442850608465,0.0807505919306678,1,0.24521889670489935,,
AQUA,logistic,source_holdout_aqua_r5_rdkit_descriptors_random_forest,source_holdout_aqua_r5,AQUA,random_forest,tree_ensemble,rdkit_descriptors,1.2601171677259302,0,0.6782113135315962,0.07351905485379906,1,0.21557152783363065,,
AQUA,logistic,source_holdout_aqua_r5_rdkit_descriptors_ridge,source_holdout_aqua_r5,AQUA,ridge,linear,rdkit_descriptors,1.491220340370953,0,0.7933525918005249,0.18866033312272767,0,0.0037516504846133694,,
AQUA,logistic,source_holdout_aqua_r5_rdkit_descriptors_svr,source_holdout_aqua_r5,AQUA,svr,kernel,rdkit_descriptors,1.2423741163517408,1,0.6046922586777972,0.0,1,0.5018045315088095,,
AQUA,logistic,source_holdout_aqua_r5_rdkit_descriptors_xgboost,source_holdout_aqua_r5,AQUA,xgboost,tree_ensemble,rdkit_descriptors,1.1916225939794294,1,0.6328328330101054,0.02814057433230821,1,0.8709619657482255,,
AQUA,bayesian_logistic_laplace,source_holdout_aqua_r1_maccs_fingerprints_elastic_net,source_holdout_aqua_r1,AQUA,elastic_net,linear,maccs_fingerprints,1.6512239588503594,0,1.2076420988373981,0.6029334470066768,0,0.023570481683879586,4.619442308308191e-09,0.09290750606453693
AQUA,bayesian_logistic_laplace,source_holdout_aqua_r1_maccs_fingerprints_extra_trees,source_holdout_aqua_r1,AQUA,extra_trees,tree_ensemble,maccs_fingerprints,1.4361660196388675,0,1.0042881704931548,0.39957951866243346,0,0.039492672271103126,1.2880251994049826e-06,0.29463771382125953
AQUA,bayesian_logistic_laplace,source_holdout_aqua_r1_maccs_fingerprints_knn,source_holdout_aqua_r1,AQUA,knn,local_similarity,maccs_fingerprints,1.5674372589016232,0,1.3335111630137282,0.7288025111830069,0,0.029426153663727313,2.2353146356514743e-08,0.16778038208150697
AQUA,bayesian_logistic_laplace,source_holdout_aqua_r1_maccs_fingerprints_mlp,source_holdout_aqua_r1,AQUA,mlp,neural_network,maccs_fingerprints,1.4436650162612863,0,1.036936140309864,0.4322274884791427,0,0.023687751957344377,5.544697872049095e-08,0.10515364936511572
AQUA,bayesian_logistic_laplace,source_holdout_aqua_r1_maccs_fingerprints_random_forest,source_holdout_aqua_r1,AQUA,random_forest,tree_ensemble,maccs_fingerprints,1.4096247229812484,0,1.0217423422078438,0.41703369037712246,0,0.07237161075251237,8.889617271806486e-06,0.6223912679460756
AQUA,bayesian_logistic_laplace,source_holdout_aqua_r1_maccs_fingerprints_ridge,source_holdout_aqua_r1,AQUA,ridge,linear,maccs_fingerprints,1.6529353878964803,0,1.2146473395429578,0.6099386877122365,0,0.018040648193805645,2.1131357265447632e-08,0.05380947631908084
AQUA,bayesian_logistic_laplace,source_holdout_aqua_r1_maccs_fingerprints_svr,source_holdout_aqua_r1,AQUA,svr,kernel,maccs_fingerprints,1.386238590828105,0,0.9501770771629928,0.3454684253322715,0,0.11042648087604497,2.2824976214789087e-05,0.8221457576157541
AQUA,bayesian_logistic_laplace,source_holdout_aqua_r1_maccs_fingerprints_xgboost,source_holdout_aqua_r1,AQUA,xgboost,tree_ensemble,maccs_fingerprints,1.3977330792238443,0,0.9981417706064476,0.3934331187757263,0,0.22091650079589487,0.0001583457626038089,0.9639057193208806
AQUA,bayesian_logistic_laplace,source_holdout_aqua_r1_molecular_graph_chemprop,source_holdout_aqua_r1,AQUA,chemprop,graph_neural_network,molecular_graph,1.1642819875673727,0,0.666241504002147,0.06153285217142568,1,0.4472135351036213,0.0018421554693425915,0.9954879731281079
AQUA,bayesian_logistic_laplace,source_holdout_aqua_r1_morgan_fingerprints_elastic_net,source_holdout_aqua_r1,AQUA,elastic_net,linear,morgan_fingerprints,1.7139851778163884,0,1.3672758177390207,0.7625671659082994,0,0.07728747336816255,1.932333826488431e-12,0.9442405502976051
AQUA,bayesian_logistic_laplace,source_holdout_aqua_r1_morgan_fingerprints_extra_trees,source_holdout_aqua_r1,AQUA,extra_trees,tree_ensemble,morgan_fingerprints,1.4129376756834628,0,1.2261523931775928,0.6214437413468715,0,0.050453305528791424,1.6130969490316258e-06,0.4346126521046326
AQUA,bayesian_logistic_laplace,source_holdout_aqua_r1_morgan_fingerprints_knn,source_holdout_aqua_r1,AQUA,knn,local_similarity,morgan_fingerprints,1.5285267576075792,0,1.343196560678332,0.7384879088476107,0,0.025283703411619778,7.818663222714261e-09,0.11334785446560122
AQUA,bayesian_logistic_laplace,source_holdout_aqua_r1_morgan_fingerprints_mlp,source_holdout_aqua_r1,AQUA,mlp,neural_network,morgan_fingerprints,1.540219762258286,0,1.1783523078025084,0.5736436559717871,0,0.018086874337431842,1.4061347831961535e-08,0.05243885576161744
AQUA,bayesian_logistic_laplace,source_holdout_aqua_r1_morgan_fingerprints_random_forest,source_holdout_aqua_r1,AQUA,random_forest,tree_ensemble,morgan_fingerprints,1.4346779646300312,0,1.2471264878935149,0.6424178360627936,0,0.05699810658174776,2.4061655998499325e-06,0.5062144868663243
AQUA,bayesian_logistic_laplace,source_holdout_aqua_r1_morgan_fingerprints_ridge,source_holdout_aqua_r1,AQUA,ridge,linear,morgan_fingerprints,1.5991371814499349,0,1.2573576491400726,0.6526489973093513,0,0.0373129652433049,3.5051058294188296e-10,0.29195434429428907
AQUA,bayesian_logistic_laplace,source_holdout_aqua_r1_morgan_fingerprints_svr,source_holdout_aqua_r1,AQUA,svr,kernel,morgan_fingerprints,1.3652360739972433,0,1.0145219178454985,0.4098132660147772,0,0.09077478935745863,7.269106377701394e-06,0.7666390649418301
AQUA,bayesian_logistic_laplace,source_holdout_aqua_r1_morgan_fingerprints_xgboost,source_holdout_aqua_r1,AQUA,xgboost,tree_ensemble,morgan_fingerprints,1.479803932071978,0,1.1673942839371092,0.5626856321063879,0,0.15572768353627764,3.082835481698805e-05,0.9307076942129423
AQUA,bayesian_logistic_laplace,source_holdout_aqua_r1_rdkit_descriptors_elastic_net,source_holdout_aqua_r1,AQUA,elastic_net,linear,rdkit_descriptors,1.436057984862178,0,0.8271583898305145,0.22244973799979317,0,0.10974061351072567,7.076031793819836e-07,0.9126260209243973
AQUA,bayesian_logistic_laplace,source_holdout_aqua_r1_rdkit_descriptors_esol,source_holdout_aqua_r1,AQUA,esol,chemistry_equation,rdkit_descriptors,3.4202114097926826,0,2.890171201721559,2.2854625498908376,0,0.09493765474164759,1.1492988177259946e-10,0.9678379531576987
AQUA,bayesian_logistic_laplace,source_holdout_aqua_r1_rdkit_descriptors_extra_trees,source_holdout_aqua_r1,AQUA,extra_trees,tree_ensemble,rdkit_descriptors,1.2136274142364543,0,0.6843594286156133,0.07965077678489196,1,0.33716052450402123,0.0006125944117911758,0.9889413440612257
AQUA,bayesian_logistic_laplace,source_holdout_aqua_r1_rdkit_descriptors_hist_gradient_boosting,source_holdout_aqua_r1,AQUA,hist_gradient_boosting,tree_ensemble,rdkit_descriptors,1.181375178894135,1,0.6424621463771643,0.037753494546442945,1,0.5854155425978628,0.005467357357516557,0.998752701692521
AQUA,bayesian_logistic_laplace,source_holdout_aqua_r1_rdkit_descriptors_knn,source_holdout_aqua_r1,AQUA,knn,local_similarity,rdkit_descriptors,1.293605060012796,0,0.9407595665248971,0.3360509146941758,0,0.14757635535945948,1.0439979036511278e-06,0.9701622594412652
AQUA,bayesian_logistic_laplace,source_holdout_aqua_r1_rdkit_descriptors_mlp,source_holdout_aqua_r1,AQUA,mlp,neural_network,rdkit_descriptors,1.2515618577739078,0,0.7378445850353079,0.1331359332045866,0,0.12870004500955176,6.8789275964982325e-06,0.9143633133358451
AQUA,bayesian_logistic_laplace,source_holdout_aqua_r1_rdkit_descriptors_ngboost,source_holdout_aqua_r1,AQUA,ngboost,probabilistic_boosting,rdkit_descriptors,1.2497395093822992,0,0.6870400647974755,0.08233141296675417,1,0.3859221345469729,0.001042820375733788,0.9925171831613289
AQUA,bayesian_logistic_laplace,source_holdout_aqua_r1_rdkit_descriptors_random_forest,source_holdout_aqua_r1,AQUA,random_forest,tree_ensemble,rdkit_descriptors,1.2077100080001604,0,0.6714283315347511,0.06671967970402981,1,0.3771899518479083,0.0009593564749963947,0.9919375314856068
AQUA,bayesian_logistic_laplace,source_holdout_aqua_r1_rdkit_descriptors_ridge,source_holdout_aqua_r1,AQUA,ridge,linear,rdkit_descriptors,1.412681341959453,0,0.7952810030804768,0.19057235124975547,0,0.10593447057786778,3.842865046169311e-06,0.8614340882158198
AQUA,bayesian_logistic_laplace,source_holdout_aqua_r1_rdkit_descriptors_svr,source_holdout_aqua_r1,AQUA,svr,kernel,rdkit_descriptors,1.193528663237971,1,0.6047086518307213,0.0,1,0.527896173162922,0.0035387349156568043,0.9977976776167413
AQUA,bayesian_logistic_laplace,source_holdout_aqua_r1_rdkit_descriptors_xgboost,source_holdout_aqua_r1,AQUA,xgboost,tree_ensemble,rdkit_descriptors,1.1467345315640023,1,0.6348692963074404,0.030160644476719067,1,0.7209383673370588,0.019782748713617293,0.999656959166305
AQUA,bayesian_logistic_laplace,source_holdout_aqua_r2_maccs_fingerprints_elastic_net,source_holdout_aqua_r2,AQUA,elastic_net,linear,maccs_fingerprints,1.6155483169771705,0,1.2076420988373984,0.6029423535966054,0,0.025100072121402774,6.2740606186446245e-09,0.11033829916366016
AQUA,bayesian_logistic_laplace,source_holdout_aqua_r2_maccs_fingerprints_extra_trees,source_holdout_aqua_r2,AQUA,extra_trees,tree_ensemble,maccs_fingerprints,1.406623676351646,0,0.9988541484103313,0.3941544031695383,0,0.04293209780985003,1.6511763627152145e-06,0.33648652174300114
AQUA,bayesian_logistic_laplace,source_holdout_aqua_r2_maccs_fingerprints_knn,source_holdout_aqua_r2,AQUA,knn,local_similarity,maccs_fingerprints,1.5495220378770163,0,1.3426821283802264,0.7379823831394334,0,0.03133842538253604,2.8645893420726314e-08,0.1943124204624629
AQUA,bayesian_logistic_laplace,source_holdout_aqua_r2_maccs_fingerprints_mlp,source_holdout_aqua_r2,AQUA,mlp,neural_network,maccs_fingerprints,1.403582082031516,0,1.0438553186420718,0.43915557340127886,0,0.025910277831397446,7.39831194299105e-08,0.1293826629747198
AQUA,bayesian_logistic_laplace,source_holdout_aqua_r2_maccs_fingerprints_random_forest,source_holdout_aqua_r2,AQUA,random_forest,tree_ensemble,maccs_fingerprints,1.4097560623619165,0,1.022366148466573,0.41766640322577997,0,0.07553635809841801,1.026937143708758e-05,0.6441043211362452
AQUA,bayesian_logistic_laplace,source_holdout_aqua_r2_maccs_fingerprints_ridge,source_holdout_aqua_r2,AQUA,ridge,linear,maccs_fingerprints,1.6185931994592255,0,1.213556633196298,0.608856887955505,0,0.01831608017943169,2.8871857412129217e-08,0.0570076604942706
AQUA,bayesian_logistic_laplace,source_holdout_aqua_r2_maccs_fingerprints_svr,source_holdout_aqua_r2,AQUA,svr,kernel,maccs_fingerprints,1.3523863417162458,0,0.9543728008653313,0.3496730556245383,0,0.13336022323894048,4.123125378257997e-05,0.8771488793633735
AQUA,bayesian_logistic_laplace,source_holdout_aqua_r2_maccs_fingerprints_xgboost,source_holdout_aqua_r2,AQUA,xgboost,tree_ensemble,maccs_fingerprints,1.3545177188195041,0,1.0047993902828982,0.40009964504210527,0,0.2421620020039201,0.00021402031775344437,0.9713155642272039
AQUA,bayesian_logistic_laplace,source_holdout_aqua_r2_molecular_graph_chemprop,source_holdout_aqua_r2,AQUA,chemprop,graph_neural_network,molecular_graph,1.2384915770684488,0,0.7020986492385507,0.09739890399775775,1,0.4239381259183137,0.0015584491192550858,0.9943354867092103
AQUA,bayesian_logistic_laplace,source_holdout_aqua_r2_morgan_fingerprints_elastic_net,source_holdout_aqua_r2,AQUA,elastic_net,linear,morgan_fingerprints,1.7094745187198381,0,1.2976436793719408,0.6929439341311479,0,0.019187065801032816,1.4452643485850054e-09,0.05063890769405356
AQUA,bayesian_logistic_laplace,source_holdout_aqua_r2_morgan_fingerprints_extra_trees,source_holdout_aqua_r2,AQUA,extra_trees,tree_ensemble,morgan_fingerprints,1.5334943203760496,0,1.2190383376723006,0.6143385924315077,0,0.04311538766060455,1.1419028563841057e-06,0.3436437573560984
AQUA,bayesian_logistic_laplace,source_holdout_aqua_r2_morgan_fingerprints_knn,source_holdout_aqua_r2,AQUA,knn,local_similarity,morgan_fingerprints,1.608907351428223,0,1.3427647813731842,0.7380650361323913,0,0.023196067133787506,6.217766332354574e-09,0.09059693312614846
AQUA,bayesian_logistic_laplace,source_holdout_aqua_r2_morgan_fingerprints_mlp,source_holdout_aqua_r2,AQUA,mlp,neural_network,morgan_fingerprints,1.5347477982162667,0,1.2076273009101253,0.6029275556693323,0,0.017651165373243936,1.3895632990830418e-08,0.04950776252094497
AQUA,bayesian_logistic_laplace,source_holdout_aqua_r2_morgan_fingerprints_random_forest,source_holdout_aqua_r2,AQUA,random_forest,tree_ensemble,morgan_fingerprints,1.542951391678093,0,1.2288180870644978,0.6241183418237048,0,0.04877547265033649,1.701420839433813e-06,0.41191493585512284
AQUA,bayesian_logistic_laplace,source_holdout_aqua_r2_morgan_fingerprints_ridge,source_holdout_aqua_r2,AQUA,ridge,linear,morgan_fingerprints,1.6147146296157708,0,1.257358093864185,0.6526583486233921,0,0.03746736395432188,3.743479384966549e-10,0.2950234564270877
AQUA,bayesian_logistic_laplace,source_holdout_aqua_r2_morgan_fingerprints_svr,source_holdout_aqua_r2,AQUA,svr,kernel,morgan_fingerprints,1.4458477458636614,0,1.0145219188410473,0.4098221736002543,0,0.08413757864542121,6.396435388768907e-06,0.7281779293913344
AQUA,bayesian_logistic_laplace,source_holdout_aqua_r2_morgan_fingerprints_xgboost,source_holdout_aqua_r2,AQUA,xgboost,tree_ensemble,morgan_fingerprints,1.556846784526364,0,1.1685699961260043,0.5638702508852114,0,0.14170384997469357,2.405384745939829e-05,0.9121300604145847
AQUA,bayesian_logistic_laplace,source_holdout_aqua_r2_rdkit_descriptors_elastic_net,source_holdout_aqua_r2,AQUA,elastic_net,linear,rdkit_descriptors,1.472631817315057,0,0.8271583898305137,0.22245864458972076,0,0.10289034444214419,5.883945993003134e-07,0.8945916025348258
AQUA,bayesian_logistic_laplace,source_holdout_aqua_r2_rdkit_descriptors_esol,source_holdout_aqua_r2,AQUA,esol,chemistry_equation,rdkit_descriptors,3.7250292636937483,0,2.890171201721559,2.2854714564807663,0,0.09829552498927727,1.1676065491229964e-11,0.9823357305492667
AQUA,bayesian_logistic_laplace,source_holdout_aqua_r2_rdkit_descriptors_extra_trees,source_holdout_aqua_r2,AQUA,extra_trees,tree_ensemble,rdkit_descriptors,1.2739823463754487,0,0.6629170905550182,0.05821734531422529,1,0.21788066447723106,0.0001334156076181524,0.9647194343897171
AQUA,bayesian_logistic_laplace,source_holdout_aqua_r2_rdkit_descriptors_hist_gradient_boosting,source_holdout_aqua_r2,AQUA,hist_gradient_boosting,tree_ensemble,rdkit_descriptors,1.2250947761880313,0,0.6623832746827837,0.05768352944199073,1,0.5835211838883637,0.005535027244499029,0.9986861979129821
AQUA,bayesian_logistic_laplace,source_holdout_aqua_r2_rdkit_descriptors_knn,source_holdout_aqua_r2,AQUA,knn,local_similarity,rdkit_descriptors,1.3863179432579353,0,0.938721601557664,0.3340218563168711,0,0.13627560591181662,8.214228760674638e-07,0.9608335489210437
AQUA,bayesian_logistic_laplace,source_holdout_aqua_r2_rdkit_descriptors_mlp,source_holdout_aqua_r2,AQUA,mlp,neural_network,rdkit_descriptors,1.2801192893650497,0,0.7232664440318651,0.11856669879107218,0,0.12210057541054965,6.169244862940602e-06,0.9009104456634583
AQUA,bayesian_logistic_laplace,source_holdout_aqua_r2_rdkit_descriptors_ngboost,source_holdout_aqua_r2,AQUA,ngboost,probabilistic_boosting,rdkit_descriptors,1.2704122214411198,0,0.6805304654096936,0.07583072016890069,1,0.3427341678477079,0.0005422484248272408,0.9906915197545109
AQUA,bayesian_logistic_laplace,source_holdout_aqua_r2_rdkit_descriptors_random_forest,source_holdout_aqua_r2,AQUA,random_forest,tree_ensemble,rdkit_descriptors,1.253587406206576,1,0.6600275026932805,0.055327757452487525,1,0.2618420429470174,0.00022244949070936173,0.9791575050213503
AQUA,bayesian_logistic_laplace,source_holdout_aqua_r2_rdkit_descriptors_ridge,source_holdout_aqua_r2,AQUA,ridge,linear,rdkit_descriptors,1.4641160213888456,0,0.8058618791771364,0.2011621339363434,0,0.09311589157884752,2.9836383047756392e-06,0.8098626987758725
AQUA,bayesian_logistic_laplace,source_holdout_aqua_r2_rdkit_descriptors_svr,source_holdout_aqua_r2,AQUA,svr,kernel,rdkit_descriptors,1.2552000377205215,1,0.604699745240793,0.0,1,0.5099975181419408,0.0031246077448474144,0.9973616895600437
AQUA,bayesian_logistic_laplace,source_holdout_aqua_r2_rdkit_descriptors_xgboost,source_holdout_aqua_r2,AQUA,xgboost,tree_ensemble,rdkit_descriptors,1.2024173222410628,1,0.6322802645010043,0.027580519260211322,1,0.6841872282707951,0.012850207036404953,0.9995447184355324
AQUA,bayesian_logistic_laplace,source_holdout_aqua_r3_maccs_fingerprints_elastic_net,source_holdout_aqua_r3,AQUA,elastic_net,linear,maccs_fingerprints,1.6783218859417306,0,1.2076420988373981,0.5999581765785159,0,0.02383606472641535,5.17691424073313e-09,0.09610850219146272
AQUA,bayesian_logistic_laplace,source_holdout_aqua_r3_maccs_fingerprints_extra_trees,source_holdout_aqua_r3,AQUA,extra_trees,tree_ensemble,maccs_fingerprints,1.4720993546449834,0,1.066195836767407,0.4585119145085247,0,0.0595729936294993,2.387264714865217e-06,0.5364415897031247
AQUA,bayesian_logistic_laplace,source_holdout_aqua_r3_maccs_fingerprints_knn,source_holdout_aqua_r3,AQUA,knn,local_similarity,maccs_fingerprints,1.5666737510893445,0,1.3281545883885917,0.7204706661297094,0,0.02948833063673322,2.4444811892549283e-08,0.16884708116193586
AQUA,bayesian_logistic_laplace,source_holdout_aqua_r3_maccs_fingerprints_mlp,source_holdout_aqua_r3,AQUA,mlp,neural_network,maccs_fingerprints,1.483474264439613,0,1.0500829670563652,0.44239904479748293,0,0.022633891722306367,5.218395987830458e-08,0.09479789932837539
AQUA,bayesian_logistic_laplace,source_holdout_aqua_r3_maccs_fingerprints_random_forest,source_holdout_aqua_r3,AQUA,random_forest,tree_ensemble,maccs_fingerprints,1.4563944598136558,0,1.028513196128929,0.42082927387004687,0,0.06796188117482892,8.086962540004446e-06,0.5852646886208512
AQUA,bayesian_logistic_laplace,source_holdout_aqua_r3_maccs_fingerprints_ridge,source_holdout_aqua_r3,AQUA,ridge,linear,maccs_fingerprints,1.678426354688406,0,1.2141080282313195,0.6064241059724372,0,0.018039183996050066,2.3838663268951147e-08,0.05429937144699287
AQUA,bayesian_logistic_laplace,source_holdout_aqua_r3_maccs_fingerprints_svr,source_holdout_aqua_r3,AQUA,svr,kernel,maccs_fingerprints,1.4302270154046723,0,0.9543790617404415,0.3466951394815593,0,0.11818201675353156,3.0511984040476687e-05,0.8410135694564053
AQUA,bayesian_logistic_laplace,source_holdout_aqua_r3_maccs_fingerprints_xgboost,source_holdout_aqua_r3,AQUA,xgboost,tree_ensemble,maccs_fingerprints,1.4421791806150188,0,0.9943923041040148,0.38670838184513256,0,0.19552854223753022,0.00010882917422485495,0.9511093617002181
AQUA,bayesian_logistic_laplace,source_holdout_aqua_r3_molecular_graph_chemprop,source_holdout_aqua_r3,AQUA,chemprop,graph_neural_network,molecular_graph,1.197040002929196,0,0.6734020368365776,0.06571811457769539,1,0.4486220414793683,0.0019395060859342887,0.9953829854640065
AQUA,bayesian_logistic_laplace,source_holdout_aqua_r3_morgan_fingerprints_elastic_net,source_holdout_aqua_r3,AQUA,elastic_net,linear,morgan_fingerprints,1.7417137081959213,0,1.2976436793719408,0.6899597571130586,0,0.017740073886599525,1.0146671936491526e-09,0.03998088070175199
AQUA,bayesian_logistic_laplace,source_holdout_aqua_r3_morgan_fingerprints_extra_trees,source_holdout_aqua_r3,AQUA,extra_trees,tree_ensemble,morgan_fingerprints,1.5175775672303646,0,1.236169205986495,0.6284852837276128,0,0.04247030038545521,1.1280834336004485e-06,0.3351900049298517
AQUA,bayesian_logistic_laplace,source_holdout_aqua_r3_morgan_fingerprints_knn,source_holdout_aqua_r3,AQUA,knn,local_similarity,morgan_fingerprints,1.6000309331512577,0,1.346994255985752,0.7393103337268697,0,0.022591128879030444,5.777081504754791e-09,0.0844911928461287
AQUA,bayesian_logistic_laplace,source_holdout_aqua_r3_morgan_fingerprints_mlp,source_holdout_aqua_r3,AQUA,mlp,neural_network,morgan_fingerprints,1.5726786863360052,0,1.1678397275921903,0.5601558053333081,0,0.016707052496973174,1.191579339812761e-08,0.04302614505169336
AQUA,bayesian_logistic_laplace,source_holdout_aqua_r3_morgan_fingerprints_random_forest,source_holdout_aqua_r3,AQUA,random_forest,tree_ensemble,morgan_fingerprints,1.5392174090735045,0,1.2359233174805933,0.628239395221711,0,0.04812156188936525,1.6811906884622566e-06,0.4036726865479807
AQUA,bayesian_logistic_laplace,source_holdout_aqua_r3_morgan_fingerprints_ridge,source_holdout_aqua_r3,AQUA,ridge,linear,morgan_fingerprints,1.6783624703688305,0,1.2534368641843956,0.6457529419255134,0,0.01409891188725844,6.4817424924920004e-09,0.027349214731657995
AQUA,bayesian_logistic_laplace,source_holdout_aqua_r3_morgan_fingerprints_svr,source_holdout_aqua_r3,AQUA,svr,kernel,morgan_fingerprints,1.4286981941325816,0,1.014521917845496,0.4068379955866138,0,0.08438629691174948,6.581976305557186e-06,0.7288634455876871
AQUA,bayesian_logistic_laplace,source_holdout_aqua_r3_morgan_fingerprints_xgboost,source_holdout_aqua_r3,AQUA,xgboost,tree_ensemble,morgan_fingerprints,1.5468854952270226,0,1.1774252246849954,0.5697413024261132,0,0.14065325114283989,2.3944274420091983e-05,0.910122254901513
AQUA,bayesian_logistic_laplace,source_holdout_aqua_r3_rdkit_descriptors_elastic_net,source_holdout_aqua_r3,AQUA,elastic_net,linear,rdkit_descriptors,1.5132775212727472,0,0.8271583898305147,0.21947446757163247,0,0.10305521844547265,5.969568094110986e-07,0.8948752169754226
AQUA,bayesian_logistic_laplace,source_holdout_aqua_r3_rdkit_descriptors_esol,source_holdout_aqua_r3,AQUA,esol,chemistry_equation,rdkit_descriptors,3.6643071160641836,0,2.890171201721559,2.2824872794626767,0,0.09586890929061455,2.7366770851803593e-11,0.9761827781004336
AQUA,bayesian_logistic_laplace,source_holdout_aqua_r3_rdkit_descriptors_extra_trees,source_holdout_aqua_r3,AQUA,extra_trees,tree_ensemble,rdkit_descriptors,1.3003860583062594,0,0.685573403670274,0.07788948141139174,1,0.30873988242991407,0.0004892793048286491,0.9849303495176862
AQUA,bayesian_logistic_laplace,source_holdout_aqua_r3_rdkit_descriptors_hist_gradient_boosting,source_holdout_aqua_r3,AQUA,hist_gradient_boosting,tree_ensemble,rdkit_descriptors,1.2765734431003852,1,0.6336238173761523,0.025939895117270018,1,0.5558206702348594,0.0044298327295804775,0.9982933606325664
AQUA,bayesian_logistic_laplace,source_holdout_aqua_r3_rdkit_descriptors_knn,source_holdout_aqua_r3,AQUA,knn,local_similarity,rdkit_descriptors,1.3577892334220727,0,0.9398390537824898,0.33215513152360754,0,0.1388727168156159,8.880919562965661e-07,0.9630306479386672
AQUA,bayesian_logistic_laplace,source_holdout_aqua_r3_rdkit_descriptors_mlp,source_holdout_aqua_r3,AQUA,mlp,neural_network,rdkit_descriptors,1.2763951200019041,0,0.7249016847278091,0.1172177624689269,0,0.11788785385161939,6.121390158135907e-06,0.8894137764691246
AQUA,bayesian_logistic_laplace,source_holdout_aqua_r3_rdkit_descriptors_ngboost,source_holdout_aqua_r3,AQUA,ngboost,probabilistic_boosting,rdkit_descriptors,1.3132460909137618,0,0.6878000883164198,0.08011616605753757,1,0.3321696742675146,0.0004944477038323322,0.9896107662355703
AQUA,bayesian_logistic_laplace,source_holdout_aqua_r3_rdkit_descriptors_random_forest,source_holdout_aqua_r3,AQUA,random_forest,tree_ensemble,rdkit_descriptors,1.298224880990996,0,0.67337547768136,0.06569155542247773,1,0.34831156929861734,0.0007764700369362104,0.9891018772486128
AQUA,bayesian_logistic_laplace,source_holdout_aqua_r3_rdkit_descriptors_ridge,source_holdout_aqua_r3,AQUA,ridge,linear,rdkit_descriptors,1.4880088120608117,0,0.7935842179947715,0.1859002957358893,0,0.09807368916052994,3.208439009695684e-06,0.8328424987380715
AQUA,bayesian_logistic_laplace,source_holdout_aqua_r3_rdkit_descriptors_svr,source_holdout_aqua_r3,AQUA,svr,kernel,rdkit_descriptors,1.2731272215984275,1,0.6076839222588822,0.0,1,0.46898452290930687,0.002097891626079168,0.9964396216982672
AQUA,bayesian_logistic_laplace,source_holdout_aqua_r3_rdkit_descriptors_xgboost,source_holdout_aqua_r3,AQUA,xgboost,tree_ensemble,rdkit_descriptors,1.2288832032832768,1,0.6376469727691485,0.029963050510266265,1,0.6677703012991782,0.011106653729747033,0.9994522942462933
AQUA,bayesian_logistic_laplace,source_holdout_aqua_r4_maccs_fingerprints_elastic_net,source_holdout_aqua_r4,AQUA,elastic_net,linear,maccs_fingerprints,1.6836586046259463,0,1.207642098837398,0.6029588420036768,0,0.021814534202721735,3.2381085252356113e-09,0.07478784237358202
AQUA,bayesian_logistic_laplace,source_holdout_aqua_r4_maccs_fingerprints_extra_trees,source_holdout_aqua_r4,AQUA,extra_trees,tree_ensemble,maccs_fingerprints,1.3980580830255904,0,1.0039656429347286,0.3992823861010074,0,0.04024669039915488,1.3850655782973568e-06,0.30369812472795077
AQUA,bayesian_logistic_laplace,source_holdout_aqua_r4_maccs_fingerprints_knn,source_holdout_aqua_r4,AQUA,knn,local_similarity,maccs_fingerprints,1.571763495848747,0,1.3361414651880352,0.7314582083543141,0,0.028074582242126472,1.90670966528019e-08,0.1499234301707564
AQUA,bayesian_logistic_laplace,source_holdout_aqua_r4_maccs_fingerprints_mlp,source_holdout_aqua_r4,AQUA,mlp,neural_network,maccs_fingerprints,1.4187610850522976,0,1.074835778897399,0.47015252206367786,0,0.023862218366297223,5.7238209369046455e-08,0.10701229082812606
AQUA,bayesian_logistic_laplace,source_holdout_aqua_r4_maccs_fingerprints_random_forest,source_holdout_aqua_r4,AQUA,random_forest,tree_ensemble,maccs_fingerprints,1.4013838988205154,0,1.0177174802957392,0.413034223462018,0,0.07110559526602478,8.704876108819774e-06,0.611835599040029
AQUA,bayesian_logistic_laplace,source_holdout_aqua_r4_maccs_fingerprints_ridge,source_holdout_aqua_r4,AQUA,ridge,linear,maccs_fingerprints,1.6863334256458493,0,1.2146977412958928,0.6100144844621717,0,0.016643494589453498,1.4668457857692299e-08,0.04344147636608823
AQUA,bayesian_logistic_laplace,source_holdout_aqua_r4_maccs_fingerprints_svr,source_holdout_aqua_r4,AQUA,svr,kernel,maccs_fingerprints,1.3562648127592232,0,0.9543812931782902,0.3496980363445691,0,0.12291424487677549,3.26889616222675e-05,0.8545477707156484
AQUA,bayesian_logistic_laplace,source_holdout_aqua_r4_maccs_fingerprints_xgboost,source_holdout_aqua_r4,AQUA,xgboost,tree_ensemble,maccs_fingerprints,1.374496686397605,0,0.9968595493282353,0.39217629249451413,0,0.2254277570914782,0.00017078650523252205,0.9655115004194861
AQUA,bayesian_logistic_laplace,source_holdout_aqua_r4_molecular_graph_chemprop,source_holdout_aqua_r4,AQUA,chemprop,graph_neural_network,molecular_graph,1.1568799194831616,0,0.682122043497634,0.0774387866639128,1,0.4490592894872018,0.0018976695275271297,0.9955032730365214
AQUA,bayesian_logistic_laplace,source_holdout_aqua_r4_morgan_fingerprints_elastic_net,source_holdout_aqua_r4,AQUA,elastic_net,linear,morgan_fingerprints,1.66172525695116,0,1.2976436793719408,0.6929604225382197,0,0.019494059756812204,1.4405576623884581e-09,0.05278134003071865
AQUA,bayesian_logistic_laplace,source_holdout_aqua_r4_morgan_fingerprints_extra_trees,source_holdout_aqua_r4,AQUA,extra_trees,tree_ensemble,morgan_fingerprints,1.438221836340001,0,1.2240100833021696,0.6193268264684485,0,0.04571090765886868,1.3047590823776249e-06,0.37632713138920637
AQUA,bayesian_logistic_laplace,source_holdout_aqua_r4_morgan_fingerprints_knn,source_holdout_aqua_r4,AQUA,knn,local_similarity,morgan_fingerprints,1.568895410284213,0,1.344385783495027,0.7397025266613059,0,0.022479474314473096,5.215872203035439e-09,0.082981162936602
AQUA,bayesian_logistic_laplace,source_holdout_aqua_r4_morgan_fingerprints_mlp,source_holdout_aqua_r4,AQUA,mlp,neural_network,morgan_fingerprints,1.5056267041453677,0,1.141696410777889,0.5370131539441679,0,0.01728697087193459,1.2463226304596687e-08,0.0467474893995815
AQUA,bayesian_logistic_laplace,source_holdout_aqua_r4_morgan_fingerprints_random_forest,source_holdout_aqua_r4,AQUA,random_forest,tree_ensemble,morgan_fingerprints,1.4599392378974114,0,1.2559728217152986,0.6512895648815774,0,0.050438118982386926,1.8343469417166545e-06,0.43177901354239845
AQUA,bayesian_logistic_laplace,source_holdout_aqua_r4_morgan_fingerprints_ridge,source_holdout_aqua_r4,AQUA,ridge,linear,morgan_fingerprints,1.5549429428676547,0,1.2573622270880418,0.6526789702543206,0,0.037971232626429124,3.753410157094688e-10,0.30521182049024365
AQUA,bayesian_logistic_laplace,source_holdout_aqua_r4_morgan_fingerprints_svr,source_holdout_aqua_r4,AQUA,svr,kernel,morgan_fingerprints,1.3263242154109909,0,1.01452191784551,0.4098386610117889,0,0.0914979266638231,7.639496263674051e-06,0.7691593976891271
AQUA,bayesian_logistic_laplace,source_holdout_aqua_r4_morgan_fingerprints_xgboost,source_holdout_aqua_r4,AQUA,xgboost,tree_ensemble,morgan_fingerprints,1.4408306011417837,0,1.1509584482785618,0.5462751914448406,0,0.13941463059012274,2.5989885463803626e-05,0.9053757894783161
AQUA,bayesian_logistic_laplace,source_holdout_aqua_r4_rdkit_descriptors_elastic_net,source_holdout_aqua_r4,AQUA,elastic_net,linear,rdkit_descriptors,1.4624499834300084,0,0.827158389830514,0.2224751329967929,0,0.10257985780989454,5.722539765730945e-07,0.8940637337836584
AQUA,bayesian_logistic_laplace,source_holdout_aqua_r4_rdkit_descriptors_esol,source_holdout_aqua_r4,AQUA,esol,chemistry_equation,rdkit_descriptors,4.094183571023283,0,2.890171201721559,2.285487944887838,0,0.12165370756696776,1.0338231726339102e-12,0.9975234526643658
AQUA,bayesian_logistic_laplace,source_holdout_aqua_r4_rdkit_descriptors_extra_trees,source_holdout_aqua_r4,AQUA,extra_trees,tree_ensemble,rdkit_descriptors,1.2087708101477113,0,0.6734985207514179,0.06881526391769677,1,0.3281441392236143,0.0005747263006881448,0.9877593236370611
AQUA,bayesian_logistic_laplace,source_holdout_aqua_r4_rdkit_descriptors_hist_gradient_boosting,source_holdout_aqua_r4,AQUA,hist_gradient_boosting,tree_ensemble,rdkit_descriptors,1.1725621367531514,0,0.6980423533580316,0.0933590965243104,1,0.5807372335363933,0.0038633137805317644,0.9991021568147033
AQUA,bayesian_logistic_laplace,source_holdout_aqua_r4_rdkit_descriptors_knn,source_holdout_aqua_r4,AQUA,knn,local_similarity,rdkit_descriptors,1.2873191113257882,0,0.9387640162642934,0.33408075943057225,0,0.14301976040562864,9.544225516443169e-07,0.9667099409775031
AQUA,bayesian_logistic_laplace,source_holdout_aqua_r4_rdkit_descriptors_mlp,source_holdout_aqua_r4,AQUA,mlp,neural_network,rdkit_descriptors,1.283168543773036,0,0.7370685136420156,0.1323852568082945,0,0.12040520830685995,5.83452393942652e-06,0.8977264556706458
AQUA,bayesian_logistic_laplace,source_holdout_aqua_r4_rdkit_descriptors_ngboost,source_holdout_aqua_r4,AQUA,ngboost,probabilistic_boosting,rdkit_descriptors,1.2389614353993312,0,0.6744529881438048,0.06976973131008368,1,0.37291856088734743,0.0009415133995267134,0.9914965021025453
AQUA,bayesian_logistic_laplace,source_holdout_aqua_r4_rdkit_descriptors_random_forest,source_holdout_aqua_r4,AQUA,random_forest,tree_ensemble,rdkit_descriptors,1.195992873411524,1,0.6680973704222567,0.06341411358853555,1,0.3686121764654081,0.0009091776298358607,0.9911320221853569
AQUA,bayesian_logistic_laplace,source_holdout_aqua_r4_rdkit_descriptors_ridge,source_holdout_aqua_r4,AQUA,ridge,linear,rdkit_descriptors,1.4670962945786108,0,0.8214604269426654,0.21677717010894426,0,0.13596818308935327,8.36927335425344e-08,0.978824515788827
AQUA,bayesian_logistic_laplace,source_holdout_aqua_r4_rdkit_descriptors_svr,source_holdout_aqua_r4,AQUA,svr,kernel,rdkit_descriptors,1.1940321919649284,1,0.6046832568337211,0.0,1,0.512629922777118,0.0031642070373386335,0.9974454234600483
AQUA,bayesian_logistic_laplace,source_holdout_aqua_r4_rdkit_descriptors_xgboost,source_holdout_aqua_r4,AQUA,xgboost,tree_ensemble,rdkit_descriptors,1.1303962671036638,1,0.6248397400205639,0.02015648318684271,1,0.7151055653525193,0.018874897619896882,0.9996263226504166
AQUA,bayesian_logistic_laplace,source_holdout_aqua_r5_maccs_fingerprints_elastic_net,source_holdout_aqua_r5,AQUA,elastic_net,linear,maccs_fingerprints,1.6499555739195046,0,1.207642098837398,0.6029498401596007,0,0.024052405365025998,5.168683938014728e-09,0.09831230402096301
AQUA,bayesian_logistic_laplace,source_holdout_aqua_r5_maccs_fingerprints_extra_trees,source_holdout_aqua_r5,AQUA,extra_trees,tree_ensemble,maccs_fingerprints,1.437047866000033,0,1.009078335228562,0.40438607655076475,0,0.03976156476978699,1.3335876502790075e-06,0.29779099641010326
AQUA,bayesian_logistic_laplace,source_holdout_aqua_r5_maccs_fingerprints_knn,source_holdout_aqua_r5,AQUA,knn,local_similarity,maccs_fingerprints,1.5519036190756599,0,1.3325932635268476,0.7279010048490504,0,0.03005225565014445,2.4525717565649816e-08,0.17635545736296462
AQUA,bayesian_logistic_laplace,source_holdout_aqua_r5_maccs_fingerprints_mlp,source_holdout_aqua_r5,AQUA,mlp,neural_network,maccs_fingerprints,1.4120232119013905,0,1.0612081826009425,0.45651592392314533,0,0.025485674334234407,6.861113036136858e-08,0.12451252957550445
AQUA,bayesian_logistic_laplace,source_holdout_aqua_r5_maccs_fingerprints_random_forest,source_holdout_aqua_r5,AQUA,random_forest,tree_ensemble,maccs_fingerprints,1.4346028171089926,0,1.0203926027070995,0.41570034402930234,0,0.06925427844173788,8.089150181270472e-06,0.5974779669534601
AQUA,bayesian_logistic_laplace,source_holdout_aqua_r5_maccs_fingerprints_ridge,source_holdout_aqua_r5,AQUA,ridge,linear,maccs_fingerprints,1.6476437430891657,0,1.2144074739651927,0.6097152152873955,0,0.018456707086302617,2.4734122366149567e-08,0.057341834943914365
AQUA,bayesian_logistic_laplace,source_holdout_aqua_r5_maccs_fingerprints_svr,source_holdout_aqua_r5,AQUA,svr,kernel,maccs_fingerprints,1.3530706618497577,0,0.9501890397593185,0.34549678108152126,0,0.11638461749900238,2.6377229825790355e-05,0.8398484660593618
AQUA,bayesian_logistic_laplace,source_holdout_aqua_r5_maccs_fingerprints_xgboost,source_holdout_aqua_r5,AQUA,xgboost,tree_ensemble,maccs_fingerprints,1.3915030277134004,0,1.0043415014709098,0.39964924279311265,0,0.22798134470036643,0.00017585051497813183,0.9665821655251176
AQUA,bayesian_logistic_laplace,source_holdout_aqua_r5_molecular_graph_chemprop,source_holdout_aqua_r5,AQUA,chemprop,graph_neural_network,molecular_graph,1.2324801104824865,0,0.6964236264313872,0.09173136775359003,1,0.42471919173265427,0.0015376724195731355,0.9944677687900246
AQUA,bayesian_logistic_laplace,source_holdout_aqua_r5_morgan_fingerprints_elastic_net,source_holdout_aqua_r5,AQUA,elastic_net,linear,morgan_fingerprints,1.7289575152390417,0,1.2976436793719406,0.6929514206941434,0,0.01830413605312264,1.1633689854463713e-09,0.04394338952747663
AQUA,bayesian_logistic_laplace,source_holdout_aqua_r5_morgan_fingerprints_extra_trees,source_holdout_aqua_r5,AQUA,extra_trees,tree_ensemble,morgan_fingerprints,1.4837739431684587,0,1.2431648142718184,0.6384725555940212,0,0.04396046823638006,1.1682522636875104e-06,0.3546279706430187
AQUA,bayesian_logistic_laplace,source_holdout_aqua_r5_morgan_fingerprints_knn,source_holdout_aqua_r5,AQUA,knn,local_similarity,morgan_fingerprints,1.615739003524985,0,1.3433932009490335,0.7387009422712363,0,0.02213278335549541,5.151684416003311e-09,0.07975359608645857
AQUA,bayesian_logistic_laplace,source_holdout_aqua_r5_morgan_fingerprints_mlp,source_holdout_aqua_r5,AQUA,mlp,neural_network,morgan_fingerprints,1.551793924620436,0,1.1678252762242414,0.5631330175464442,0,0.01672505280351595,1.1363050602135656e-08,0.04295224118673212
AQUA,bayesian_logistic_laplace,source_holdout_aqua_r5_morgan_fingerprints_random_forest,source_holdout_aqua_r5,AQUA,random_forest,tree_ensemble,morgan_fingerprints,1.515556579482333,0,1.2468431402583933,0.6421508815805961,0,0.04914500079638707,1.6788250018912179e-06,0.41694544556210056
AQUA,bayesian_logistic_laplace,source_holdout_aqua_r5_morgan_fingerprints_ridge,source_holdout_aqua_r5,AQUA,ridge,linear,morgan_fingerprints,1.6697672583230132,0,1.257334137578349,0.6526418789005519,0,0.03530010970873993,2.88254480420151e-10,0.2522895916464183
AQUA,bayesian_logistic_laplace,source_holdout_aqua_r5_morgan_fingerprints_svr,source_holdout_aqua_r5,AQUA,svr,kernel,morgan_fingerprints,1.3965177730693992,0,1.0145219178455045,0.4098296591677073,0,0.08497507660662565,6.396104343894614e-06,0.7339849816915016
AQUA,bayesian_logistic_laplace,source_holdout_aqua_r5_morgan_fingerprints_xgboost,source_holdout_aqua_r5,AQUA,xgboost,tree_ensemble,morgan_fingerprints,1.5597184634312846,0,1.1808042134541146,0.5761119547763174,0,0.12348165827815888,1.8155563201497813e-05,0.8755742669693121
AQUA,bayesian_logistic_laplace,source_holdout_aqua_r5_rdkit_descriptors_elastic_net,source_holdout_aqua_r5,AQUA,elastic_net,linear,rdkit_descriptors,1.4955133862951093,0,0.8271583898305135,0.2224661311527163,0,0.1024926308916371,5.668186522673462e-07,0.8939489319465791
AQUA,bayesian_logistic_laplace,source_holdout_aqua_r5_rdkit_descriptors_esol,source_holdout_aqua_r5,AQUA,esol,chemistry_equation,rdkit_descriptors,3.8840949707049184,0,2.890171201721559,2.2854789430437616,0,0.10782506889764654,6.631402876421619e-12,0.9912201269017396
AQUA,bayesian_logistic_laplace,source_holdout_aqua_r5_rdkit_descriptors_extra_trees,source_holdout_aqua_r5,AQUA,extra_trees,tree_ensemble,rdkit_descriptors,1.2595519895931189,0,0.6561464266692703,0.051454167991473065,1,0.21736548552760718,0.0001294592043786339,0.9648646753508187
AQUA,bayesian_logistic_laplace,source_holdout_aqua_r5_rdkit_descriptors_hist_gradient_boosting,source_holdout_aqua_r5,AQUA,hist_gradient_boosting,tree_ensemble,rdkit_descriptors,1.2097635700925378,1,0.6453156597096561,0.04062340103185891,1,0.5800910239552673,0.005298756038580695,0.9986681274440131
AQUA,bayesian_logistic_laplace,source_holdout_aqua_r5_rdkit_descriptors_knn,source_holdout_aqua_r5,AQUA,knn,local_similarity,rdkit_descriptors,1.3681397152407548,0,0.9391862956661029,0.3344940369883057,0,0.13358810792482081,7.541592443979974e-07,0.9584184950901529
AQUA,bayesian_logistic_laplace,source_holdout_aqua_r5_rdkit_descriptors_mlp,source_holdout_aqua_r5,AQUA,mlp,neural_network,rdkit_descriptors,1.294869127989758,0,0.7249015869270935,0.12020932824929631,0,0.11880212087729522,5.599485802913522e-06,0.8942830071064435
AQUA,bayesian_logistic_laplace,source_holdout_aqua_r5_rdkit_descriptors_ngboost,source_holdout_aqua_r5,AQUA,ngboost,probabilistic_boosting,rdkit_descriptors,1.281534987509427,0,0.685442850608465,0.0807505919306678,1,0.3707670338605831,0.0009194878300427359,0.9913561075772221
AQUA,bayesian_logistic_laplace,source_holdout_aqua_r5_rdkit_descriptors_random_forest,source_holdout_aqua_r5,AQUA,random_forest,tree_ensemble,rdkit_descriptors,1.2601171677259302,0,0.6782113135315962,0.07351905485379906,1,0.3524915727525502,0.0007820218701062501,0.9897433590216355
AQUA,bayesian_logistic_laplace,source_holdout_aqua_r5_rdkit_descriptors_ridge,source_holdout_aqua_r5,AQUA,ridge,linear,rdkit_descriptors,1.491220340370953,0,0.7933525918005249,0.18866033312272767,0,0.09658935719992219,2.940659576937572e-06,0.8282496021342537
AQUA,bayesian_logistic_laplace,source_holdout_aqua_r5_rdkit_descriptors_svr,source_holdout_aqua_r5,AQUA,svr,kernel,rdkit_descriptors,1.2423741163517408,1,0.6046922586777972,0.0,1,0.5008492289594735,0.0028518689831331227,0.9971888908417101
AQUA,bayesian_logistic_laplace,source_holdout_aqua_r5_rdkit_descriptors_xgboost,source_holdout_aqua_r5,AQUA,xgboost,tree_ensemble,rdkit_descriptors,1.1916225939794294,1,0.6328328330101054,0.02814057433230821,1,0.7093072095161059,0.01780487516475628,0.9996022543098656
AQUA,random_forest,source_holdout_aqua_r1_maccs_fingerprints_elastic_net,source_holdout_aqua_r1,AQUA,elastic_net,linear,maccs_fingerprints,1.6512239588503594,0,1.2076420988373981,0.6029334470066768,0,0.0005994220151828847,,
AQUA,random_forest,source_holdout_aqua_r1_maccs_fingerprints_extra_trees,source_holdout_aqua_r1,AQUA,extra_trees,tree_ensemble,maccs_fingerprints,1.4361660196388675,0,1.0042881704931548,0.39957951866243346,0,0.007451911192672063,,
AQUA,random_forest,source_holdout_aqua_r1_maccs_fingerprints_knn,source_holdout_aqua_r1,AQUA,knn,local_similarity,maccs_fingerprints,1.5674372589016232,0,1.3335111630137282,0.7288025111830069,0,0.0012054826212434908,,
AQUA,random_forest,source_holdout_aqua_r1_maccs_fingerprints_mlp,source_holdout_aqua_r1,AQUA,mlp,neural_network,maccs_fingerprints,1.4436650162612863,0,1.036936140309864,0.4322274884791427,0,0.0016375172532781229,,
AQUA,random_forest,source_holdout_aqua_r1_maccs_fingerprints_random_forest,source_holdout_aqua_r1,AQUA,random_forest,tree_ensemble,maccs_fingerprints,1.4096247229812484,0,1.0217423422078438,0.41703369037712246,0,0.011186451675531874,,
AQUA,random_forest,source_holdout_aqua_r1_maccs_fingerprints_ridge,source_holdout_aqua_r1,AQUA,ridge,linear,maccs_fingerprints,1.6529353878964803,0,1.2146473395429578,0.6099386877122365,0,0.0005994220151828847,,
AQUA,random_forest,source_holdout_aqua_r1_maccs_fingerprints_svr,source_holdout_aqua_r1,AQUA,svr,kernel,maccs_fingerprints,1.386238590828105,0,0.9501770771629928,0.3454684253322715,0,0.025834711970325767,,
AQUA,random_forest,source_holdout_aqua_r1_maccs_fingerprints_xgboost,source_holdout_aqua_r1,AQUA,xgboost,tree_ensemble,maccs_fingerprints,1.3977330792238443,0,0.9981417706064476,0.3934331187757263,0,0.06003038894741033,,
AQUA,random_forest,source_holdout_aqua_r1_molecular_graph_chemprop,source_holdout_aqua_r1,AQUA,chemprop,graph_neural_network,molecular_graph,1.1642819875673727,0,0.666241504002147,0.06153285217142568,1,0.41886296474265866,,
AQUA,random_forest,source_holdout_aqua_r1_morgan_fingerprints_elastic_net,source_holdout_aqua_r1,AQUA,elastic_net,linear,morgan_fingerprints,1.7139851778163884,0,1.3672758177390207,0.7625671659082994,0,0.0005369220151828847,,
AQUA,random_forest,source_holdout_aqua_r1_morgan_fingerprints_extra_trees,source_holdout_aqua_r1,AQUA,extra_trees,tree_ensemble,morgan_fingerprints,1.4129376756834628,0,1.2261523931775928,0.6214437413468715,0,0.01289379620824129,,
AQUA,random_forest,source_holdout_aqua_r1_morgan_fingerprints_knn,source_holdout_aqua_r1,AQUA,knn,local_similarity,morgan_fingerprints,1.5285267576075792,0,1.343196560678332,0.7384879088476107,0,0.000870255348516218,,
AQUA,random_forest,source_holdout_aqua_r1_morgan_fingerprints_mlp,source_holdout_aqua_r1,AQUA,mlp,neural_network,morgan_fingerprints,1.540219762258286,0,1.1783523078025084,0.5736436559717871,0,0.0005369220151828847,,
AQUA,random_forest,source_holdout_aqua_r1_morgan_fingerprints_random_forest,source_holdout_aqua_r1,AQUA,random_forest,tree_ensemble,morgan_fingerprints,1.4346779646300312,0,1.2471264878935149,0.6424178360627936,0,0.0085051842483058,,
AQUA,random_forest,source_holdout_aqua_r1_morgan_fingerprints_ridge,source_holdout_aqua_r1,AQUA,ridge,linear,morgan_fingerprints,1.5991371814499349,0,1.2573576491400726,0.6526489973093513,0,0.0005369220151828847,,
AQUA,random_forest,source_holdout_aqua_r1_morgan_fingerprints_svr,source_holdout_aqua_r1,AQUA,svr,kernel,morgan_fingerprints,1.3652360739972433,0,1.0145219178454985,0.4098132660147772,0,0.03201236626048006,,
AQUA,random_forest,source_holdout_aqua_r1_morgan_fingerprints_xgboost,source_holdout_aqua_r1,AQUA,xgboost,tree_ensemble,morgan_fingerprints,1.479803932071978,0,1.1673942839371092,0.5626856321063879,0,0.07351484679977663,,
AQUA,random_forest,source_holdout_aqua_r1_rdkit_descriptors_elastic_net,source_holdout_aqua_r1,AQUA,elastic_net,linear,rdkit_descriptors,1.436057984862178,0,0.8271583898305145,0.22244973799979317,0,0.004867009992391308,,
AQUA,random_forest,source_holdout_aqua_r1_rdkit_descriptors_esol,source_holdout_aqua_r1,AQUA,esol,chemistry_equation,rdkit_descriptors,3.4202114097926826,0,2.890171201721559,2.2854625498908376,0,0.0021125992500247463,,
AQUA,random_forest,source_holdout_aqua_r1_rdkit_descriptors_extra_trees,source_holdout_aqua_r1,AQUA,extra_trees,tree_ensemble,rdkit_descriptors,1.2136274142364543,0,0.6843594286156133,0.07965077678489196,1,0.15760432598117344,,
AQUA,random_forest,source_holdout_aqua_r1_rdkit_descriptors_hist_gradient_boosting,source_holdout_aqua_r1,AQUA,hist_gradient_boosting,tree_ensemble,rdkit_descriptors,1.181375178894135,1,0.6424621463771643,0.037753494546442945,1,0.5132779211166068,,
AQUA,random_forest,source_holdout_aqua_r1_rdkit_descriptors_knn,source_holdout_aqua_r1,AQUA,knn,local_similarity,rdkit_descriptors,1.293605060012796,0,0.9407595665248971,0.3360509146941758,0,0.0357157299425179,,
AQUA,random_forest,source_holdout_aqua_r1_rdkit_descriptors_mlp,source_holdout_aqua_r1,AQUA,mlp,neural_network,rdkit_descriptors,1.2515618577739078,0,0.7378445850353079,0.1331359332045866,0,0.13167412176383822,,
AQUA,random_forest,source_holdout_aqua_r1_rdkit_descriptors_ngboost,source_holdout_aqua_r1,AQUA,ngboost,probabilistic_boosting,rdkit_descriptors,1.2497395093822992,0,0.6870400647974755,0.08233141296675417,1,0.2260950798756322,,
AQUA,random_forest,source_holdout_aqua_r1_rdkit_descriptors_random_forest,source_holdout_aqua_r1,AQUA,random_forest,tree_ensemble,rdkit_descriptors,1.2077100080001604,0,0.6714283315347511,0.06671967970402981,1,0.12205828802073931,,
AQUA,random_forest,source_holdout_aqua_r1_rdkit_descriptors_ridge,source_holdout_aqua_r1,AQUA,ridge,linear,rdkit_descriptors,1.412681341959453,0,0.7952810030804768,0.19057235124975547,0,0.007559596572477888,,
AQUA,random_forest,source_holdout_aqua_r1_rdkit_descriptors_svr,source_holdout_aqua_r1,AQUA,svr,kernel,rdkit_descriptors,1.193528663237971,1,0.6047086518307213,0.0,1,0.6751010633233645,,
AQUA,random_forest,source_holdout_aqua_r1_rdkit_descriptors_xgboost,source_holdout_aqua_r1,AQUA,xgboost,tree_ensemble,rdkit_descriptors,1.1467345315640023,1,0.6348692963074404,0.030160644476719067,1,0.7726874411085868,,
AQUA,random_forest,source_holdout_aqua_r2_maccs_fingerprints_elastic_net,source_holdout_aqua_r2,AQUA,elastic_net,linear,maccs_fingerprints,1.6155483169771705,0,1.2076420988373984,0.6029423535966054,0,0.0005994220151828847,,
AQUA,random_forest,source_holdout_aqua_r2_maccs_fingerprints_extra_trees,source_holdout_aqua_r2,AQUA,extra_trees,tree_ensemble,maccs_fingerprints,1.406623676351646,0,0.9988541484103313,0.3941544031695383,0,0.014780235319525603,,
AQUA,random_forest,source_holdout_aqua_r2_maccs_fingerprints_knn,source_holdout_aqua_r2,AQUA,knn,local_similarity,maccs_fingerprints,1.5495220378770163,0,1.3426821283802264,0.7379823831394334,0,0.0035888159545768242,,
AQUA,random_forest,source_holdout_aqua_r2_maccs_fingerprints_mlp,source_holdout_aqua_r2,AQUA,mlp,neural_network,maccs_fingerprints,1.403582082031516,0,1.0438553186420718,0.43915557340127886,0,0.006509166437427307,,
AQUA,random_forest,source_holdout_aqua_r2_maccs_fingerprints_random_forest,source_holdout_aqua_r2,AQUA,random_forest,tree_ensemble,maccs_fingerprints,1.4097560623619165,0,1.022366148466573,0.41766640322577997,0,0.011519662908743108,,
AQUA,random_forest,source_holdout_aqua_r2_maccs_fingerprints_ridge,source_holdout_aqua_r2,AQUA,ridge,linear,maccs_fingerprints,1.6185931994592255,0,1.213556633196298,0.608856887955505,0,0.0005994220151828847,,
AQUA,random_forest,source_holdout_aqua_r2_maccs_fingerprints_svr,source_holdout_aqua_r2,AQUA,svr,kernel,maccs_fingerprints,1.3523863417162458,0,0.9543728008653313,0.3496730556245383,0,0.05381266605098883,,
AQUA,random_forest,source_holdout_aqua_r2_maccs_fingerprints_xgboost,source_holdout_aqua_r2,AQUA,xgboost,tree_ensemble,maccs_fingerprints,1.3545177188195041,0,1.0047993902828982,0.40009964504210527,0,0.10267733366935505,,
AQUA,random_forest,source_holdout_aqua_r2_molecular_graph_chemprop,source_holdout_aqua_r2,AQUA,chemprop,graph_neural_network,molecular_graph,1.2384915770684488,0,0.7020986492385507,0.09739890399775775,1,0.3338055527972375,,
AQUA,random_forest,source_holdout_aqua_r2_morgan_fingerprints_elastic_net,source_holdout_aqua_r2,AQUA,elastic_net,linear,morgan_fingerprints,1.7094745187198381,0,1.2976436793719408,0.6929439341311479,0,0.0005369220151828847,,
AQUA,random_forest,source_holdout_aqua_r2_morgan_fingerprints_extra_trees,source_holdout_aqua_r2,AQUA,extra_trees,tree_ensemble,morgan_fingerprints,1.5334943203760496,0,1.2190383376723006,0.6143385924315077,0,0.003300163452108532,,
AQUA,random_forest,source_holdout_aqua_r2_morgan_fingerprints_knn,source_holdout_aqua_r2,AQUA,knn,local_similarity,morgan_fingerprints,1.608907351428223,0,1.3427647813731842,0.7380650361323913,0,0.0005369220151828847,,
AQUA,random_forest,source_holdout_aqua_r2_morgan_fingerprints_mlp,source_holdout_aqua_r2,AQUA,mlp,neural_network,morgan_fingerprints,1.5347477982162667,0,1.2076273009101253,0.6029275556693323,0,0.0005369220151828847,,
AQUA,random_forest,source_holdout_aqua_r2_morgan_fingerprints_random_forest,source_holdout_aqua_r2,AQUA,random_forest,tree_ensemble,morgan_fingerprints,1.542951391678093,0,1.2288180870644978,0.6241183418237048,0,0.005279715272836823,,
AQUA,random_forest,source_holdout_aqua_r2_morgan_fingerprints_ridge,source_holdout_aqua_r2,AQUA,ridge,linear,morgan_fingerprints,1.6147146296157708,0,1.257358093864185,0.6526583486233921,0,0.0005369220151828847,,
AQUA,random_forest,source_holdout_aqua_r2_morgan_fingerprints_svr,source_holdout_aqua_r2,AQUA,svr,kernel,morgan_fingerprints,1.4458477458636614,0,1.0145219188410473,0.4098221736002543,0,0.02196400351211732,,
AQUA,random_forest,source_holdout_aqua_r2_morgan_fingerprints_xgboost,source_holdout_aqua_r2,AQUA,xgboost,tree_ensemble,morgan_fingerprints,1.556846784526364,0,1.1685699961260043,0.5638702508852114,0,0.06781484679977663,,
AQUA,random_forest,source_holdout_aqua_r2_rdkit_descriptors_elastic_net,source_holdout_aqua_r2,AQUA,elastic_net,linear,rdkit_descriptors,1.472631817315057,0,0.8271583898305137,0.22245864458972076,0,0.0034003433257246427,,
AQUA,random_forest,source_holdout_aqua_r2_rdkit_descriptors_esol,source_holdout_aqua_r2,AQUA,esol,chemistry_equation,rdkit_descriptors,3.7250292636937483,0,2.890171201721559,2.2854714564807663,0,0.0021125992500247463,,
AQUA,random_forest,source_holdout_aqua_r2_rdkit_descriptors_extra_trees,source_holdout_aqua_r2,AQUA,extra_trees,tree_ensemble,rdkit_descriptors,1.2739823463754487,0,0.6629170905550182,0.05821734531422529,1,0.054646403152177156,,
AQUA,random_forest,source_holdout_aqua_r2_rdkit_descriptors_hist_gradient_boosting,source_holdout_aqua_r2,AQUA,hist_gradient_boosting,tree_ensemble,rdkit_descriptors,1.2250947761880313,0,0.6623832746827837,0.05768352944199073,1,0.5530970765770163,,
AQUA,random_forest,source_holdout_aqua_r2_rdkit_descriptors_knn,source_holdout_aqua_r2,AQUA,knn,local_similarity,rdkit_descriptors,1.3863179432579353,0,0.938721601557664,0.3340218563168711,0,0.01399798457336589,,
AQUA,random_forest,source_holdout_aqua_r2_rdkit_descriptors_mlp,source_holdout_aqua_r2,AQUA,mlp,neural_network,rdkit_descriptors,1.2801192893650497,0,0.7232664440318651,0.11856669879107218,0,0.05178796053419928,,
AQUA,random_forest,source_holdout_aqua_r2_rdkit_descriptors_ngboost,source_holdout_aqua_r2,AQUA,ngboost,probabilistic_boosting,rdkit_descriptors,1.2704122214411198,0,0.6805304654096936,0.07583072016890069,1,0.14309947787544908,,
AQUA,random_forest,source_holdout_aqua_r2_rdkit_descriptors_random_forest,source_holdout_aqua_r2,AQUA,random_forest,tree_ensemble,rdkit_descriptors,1.253587406206576,1,0.6600275026932805,0.055327757452487525,1,0.09132260031376961,,
AQUA,random_forest,source_holdout_aqua_r2_rdkit_descriptors_ridge,source_holdout_aqua_r2,AQUA,ridge,linear,rdkit_descriptors,1.4641160213888456,0,0.8058618791771364,0.2011621339363434,0,0.003533676659057976,,
AQUA,random_forest,source_holdout_aqua_r2_rdkit_descriptors_svr,source_holdout_aqua_r2,AQUA,svr,kernel,rdkit_descriptors,1.2552000377205215,1,0.604699745240793,0.0,1,0.6380981582204979,,
AQUA,random_forest,source_holdout_aqua_r2_rdkit_descriptors_xgboost,source_holdout_aqua_r2,AQUA,xgboost,tree_ensemble,rdkit_descriptors,1.2024173222410628,1,0.6322802645010043,0.027580519260211322,1,0.63098367817519,,
AQUA,random_forest,source_holdout_aqua_r3_maccs_fingerprints_elastic_net,source_holdout_aqua_r3,AQUA,elastic_net,linear,maccs_fingerprints,1.6783218859417306,0,1.2076420988373981,0.5999581765785159,0,0.0005994220151828847,,
AQUA,random_forest,source_holdout_aqua_r3_maccs_fingerprints_extra_trees,source_holdout_aqua_r3,AQUA,extra_trees,tree_ensemble,maccs_fingerprints,1.4720993546449834,0,1.066195836767407,0.4585119145085247,0,0.005940882538786266,,
AQUA,random_forest,source_holdout_aqua_r3_maccs_fingerprints_knn,source_holdout_aqua_r3,AQUA,knn,local_similarity,maccs_fingerprints,1.5666737510893445,0,1.3281545883885917,0.7204706661297094,0,0.0015388159545768243,,
AQUA,random_forest,source_holdout_aqua_r3_maccs_fingerprints_mlp,source_holdout_aqua_r3,AQUA,mlp,neural_network,maccs_fingerprints,1.483474264439613,0,1.0500829670563652,0.44239904479748293,0,0.0008375172532781228,,
AQUA,random_forest,source_holdout_aqua_r3_maccs_fingerprints_random_forest,source_holdout_aqua_r3,AQUA,random_forest,tree_ensemble,maccs_fingerprints,1.4563944598136558,0,1.028513196128929,0.42082927387004687,0,0.010698067837148037,,
AQUA,random_forest,source_holdout_aqua_r3_maccs_fingerprints_ridge,source_holdout_aqua_r3,AQUA,ridge,linear,maccs_fingerprints,1.678426354688406,0,1.2141080282313195,0.6064241059724372,0,0.0005994220151828847,,
AQUA,random_forest,source_holdout_aqua_r3_maccs_fingerprints_svr,source_holdout_aqua_r3,AQUA,svr,kernel,maccs_fingerprints,1.4302270154046723,0,0.9543790617404415,0.3466951394815593,0,0.03597112181091518,,
AQUA,random_forest,source_holdout_aqua_r3_maccs_fingerprints_xgboost,source_holdout_aqua_r3,AQUA,xgboost,tree_ensemble,maccs_fingerprints,1.4421791806150188,0,0.9943923041040148,0.38670838184513256,0,0.03799698060308866,,
AQUA,random_forest,source_holdout_aqua_r3_molecular_graph_chemprop,source_holdout_aqua_r3,AQUA,chemprop,graph_neural_network,molecular_graph,1.197040002929196,0,0.6734020368365776,0.06571811457769539,1,0.4262057335235853,,
AQUA,random_forest,source_holdout_aqua_r3_morgan_fingerprints_elastic_net,source_holdout_aqua_r3,AQUA,elastic_net,linear,morgan_fingerprints,1.7417137081959213,0,1.2976436793719408,0.6899597571130586,0,0.0005369220151828847,,
AQUA,random_forest,source_holdout_aqua_r3_morgan_fingerprints_extra_trees,source_holdout_aqua_r3,AQUA,extra_trees,tree_ensemble,morgan_fingerprints,1.5175775672303646,0,1.236169205986495,0.6284852837276128,0,0.0023287348806799602,,
AQUA,random_forest,source_holdout_aqua_r3_morgan_fingerprints_knn,source_holdout_aqua_r3,AQUA,knn,local_similarity,morgan_fingerprints,1.6000309331512577,0,1.346994255985752,0.7393103337268697,0,0.0005369220151828847,,
AQUA,random_forest,source_holdout_aqua_r3_morgan_fingerprints_mlp,source_holdout_aqua_r3,AQUA,mlp,neural_network,morgan_fingerprints,1.5726786863360052,0,1.1678397275921903,0.5601558053333081,0,0.000870255348516218,,
AQUA,random_forest,source_holdout_aqua_r3_morgan_fingerprints_random_forest,source_holdout_aqua_r3,AQUA,random_forest,tree_ensemble,morgan_fingerprints,1.5392174090735045,0,1.2359233174805933,0.628239395221711,0,0.0039463819395034894,,
AQUA,random_forest,source_holdout_aqua_r3_morgan_fingerprints_ridge,source_holdout_aqua_r3,AQUA,ridge,linear,morgan_fingerprints,1.6783624703688305,0,1.2534368641843956,0.6457529419255134,0,0.0005369220151828847,,
AQUA,random_forest,source_holdout_aqua_r3_morgan_fingerprints_svr,source_holdout_aqua_r3,AQUA,svr,kernel,morgan_fingerprints,1.4286981941325816,0,1.014521917845496,0.4068379955866138,0,0.023041947790061596,,
AQUA,random_forest,source_holdout_aqua_r3_morgan_fingerprints_xgboost,source_holdout_aqua_r3,AQUA,xgboost,tree_ensemble,morgan_fingerprints,1.5468854952270226,0,1.1774252246849954,0.5697413024261132,0,0.06759262457755441,,
AQUA,random_forest,source_holdout_aqua_r3_rdkit_descriptors_elastic_net,source_holdout_aqua_r3,AQUA,elastic_net,linear,rdkit_descriptors,1.5132775212727472,0,0.8271583898305147,0.21947446757163247,0,0.0031622480876294045,,
AQUA,random_forest,source_holdout_aqua_r3_rdkit_descriptors_esol,source_holdout_aqua_r3,AQUA,esol,chemistry_equation,rdkit_descriptors,3.6643071160641836,0,2.890171201721559,2.2824872794626767,0,0.0021125992500247463,,
AQUA,random_forest,source_holdout_aqua_r3_rdkit_descriptors_extra_trees,source_holdout_aqua_r3,AQUA,extra_trees,tree_ensemble,rdkit_descriptors,1.3003860583062594,0,0.685573403670274,0.07788948141139174,1,0.07285005323446506,,
AQUA,random_forest,source_holdout_aqua_r3_rdkit_descriptors_hist_gradient_boosting,source_holdout_aqua_r3,AQUA,hist_gradient_boosting,tree_ensemble,rdkit_descriptors,1.2765734431003852,1,0.6336238173761523,0.025939895117270018,1,0.4804121210695515,,
AQUA,random_forest,source_holdout_aqua_r3_rdkit_descriptors_knn,source_holdout_aqua_r3,AQUA,knn,local_similarity,rdkit_descriptors,1.3577892334220727,0,0.9398390537824898,0.33215513152360754,0,0.016950208166765957,,
AQUA,random_forest,source_holdout_aqua_r3_rdkit_descriptors_mlp,source_holdout_aqua_r3,AQUA,mlp,neural_network,rdkit_descriptors,1.2763951200019041,0,0.7249016847278091,0.1172177624689269,0,0.07789594366733724,,
AQUA,random_forest,source_holdout_aqua_r3_rdkit_descriptors_ngboost,source_holdout_aqua_r3,AQUA,ngboost,probabilistic_boosting,rdkit_descriptors,1.3132460909137618,0,0.6878000883164198,0.08011616605753757,1,0.09011233289968172,,
AQUA,random_forest,source_holdout_aqua_r3_rdkit_descriptors_random_forest,source_holdout_aqua_r3,AQUA,random_forest,tree_ensemble,rdkit_descriptors,1.298224880990996,0,0.67337547768136,0.06569155542247773,1,0.05343973055061293,,
AQUA,random_forest,source_holdout_aqua_r3_rdkit_descriptors_ridge,source_holdout_aqua_r3,AQUA,ridge,linear,rdkit_descriptors,1.4880088120608117,0,0.7935842179947715,0.1859002957358893,0,0.003533676659057976,,
AQUA,random_forest,source_holdout_aqua_r3_rdkit_descriptors_svr,source_holdout_aqua_r3,AQUA,svr,kernel,rdkit_descriptors,1.2731272215984275,1,0.6076839222588822,0.0,1,0.5782586607709282,,
AQUA,random_forest,source_holdout_aqua_r3_rdkit_descriptors_xgboost,source_holdout_aqua_r3,AQUA,xgboost,tree_ensemble,rdkit_descriptors,1.2288832032832768,1,0.6376469727691485,0.029963050510266265,1,0.612453535496518,,
AQUA,random_forest,source_holdout_aqua_r4_maccs_fingerprints_elastic_net,source_holdout_aqua_r4,AQUA,elastic_net,linear,maccs_fingerprints,1.6836586046259463,0,1.207642098837398,0.6029588420036768,0,0.0005994220151828847,,
AQUA,random_forest,source_holdout_aqua_r4_maccs_fingerprints_extra_trees,source_holdout_aqua_r4,AQUA,extra_trees,tree_ensemble,maccs_fingerprints,1.3980580830255904,0,1.0039656429347286,0.3992823861010074,0,0.007667062707823578,,
AQUA,random_forest,source_holdout_aqua_r4_maccs_fingerprints_knn,source_holdout_aqua_r4,AQUA,knn,local_similarity,maccs_fingerprints,1.571763495848747,0,1.3361414651880352,0.7314582083543141,0,0.0012054826212434908,,
AQUA,random_forest,source_holdout_aqua_r4_maccs_fingerprints_mlp,source_holdout_aqua_r4,AQUA,mlp,neural_network,maccs_fingerprints,1.4187610850522976,0,1.074835778897399,0.47015252206367786,0,0.0024916839199447894,,
AQUA,random_forest,source_holdout_aqua_r4_maccs_fingerprints_random_forest,source_holdout_aqua_r4,AQUA,random_forest,tree_ensemble,maccs_fingerprints,1.4013838988205154,0,1.0177174802957392,0.413034223462018,0,0.009773825412905612,,
AQUA,random_forest,source_holdout_aqua_r4_maccs_fingerprints_ridge,source_holdout_aqua_r4,AQUA,ridge,linear,maccs_fingerprints,1.6863334256458493,0,1.2146977412958928,0.6100144844621717,0,0.0005994220151828847,,
AQUA,random_forest,source_holdout_aqua_r4_maccs_fingerprints_svr,source_holdout_aqua_r4,AQUA,svr,kernel,maccs_fingerprints,1.3562648127592232,0,0.9543812931782902,0.3496980363445691,0,0.036718957308750674,,
AQUA,random_forest,source_holdout_aqua_r4_maccs_fingerprints_xgboost,source_holdout_aqua_r4,AQUA,xgboost,tree_ensemble,maccs_fingerprints,1.374496686397605,0,0.9968595493282353,0.39217629249451413,0,0.07255429837131977,,
AQUA,random_forest,source_holdout_aqua_r4_molecular_graph_chemprop,source_holdout_aqua_r4,AQUA,chemprop,graph_neural_network,molecular_graph,1.1568799194831616,0,0.682122043497634,0.0774387866639128,1,0.42565668681865637,,
AQUA,random_forest,source_holdout_aqua_r4_morgan_fingerprints_elastic_net,source_holdout_aqua_r4,AQUA,elastic_net,linear,morgan_fingerprints,1.66172525695116,0,1.2976436793719408,0.6929604225382197,0,0.0005369220151828847,,
AQUA,random_forest,source_holdout_aqua_r4_morgan_fingerprints_extra_trees,source_holdout_aqua_r4,AQUA,extra_trees,tree_ensemble,morgan_fingerprints,1.438221836340001,0,1.2240100833021696,0.6193268264684485,0,0.00609864830059338,,
AQUA,random_forest,source_holdout_aqua_r4_morgan_fingerprints_knn,source_holdout_aqua_r4,AQUA,knn,local_similarity,morgan_fingerprints,1.568895410284213,0,1.344385783495027,0.7397025266613059,0,0.0005369220151828847,,
AQUA,random_forest,source_holdout_aqua_r4_morgan_fingerprints_mlp,source_holdout_aqua_r4,AQUA,mlp,neural_network,morgan_fingerprints,1.5056267041453677,0,1.141696410777889,0.5370131539441679,0,0.000870255348516218,,
AQUA,random_forest,source_holdout_aqua_r4_morgan_fingerprints_random_forest,source_holdout_aqua_r4,AQUA,random_forest,tree_ensemble,morgan_fingerprints,1.4599392378974114,0,1.2559728217152986,0.6512895648815774,0,0.004934477177598728,,
AQUA,random_forest,source_holdout_aqua_r4_morgan_fingerprints_ridge,source_holdout_aqua_r4,AQUA,ridge,linear,morgan_fingerprints,1.5549429428676547,0,1.2573622270880418,0.6526789702543206,0,0.0005369220151828847,,
AQUA,random_forest,source_holdout_aqua_r4_morgan_fingerprints_svr,source_holdout_aqua_r4,AQUA,svr,kernel,morgan_fingerprints,1.3263242154109909,0,1.01452191784551,0.4098386610117889,0,0.03513618215047243,,
AQUA,random_forest,source_holdout_aqua_r4_morgan_fingerprints_xgboost,source_holdout_aqua_r4,AQUA,xgboost,tree_ensemble,morgan_fingerprints,1.4408306011417837,0,1.1509584482785618,0.5462751914448406,0,0.032868249591179136,,
AQUA,random_forest,source_holdout_aqua_r4_rdkit_descriptors_elastic_net,source_holdout_aqua_r4,AQUA,elastic_net,linear,rdkit_descriptors,1.4624499834300084,0,0.827158389830514,0.2224751329967929,0,0.0034003433257246427,,
AQUA,random_forest,source_holdout_aqua_r4_rdkit_descriptors_esol,source_holdout_aqua_r4,AQUA,esol,chemistry_equation,rdkit_descriptors,4.094183571023283,0,2.890171201721559,2.285487944887838,0,0.0021125992500247463,,
AQUA,random_forest,source_holdout_aqua_r4_rdkit_descriptors_extra_trees,source_holdout_aqua_r4,AQUA,extra_trees,tree_ensemble,rdkit_descriptors,1.2087708101477113,0,0.6734985207514179,0.06881526391769677,1,0.16061975891425348,,
AQUA,random_forest,source_holdout_aqua_r4_rdkit_descriptors_hist_gradient_boosting,source_holdout_aqua_r4,AQUA,hist_gradient_boosting,tree_ensemble,rdkit_descriptors,1.1725621367531514,0,0.6980423533580316,0.0933590965243104,1,0.5132328392892495,,
AQUA,random_forest,source_holdout_aqua_r4_rdkit_descriptors_knn,source_holdout_aqua_r4,AQUA,knn,local_similarity,rdkit_descriptors,1.2873191113257882,0,0.9387640162642934,0.33408075943057225,0,0.029681455883243845,,
AQUA,random_forest,source_holdout_aqua_r4_rdkit_descriptors_mlp,source_holdout_aqua_r4,AQUA,mlp,neural_network,rdkit_descriptors,1.283168543773036,0,0.7370685136420156,0.1323852568082945,0,0.027692679946194246,,
AQUA,random_forest,source_holdout_aqua_r4_rdkit_descriptors_ngboost,source_holdout_aqua_r4,AQUA,ngboost,probabilistic_boosting,rdkit_descriptors,1.2389614353993312,0,0.6744529881438048,0.06976973131008368,1,0.17992862465902212,,
AQUA,random_forest,source_holdout_aqua_r4_rdkit_descriptors_random_forest,source_holdout_aqua_r4,AQUA,random_forest,tree_ensemble,rdkit_descriptors,1.195992873411524,1,0.6680973704222567,0.06341411358853555,1,0.12955869464026357,,
AQUA,random_forest,source_holdout_aqua_r4_rdkit_descriptors_ridge,source_holdout_aqua_r4,AQUA,ridge,linear,rdkit_descriptors,1.4670962945786108,0,0.8214604269426654,0.21677717010894426,0,0.003533676659057976,,
AQUA,random_forest,source_holdout_aqua_r4_rdkit_descriptors_svr,source_holdout_aqua_r4,AQUA,svr,kernel,rdkit_descriptors,1.1940321919649284,1,0.6046832568337211,0.0,1,0.6698397899562087,,
AQUA,random_forest,source_holdout_aqua_r4_rdkit_descriptors_xgboost,source_holdout_aqua_r4,AQUA,xgboost,tree_ensemble,rdkit_descriptors,1.1303962671036638,1,0.6248397400205639,0.02015648318684271,1,0.7724057672269129,,
AQUA,random_forest,source_holdout_aqua_r5_maccs_fingerprints_elastic_net,source_holdout_aqua_r5,AQUA,elastic_net,linear,maccs_fingerprints,1.6499555739195046,0,1.207642098837398,0.6029498401596007,0,0.0005994220151828847,,
AQUA,random_forest,source_holdout_aqua_r5_maccs_fingerprints_extra_trees,source_holdout_aqua_r5,AQUA,extra_trees,tree_ensemble,maccs_fingerprints,1.437047866000033,0,1.009078335228562,0.40438607655076475,0,0.011157971798732671,,
AQUA,random_forest,source_holdout_aqua_r5_maccs_fingerprints_knn,source_holdout_aqua_r5,AQUA,knn,local_similarity,maccs_fingerprints,1.5519036190756599,0,1.3325932635268476,0.7279010048490504,0,0.002188815954576824,,
AQUA,random_forest,source_holdout_aqua_r5_maccs_fingerprints_mlp,source_holdout_aqua_r5,AQUA,mlp,neural_network,maccs_fingerprints,1.4120232119013905,0,1.0612081826009425,0.45651592392314533,0,0.004190984619245489,,
AQUA,random_forest,source_holdout_aqua_r5_maccs_fingerprints_random_forest,source_holdout_aqua_r5,AQUA,random_forest,tree_ensemble,maccs_fingerprints,1.4346028171089926,0,1.0203926027070995,0.41570034402930234,0,0.009773825412905612,,
AQUA,random_forest,source_holdout_aqua_r5_maccs_fingerprints_ridge,source_holdout_aqua_r5,AQUA,ridge,linear,maccs_fingerprints,1.6476437430891657,0,1.2144074739651927,0.6097152152873955,0,0.0005994220151828847,,
AQUA,random_forest,source_holdout_aqua_r5_maccs_fingerprints_svr,source_holdout_aqua_r5,AQUA,svr,kernel,maccs_fingerprints,1.3530706618497577,0,0.9501890397593185,0.34549678108152126,0,0.03211970475531856,,
AQUA,random_forest,source_holdout_aqua_r5_maccs_fingerprints_xgboost,source_holdout_aqua_r5,AQUA,xgboost,tree_ensemble,maccs_fingerprints,1.3915030277134004,0,1.0043415014709098,0.39964924279311265,0,0.07438914685616826,,
AQUA,random_forest,source_holdout_aqua_r5_molecular_graph_chemprop,source_holdout_aqua_r5,AQUA,chemprop,graph_neural_network,molecular_graph,1.2324801104824865,0,0.6964236264313872,0.09173136775359003,1,0.3394301448718296,,
AQUA,random_forest,source_holdout_aqua_r5_morgan_fingerprints_elastic_net,source_holdout_aqua_r5,AQUA,elastic_net,linear,morgan_fingerprints,1.7289575152390417,0,1.2976436793719406,0.6929514206941434,0,0.0005369220151828847,,
AQUA,random_forest,source_holdout_aqua_r5_morgan_fingerprints_extra_trees,source_holdout_aqua_r5,AQUA,extra_trees,tree_ensemble,morgan_fingerprints,1.4837739431684587,0,1.2431648142718184,0.6384725555940212,0,0.0027501634521085315,,
AQUA,random_forest,source_holdout_aqua_r5_morgan_fingerprints_knn,source_holdout_aqua_r5,AQUA,knn,local_similarity,morgan_fingerprints,1.615739003524985,0,1.3433932009490335,0.7387009422712363,0,0.0005369220151828847,,
AQUA,random_forest,source_holdout_aqua_r5_morgan_fingerprints_mlp,source_holdout_aqua_r5,AQUA,mlp,neural_network,morgan_fingerprints,1.551793924620436,0,1.1678252762242414,0.5631330175464442,0,0.000870255348516218,,
AQUA,random_forest,source_holdout_aqua_r5_morgan_fingerprints_random_forest,source_holdout_aqua_r5,AQUA,random_forest,tree_ensemble,morgan_fingerprints,1.515556579482333,0,1.2468431402583933,0.6421508815805961,0,0.004113048606170157,,
AQUA,random_forest,source_holdout_aqua_r5_morgan_fingerprints_ridge,source_holdout_aqua_r5,AQUA,ridge,linear,morgan_fingerprints,1.6697672583230132,0,1.257334137578349,0.6526418789005519,0,0.0005369220151828847,,
AQUA,random_forest,source_holdout_aqua_r5_morgan_fingerprints_svr,source_holdout_aqua_r5,AQUA,svr,kernel,morgan_fingerprints,1.3965177730693992,0,1.0145219178455045,0.4098296591677073,0,0.02481467506278887,,
AQUA,random_forest,source_holdout_aqua_r5_morgan_fingerprints_xgboost,source_holdout_aqua_r5,AQUA,xgboost,tree_ensemble,morgan_fingerprints,1.5597184634312846,0,1.1808042134541146,0.5761119547763174,0,0.02275901817931614,,
AQUA,random_forest,source_holdout_aqua_r5_rdkit_descriptors_elastic_net,source_holdout_aqua_r5,AQUA,elastic_net,linear,rdkit_descriptors,1.4955133862951093,0,0.8271583898305135,0.2224661311527163,0,0.0034003433257246427,,
AQUA,random_forest,source_holdout_aqua_r5_rdkit_descriptors_esol,source_holdout_aqua_r5,AQUA,esol,chemistry_equation,rdkit_descriptors,3.8840949707049184,0,2.890171201721559,2.2854789430437616,0,0.0021125992500247463,,
AQUA,random_forest,source_holdout_aqua_r5_rdkit_descriptors_extra_trees,source_holdout_aqua_r5,AQUA,extra_trees,tree_ensemble,rdkit_descriptors,1.2595519895931189,0,0.6561464266692703,0.051454167991473065,1,0.06177579048273896,,
AQUA,random_forest,source_holdout_aqua_r5_rdkit_descriptors_hist_gradient_boosting,source_holdout_aqua_r5,AQUA,hist_gradient_boosting,tree_ensemble,rdkit_descriptors,1.2097635700925378,1,0.6453156597096561,0.04062340103185891,1,0.5576411552108009,,
AQUA,random_forest,source_holdout_aqua_r5_rdkit_descriptors_knn,source_holdout_aqua_r5,AQUA,knn,local_similarity,rdkit_descriptors,1.3681397152407548,0,0.9391862956661029,0.3344940369883057,0,0.012734029900587685,,
AQUA,random_forest,source_holdout_aqua_r5_rdkit_descriptors_mlp,source_holdout_aqua_r5,AQUA,mlp,neural_network,rdkit_descriptors,1.294869127989758,0,0.7249015869270935,0.12020932824929631,0,0.025315851219365526,,
AQUA,random_forest,source_holdout_aqua_r5_rdkit_descriptors_ngboost,source_holdout_aqua_r5,AQUA,ngboost,probabilistic_boosting,rdkit_descriptors,1.281534987509427,0,0.685442850608465,0.0807505919306678,1,0.13461023057080262,,
AQUA,random_forest,source_holdout_aqua_r5_rdkit_descriptors_random_forest,source_holdout_aqua_r5,AQUA,random_forest,tree_ensemble,rdkit_descriptors,1.2601171677259302,0,0.6782113135315962,0.07351905485379906,1,0.08886356580511186,,
AQUA,random_forest,source_holdout_aqua_r5_rdkit_descriptors_ridge,source_holdout_aqua_r5,AQUA,ridge,linear,rdkit_descriptors,1.491220340370953,0,0.7933525918005249,0.18866033312272767,0,0.003533676659057976,,
AQUA,random_forest,source_holdout_aqua_r5_rdkit_descriptors_svr,source_holdout_aqua_r5,AQUA,svr,kernel,rdkit_descriptors,1.2423741163517408,1,0.6046922586777972,0.0,1,0.6468768047459711,,
AQUA,random_forest,source_holdout_aqua_r5_rdkit_descriptors_xgboost,source_holdout_aqua_r5,AQUA,xgboost,tree_ensemble,rdkit_descriptors,1.1916225939794294,1,0.6328328330101054,0.02814057433230821,1,0.7752817324725376,,
AQUA,hist_gradient_boosting,source_holdout_aqua_r1_maccs_fingerprints_elastic_net,source_holdout_aqua_r1,AQUA,elastic_net,linear,maccs_fingerprints,1.6512239588503594,0,1.2076420988373981,0.6029334470066768,0,0.00021530430179957658,,
AQUA,hist_gradient_boosting,source_holdout_aqua_r1_maccs_fingerprints_extra_trees,source_holdout_aqua_r1,AQUA,extra_trees,tree_ensemble,maccs_fingerprints,1.4361660196388675,0,1.0042881704931548,0.39957951866243346,0,0.0004455835257737391,,
AQUA,hist_gradient_boosting,source_holdout_aqua_r1_maccs_fingerprints_knn,source_holdout_aqua_r1,AQUA,knn,local_similarity,maccs_fingerprints,1.5674372589016232,0,1.3335111630137282,0.7288025111830069,0,0.0002212046850652213,,
AQUA,hist_gradient_boosting,source_holdout_aqua_r1_maccs_fingerprints_mlp,source_holdout_aqua_r1,AQUA,mlp,neural_network,maccs_fingerprints,1.4436650162612863,0,1.036936140309864,0.4322274884791427,0,0.00019666945031944909,,
AQUA,hist_gradient_boosting,source_holdout_aqua_r1_maccs_fingerprints_random_forest,source_holdout_aqua_r1,AQUA,random_forest,tree_ensemble,maccs_fingerprints,1.4096247229812484,0,1.0217423422078438,0.41703369037712246,0,0.0015601858462243297,,
AQUA,hist_gradient_boosting,source_holdout_aqua_r1_maccs_fingerprints_ridge,source_holdout_aqua_r1,AQUA,ridge,linear,maccs_fingerprints,1.6529353878964803,0,1.2146473395429578,0.6099386877122365,0,0.00021530430179957658,,
AQUA,hist_gradient_boosting,source_holdout_aqua_r1_maccs_fingerprints_svr,source_holdout_aqua_r1,AQUA,svr,kernel,maccs_fingerprints,1.386238590828105,0,0.9501770771629928,0.3454684253322715,0,0.001180686107763113,,
AQUA,hist_gradient_boosting,source_holdout_aqua_r1_maccs_fingerprints_xgboost,source_holdout_aqua_r1,AQUA,xgboost,tree_ensemble,maccs_fingerprints,1.3977330792238443,0,0.9981417706064476,0.3934331187757263,0,0.001450073582846248,,
AQUA,hist_gradient_boosting,source_holdout_aqua_r1_molecular_graph_chemprop,source_holdout_aqua_r1,AQUA,chemprop,graph_neural_network,molecular_graph,1.1642819875673727,0,0.666241504002147,0.06153285217142568,1,0.09174860150229844,,
AQUA,hist_gradient_boosting,source_holdout_aqua_r1_morgan_fingerprints_elastic_net,source_holdout_aqua_r1,AQUA,elastic_net,linear,morgan_fingerprints,1.7139851778163884,0,1.3672758177390207,0.7625671659082994,0,0.0002490471967062555,,
AQUA,hist_gradient_boosting,source_holdout_aqua_r1_morgan_fingerprints_extra_trees,source_holdout_aqua_r1,AQUA,extra_trees,tree_ensemble,morgan_fingerprints,1.4129376756834628,0,1.2261523931775928,0.6214437413468715,0,0.002923609526668965,,
AQUA,hist_gradient_boosting,source_holdout_aqua_r1_morgan_fingerprints_knn,source_holdout_aqua_r1,AQUA,knn,local_similarity,morgan_fingerprints,1.5285267576075792,0,1.343196560678332,0.7384879088476107,0,0.00028715055619511613,,
AQUA,hist_gradient_boosting,source_holdout_aqua_r1_morgan_fingerprints_mlp,source_holdout_aqua_r1,AQUA,mlp,neural_network,morgan_fingerprints,1.540219762258286,0,1.1783523078025084,0.5736436559717871,0,0.0001597370415678826,,
AQUA,hist_gradient_boosting,source_holdout_aqua_r1_morgan_fingerprints_random_forest,source_holdout_aqua_r1,AQUA,random_forest,tree_ensemble,morgan_fingerprints,1.4346779646300312,0,1.2471264878935149,0.6424178360627936,0,0.001647421861741769,,
AQUA,hist_gradient_boosting,source_holdout_aqua_r1_morgan_fingerprints_ridge,source_holdout_aqua_r1,AQUA,ridge,linear,morgan_fingerprints,1.5991371814499349,0,1.2573576491400726,0.6526489973093513,0,0.0002490471967062555,,
AQUA,hist_gradient_boosting,source_holdout_aqua_r1_morgan_fingerprints_svr,source_holdout_aqua_r1,AQUA,svr,kernel,morgan_fingerprints,1.3652360739972433,0,1.0145219178454985,0.4098132660147772,0,0.00261018635988714,,
AQUA,hist_gradient_boosting,source_holdout_aqua_r1_morgan_fingerprints_xgboost,source_holdout_aqua_r1,AQUA,xgboost,tree_ensemble,morgan_fingerprints,1.479803932071978,0,1.1673942839371092,0.5626856321063879,0,0.0011027136537601623,,
AQUA,hist_gradient_boosting,source_holdout_aqua_r1_rdkit_descriptors_elastic_net,source_holdout_aqua_r1,AQUA,elastic_net,linear,rdkit_descriptors,1.436057984862178,0,0.8271583898305145,0.22244973799979317,0,0.00024121274154625372,,
AQUA,hist_gradient_boosting,source_holdout_aqua_r1_rdkit_descriptors_esol,source_holdout_aqua_r1,AQUA,esol,chemistry_equation,rdkit_descriptors,3.4202114097926826,0,2.890171201721559,2.2854625498908376,0,0.00025708310534179065,,
AQUA,hist_gradient_boosting,source_holdout_aqua_r1_rdkit_descriptors_extra_trees,source_holdout_aqua_r1,AQUA,extra_trees,tree_ensemble,rdkit_descriptors,1.2136274142364543,0,0.6843594286156133,0.07965077678489196,1,0.004441348704300289,,
AQUA,hist_gradient_boosting,source_holdout_aqua_r1_rdkit_descriptors_hist_gradient_boosting,source_holdout_aqua_r1,AQUA,hist_gradient_boosting,tree_ensemble,rdkit_descriptors,1.181375178894135,1,0.6424621463771643,0.037753494546442945,1,0.06526948450896247,,
AQUA,hist_gradient_boosting,source_holdout_aqua_r1_rdkit_descriptors_knn,source_holdout_aqua_r1,AQUA,knn,local_similarity,rdkit_descriptors,1.293605060012796,0,0.9407595665248971,0.3360509146941758,0,0.0010020465811635744,,
AQUA,hist_gradient_boosting,source_holdout_aqua_r1_rdkit_descriptors_mlp,source_holdout_aqua_r1,AQUA,mlp,neural_network,rdkit_descriptors,1.2515618577739078,0,0.7378445850353079,0.1331359332045866,0,0.02401914797030366,,
AQUA,hist_gradient_boosting,source_holdout_aqua_r1_rdkit_descriptors_ngboost,source_holdout_aqua_r1,AQUA,ngboost,probabilistic_boosting,rdkit_descriptors,1.2497395093822992,0,0.6870400647974755,0.08233141296675417,1,0.047912449079469205,,
AQUA,hist_gradient_boosting,source_holdout_aqua_r1_rdkit_descriptors_random_forest,source_holdout_aqua_r1,AQUA,random_forest,tree_ensemble,rdkit_descriptors,1.2077100080001604,0,0.6714283315347511,0.06671967970402981,1,0.010617877398339063,,
AQUA,hist_gradient_boosting,source_holdout_aqua_r1_rdkit_descriptors_ridge,source_holdout_aqua_r1,AQUA,ridge,linear,rdkit_descriptors,1.412681341959453,0,0.7952810030804768,0.19057235124975547,0,0.0002666469724623762,,
AQUA,hist_gradient_boosting,source_holdout_aqua_r1_rdkit_descriptors_svr,source_holdout_aqua_r1,AQUA,svr,kernel,rdkit_descriptors,1.193528663237971,1,0.6047086518307213,0.0,1,0.9381226782054147,,
AQUA,hist_gradient_boosting,source_holdout_aqua_r1_rdkit_descriptors_xgboost,source_holdout_aqua_r1,AQUA,xgboost,tree_ensemble,rdkit_descriptors,1.1467345315640023,1,0.6348692963074404,0.030160644476719067,1,0.9174613435483401,,
AQUA,hist_gradient_boosting,source_holdout_aqua_r2_maccs_fingerprints_elastic_net,source_holdout_aqua_r2,AQUA,elastic_net,linear,maccs_fingerprints,1.6155483169771705,0,1.2076420988373984,0.6029423535966054,0,0.00021530430179957658,,
AQUA,hist_gradient_boosting,source_holdout_aqua_r2_maccs_fingerprints_extra_trees,source_holdout_aqua_r2,AQUA,extra_trees,tree_ensemble,maccs_fingerprints,1.406623676351646,0,0.9988541484103313,0.3941544031695383,0,0.0009771445638113035,,
AQUA,hist_gradient_boosting,source_holdout_aqua_r2_maccs_fingerprints_knn,source_holdout_aqua_r2,AQUA,knn,local_similarity,maccs_fingerprints,1.5495220378770163,0,1.3426821283802264,0.7379823831394334,0,0.0002557373412812323,,
AQUA,hist_gradient_boosting,source_holdout_aqua_r2_maccs_fingerprints_mlp,source_holdout_aqua_r2,AQUA,mlp,neural_network,maccs_fingerprints,1.403582082031516,0,1.0438553186420718,0.43915557340127886,0,0.0007688438011754842,,
AQUA,hist_gradient_boosting,source_holdout_aqua_r2_maccs_fingerprints_random_forest,source_holdout_aqua_r2,AQUA,random_forest,tree_ensemble,maccs_fingerprints,1.4097560623619165,0,1.022366148466573,0.41766640322577997,0,0.0018130569679766608,,
AQUA,hist_gradient_boosting,source_holdout_aqua_r2_maccs_fingerprints_ridge,source_holdout_aqua_r2,AQUA,ridge,linear,maccs_fingerprints,1.6185931994592255,0,1.213556633196298,0.608856887955505,0,0.00021530430179957658,,
AQUA,hist_gradient_boosting,source_holdout_aqua_r2_maccs_fingerprints_svr,source_holdout_aqua_r2,AQUA,svr,kernel,maccs_fingerprints,1.3523863417162458,0,0.9543728008653313,0.3496730556245383,0,0.0008852640134082523,,
AQUA,hist_gradient_boosting,source_holdout_aqua_r2_maccs_fingerprints_xgboost,source_holdout_aqua_r2,AQUA,xgboost,tree_ensemble,maccs_fingerprints,1.3545177188195041,0,1.0047993902828982,0.40009964504210527,0,0.0013599428134417986,,
AQUA,hist_gradient_boosting,source_holdout_aqua_r2_molecular_graph_chemprop,source_holdout_aqua_r2,AQUA,chemprop,graph_neural_network,molecular_graph,1.2384915770684488,0,0.7020986492385507,0.09739890399775775,1,0.20020693769967568,,
AQUA,hist_gradient_boosting,source_holdout_aqua_r2_morgan_fingerprints_elastic_net,source_holdout_aqua_r2,AQUA,elastic_net,linear,morgan_fingerprints,1.7094745187198381,0,1.2976436793719408,0.6929439341311479,0,0.0002490471967062555,,
AQUA,hist_gradient_boosting,source_holdout_aqua_r2_morgan_fingerprints_extra_trees,source_holdout_aqua_r2,AQUA,extra_trees,tree_ensemble,morgan_fingerprints,1.5334943203760496,0,1.2190383376723006,0.6143385924315077,0,0.0005819371965202722,,
AQUA,hist_gradient_boosting,source_holdout_aqua_r2_morgan_fingerprints_knn,source_holdout_aqua_r2,AQUA,knn,local_similarity,morgan_fingerprints,1.608907351428223,0,1.3427647813731842,0.7380650361323913,0,0.0002548544804512638,,
AQUA,hist_gradient_boosting,source_holdout_aqua_r2_morgan_fingerprints_mlp,source_holdout_aqua_r2,AQUA,mlp,neural_network,morgan_fingerprints,1.5347477982162667,0,1.2076273009101253,0.6029275556693323,0,0.0001597370415678826,,
AQUA,hist_gradient_boosting,source_holdout_aqua_r2_morgan_fingerprints_random_forest,source_holdout_aqua_r2,AQUA,random_forest,tree_ensemble,morgan_fingerprints,1.542951391678093,0,1.2288180870644978,0.6241183418237048,0,0.00031248043329315853,,
AQUA,hist_gradient_boosting,source_holdout_aqua_r2_morgan_fingerprints_ridge,source_holdout_aqua_r2,AQUA,ridge,linear,morgan_fingerprints,1.6147146296157708,0,1.257358093864185,0.6526583486233921,0,0.0002490471967062555,,
AQUA,hist_gradient_boosting,source_holdout_aqua_r2_morgan_fingerprints_svr,source_holdout_aqua_r2,AQUA,svr,kernel,morgan_fingerprints,1.4458477458636614,0,1.0145219188410473,0.4098221736002543,0,0.0018492904516513673,,
AQUA,hist_gradient_boosting,source_holdout_aqua_r2_morgan_fingerprints_xgboost,source_holdout_aqua_r2,AQUA,xgboost,tree_ensemble,morgan_fingerprints,1.556846784526364,0,1.1685699961260043,0.5638702508852114,0,0.0017497404430420556,,
AQUA,hist_gradient_boosting,source_holdout_aqua_r2_rdkit_descriptors_elastic_net,source_holdout_aqua_r2,AQUA,elastic_net,linear,rdkit_descriptors,1.472631817315057,0,0.8271583898305137,0.22245864458972076,0,0.00017822622688431743,,
AQUA,hist_gradient_boosting,source_holdout_aqua_r2_rdkit_descriptors_esol,source_holdout_aqua_r2,AQUA,esol,chemistry_equation,rdkit_descriptors,3.7250292636937483,0,2.890171201721559,2.2854714564807663,0,0.00025708310534179065,,
AQUA,hist_gradient_boosting,source_holdout_aqua_r2_rdkit_descriptors_extra_trees,source_holdout_aqua_r2,AQUA,extra_trees,tree_ensemble,rdkit_descriptors,1.2739823463754487,0,0.6629170905550182,0.05821734531422529,1,0.0018357320629529225,,
AQUA,hist_gradient_boosting,source_holdout_aqua_r2_rdkit_descriptors_hist_gradient_boosting,source_holdout_aqua_r2,AQUA,hist_gradient_boosting,tree_ensemble,rdkit_descriptors,1.2250947761880313,0,0.6623832746827837,0.05768352944199073,1,0.5074391844021025,,
AQUA,hist_gradient_boosting,source_holdout_aqua_r2_rdkit_descriptors_knn,source_holdout_aqua_r2,AQUA,knn,local_similarity,rdkit_descriptors,1.3863179432579353,0,0.938721601557664,0.3340218563168711,0,0.0017186958129871029,,
AQUA,hist_gradient_boosting,source_holdout_aqua_r2_rdkit_descriptors_mlp,source_holdout_aqua_r2,AQUA,mlp,neural_network,rdkit_descriptors,1.2801192893650497,0,0.7232664440318651,0.11856669879107218,0,0.0023255694808563877,,
AQUA,hist_gradient_boosting,source_holdout_aqua_r2_rdkit_descriptors_ngboost,source_holdout_aqua_r2,AQUA,ngboost,probabilistic_boosting,rdkit_descriptors,1.2704122214411198,0,0.6805304654096936,0.07583072016890069,1,0.011726489254512175,,
AQUA,hist_gradient_boosting,source_holdout_aqua_r2_rdkit_descriptors_random_forest,source_holdout_aqua_r2,AQUA,random_forest,tree_ensemble,rdkit_descriptors,1.253587406206576,1,0.6600275026932805,0.055327757452487525,1,0.01793972975001143,,
AQUA,hist_gradient_boosting,source_holdout_aqua_r2_rdkit_descriptors_ridge,source_holdout_aqua_r2,AQUA,ridge,linear,rdkit_descriptors,1.4641160213888456,0,0.8058618791771364,0.2011621339363434,0,0.000171940438788276,,
AQUA,hist_gradient_boosting,source_holdout_aqua_r2_rdkit_descriptors_svr,source_holdout_aqua_r2,AQUA,svr,kernel,rdkit_descriptors,1.2552000377205215,1,0.604699745240793,0.0,1,0.8952415793803562,,
AQUA,hist_gradient_boosting,source_holdout_aqua_r2_rdkit_descriptors_xgboost,source_holdout_aqua_r2,AQUA,xgboost,tree_ensemble,rdkit_descriptors,1.2024173222410628,1,0.6322802645010043,0.027580519260211322,1,0.8359453883678013,,
AQUA,hist_gradient_boosting,source_holdout_aqua_r3_maccs_fingerprints_elastic_net,source_holdout_aqua_r3,AQUA,elastic_net,linear,maccs_fingerprints,1.6783218859417306,0,1.2076420988373981,0.5999581765785159,0,0.00021530430179957658,,
AQUA,hist_gradient_boosting,source_holdout_aqua_r3_maccs_fingerprints_extra_trees,source_holdout_aqua_r3,AQUA,extra_trees,tree_ensemble,maccs_fingerprints,1.4720993546449834,0,1.066195836767407,0.4585119145085247,0,0.0007752003793394334,,
AQUA,hist_gradient_boosting,source_holdout_aqua_r3_maccs_fingerprints_knn,source_holdout_aqua_r3,AQUA,knn,local_similarity,maccs_fingerprints,1.5666737510893445,0,1.3281545883885917,0.7204706661297094,0,0.0001455342174316866,,
AQUA,hist_gradient_boosting,source_holdout_aqua_r3_maccs_fingerprints_mlp,source_holdout_aqua_r3,AQUA,mlp,neural_network,maccs_fingerprints,1.483474264439613,0,1.0500829670563652,0.44239904479748293,0,0.00017537402061042963,,
AQUA,hist_gradient_boosting,source_holdout_aqua_r3_maccs_fingerprints_random_forest,source_holdout_aqua_r3,AQUA,random_forest,tree_ensemble,maccs_fingerprints,1.4563944598136558,0,1.028513196128929,0.42082927387004687,0,0.0021700572808864872,,
AQUA,hist_gradient_boosting,source_holdout_aqua_r3_maccs_fingerprints_ridge,source_holdout_aqua_r3,AQUA,ridge,linear,maccs_fingerprints,1.678426354688406,0,1.2141080282313195,0.6064241059724372,0,0.00021530430179957658,,
AQUA,hist_gradient_boosting,source_holdout_aqua_r3_maccs_fingerprints_svr,source_holdout_aqua_r3,AQUA,svr,kernel,maccs_fingerprints,1.4302270154046723,0,0.9543790617404415,0.3466951394815593,0,0.0010243313978576104,,
AQUA,hist_gradient_boosting,source_holdout_aqua_r3_maccs_fingerprints_xgboost,source_holdout_aqua_r3,AQUA,xgboost,tree_ensemble,maccs_fingerprints,1.4421791806150188,0,0.9943923041040148,0.38670838184513256,0,0.0014956439050722384,,
AQUA,hist_gradient_boosting,source_holdout_aqua_r3_molecular_graph_chemprop,source_holdout_aqua_r3,AQUA,chemprop,graph_neural_network,molecular_graph,1.197040002929196,0,0.6734020368365776,0.06571811457769539,1,0.316208486530879,,
AQUA,hist_gradient_boosting,source_holdout_aqua_r3_morgan_fingerprints_elastic_net,source_holdout_aqua_r3,AQUA,elastic_net,linear,morgan_fingerprints,1.7417137081959213,0,1.2976436793719408,0.6899597571130586,0,0.0002490471967062555,,
AQUA,hist_gradient_boosting,source_holdout_aqua_r3_morgan_fingerprints_extra_trees,source_holdout_aqua_r3,AQUA,extra_trees,tree_ensemble,morgan_fingerprints,1.5175775672303646,0,1.236169205986495,0.6284852837276128,0,0.0006498391326035658,,
AQUA,hist_gradient_boosting,source_holdout_aqua_r3_morgan_fingerprints_knn,source_holdout_aqua_r3,AQUA,knn,local_similarity,morgan_fingerprints,1.6000309331512577,0,1.346994255985752,0.7393103337268697,0,0.0002548544804512638,,
AQUA,hist_gradient_boosting,source_holdout_aqua_r3_morgan_fingerprints_mlp,source_holdout_aqua_r3,AQUA,mlp,neural_network,morgan_fingerprints,1.5726786863360052,0,1.1678397275921903,0.5601558053333081,0,0.0002735581689036773,,
AQUA,hist_gradient_boosting,source_holdout_aqua_r3_morgan_fingerprints_random_forest,source_holdout_aqua_r3,AQUA,random_forest,tree_ensemble,morgan_fingerprints,1.5392174090735045,0,1.2359233174805933,0.628239395221711,0,0.00031248043329315853,,
AQUA,hist_gradient_boosting,source_holdout_aqua_r3_morgan_fingerprints_ridge,source_holdout_aqua_r3,AQUA,ridge,linear,morgan_fingerprints,1.6783624703688305,0,1.2534368641843956,0.6457529419255134,0,0.0002490471967062555,,
AQUA,hist_gradient_boosting,source_holdout_aqua_r3_morgan_fingerprints_svr,source_holdout_aqua_r3,AQUA,svr,kernel,morgan_fingerprints,1.4286981941325816,0,1.014521917845496,0.4068379955866138,0,0.001965665334902087,,
AQUA,hist_gradient_boosting,source_holdout_aqua_r3_morgan_fingerprints_xgboost,source_holdout_aqua_r3,AQUA,xgboost,tree_ensemble,morgan_fingerprints,1.5468854952270226,0,1.1774252246849954,0.5697413024261132,0,0.001301851641441879,,
AQUA,hist_gradient_boosting,source_holdout_aqua_r3_rdkit_descriptors_elastic_net,source_holdout_aqua_r3,AQUA,elastic_net,linear,rdkit_descriptors,1.5132775212727472,0,0.8271583898305147,0.21947446757163247,0,0.00033212232144496295,,
AQUA,hist_gradient_boosting,source_holdout_aqua_r3_rdkit_descriptors_esol,source_holdout_aqua_r3,AQUA,esol,chemistry_equation,rdkit_descriptors,3.6643071160641836,0,2.890171201721559,2.2824872794626767,0,0.00025708310534179065,,
AQUA,hist_gradient_boosting,source_holdout_aqua_r3_rdkit_descriptors_extra_trees,source_holdout_aqua_r3,AQUA,extra_trees,tree_ensemble,rdkit_descriptors,1.3003860583062594,0,0.685573403670274,0.07788948141139174,1,0.004699021008035807,,
AQUA,hist_gradient_boosting,source_holdout_aqua_r3_rdkit_descriptors_hist_gradient_boosting,source_holdout_aqua_r3,AQUA,hist_gradient_boosting,tree_ensemble,rdkit_descriptors,1.2765734431003852,1,0.6336238173761523,0.025939895117270018,1,0.3272451994687957,,
AQUA,hist_gradient_boosting,source_holdout_aqua_r3_rdkit_descriptors_knn,source_holdout_aqua_r3,AQUA,knn,local_similarity,rdkit_descriptors,1.3577892334220727,0,0.9398390537824898,0.33215513152360754,0,0.0007204496031917761,,
AQUA,hist_gradient_boosting,source_holdout_aqua_r3_rdkit_descriptors_mlp,source_holdout_aqua_r3,AQUA,mlp,neural_network,rdkit_descriptors,1.2763951200019041,0,0.7249016847278091,0.1172177624689269,0,0.0006688303553335201,,
AQUA,hist_gradient_boosting,source_holdout_aqua_r3_rdkit_descriptors_ngboost,source_holdout_aqua_r3,AQUA,ngboost,probabilistic_boosting,rdkit_descriptors,1.3132460909137618,0,0.6878000883164198,0.08011616605753757,1,0.0028391852617205334,,
AQUA,hist_gradient_boosting,source_holdout_aqua_r3_rdkit_descriptors_random_forest,source_holdout_aqua_r3,AQUA,random_forest,tree_ensemble,rdkit_descriptors,1.298224880990996,0,0.67337547768136,0.06569155542247773,1,0.004317394529971579,,
AQUA,hist_gradient_boosting,source_holdout_aqua_r3_rdkit_descriptors_ridge,source_holdout_aqua_r3,AQUA,ridge,linear,rdkit_descriptors,1.4880088120608117,0,0.7935842179947715,0.1859002957358893,0,0.0002123996315287363,,
AQUA,hist_gradient_boosting,source_holdout_aqua_r3_rdkit_descriptors_svr,source_holdout_aqua_r3,AQUA,svr,kernel,rdkit_descriptors,1.2731272215984275,1,0.6076839222588822,0.0,1,0.9465935827005191,,
AQUA,hist_gradient_boosting,source_holdout_aqua_r3_rdkit_descriptors_xgboost,source_holdout_aqua_r3,AQUA,xgboost,tree_ensemble,rdkit_descriptors,1.2288832032832768,1,0.6376469727691485,0.029963050510266265,1,0.935603760642288,,
AQUA,hist_gradient_boosting,source_holdout_aqua_r4_maccs_fingerprints_elastic_net,source_holdout_aqua_r4,AQUA,elastic_net,linear,maccs_fingerprints,1.6836586046259463,0,1.207642098837398,0.6029588420036768,0,0.00021530430179957658,,
AQUA,hist_gradient_boosting,source_holdout_aqua_r4_maccs_fingerprints_extra_trees,source_holdout_aqua_r4,AQUA,extra_trees,tree_ensemble,maccs_fingerprints,1.3980580830255904,0,1.0039656429347286,0.3992823861010074,0,0.000687120731957015,,
AQUA,hist_gradient_boosting,source_holdout_aqua_r4_maccs_fingerprints_knn,source_holdout_aqua_r4,AQUA,knn,local_similarity,maccs_fingerprints,1.571763495848747,0,1.3361414651880352,0.7314582083543141,0,0.0002212046850652213,,
AQUA,hist_gradient_boosting,source_holdout_aqua_r4_maccs_fingerprints_mlp,source_holdout_aqua_r4,AQUA,mlp,neural_network,maccs_fingerprints,1.4187610850522976,0,1.074835778897399,0.47015252206367786,0,0.00023091871275063126,,
AQUA,hist_gradient_boosting,source_holdout_aqua_r4_maccs_fingerprints_random_forest,source_holdout_aqua_r4,AQUA,random_forest,tree_ensemble,maccs_fingerprints,1.4013838988205154,0,1.0177174802957392,0.413034223462018,0,0.0021843284513410432,,
AQUA,hist_gradient_boosting,source_holdout_aqua_r4_maccs_fingerprints_ridge,source_holdout_aqua_r4,AQUA,ridge,linear,maccs_fingerprints,1.6863334256458493,0,1.2146977412958928,0.6100144844621717,0,0.00021530430179957658,,
AQUA,hist_gradient_boosting,source_holdout_aqua_r4_maccs_fingerprints_svr,source_holdout_aqua_r4,AQUA,svr,kernel,maccs_fingerprints,1.3562648127592232,0,0.9543812931782902,0.3496980363445691,0,0.0011183977169309854,,
AQUA,hist_gradient_boosting,source_holdout_aqua_r4_maccs_fingerprints_xgboost,source_holdout_aqua_r4,AQUA,xgboost,tree_ensemble,maccs_fingerprints,1.374496686397605,0,0.9968595493282353,0.39217629249451413,0,0.0017916858799411498,,
AQUA,hist_gradient_boosting,source_holdout_aqua_r4_molecular_graph_chemprop,source_holdout_aqua_r4,AQUA,chemprop,graph_neural_network,molecular_graph,1.1568799194831616,0,0.682122043497634,0.0774387866639128,1,0.13835548640033848,,
AQUA,hist_gradient_boosting,source_holdout_aqua_r4_morgan_fingerprints_elastic_net,source_holdout_aqua_r4,AQUA,elastic_net,linear,morgan_fingerprints,1.66172525695116,0,1.2976436793719408,0.6929604225382197,0,0.0002490471967062555,,
AQUA,hist_gradient_boosting,source_holdout_aqua_r4_morgan_fingerprints_extra_trees,source_holdout_aqua_r4,AQUA,extra_trees,tree_ensemble,morgan_fingerprints,1.438221836340001,0,1.2240100833021696,0.6193268264684485,0,0.0006317745304481061,,
AQUA,hist_gradient_boosting,source_holdout_aqua_r4_morgan_fingerprints_knn,source_holdout_aqua_r4,AQUA,knn,local_similarity,morgan_fingerprints,1.568895410284213,0,1.344385783495027,0.7397025266613059,0,0.0002548544804512638,,
AQUA,hist_gradient_boosting,source_holdout_aqua_r4_morgan_fingerprints_mlp,source_holdout_aqua_r4,AQUA,mlp,neural_network,morgan_fingerprints,1.5056267041453677,0,1.141696410777889,0.5370131539441679,0,0.0005482707050613598,,
AQUA,hist_gradient_boosting,source_holdout_aqua_r4_morgan_fingerprints_random_forest,source_holdout_aqua_r4,AQUA,random_forest,tree_ensemble,morgan_fingerprints,1.4599392378974114,0,1.2559728217152986,0.6512895648815774,0,0.0004969352042306767,,
AQUA,hist_gradient_boosting,source_holdout_aqua_r4_morgan_fingerprints_ridge,source_holdout_aqua_r4,AQUA,ridge,linear,morgan_fingerprints,1.5549429428676547,0,1.2573622270880418,0.6526789702543206,0,0.0002490471967062555,,
AQUA,hist_gradient_boosting,source_holdout_aqua_r4_morgan_fingerprints_svr,source_holdout_aqua_r4,AQUA,svr,kernel,morgan_fingerprints,1.3263242154109909,0,1.01452191784551,0.4098386610117889,0,0.0018008101027236945,,
AQUA,hist_gradient_boosting,source_holdout_aqua_r4_morgan_fingerprints_xgboost,source_holdout_aqua_r4,AQUA,xgboost,tree_ensemble,morgan_fingerprints,1.4408306011417837,0,1.1509584482785618,0.5462751914448406,0,0.0010956919001116657,,
AQUA,hist_gradient_boosting,source_holdout_aqua_r4_rdkit_descriptors_elastic_net,source_holdout_aqua_r4,AQUA,elastic_net,linear,rdkit_descriptors,1.4624499834300084,0,0.827158389830514,0.2224751329967929,0,0.00017822622688431743,,
AQUA,hist_gradient_boosting,source_holdout_aqua_r4_rdkit_descriptors_esol,source_holdout_aqua_r4,AQUA,esol,chemistry_equation,rdkit_descriptors,4.094183571023283,0,2.890171201721559,2.285487944887838,0,0.00025708310534179065,,
AQUA,hist_gradient_boosting,source_holdout_aqua_r4_rdkit_descriptors_extra_trees,source_holdout_aqua_r4,AQUA,extra_trees,tree_ensemble,rdkit_descriptors,1.2087708101477113,0,0.6734985207514179,0.06881526391769677,1,0.005282684338918925,,
AQUA,hist_gradient_boosting,source_holdout_aqua_r4_rdkit_descriptors_hist_gradient_boosting,source_holdout_aqua_r4,AQUA,hist_gradient_boosting,tree_ensemble,rdkit_descriptors,1.1725621367531514,0,0.6980423533580316,0.0933590965243104,1,0.10283075736297985,,
AQUA,hist_gradient_boosting,source_holdout_aqua_r4_rdkit_descriptors_knn,source_holdout_aqua_r4,AQUA,knn,local_similarity,rdkit_descriptors,1.2873191113257882,0,0.9387640162642934,0.33408075943057225,0,0.0010363035973447827,,
AQUA,hist_gradient_boosting,source_holdout_aqua_r4_rdkit_descriptors_mlp,source_holdout_aqua_r4,AQUA,mlp,neural_network,rdkit_descriptors,1.283168543773036,0,0.7370685136420156,0.1323852568082945,0,0.0006254259828827927,,
AQUA,hist_gradient_boosting,source_holdout_aqua_r4_rdkit_descriptors_ngboost,source_holdout_aqua_r4,AQUA,ngboost,probabilistic_boosting,rdkit_descriptors,1.2389614353993312,0,0.6744529881438048,0.06976973131008368,1,0.005113878739739481,,
AQUA,hist_gradient_boosting,source_holdout_aqua_r4_rdkit_descriptors_random_forest,source_holdout_aqua_r4,AQUA,random_forest,tree_ensemble,rdkit_descriptors,1.195992873411524,1,0.6680973704222567,0.06341411358853555,1,0.01803015033328011,,
AQUA,hist_gradient_boosting,source_holdout_aqua_r4_rdkit_descriptors_ridge,source_holdout_aqua_r4,AQUA,ridge,linear,rdkit_descriptors,1.4670962945786108,0,0.8214604269426654,0.21677717010894426,0,0.00017822622688431743,,
AQUA,hist_gradient_boosting,source_holdout_aqua_r4_rdkit_descriptors_svr,source_holdout_aqua_r4,AQUA,svr,kernel,rdkit_descriptors,1.1940321919649284,1,0.6046832568337211,0.0,1,0.9537782415607492,,
AQUA,hist_gradient_boosting,source_holdout_aqua_r4_rdkit_descriptors_xgboost,source_holdout_aqua_r4,AQUA,xgboost,tree_ensemble,rdkit_descriptors,1.1303962671036638,1,0.6248397400205639,0.02015648318684271,1,0.8527739191610676,,
AQUA,hist_gradient_boosting,source_holdout_aqua_r5_maccs_fingerprints_elastic_net,source_holdout_aqua_r5,AQUA,elastic_net,linear,maccs_fingerprints,1.6499555739195046,0,1.207642098837398,0.6029498401596007,0,0.00021530430179957658,,
AQUA,hist_gradient_boosting,source_holdout_aqua_r5_maccs_fingerprints_extra_trees,source_holdout_aqua_r5,AQUA,extra_trees,tree_ensemble,maccs_fingerprints,1.437047866000033,0,1.009078335228562,0.40438607655076475,0,0.0007871292880655505,,
AQUA,hist_gradient_boosting,source_holdout_aqua_r5_maccs_fingerprints_knn,source_holdout_aqua_r5,AQUA,knn,local_similarity,maccs_fingerprints,1.5519036190756599,0,1.3325932635268476,0.7279010048490504,0,0.0002492376008715349,,
AQUA,hist_gradient_boosting,source_holdout_aqua_r5_maccs_fingerprints_mlp,source_holdout_aqua_r5,AQUA,mlp,neural_network,maccs_fingerprints,1.4120232119013905,0,1.0612081826009425,0.45651592392314533,0,0.0006980844630001682,,
AQUA,hist_gradient_boosting,source_holdout_aqua_r5_maccs_fingerprints_random_forest,source_holdout_aqua_r5,AQUA,random_forest,tree_ensemble,maccs_fingerprints,1.4346028171089926,0,1.0203926027070995,0.41570034402930234,0,0.0015601858462243297,,
AQUA,hist_gradient_boosting,source_holdout_aqua_r5_maccs_fingerprints_ridge,source_holdout_aqua_r5,AQUA,ridge,linear,maccs_fingerprints,1.6476437430891657,0,1.2144074739651927,0.6097152152873955,0,0.00021530430179957658,,
AQUA,hist_gradient_boosting,source_holdout_aqua_r5_maccs_fingerprints_svr,source_holdout_aqua_r5,AQUA,svr,kernel,maccs_fingerprints,1.3530706618497577,0,0.9501890397593185,0.34549678108152126,0,0.0006210149597393699,,
AQUA,hist_gradient_boosting,source_holdout_aqua_r5_maccs_fingerprints_xgboost,source_holdout_aqua_r5,AQUA,xgboost,tree_ensemble,maccs_fingerprints,1.3915030277134004,0,1.0043415014709098,0.39964924279311265,0,0.0017102603976039475,,
AQUA,hist_gradient_boosting,source_holdout_aqua_r5_molecular_graph_chemprop,source_holdout_aqua_r5,AQUA,chemprop,graph_neural_network,molecular_graph,1.2324801104824865,0,0.6964236264313872,0.09173136775359003,1,0.44750863397932966,,
AQUA,hist_gradient_boosting,source_holdout_aqua_r5_morgan_fingerprints_elastic_net,source_holdout_aqua_r5,AQUA,elastic_net,linear,morgan_fingerprints,1.7289575152390417,0,1.2976436793719406,0.6929514206941434,0,0.0002490471967062555,,
AQUA,hist_gradient_boosting,source_holdout_aqua_r5_morgan_fingerprints_extra_trees,source_holdout_aqua_r5,AQUA,extra_trees,tree_ensemble,morgan_fingerprints,1.4837739431684587,0,1.2431648142718184,0.6384725555940212,0,0.0004562899633894226,,
AQUA,hist_gradient_boosting,source_holdout_aqua_r5_morgan_fingerprints_knn,source_holdout_aqua_r5,AQUA,knn,local_similarity,morgan_fingerprints,1.615739003524985,0,1.3433932009490335,0.7387009422712363,0,0.0002548544804512638,,
AQUA,hist_gradient_boosting,source_holdout_aqua_r5_morgan_fingerprints_mlp,source_holdout_aqua_r5,AQUA,mlp,neural_network,morgan_fingerprints,1.551793924620436,0,1.1678252762242414,0.5631330175464442,0,0.0002735581689036773,,
AQUA,hist_gradient_boosting,source_holdout_aqua_r5_morgan_fingerprints_random_forest,source_holdout_aqua_r5,AQUA,random_forest,tree_ensemble,morgan_fingerprints,1.515556579482333,0,1.2468431402583933,0.6421508815805961,0,0.0007132206782163174,,
AQUA,hist_gradient_boosting,source_holdout_aqua_r5_morgan_fingerprints_ridge,source_holdout_aqua_r5,AQUA,ridge,linear,morgan_fingerprints,1.6697672583230132,0,1.257334137578349,0.6526418789005519,0,0.0002490471967062555,,
AQUA,hist_gradient_boosting,source_holdout_aqua_r5_morgan_fingerprints_svr,source_holdout_aqua_r5,AQUA,svr,kernel,morgan_fingerprints,1.3965177730693992,0,1.0145219178455045,0.4098296591677073,0,0.0023990833338939925,,
AQUA,hist_gradient_boosting,source_holdout_aqua_r5_morgan_fingerprints_xgboost,source_holdout_aqua_r5,AQUA,xgboost,tree_ensemble,morgan_fingerprints,1.5597184634312846,0,1.1808042134541146,0.5761119547763174,0,0.0016180481095525437,,
AQUA,hist_gradient_boosting,source_holdout_aqua_r5_rdkit_descriptors_elastic_net,source_holdout_aqua_r5,AQUA,elastic_net,linear,rdkit_descriptors,1.4955133862951093,0,0.8271583898305135,0.2224661311527163,0,0.0002123996315287363,,
AQUA,hist_gradient_boosting,source_holdout_aqua_r5_rdkit_descriptors_esol,source_holdout_aqua_r5,AQUA,esol,chemistry_equation,rdkit_descriptors,3.8840949707049184,0,2.890171201721559,2.2854789430437616,0,0.00025708310534179065,,
AQUA,hist_gradient_boosting,source_holdout_aqua_r5_rdkit_descriptors_extra_trees,source_holdout_aqua_r5,AQUA,extra_trees,tree_ensemble,rdkit_descriptors,1.2595519895931189,0,0.6561464266692703,0.051454167991473065,1,0.0013380818807858883,,
AQUA,hist_gradient_boosting,source_holdout_aqua_r5_rdkit_descriptors_hist_gradient_boosting,source_holdout_aqua_r5,AQUA,hist_gradient_boosting,tree_ensemble,rdkit_descriptors,1.2097635700925378,1,0.6453156597096561,0.04062340103185891,1,0.6947476138804307,,
AQUA,hist_gradient_boosting,source_holdout_aqua_r5_rdkit_descriptors_knn,source_holdout_aqua_r5,AQUA,knn,local_similarity,rdkit_descriptors,1.3681397152407548,0,0.9391862956661029,0.3344940369883057,0,0.0017559012428847592,,
AQUA,hist_gradient_boosting,source_holdout_aqua_r5_rdkit_descriptors_mlp,source_holdout_aqua_r5,AQUA,mlp,neural_network,rdkit_descriptors,1.294869127989758,0,0.7249015869270935,0.12020932824929631,0,0.0006184287709197038,,
AQUA,hist_gradient_boosting,source_holdout_aqua_r5_rdkit_descriptors_ngboost,source_holdout_aqua_r5,AQUA,ngboost,probabilistic_boosting,rdkit_descriptors,1.281534987509427,0,0.685442850608465,0.0807505919306678,1,0.005291527672572364,,
AQUA,hist_gradient_boosting,source_holdout_aqua_r5_rdkit_descriptors_random_forest,source_holdout_aqua_r5,AQUA,random_forest,tree_ensemble,rdkit_descriptors,1.2601171677259302,0,0.6782113135315962,0.07351905485379906,1,0.005692851833236935,,
AQUA,hist_gradient_boosting,source_holdout_aqua_r5_rdkit_descriptors_ridge,source_holdout_aqua_r5,AQUA,ridge,linear,rdkit_descriptors,1.491220340370953,0,0.7933525918005249,0.18866033312272767,0,0.0003470811862591311,,
AQUA,hist_gradient_boosting,source_holdout_aqua_r5_rdkit_descriptors_svr,source_holdout_aqua_r5,AQUA,svr,kernel,rdkit_descriptors,1.2423741163517408,1,0.6046922586777972,0.0,1,0.9105051222278114,,
AQUA,hist_gradient_boosting,source_holdout_aqua_r5_rdkit_descriptors_xgboost,source_holdout_aqua_r5,AQUA,xgboost,tree_ensemble,rdkit_descriptors,1.1916225939794294,1,0.6328328330101054,0.02814057433230821,1,0.8843961162074424,,
AqSolDB,logistic,source_holdout_aqsoldb_r1_maccs_fingerprints_elastic_net,source_holdout_aqsoldb_r1,AqSolDB,elastic_net,linear,maccs_fingerprints,1.6028074474910272,0,1.6893915513537388,0.34610822361554505,0,3.167860931304755e-05,,
AqSolDB,logistic,source_holdout_aqsoldb_r1_maccs_fingerprints_extra_trees,source_holdout_aqsoldb_r1,AqSolDB,extra_trees,tree_ensemble,maccs_fingerprints,1.3981714552346012,0,1.6526520594858682,0.30936873174767454,0,0.0014040739712684904,,
AqSolDB,logistic,source_holdout_aqsoldb_r1_maccs_fingerprints_knn,source_holdout_aqsoldb_r1,AqSolDB,knn,local_similarity,maccs_fingerprints,1.516318320551137,0,1.896966816321521,0.5536834885833273,0,5.7246385936931834e-05,,
AqSolDB,logistic,source_holdout_aqsoldb_r1_maccs_fingerprints_mlp,source_holdout_aqsoldb_r1,AqSolDB,mlp,neural_network,maccs_fingerprints,1.408285548127588,0,1.6081639892181934,0.26488066147999967,0,9.19262834454606e-05,,
AqSolDB,logistic,source_holdout_aqsoldb_r1_maccs_fingerprints_random_forest,source_holdout_aqsoldb_r1,AqSolDB,random_forest,tree_ensemble,maccs_fingerprints,1.408268994181625,0,1.6563644042926418,0.31308107655444806,0,0.0029039822476913998,,
AqSolDB,logistic,source_holdout_aqsoldb_r1_maccs_fingerprints_ridge,source_holdout_aqsoldb_r1,AqSolDB,ridge,linear,maccs_fingerprints,1.6011777453882083,0,1.693288572647003,0.35000524490880935,0,4.871005260749421e-05,,
AqSolDB,logistic,source_holdout_aqsoldb_r1_maccs_fingerprints_svr,source_holdout_aqsoldb_r1,AqSolDB,svr,kernel,maccs_fingerprints,1.4252019131595135,0,1.5970976927611902,0.2538143650229965,0,0.016941474083251074,,
AqSolDB,logistic,source_holdout_aqsoldb_r1_maccs_fingerprints_xgboost,source_holdout_aqsoldb_r1,AqSolDB,xgboost,tree_ensemble,maccs_fingerprints,1.3486856482837555,0,1.622916969987995,0.27963364224980136,0,0.10665682893655104,,
AqSolDB,logistic,source_holdout_aqsoldb_r1_molecular_graph_chemprop,source_holdout_aqsoldb_r1,AqSolDB,chemprop,graph_neural_network,molecular_graph,1.2723263442625454,0,1.5077310257365337,0.16444769799834003,0,0.4078437792492878,,
AqSolDB,logistic,source_holdout_aqsoldb_r1_morgan_fingerprints_elastic_net,source_holdout_aqsoldb_r1,AqSolDB,elastic_net,linear,morgan_fingerprints,1.6300112880089583,0,1.8435987615071587,0.500315433768965,0,2.0445615727865366e-05,,
AqSolDB,logistic,source_holdout_aqsoldb_r1_morgan_fingerprints_extra_trees,source_holdout_aqsoldb_r1,AqSolDB,extra_trees,tree_ensemble,morgan_fingerprints,1.5215145769922527,0,1.7606234275177919,0.4173400997795982,0,0.0008660049086482909,,
AqSolDB,logistic,source_holdout_aqsoldb_r1_morgan_fingerprints_knn,source_holdout_aqsoldb_r1,AqSolDB,knn,local_similarity,morgan_fingerprints,1.5333711186926278,0,1.9537266040979901,0.6104432763597964,0,2.850103006465328e-05,,
AqSolDB,logistic,source_holdout_aqsoldb_r1_morgan_fingerprints_mlp,source_holdout_aqsoldb_r1,AqSolDB,mlp,neural_network,morgan_fingerprints,1.464164310458609,0,1.7770846902038742,0.43380136246568046,0,4.218808990774023e-05,,
AqSolDB,logistic,source_holdout_aqsoldb_r1_morgan_fingerprints_random_forest,source_holdout_aqsoldb_r1,AqSolDB,random_forest,tree_ensemble,morgan_fingerprints,1.531030032420387,0,1.7702885024606605,0.4270051747224668,0,0.001096458822771388,,
AqSolDB,logistic,source_holdout_aqsoldb_r1_morgan_fingerprints_ridge,source_holdout_aqsoldb_r1,AqSolDB,ridge,linear,morgan_fingerprints,1.5552502002488575,0,1.820248193724357,0.4769648659861634,0,3.521400973447407e-05,,
AqSolDB,logistic,source_holdout_aqsoldb_r1_morgan_fingerprints_svr,source_holdout_aqsoldb_r1,AqSolDB,svr,kernel,morgan_fingerprints,1.4352633745919514,0,1.6658557588192695,0.3225724310810758,0,0.009372432370866652,,
AqSolDB,logistic,source_holdout_aqsoldb_r1_morgan_fingerprints_xgboost,source_holdout_aqsoldb_r1,AqSolDB,xgboost,tree_ensemble,morgan_fingerprints,1.4595755107779804,0,1.7405755233970521,0.3972921956588584,0,0.04249135986215799,,
AqSolDB,logistic,source_holdout_aqsoldb_r1_rdkit_descriptors_elastic_net,source_holdout_aqsoldb_r1,AqSolDB,elastic_net,linear,rdkit_descriptors,1.4466313644210262,0,1.5024921467550794,0.15920881901688566,0,0.004006436024318505,,
AqSolDB,logistic,source_holdout_aqsoldb_r1_rdkit_descriptors_esol,source_holdout_aqsoldb_r1,AqSolDB,esol,chemistry_equation,rdkit_descriptors,4.468689239318523,0,3.3393193048946466,1.9960359771564529,0,3.166245238680417e-05,,
AqSolDB,logistic,source_holdout_aqsoldb_r1_rdkit_descriptors_extra_trees,source_holdout_aqsoldb_r1,AqSolDB,extra_trees,tree_ensemble,rdkit_descriptors,1.3286460769692023,0,1.4007296158003633,0.05744628806216956,1,0.10103536104506751,,
AqSolDB,logistic,source_holdout_aqsoldb_r1_rdkit_descriptors_hist_gradient_boosting,source_holdout_aqsoldb_r1,AqSolDB,hist_gradient_boosting,tree_ensemble,rdkit_descriptors,1.2650531937221807,1,1.3432833277381937,0.0,1,0.6164900317140619,,
AqSolDB,logistic,source_holdout_aqsoldb_r1_rdkit_descriptors_knn,source_holdout_aqsoldb_r1,AqSolDB,knn,local_similarity,rdkit_descriptors,1.4056537418348325,0,1.7236478136177698,0.38036448587957605,0,0.004986658366050427,,
AqSolDB,logistic,source_holdout_aqsoldb_r1_rdkit_descriptors_mlp,source_holdout_aqsoldb_r1,AqSolDB,mlp,neural_network,rdkit_descriptors,1.3222169950157094,0,1.7468985551051297,0.403615227366936,0,0.008222908176746493,,
AqSolDB,logistic,source_holdout_aqsoldb_r1_rdkit_descriptors_ngboost,source_holdout_aqsoldb_r1,AqSolDB,ngboost,probabilistic_boosting,rdkit_descriptors,1.242782749844686,1,1.3448840522594632,0.0016007245212694698,1,0.012840806329058034,,
AqSolDB,logistic,source_holdout_aqsoldb_r1_rdkit_descriptors_random_forest,source_holdout_aqsoldb_r1,AqSolDB,random_forest,tree_ensemble,rdkit_descriptors,1.3321851475038,0,1.3656446797495658,0.022361352011372126,1,0.1216639022236465,,
AqSolDB,logistic,source_holdout_aqsoldb_r1_rdkit_descriptors_ridge,source_holdout_aqsoldb_r1,AqSolDB,ridge,linear,rdkit_descriptors,1.4467414566212975,0,1.5125658277950984,0.1692825000569047,0,0.0038931497022672793,,
AqSolDB,logistic,source_holdout_aqsoldb_r1_rdkit_descriptors_svr,source_holdout_aqsoldb_r1,AqSolDB,svr,kernel,rdkit_descriptors,1.3269849306450732,0,1.4025308815708624,0.059247553832668665,1,0.8343830904914546,,
AqSolDB,logistic,source_holdout_aqsoldb_r1_rdkit_descriptors_xgboost,source_holdout_aqsoldb_r1,AqSolDB,xgboost,tree_ensemble,rdkit_descriptors,1.2552083730255446,1,1.3513689407494056,0.008085613011211912,1,0.6912535840053127,,
AqSolDB,logistic,source_holdout_aqsoldb_r2_maccs_fingerprints_elastic_net,source_holdout_aqsoldb_r2,AqSolDB,elastic_net,linear,maccs_fingerprints,1.6960737528735534,0,1.6893915513537388,0.32738138415489315,0,1.8314141756716162e-05,,
AqSolDB,logistic,source_holdout_aqsoldb_r2_maccs_fingerprints_extra_trees,source_holdout_aqsoldb_r2,AqSolDB,extra_trees,tree_ensemble,maccs_fingerprints,1.5772186284904695,0,1.672859435083643,0.3108492678847974,0,0.001091148666489299,,
AqSolDB,logistic,source_holdout_aqsoldb_r2_maccs_fingerprints_knn,source_holdout_aqsoldb_r2,AqSolDB,knn,local_similarity,maccs_fingerprints,1.6214669300782187,0,1.8349793726963728,0.4729692054975272,0,6.537959660384476e-05,,
AqSolDB,logistic,source_holdout_aqsoldb_r2_maccs_fingerprints_mlp,source_holdout_aqsoldb_r2,AqSolDB,mlp,neural_network,maccs_fingerprints,1.6093999586190175,0,1.6859713208532434,0.3239611536543978,0,4.398689361319969e-05,,
AqSolDB,logistic,source_holdout_aqsoldb_r2_maccs_fingerprints_random_forest,source_holdout_aqsoldb_r2,AqSolDB,random_forest,tree_ensemble,maccs_fingerprints,1.5644264362870002,0,1.6614828580895187,0.2994726908906731,0,0.001456269833630527,,
AqSolDB,logistic,source_holdout_aqsoldb_r2_maccs_fingerprints_ridge,source_holdout_aqsoldb_r2,AqSolDB,ridge,linear,maccs_fingerprints,1.6723799471325378,0,1.6932679331073408,0.3312577659084952,0,2.7831370500073484e-05,,
AqSolDB,logistic,source_holdout_aqsoldb_r2_maccs_fingerprints_svr,source_holdout_aqsoldb_r2,AqSolDB,svr,kernel,maccs_fingerprints,1.5708772126185253,0,1.5996601569945317,0.23764998979568608,0,0.028067940340404413,,
AqSolDB,logistic,source_holdout_aqsoldb_r2_maccs_fingerprints_xgboost,source_holdout_aqsoldb_r2,AqSolDB,xgboost,tree_ensemble,maccs_fingerprints,1.571275577086216,0,1.6283159815586616,0.26630581435981604,0,0.06658675241995117,,
AqSolDB,logistic,source_holdout_aqsoldb_r2_molecular_graph_chemprop,source_holdout_aqsoldb_r2,AqSolDB,chemprop,graph_neural_network,molecular_graph,1.56894066138636,0,1.5602138480821512,0.19820368088330564,0,0.14379125246754393,,
AqSolDB,logistic,source_holdout_aqsoldb_r2_morgan_fingerprints_elastic_net,source_holdout_aqsoldb_r2,AqSolDB,elastic_net,linear,morgan_fingerprints,1.7989465690747672,0,1.8435987615071587,0.48158859430831313,0,7.362909439162653e-06,,
AqSolDB,logistic,source_holdout_aqsoldb_r2_morgan_fingerprints_extra_trees,source_holdout_aqsoldb_r2,AqSolDB,extra_trees,tree_ensemble,morgan_fingerprints,1.6706095813385309,0,1.7685609227542776,0.40655075555543196,0,0.0003775622041220579,,
AqSolDB,logistic,source_holdout_aqsoldb_r2_morgan_fingerprints_knn,source_holdout_aqsoldb_r2,AqSolDB,knn,local_similarity,morgan_fingerprints,1.689771208467845,0,1.9508141509479613,0.5888039837491157,0,1.5152365294910923e-05,,
AqSolDB,logistic,source_holdout_aqsoldb_r2_morgan_fingerprints_mlp,source_holdout_aqsoldb_r2,AqSolDB,mlp,neural_network,morgan_fingerprints,1.7560719293443108,0,1.8085685793059179,0.44655841210707226,0,1.4866421615598567e-05,,
AqSolDB,logistic,source_holdout_aqsoldb_r2_morgan_fingerprints_random_forest,source_holdout_aqsoldb_r2,AqSolDB,random_forest,tree_ensemble,morgan_fingerprints,1.6693080161889942,0,1.7795954719522993,0.4175853047534537,0,0.000506916635442197,,
AqSolDB,logistic,source_holdout_aqsoldb_r2_morgan_fingerprints_ridge,source_holdout_aqsoldb_r2,AqSolDB,ridge,linear,morgan_fingerprints,1.7241804923540716,0,1.8136793653425956,0.45166919814374995,0,1.1209705143516586e-05,,
AqSolDB,logistic,source_holdout_aqsoldb_r2_morgan_fingerprints_svr,source_holdout_aqsoldb_r2,AqSolDB,svr,kernel,morgan_fingerprints,1.597942618700577,0,1.665855758819272,0.30384559162042635,0,0.00460096602893912,,
AqSolDB,logistic,source_holdout_aqsoldb_r2_morgan_fingerprints_xgboost,source_holdout_aqsoldb_r2,AqSolDB,xgboost,tree_ensemble,morgan_fingerprints,1.6807247556657607,0,1.7419905677787564,0.3799804005799108,0,0.02158312834136172,,
AqSolDB,logistic,source_holdout_aqsoldb_r2_rdkit_descriptors_elastic_net,source_holdout_aqsoldb_r2,AqSolDB,elastic_net,linear,rdkit_descriptors,1.6466314077432578,0,1.5024921467550811,0.14048197955623554,0,0.001641403765449393,,
AqSolDB,logistic,source_holdout_aqsoldb_r2_rdkit_descriptors_esol,source_holdout_aqsoldb_r2,AqSolDB,esol,chemistry_equation,rdkit_descriptors,4.553750569464892,0,3.3393193048946466,1.977309137695801,0,1.7410983457238177e-05,,
AqSolDB,logistic,source_holdout_aqsoldb_r2_rdkit_descriptors_extra_trees,source_holdout_aqsoldb_r2,AqSolDB,extra_trees,tree_ensemble,rdkit_descriptors,1.519741268753734,0,1.3947705009886116,0.03276033378976595,1,0.04468501193591992,,
AqSolDB,logistic,source_holdout_aqsoldb_r2_rdkit_descriptors_hist_gradient_boosting,source_holdout_aqsoldb_r2,AqSolDB,hist_gradient_boosting,tree_ensemble,rdkit_descriptors,1.5002509297838396,1,1.3663815706419338,0.004371403443088173,1,0.5447121809805181,,
AqSolDB,logistic,source_holdout_aqsoldb_r2_rdkit_descriptors_knn,source_holdout_aqsoldb_r2,AqSolDB,knn,local_similarity,rdkit_descriptors,1.6204962154857638,0,1.7246325805384384,0.3626224133395928,0,0.0021743635864077803,,
AqSolDB,logistic,source_holdout_aqsoldb_r2_rdkit_descriptors_mlp,source_holdout_aqsoldb_r2,AqSolDB,mlp,neural_network,rdkit_descriptors,1.4948384367712209,0,1.8357356834316527,0.4737255162328071,0,0.004279872142851115,,
AqSolDB,logistic,source_holdout_aqsoldb_r2_rdkit_descriptors_ngboost,source_holdout_aqsoldb_r2,AqSolDB,ngboost,probabilistic_boosting,rdkit_descriptors,1.5187366871316936,1,1.3642926886303375,0.0022825214314918796,1,0.0019631310686620018,,
AqSolDB,logistic,source_holdout_aqsoldb_r2_rdkit_descriptors_random_forest,source_holdout_aqsoldb_r2,AqSolDB,random_forest,tree_ensemble,rdkit_descriptors,1.5084811663857738,0,1.3700690546152923,0.00805888741644667,1,0.08619478472171259,,
AqSolDB,logistic,source_holdout_aqsoldb_r2_rdkit_descriptors_ridge,source_holdout_aqsoldb_r2,AqSolDB,ridge,linear,rdkit_descriptors,1.6393150876621536,0,1.467530210119538,0.10552004292069239,0,0.0027044276301142873,,
AqSolDB,logistic,source_holdout_aqsoldb_r2_rdkit_descriptors_svr,source_holdout_aqsoldb_r2,AqSolDB,svr,kernel,rdkit_descriptors,1.5370240085733482,0,1.3981785750156464,0.03616840781680075,1,0.41146837884922477,,
AqSolDB,logistic,source_holdout_aqsoldb_r2_rdkit_descriptors_xgboost,source_holdout_aqsoldb_r2,AqSolDB,xgboost,tree_ensemble,rdkit_descriptors,1.4597109682474416,1,1.3620101671988456,0.0,1,0.8800712256725569,,
AqSolDB,logistic,source_holdout_aqsoldb_r3_maccs_fingerprints_elastic_net,source_holdout_aqsoldb_r3,AqSolDB,elastic_net,linear,maccs_fingerprints,1.684583689821639,0,1.6893915513537392,0.34566003241723386,0,1.705927523090883e-05,,
AqSolDB,logistic,source_holdout_aqsoldb_r3_maccs_fingerprints_extra_trees,source_holdout_aqsoldb_r3,AqSolDB,extra_trees,tree_ensemble,maccs_fingerprints,1.5374773736666,0,1.6636035917616356,0.3198720728251303,0,0.001047104475510037,,
AqSolDB,logistic,source_holdout_aqsoldb_r3_maccs_fingerprints_knn,source_holdout_aqsoldb_r3,AqSolDB,knn,local_similarity,maccs_fingerprints,1.654047968468819,0,1.7996944351721353,0.45596291623563,0,0.0001822149062497204,,
AqSolDB,logistic,source_holdout_aqsoldb_r3_maccs_fingerprints_mlp,source_holdout_aqsoldb_r3,AqSolDB,mlp,neural_network,maccs_fingerprints,1.5991447451856775,0,1.6691502102297067,0.32541869129320133,0,3.3715549979504984e-05,,
AqSolDB,logistic,source_holdout_aqsoldb_r3_maccs_fingerprints_random_forest,source_holdout_aqsoldb_r3,AqSolDB,random_forest,tree_ensemble,maccs_fingerprints,1.525725097689142,0,1.6597012214521212,0.31596970251561585,0,0.0013633037000267726,,
AqSolDB,logistic,source_holdout_aqsoldb_r3_maccs_fingerprints_ridge,source_holdout_aqsoldb_r3,AqSolDB,ridge,linear,maccs_fingerprints,1.6876222217069468,0,1.6932699177488277,0.3495383988123224,0,2.4595982165378592e-05,,
AqSolDB,logistic,source_holdout_aqsoldb_r3_maccs_fingerprints_svr,source_holdout_aqsoldb_r3,AqSolDB,svr,kernel,maccs_fingerprints,1.5891163954231464,0,1.5996608557637046,0.2559293368271993,0,0.022614174672830813,,
AqSolDB,logistic,source_holdout_aqsoldb_r3_maccs_fingerprints_xgboost,source_holdout_aqsoldb_r3,AqSolDB,xgboost,tree_ensemble,maccs_fingerprints,1.5098352841077955,0,1.6251218233883336,0.2813903044518282,0,0.0678809198632646,,
AqSolDB,logistic,source_holdout_aqsoldb_r3_molecular_graph_chemprop,source_holdout_aqsoldb_r3,AqSolDB,chemprop,graph_neural_network,molecular_graph,1.4881102703605125,0,1.4788516469800659,0.13512012804356055,0,0.18175608246115332,,
AqSolDB,logistic,source_holdout_aqsoldb_r3_morgan_fingerprints_elastic_net,source_holdout_aqsoldb_r3,AqSolDB,elastic_net,linear,morgan_fingerprints,1.8068864363202446,0,1.843598761507159,0.4998672425706536,0,5.24047609493234e-06,,
AqSolDB,logistic,source_holdout_aqsoldb_r3_morgan_fingerprints_extra_trees,source_holdout_aqsoldb_r3,AqSolDB,extra_trees,tree_ensemble,morgan_fingerprints,1.623892519995566,0,1.7624831219942234,0.4187516030577181,0,0.00040550694820905883,,
AqSolDB,logistic,source_holdout_aqsoldb_r3_morgan_fingerprints_knn,source_holdout_aqsoldb_r3,AqSolDB,knn,local_similarity,morgan_fingerprints,1.7456627881390816,0,1.8775497376467702,0.5338182187102649,0,1.3457263759304669e-05,,
AqSolDB,logistic,source_holdout_aqsoldb_r3_morgan_fingerprints_mlp,source_holdout_aqsoldb_r3,AqSolDB,mlp,neural_network,morgan_fingerprints,1.6619030112097608,0,1.7576048835596598,0.4138733646231545,0,1.3680000660839528e-05,,
AqSolDB,logistic,source_holdout_aqsoldb_r3_morgan_fingerprints_random_forest,source_holdout_aqsoldb_r3,AqSolDB,random_forest,tree_ensemble,morgan_fingerprints,1.651604456720185,0,1.7955376418098736,0.4518061228733683,0,0.00041598072013403296,,
AqSolDB,logistic,source_holdout_aqsoldb_r3_morgan_fingerprints_ridge,source_holdout_aqsoldb_r3,AqSolDB,ridge,linear,morgan_fingerprints,1.7567386893217436,0,1.8202563375643197,0.4765248186278144,0,1.1680569490756024e-05,,
AqSolDB,logistic,source_holdout_aqsoldb_r3_morgan_fingerprints_svr,source_holdout_aqsoldb_r3,AqSolDB,svr,kernel,morgan_fingerprints,1.5886523509793335,0,1.6658557588192706,0.3221242398827653,0,0.0033487852850990134,,
AqSolDB,logistic,source_holdout_aqsoldb_r3_morgan_fingerprints_xgboost,source_holdout_aqsoldb_r3,AqSolDB,xgboost,tree_ensemble,morgan_fingerprints,1.6711749351644263,0,1.7534702111425489,0.40973869220604353,0,0.010727151818301984,,
AqSolDB,logistic,source_holdout_aqsoldb_r3_rdkit_descriptors_elastic_net,source_holdout_aqsoldb_r3,AqSolDB,elastic_net,linear,rdkit_descriptors,1.58926382947823,0,1.5024921467550805,0.15876062781857514,0,0.00196561780089236,,
AqSolDB,logistic,source_holdout_aqsoldb_r3_rdkit_descriptors_esol,source_holdout_aqsoldb_r3,AqSolDB,esol,chemistry_equation,rdkit_descriptors,3.5922757059989054,0,3.3393193048946466,1.9955877859581412,0,2.7420832978382585e-05,,
AqSolDB,logistic,source_holdout_aqsoldb_r3_rdkit_descriptors_extra_trees,source_holdout_aqsoldb_r3,AqSolDB,extra_trees,tree_ensemble,rdkit_descriptors,1.474712069526871,0,1.3994351688003461,0.0557036498638408,1,0.049088170174491845,,
AqSolDB,logistic,source_holdout_aqsoldb_r3_rdkit_descriptors_hist_gradient_boosting,source_holdout_aqsoldb_r3,AqSolDB,hist_gradient_boosting,tree_ensemble,rdkit_descriptors,1.483289936116682,0,1.3763738159759558,0.03264229703945043,1,0.4927132202022337,,
AqSolDB,logistic,source_holdout_aqsoldb_r3_rdkit_descriptors_knn,source_holdout_aqsoldb_r3,AqSolDB,knn,local_similarity,rdkit_descriptors,1.5584280154321646,0,1.6752768256840527,0.33154530674754734,0,0.0043451685903228895,,
AqSolDB,logistic,source_holdout_aqsoldb_r3_rdkit_descriptors_mlp,source_holdout_aqsoldb_r3,AqSolDB,mlp,neural_network,rdkit_descriptors,1.4973367218468465,0,1.673500072578888,0.32976855364238267,0,0.0038116983452837175,,
AqSolDB,logistic,source_holdout_aqsoldb_r3_rdkit_descriptors_ngboost,source_holdout_aqsoldb_r3,AqSolDB,ngboost,probabilistic_boosting,rdkit_descriptors,1.4942762042367828,1,1.3437315189365053,0.0,1,0.00398069488282999,,
AqSolDB,logistic,source_holdout_aqsoldb_r3_rdkit_descriptors_random_forest,source_holdout_aqsoldb_r3,AqSolDB,random_forest,tree_ensemble,rdkit_descriptors,1.4782162947249033,1,1.3525654221257668,0.008833903189261472,1,0.06102232293862287,,
AqSolDB,logistic,source_holdout_aqsoldb_r3_rdkit_descriptors_ridge,source_holdout_aqsoldb_r3,AqSolDB,ridge,linear,rdkit_descriptors,1.5877501331802506,0,1.4675250688185146,0.1237935498820093,0,0.0029209127205769153,,
AqSolDB,logistic,source_holdout_aqsoldb_r3_rdkit_descriptors_svr,source_holdout_aqsoldb_r3,AqSolDB,svr,kernel,rdkit_descriptors,1.5337575450183838,0,1.4025293019823057,0.05879778304580041,1,0.6565158789172614,,
AqSolDB,logistic,source_holdout_aqsoldb_r3_rdkit_descriptors_xgboost,source_holdout_aqsoldb_r3,AqSolDB,xgboost,tree_ensemble,rdkit_descriptors,1.4578536076218302,1,1.373508584142037,0.029777065205531583,1,0.8103239438349833,,
AqSolDB,logistic,source_holdout_aqsoldb_r4_maccs_fingerprints_elastic_net,source_holdout_aqsoldb_r4,AqSolDB,elastic_net,linear,maccs_fingerprints,1.7163688614618102,0,1.689391551353739,0.33566873149631404,0,1.5670217027755858e-05,,
AqSolDB,logistic,source_holdout_aqsoldb_r4_maccs_fingerprints_extra_trees,source_holdout_aqsoldb_r4,AqSolDB,extra_trees,tree_ensemble,maccs_fingerprints,1.5179309990208911,0,1.6644766412666532,0.31075382140922825,0,0.0007163279663140861,,
AqSolDB,logistic,source_holdout_aqsoldb_r4_maccs_fingerprints_knn,source_holdout_aqsoldb_r4,AqSolDB,knn,local_similarity,maccs_fingerprints,1.6100046613933103,0,1.8342508437569311,0.4805280238995062,0,5.320263087232997e-05,,
AqSolDB,logistic,source_holdout_aqsoldb_r4_maccs_fingerprints_mlp,source_holdout_aqsoldb_r4,AqSolDB,mlp,neural_network,maccs_fingerprints,1.5866351009978727,0,1.719262260260278,0.36553944040285313,0,4.334162994932803e-05,,
AqSolDB,logistic,source_holdout_aqsoldb_r4_maccs_fingerprints_random_forest,source_holdout_aqsoldb_r4,AqSolDB,random_forest,tree_ensemble,maccs_fingerprints,1.5255018252553636,0,1.6502953462777419,0.29657252642031695,0,0.0015460843912709933,,
AqSolDB,logistic,source_holdout_aqsoldb_r4_maccs_fingerprints_ridge,source_holdout_aqsoldb_r4,AqSolDB,ridge,linear,maccs_fingerprints,1.699538046728534,0,1.6932718322871927,0.33954901242976776,0,2.4702099030956658e-05,,
AqSolDB,logistic,source_holdout_aqsoldb_r4_maccs_fingerprints_svr,source_holdout_aqsoldb_r4,AqSolDB,svr,kernel,maccs_fingerprints,1.4938431459351638,0,1.5996541548657408,0.24593133500831588,0,0.035983684872150964,,
AqSolDB,logistic,source_holdout_aqsoldb_r4_maccs_fingerprints_xgboost,source_holdout_aqsoldb_r4,AqSolDB,xgboost,tree_ensemble,maccs_fingerprints,1.5080128466946103,0,1.621919779918701,0.26819696006127614,0,0.08395944400929667,,
AqSolDB,logistic,source_holdout_aqsoldb_r4_molecular_graph_chemprop,source_holdout_aqsoldb_r4,AqSolDB,chemprop,graph_neural_network,molecular_graph,1.4574949148350047,0,1.5113065337175535,0.1575837138601286,0,0.2162490835479726,,
AqSolDB,logistic,source_holdout_aqsoldb_r4_morgan_fingerprints_elastic_net,source_holdout_aqsoldb_r4,AqSolDB,elastic_net,linear,morgan_fingerprints,1.7635126730340083,0,1.8435987615071587,0.4898759416497338,0,7.806359589665996e-06,,
AqSolDB,logistic,source_holdout_aqsoldb_r4_morgan_fingerprints_extra_trees,source_holdout_aqsoldb_r4,AqSolDB,extra_trees,tree_ensemble,morgan_fingerprints,1.5894285646853883,0,1.7654665847470468,0.41174376488962183,0,0.0004984674883857301,,
AqSolDB,logistic,source_holdout_aqsoldb_r4_morgan_fingerprints_knn,source_holdout_aqsoldb_r4,AqSolDB,knn,local_similarity,morgan_fingerprints,1.5674132309496318,0,1.95228688959729,0.5985640697398651,0,2.065457101525203e-05,,
AqSolDB,logistic,source_holdout_aqsoldb_r4_morgan_fingerprints_mlp,source_holdout_aqsoldb_r4,AqSolDB,mlp,neural_network,morgan_fingerprints,1.5863100837278752,0,1.7910447951050337,0.43732197524760874,0,1.983881847571387e-05,,
AqSolDB,logistic,source_holdout_aqsoldb_r4_morgan_fingerprints_random_forest,source_holdout_aqsoldb_r4,AqSolDB,random_forest,tree_ensemble,morgan_fingerprints,1.6052023637204842,0,1.788519756664234,0.434796936806809,0,0.000585069281996006,,
AqSolDB,logistic,source_holdout_aqsoldb_r4_morgan_fingerprints_ridge,source_holdout_aqsoldb_r4,AqSolDB,ridge,linear,morgan_fingerprints,1.7386307924175057,0,1.813679420533864,0.45995660067643906,0,8.620860410089819e-06,,
AqSolDB,logistic,source_holdout_aqsoldb_r4_morgan_fingerprints_svr,source_holdout_aqsoldb_r4,AqSolDB,svr,kernel,morgan_fingerprints,1.5795447726742382,0,1.665855758819272,0.312132938961847,0,0.0038936707544678273,,
AqSolDB,logistic,source_holdout_aqsoldb_r4_morgan_fingerprints_xgboost,source_holdout_aqsoldb_r4,AqSolDB,xgboost,tree_ensemble,morgan_fingerprints,1.6158104391375054,0,1.7421143895458853,0.38839156968846034,0,0.023884170813929993,,
AqSolDB,logistic,source_holdout_aqsoldb_r4_rdkit_descriptors_elastic_net,source_holdout_aqsoldb_r4,AqSolDB,elastic_net,linear,rdkit_descriptors,1.6374046887926519,0,1.4913135501226151,0.1375907302651902,0,0.0016472219352333844,,
AqSolDB,logistic,source_holdout_aqsoldb_r4_rdkit_descriptors_esol,source_holdout_aqsoldb_r4,AqSolDB,esol,chemistry_equation,rdkit_descriptors,3.345708646466411,0,3.3393193048946466,1.9855964850372216,0,4.514227664875502e-05,,
AqSolDB,logistic,source_holdout_aqsoldb_r4_rdkit_descriptors_extra_trees,source_holdout_aqsoldb_r4,AqSolDB,extra_trees,tree_ensemble,rdkit_descriptors,1.4372753709829813,0,1.39971255169483,0.04598973183740518,1,0.056100667248956425,,
AqSolDB,logistic,source_holdout_aqsoldb_r4_rdkit_descriptors_hist_gradient_boosting,source_holdout_aqsoldb_r4,AqSolDB,hist_gradient_boosting,tree_ensemble,rdkit_descriptors,1.3793507582416986,0,1.38365349633136,0.029930676473935103,1,0.47020369967483855,,
AqSolDB,logistic,source_holdout_aqsoldb_r4_rdkit_descriptors_knn,source_holdout_aqsoldb_r4,AqSolDB,knn,local_similarity,rdkit_descriptors,1.488228766862877,0,1.674946216387318,0.3212233965298932,0,0.006278981635700439,,
AqSolDB,logistic,source_holdout_aqsoldb_r4_rdkit_descriptors_mlp,source_holdout_aqsoldb_r4,AqSolDB,mlp,neural_network,rdkit_descriptors,1.5069816128170326,0,1.7586136791251339,0.40489085926770896,0,0.0036358688074617737,,
AqSolDB,logistic,source_holdout_aqsoldb_r4_rdkit_descriptors_ngboost,source_holdout_aqsoldb_r4,AqSolDB,ngboost,probabilistic_boosting,rdkit_descriptors,1.3700865104200606,1,1.3573401353558938,0.003617315498468887,1,0.006500244614014565,,
AqSolDB,logistic,source_holdout_aqsoldb_r4_rdkit_descriptors_random_forest,source_holdout_aqsoldb_r4,AqSolDB,random_forest,tree_ensemble,rdkit_descriptors,1.44313475522237,1,1.354896753115675,0.0011739332582501039,1,0.11431589727976586,,
AqSolDB,logistic,source_holdout_aqsoldb_r4_rdkit_descriptors_ridge,source_holdout_aqsoldb_r4,AqSolDB,ridge,linear,rdkit_descriptors,1.653930429566357,0,1.512575920250888,0.158853100393463,0,0.0015795487733448682,,
AqSolDB,logistic,source_holdout_aqsoldb_r4_rdkit_descriptors_svr,source_holdout_aqsoldb_r4,AqSolDB,svr,kernel,rdkit_descriptors,1.4791153782283304,0,1.4025334551402777,0.04881063528285279,1,0.7211155858609066,,
AqSolDB,logistic,source_holdout_aqsoldb_r4_rdkit_descriptors_xgboost,source_holdout_aqsoldb_r4,AqSolDB,xgboost,tree_ensemble,rdkit_descriptors,1.3638963442638095,1,1.353722819857425,0.0,1,0.5608870674195725,,
AqSolDB,logistic,source_holdout_aqsoldb_r5_maccs_fingerprints_elastic_net,source_holdout_aqsoldb_r5,AqSolDB,elastic_net,linear,maccs_fingerprints,1.6667979241922843,0,1.6893915513537392,0.33281971988808734,0,2.0671938745117033e-05,,
AqSolDB,logistic,source_holdout_aqsoldb_r5_maccs_fingerprints_extra_trees,source_holdout_aqsoldb_r5,AqSolDB,extra_trees,tree_ensemble,maccs_fingerprints,1.4318008610628368,0,1.6850408490681181,0.3284690176024663,0,0.0018002454119045587,,
AqSolDB,logistic,source_holdout_aqsoldb_r5_maccs_fingerprints_knn,source_holdout_aqsoldb_r5,AqSolDB,knn,local_similarity,maccs_fingerprints,1.5585929507867227,0,1.7994755681650156,0.4429037366993638,0,0.00033441645658313223,,
AqSolDB,logistic,source_holdout_aqsoldb_r5_maccs_fingerprints_mlp,source_holdout_aqsoldb_r5,AqSolDB,mlp,neural_network,maccs_fingerprints,1.4956799267051577,0,1.6386315697337794,0.2820597382681276,0,6.191012868981135e-05,,
AqSolDB,logistic,source_holdout_aqsoldb_r5_maccs_fingerprints_random_forest,source_holdout_aqsoldb_r5,AqSolDB,random_forest,tree_ensemble,maccs_fingerprints,1.4459864211670712,0,1.6671619770204498,0.3105901455547979,0,0.0020453291541597347,,
AqSolDB,logistic,source_holdout_aqsoldb_r5_maccs_fingerprints_ridge,source_holdout_aqsoldb_r5,AqSolDB,ridge,linear,maccs_fingerprints,1.6628458151456742,0,1.6903280216661312,0.3337561902004793,0,2.0929215756526004e-05,,
AqSolDB,logistic,source_holdout_aqsoldb_r5_maccs_fingerprints_svr,source_holdout_aqsoldb_r5,AqSolDB,svr,kernel,maccs_fingerprints,1.44531613829202,0,1.5996456197075384,0.24307378824188652,0,0.04344417323924105,,
AqSolDB,logistic,source_holdout_aqsoldb_r5_maccs_fingerprints_xgboost,source_holdout_aqsoldb_r5,AqSolDB,xgboost,tree_ensemble,maccs_fingerprints,1.4518306686906182,0,1.6376563651342517,0.28108453366859987,0,0.06457588262108162,,
AqSolDB,logistic,source_holdout_aqsoldb_r5_molecular_graph_chemprop,source_holdout_aqsoldb_r5,AqSolDB,chemprop,graph_neural_network,molecular_graph,1.3594175104920145,0,1.4902014290871481,0.1336295976214963,0,0.3084882206647212,,
AqSolDB,logistic,source_holdout_aqsoldb_r5_morgan_fingerprints_elastic_net,source_holdout_aqsoldb_r5,AqSolDB,elastic_net,linear,morgan_fingerprints,1.7290227630071888,0,1.8435987615071587,0.4870269300415069,0,1.0018207979968655e-05,,
AqSolDB,logistic,source_holdout_aqsoldb_r5_morgan_fingerprints_extra_trees,source_holdout_aqsoldb_r5,AqSolDB,extra_trees,tree_ensemble,morgan_fingerprints,1.5478451571796294,0,1.7712548797952845,0.41468304832963265,0,0.0006303564453730651,,
AqSolDB,logistic,source_holdout_aqsoldb_r5_morgan_fingerprints_knn,source_holdout_aqsoldb_r5,AqSolDB,knn,local_similarity,morgan_fingerprints,1.6456123047891107,0,1.878523528592316,0.5219516971266642,0,2.5093155079568956e-05,,
AqSolDB,logistic,source_holdout_aqsoldb_r5_morgan_fingerprints_mlp,source_holdout_aqsoldb_r5,AqSolDB,mlp,neural_network,morgan_fingerprints,1.5493018585664355,0,1.7973484232288295,0.4407765917631776,0,2.6052208277852556e-05,,
AqSolDB,logistic,source_holdout_aqsoldb_r5_morgan_fingerprints_random_forest,source_holdout_aqsoldb_r5,AqSolDB,random_forest,tree_ensemble,morgan_fingerprints,1.5634166409441705,0,1.775007271690785,0.4184354402251331,0,0.0007395557509541571,,
AqSolDB,logistic,source_holdout_aqsoldb_r5_morgan_fingerprints_ridge,source_holdout_aqsoldb_r5,AqSolDB,ridge,linear,morgan_fingerprints,1.6432229677725558,0,1.820213894247642,0.46364206278199016,0,2.4254373943166574e-05,,
AqSolDB,logistic,source_holdout_aqsoldb_r5_morgan_fingerprints_svr,source_holdout_aqsoldb_r5,AqSolDB,svr,kernel,morgan_fingerprints,1.463583703948607,0,1.6658557588192695,0.30928392735361765,0,0.0064677086337496656,,
AqSolDB,logistic,source_holdout_aqsoldb_r5_morgan_fingerprints_xgboost,source_holdout_aqsoldb_r5,AqSolDB,xgboost,tree_ensemble,morgan_fingerprints,1.5807876702585435,0,1.743895867341778,0.38732403587612607,0,0.018264163498695838,,
AqSolDB,logistic,source_holdout_aqsoldb_r5_rdkit_descriptors_elastic_net,source_holdout_aqsoldb_r5,AqSolDB,elastic_net,linear,rdkit_descriptors,1.5879455286036608,0,1.4913135501226154,0.1347417186569635,0,0.002088947317196162,,
AqSolDB,logistic,source_holdout_aqsoldb_r5_rdkit_descriptors_esol,source_holdout_aqsoldb_r5,AqSolDB,esol,chemistry_equation,rdkit_descriptors,3.5884229310909186,0,3.3393193048946466,1.9827474734289947,0,3.6270949571040224e-05,,
AqSolDB,logistic,source_holdout_aqsoldb_r5_rdkit_descriptors_extra_trees,source_holdout_aqsoldb_r5,AqSolDB,extra_trees,tree_ensemble,rdkit_descriptors,1.3812970156911926,0,1.3959036787614751,0.039331847295823286,1,0.13071252026553518,,
AqSolDB,logistic,source_holdout_aqsoldb_r5_rdkit_descriptors_hist_gradient_boosting,source_holdout_aqsoldb_r5,AqSolDB,hist_gradient_boosting,tree_ensemble,rdkit_descriptors,1.338391710059316,1,1.3738433955856628,0.017271564120010963,1,0.6520272981398288,,
AqSolDB,logistic,source_holdout_aqsoldb_r5_rdkit_descriptors_knn,source_holdout_aqsoldb_r5,AqSolDB,knn,local_similarity,rdkit_descriptors,1.439859021446073,0,1.7243858366444742,0.36781400517882235,0,0.0037291648533469657,,
AqSolDB,logistic,source_holdout_aqsoldb_r5_rdkit_descriptors_mlp,source_holdout_aqsoldb_r5,AqSolDB,mlp,neural_network,rdkit_descriptors,1.4155959280729318,0,1.5887200403047137,0.23214820883906184,0,0.006453241926488681,,
AqSolDB,logistic,source_holdout_aqsoldb_r5_rdkit_descriptors_ngboost,source_holdout_aqsoldb_r5,AqSolDB,ngboost,probabilistic_boosting,rdkit_descriptors,1.3672717097996483,1,1.3565718314656519,0.0,1,0.007277073126538787,,
AqSolDB,logistic,source_holdout_aqsoldb_r5_rdkit_descriptors_random_forest,source_holdout_aqsoldb_r5,AqSolDB,random_forest,tree_ensemble,rdkit_descriptors,1.3851520153300545,1,1.357374771071394,0.0008029396057420701,1,0.15432381778188795,,
AqSolDB,logistic,source_holdout_aqsoldb_r5_rdkit_descriptors_ridge,source_holdout_aqsoldb_r5,AqSolDB,ridge,linear,rdkit_descriptors,1.6376091502199162,0,1.5125643482840467,0.15599251681839488,0,0.002477743184545552,,
AqSolDB,logistic,source_holdout_aqsoldb_r5_rdkit_descriptors_svr,source_holdout_aqsoldb_r5,AqSolDB,svr,kernel,rdkit_descriptors,1.3779299795436788,0,1.4025266754583325,0.04595484399268068,1,0.7872871012927103,,
AqSolDB,logistic,source_holdout_aqsoldb_r5_rdkit_descriptors_xgboost,source_holdout_aqsoldb_r5,AqSolDB,xgboost,tree_ensemble,rdkit_descriptors,1.3246127091137747,0,1.3767748370307065,0.02020300556505461,1,0.9228516392631856,,
AqSolDB,bayesian_logistic_laplace,source_holdout_aqsoldb_r1_maccs_fingerprints_elastic_net,source_holdout_aqsoldb_r1,AqSolDB,elastic_net,linear,maccs_fingerprints,1.6028074474910272,0,1.6893915513537388,0.34610822361554505,0,0.154191501980052,2.2158497460289784e-13,0.9997792581394735
AqSolDB,bayesian_logistic_laplace,source_holdout_aqsoldb_r1_maccs_fingerprints_extra_trees,source_holdout_aqsoldb_r1,AqSolDB,extra_trees,tree_ensemble,maccs_fingerprints,1.3981714552346012,0,1.6526520594858682,0.30936873174767454,0,0.24419367972801428,2.3468903098238504e-11,0.9999881290017986
AqSolDB,bayesian_logistic_laplace,source_holdout_aqsoldb_r1_maccs_fingerprints_knn,source_holdout_aqsoldb_r1,AqSolDB,knn,local_similarity,maccs_fingerprints,1.516318320551137,0,1.896966816321521,0.5536834885833273,0,0.17094311011787294,2.9173726065315153e-13,0.9999109964412456
AqSolDB,bayesian_logistic_laplace,source_holdout_aqsoldb_r1_maccs_fingerprints_mlp,source_holdout_aqsoldb_r1,AqSolDB,mlp,neural_network,maccs_fingerprints,1.408285548127588,0,1.6081639892181934,0.26488066147999967,0,0.17259430306169066,1.0563590859269222e-12,0.9998750322237081
AqSolDB,bayesian_logistic_laplace,source_holdout_aqsoldb_r1_maccs_fingerprints_random_forest,source_holdout_aqsoldb_r1,AqSolDB,random_forest,tree_ensemble,maccs_fingerprints,1.408268994181625,0,1.6563644042926418,0.31308107655444806,0,0.2671880353313663,5.268571079682663e-11,0.9999937887902517
AqSolDB,bayesian_logistic_laplace,source_holdout_aqsoldb_r1_maccs_fingerprints_ridge,source_holdout_aqsoldb_r1,AqSolDB,ridge,linear,maccs_fingerprints,1.6011777453882083,0,1.693288572647003,0.35000524490880935,0,0.15779148053709147,5.615809084092901e-13,0.9997633916549492
AqSolDB,bayesian_logistic_laplace,source_holdout_aqsoldb_r1_maccs_fingerprints_svr,source_holdout_aqsoldb_r1,AqSolDB,svr,kernel,maccs_fingerprints,1.4252019131595135,0,1.5970976927611902,0.2538143650229965,0,0.3313001085178475,3.16583570797082e-10,0.9999989340317553
AqSolDB,bayesian_logistic_laplace,source_holdout_aqsoldb_r1_maccs_fingerprints_xgboost,source_holdout_aqsoldb_r1,AqSolDB,xgboost,tree_ensemble,maccs_fingerprints,1.3486856482837555,0,1.622916969987995,0.27963364224980136,0,0.4092096940338939,2.1568370664403624e-09,0.9999998486868811
AqSolDB,bayesian_logistic_laplace,source_holdout_aqsoldb_r1_molecular_graph_chemprop,source_holdout_aqsoldb_r1,AqSolDB,chemprop,graph_neural_network,molecular_graph,1.2723263442625454,0,1.5077310257365337,0.16444769799834003,0,0.4838218369479658,1.3569336760641301e-08,0.9999999713948965
AqSolDB,bayesian_logistic_laplace,source_holdout_aqsoldb_r1_morgan_fingerprints_elastic_net,source_holdout_aqsoldb_r1,AqSolDB,elastic_net,linear,morgan_fingerprints,1.6300112880089583,0,1.8435987615071587,0.500315433768965,0,0.22254240944607312,4.618185659533184e-17,0.9999998895277515
AqSolDB,bayesian_logistic_laplace,source_holdout_aqsoldb_r1_morgan_fingerprints_extra_trees,source_holdout_aqsoldb_r1,AqSolDB,extra_trees,tree_ensemble,morgan_fingerprints,1.5215145769922527,0,1.7606234275177919,0.4173400997795982,0,0.23025293697788005,1.3164369943046804e-11,0.9999824773723404
AqSolDB,bayesian_logistic_laplace,source_holdout_aqsoldb_r1_morgan_fingerprints_knn,source_holdout_aqsoldb_r1,AqSolDB,knn,local_similarity,morgan_fingerprints,1.5333711186926278,0,1.9537266040979901,0.6104432763597964,0,0.1572039898632634,1.2549450556854257e-13,0.9998455415196689
AqSolDB,bayesian_logistic_laplace,source_holdout_aqsoldb_r1_morgan_fingerprints_mlp,source_holdout_aqsoldb_r1,AqSolDB,mlp,neural_network,morgan_fingerprints,1.464164310458609,0,1.7770846902038742,0.43380136246568046,0,0.15650771431436078,4.134227825887469e-13,0.9997677920006336
AqSolDB,bayesian_logistic_laplace,source_holdout_aqsoldb_r1_morgan_fingerprints_random_forest,source_holdout_aqsoldb_r1,AqSolDB,random_forest,tree_ensemble,morgan_fingerprints,1.531030032420387,0,1.7702885024606605,0.4270051747224668,0,0.23728996463254995,1.6975730063815785e-11,0.9999859108499518
AqSolDB,bayesian_logistic_laplace,source_holdout_aqsoldb_r1_morgan_fingerprints_ridge,source_holdout_aqsoldb_r1,AqSolDB,ridge,linear,morgan_fingerprints,1.5552502002488575,0,1.820248193724357,0.4769648659861634,0,0.15234217353130303,3.515688666388414e-13,0.9997165830903999
AqSolDB,bayesian_logistic_laplace,source_holdout_aqsoldb_r1_morgan_fingerprints_svr,source_holdout_aqsoldb_r1,AqSolDB,svr,kernel,morgan_fingerprints,1.4352633745919514,0,1.6658557588192695,0.3225724310810758,0,0.3101661398741501,1.490951333433183e-10,0.9999983343684719
AqSolDB,bayesian_logistic_laplace,source_holdout_aqsoldb_r1_morgan_fingerprints_xgboost,source_holdout_aqsoldb_r1,AqSolDB,xgboost,tree_ensemble,morgan_fingerprints,1.4595755107779804,0,1.7405755233970521,0.3972921956588584,0,0.36937912090039704,7.143890604385465e-10,0.9999996372405112
AqSolDB,bayesian_logistic_laplace,source_holdout_aqsoldb_r1_rdkit_descriptors_elastic_net,source_holdout_aqsoldb_r1,AqSolDB,elastic_net,linear,rdkit_descriptors,1.4466313644210262,0,1.5024921467550794,0.15920881901688566,0,0.2870638464220001,3.027106040843333e-11,0.9999981292167968
AqSolDB,bayesian_logistic_laplace,source_holdout_aqsoldb_r1_rdkit_descriptors_esol,source_holdout_aqsoldb_r1,AqSolDB,esol,chemistry_equation,rdkit_descriptors,4.468689239318523,0,3.3393193048946466,1.9960359771564529,0,0.22831847805654512,1.0590742336559965e-16,0.9999998943645335
AqSolDB,bayesian_logistic_laplace,source_holdout_aqsoldb_r1_rdkit_descriptors_extra_trees,source_holdout_aqsoldb_r1,AqSolDB,extra_trees,tree_ensemble,rdkit_descriptors,1.3286460769692023,0,1.4007296158003633,0.05744628806216956,1,0.40675327020859514,2.00392039795153e-09,0.9999998413577648
AqSolDB,bayesian_logistic_laplace,source_holdout_aqsoldb_r1_rdkit_descriptors_hist_gradient_boosting,source_holdout_aqsoldb_r1,AqSolDB,hist_gradient_boosting,tree_ensemble,rdkit_descriptors,1.2650531937221807,1,1.3432833277381937,0.0,1,0.5203516423061941,2.5556898257856737e-08,0.9999999901097026
AqSolDB,bayesian_logistic_laplace,source_holdout_aqsoldb_r1_rdkit_descriptors_knn,source_holdout_aqsoldb_r1,AqSolDB,knn,local_similarity,rdkit_descriptors,1.4056537418348325,0,1.7236478136177698,0.38036448587957605,0,0.29754240932254344,2.7324213621587105e-11,0.9999989121080184
AqSolDB,bayesian_logistic_laplace,source_holdout_aqsoldb_r1_rdkit_descriptors_mlp,source_holdout_aqsoldb_r1,AqSolDB,mlp,neural_network,rdkit_descriptors,1.3222169950157094,0,1.7468985551051297,0.403615227366936,0,0.30769455337700724,1.0150167089449497e-10,0.999998523444368
AqSolDB,bayesian_logistic_laplace,source_holdout_aqsoldb_r1_rdkit_descriptors_ngboost,source_holdout_aqsoldb_r1,AqSolDB,ngboost,probabilistic_boosting,rdkit_descriptors,1.242782749844686,1,1.3448840522594632,0.0016007245212694698,1,0.3268959354360136,1.1524277415224624e-10,0.9999993189120353
AqSolDB,bayesian_logistic_laplace,source_holdout_aqsoldb_r1_rdkit_descriptors_random_forest,source_holdout_aqsoldb_r1,AqSolDB,random_forest,tree_ensemble,rdkit_descriptors,1.3321851475038,0,1.3656446797495658,0.022361352011372126,1,0.4155394106775765,2.4427310686579502e-09,0.9999998726867567
AqSolDB,bayesian_logistic_laplace,source_holdout_aqsoldb_r1_rdkit_descriptors_ridge,source_holdout_aqsoldb_r1,AqSolDB,ridge,linear,rdkit_descriptors,1.4467414566212975,0,1.5125658277950984,0.1692825000569047,0,0.296467534247341,9.621105209884146e-12,0.9999993701540572
AqSolDB,bayesian_logistic_laplace,source_holdout_aqsoldb_r1_rdkit_descriptors_svr,source_holdout_aqsoldb_r1,AqSolDB,svr,kernel,rdkit_descriptors,1.3269849306450732,0,1.4025308815708624,0.059247553832668665,1,0.5695635858453113,9.511554407993436e-08,0.9999999962526014
AqSolDB,bayesian_logistic_laplace,source_holdout_aqsoldb_r1_rdkit_descriptors_xgboost,source_holdout_aqsoldb_r1,AqSolDB,xgboost,tree_ensemble,rdkit_descriptors,1.2552083730255446,1,1.3513689407494056,0.008085613011211912,1,0.5173380144407387,4.2529704995801733e-16,1.0
AqSolDB,bayesian_logistic_laplace,source_holdout_aqsoldb_r2_maccs_fingerprints_elastic_net,source_holdout_aqsoldb_r2,AqSolDB,elastic_net,linear,maccs_fingerprints,1.6960737528735534,0,1.6893915513537388,0.32738138415489315,0,0.14357408705877878,1.1978367410582954e-13,0.9996430120852885
AqSolDB,bayesian_logistic_laplace,source_holdout_aqsoldb_r2_maccs_fingerprints_extra_trees,source_holdout_aqsoldb_r2,AqSolDB,extra_trees,tree_ensemble,maccs_fingerprints,1.5772186284904695,0,1.672859435083643,0.3108492678847974,0,0.23822142760458692,1.5359525391850316e-11,0.9999871277022704
AqSolDB,bayesian_logistic_laplace,source_holdout_aqsoldb_r2_maccs_fingerprints_knn,source_holdout_aqsoldb_r2,AqSolDB,knn,local_similarity,maccs_fingerprints,1.6214669300782187,0,1.8349793726963728,0.4729692054975272,0,0.1692902392433646,5.016236828519571e-13,0.999882676283112
AqSolDB,bayesian_logistic_laplace,source_holdout_aqsoldb_r2_maccs_fingerprints_mlp,source_holdout_aqsoldb_r2,AqSolDB,mlp,neural_network,maccs_fingerprints,1.6093999586190175,0,1.6859713208532434,0.3239611536543978,0,0.15593304121015863,4.896302680725663e-13,0.9997470273410003
AqSolDB,bayesian_logistic_laplace,source_holdout_aqsoldb_r2_maccs_fingerprints_random_forest,source_holdout_aqsoldb_r2,AqSolDB,random_forest,tree_ensemble,maccs_fingerprints,1.5644264362870002,0,1.6614828580895187,0.2994726908906731,0,0.24476071796803336,2.5660445604312914e-11,0.9999879354972743
AqSolDB,bayesian_logistic_laplace,source_holdout_aqsoldb_r2_maccs_fingerprints_ridge,source_holdout_aqsoldb_r2,AqSolDB,ridge,linear,maccs_fingerprints,1.6723799471325378,0,1.6932679331073408,0.3312577659084952,0,0.14658938455717493,2.959897984613923e-13,0.9996180403661599
AqSolDB,bayesian_logistic_laplace,source_holdout_aqsoldb_r2_maccs_fingerprints_svr,source_holdout_aqsoldb_r2,AqSolDB,svr,kernel,maccs_fingerprints,1.5708772126185253,0,1.5996601569945317,0.23764998979568608,0,0.3518585568742418,4.973218935897582e-10,0.9999994036680947
AqSolDB,bayesian_logistic_laplace,source_holdout_aqsoldb_r2_maccs_fingerprints_xgboost,source_holdout_aqsoldb_r2,AqSolDB,xgboost,tree_ensemble,maccs_fingerprints,1.571275577086216,0,1.6283159815586616,0.26630581435981604,0,0.3879353079348465,1.2774935903021815e-09,0.9999997489669665
AqSolDB,bayesian_logistic_laplace,source_holdout_aqsoldb_r2_molecular_graph_chemprop,source_holdout_aqsoldb_r2,AqSolDB,chemprop,graph_neural_network,molecular_graph,1.56894066138636,0,1.5602138480821512,0.19820368088330564,0,0.4236258629199717,2.967319037706566e-09,0.9999998947896207
AqSolDB,bayesian_logistic_laplace,source_holdout_aqsoldb_r2_morgan_fingerprints_elastic_net,source_holdout_aqsoldb_r2,AqSolDB,elastic_net,linear,morgan_fingerprints,1.7989465690747672,0,1.8435987615071587,0.48158859430831313,0,0.20324077454368644,1.5645322336731104e-17,0.9999997114114627
AqSolDB,bayesian_logistic_laplace,source_holdout_aqsoldb_r2_morgan_fingerprints_extra_trees,source_holdout_aqsoldb_r2,AqSolDB,extra_trees,tree_ensemble,morgan_fingerprints,1.6706095813385309,0,1.7685609227542776,0.40655075555543196,0,0.20656255364774825,5.482024615280961e-12,0.9999615745237225
AqSolDB,bayesian_logistic_laplace,source_holdout_aqsoldb_r2_morgan_fingerprints_knn,source_holdout_aqsoldb_r2,AqSolDB,knn,local_similarity,morgan_fingerprints,1.689771208467845,0,1.9508141509479613,0.5888039837491157,0,0.14451971035118402,6.503153951883462e-14,0.9997168431843735
AqSolDB,bayesian_logistic_laplace,source_holdout_aqsoldb_r2_morgan_fingerprints_mlp,source_holdout_aqsoldb_r2,AqSolDB,mlp,neural_network,morgan_fingerprints,1.7560719293443108,0,1.8085685793059179,0.44655841210707226,0,0.13535801439604742,1.3916521982264491e-13,0.9993707379579627
AqSolDB,bayesian_logistic_laplace,source_holdout_aqsoldb_r2_morgan_fingerprints_random_forest,source_holdout_aqsoldb_r2,AqSolDB,random_forest,tree_ensemble,morgan_fingerprints,1.6693080161889942,0,1.7795954719522993,0.4175853047534537,0,0.21460281077651597,7.570489491507982e-12,0.9999705694974497
AqSolDB,bayesian_logistic_laplace,source_holdout_aqsoldb_r2_morgan_fingerprints_ridge,source_holdout_aqsoldb_r2,AqSolDB,ridge,linear,morgan_fingerprints,1.7241804923540716,0,1.8136793653425956,0.45166919814374995,0,0.14715173296608805,2.203439593762602e-14,0.9998246818466324
AqSolDB,bayesian_logistic_laplace,source_holdout_aqsoldb_r2_morgan_fingerprints_svr,source_holdout_aqsoldb_r2,AqSolDB,svr,kernel,morgan_fingerprints,1.597942618700577,0,1.665855758819272,0.30384559162042635,0,0.28453724738191216,7.264594340912033e-11,0.9999965997858692
AqSolDB,bayesian_logistic_laplace,source_holdout_aqsoldb_r2_morgan_fingerprints_xgboost,source_holdout_aqsoldb_r2,AqSolDB,xgboost,tree_ensemble,morgan_fingerprints,1.6807247556657607,0,1.7419905677787564,0.3799804005799108,0,0.3427525094595618,3.183128145137854e-10,0.9999993458566687
AqSolDB,bayesian_logistic_laplace,source_holdout_aqsoldb_r2_rdkit_descriptors_elastic_net,source_holdout_aqsoldb_r2,AqSolDB,elastic_net,linear,rdkit_descriptors,1.6466314077432578,0,1.5024921467550811,0.14048197955623554,0,0.2585938703711687,1.1510165575407947e-11,0.999995741839819
AqSolDB,bayesian_logistic_laplace,source_holdout_aqsoldb_r2_rdkit_descriptors_esol,source_holdout_aqsoldb_r2,AqSolDB,esol,chemistry_equation,rdkit_descriptors,4.553750569464892,0,3.3393193048946466,1.977309137695801,0,0.21817244777968114,4.54781911840669e-17,0.9999998499826847
AqSolDB,bayesian_logistic_laplace,source_holdout_aqsoldb_r2_rdkit_descriptors_extra_trees,source_holdout_aqsoldb_r2,AqSolDB,extra_trees,tree_ensemble,rdkit_descriptors,1.519741268753734,0,1.3947705009886116,0.03276033378976595,1,0.37114603424646875,7.925328471369014e-10,0.9999996377682281
AqSolDB,bayesian_logistic_laplace,source_holdout_aqsoldb_r2_rdkit_descriptors_hist_gradient_boosting,source_holdout_aqsoldb_r2,AqSolDB,hist_gradient_boosting,tree_ensemble,rdkit_descriptors,1.5002509297838396,1,1.3663815706419338,0.004371403443088173,1,0.5077571901108454,2.2207418580552212e-08,0.9999999844855647
AqSolDB,bayesian_logistic_laplace,source_holdout_aqsoldb_r2_rdkit_descriptors_knn,source_holdout_aqsoldb_r2,AqSolDB,knn,local_similarity,rdkit_descriptors,1.6204962154857638,0,1.7246325805384384,0.3626224133395928,0,0.2705252733327098,1.1385692434915675e-11,0.9999976022528179
AqSolDB,bayesian_logistic_laplace,source_holdout_aqsoldb_r2_rdkit_descriptors_mlp,source_holdout_aqsoldb_r2,AqSolDB,mlp,neural_network,rdkit_descriptors,1.4948384367712209,0,1.8357356834316527,0.4737255162328071,0,0.2847245709058319,5.162765960426162e-11,0.9999972055637485
AqSolDB,bayesian_logistic_laplace,source_holdout_aqsoldb_r2_rdkit_descriptors_ngboost,source_holdout_aqsoldb_r2,AqSolDB,ngboost,probabilistic_boosting,rdkit_descriptors,1.5187366871316936,1,1.3642926886303375,0.0022825214314918796,1,0.2643256990526723,1.3713021448928298e-11,0.9999964557349384
AqSolDB,bayesian_logistic_laplace,source_holdout_aqsoldb_r2_rdkit_descriptors_random_forest,source_holdout_aqsoldb_r2,AqSolDB,random_forest,tree_ensemble,rdkit_descriptors,1.5084811663857738,0,1.3700690546152923,0.00805888741644667,1,0.4003204423893372,1.432250318745903e-09,0.9999998390228834
AqSolDB,bayesian_logistic_laplace,source_holdout_aqsoldb_r2_rdkit_descriptors_ridge,source_holdout_aqsoldb_r2,AqSolDB,ridge,linear,rdkit_descriptors,1.6393150876621536,0,1.467530210119538,0.10552004292069239,0,0.2695043443111067,3.1447901230636736e-11,0.9999957235158886
AqSolDB,bayesian_logistic_laplace,source_holdout_aqsoldb_r2_rdkit_descriptors_svr,source_holdout_aqsoldb_r2,AqSolDB,svr,kernel,rdkit_descriptors,1.5370240085733482,0,1.3981785750156464,0.03616840781680075,1,0.4845278868487047,1.2888017033622956e-08,0.9999999736334826
AqSolDB,bayesian_logistic_laplace,source_holdout_aqsoldb_r2_rdkit_descriptors_xgboost,source_holdout_aqsoldb_r2,AqSolDB,xgboost,tree_ensemble,rdkit_descriptors,1.4597109682474416,1,1.3620101671988456,0.0,1,0.5853044462608952,1.340265655529637e-07,0.9999999975111307
AqSolDB,bayesian_logistic_laplace,source_holdout_aqsoldb_r3_maccs_fingerprints_elastic_net,source_holdout_aqsoldb_r3,AqSolDB,elastic_net,linear,maccs_fingerprints,1.684583689821639,0,1.6893915513537392,0.34566003241723386,0,0.14224204031187057,1.1068224701711275e-13,0.9996198308595636
AqSolDB,bayesian_logistic_laplace,source_holdout_aqsoldb_r3_maccs_fingerprints_extra_trees,source_holdout_aqsoldb_r3,AqSolDB,extra_trees,tree_ensemble,maccs_fingerprints,1.5374773736666,0,1.6636035917616356,0.3198720728251303,0,0.23479535463660645,1.7792058147281333e-11,0.9999838069317978
AqSolDB,bayesian_logistic_laplace,source_holdout_aqsoldb_r3_maccs_fingerprints_knn,source_holdout_aqsoldb_r3,AqSolDB,knn,local_similarity,maccs_fingerprints,1.654047968468819,0,1.7996944351721353,0.45596291623563,0,0.25591846143573804,2.437917207042016e-15,0.9999999266005456
AqSolDB,bayesian_logistic_laplace,source_holdout_aqsoldb_r3_maccs_fingerprints_mlp,source_holdout_aqsoldb_r3,AqSolDB,mlp,neural_network,maccs_fingerprints,1.5991447451856775,0,1.6691502102297067,0.32541869129320133,0,0.15050223788959824,3.6359057456828614e-13,0.9996802695825326
AqSolDB,bayesian_logistic_laplace,source_holdout_aqsoldb_r3_maccs_fingerprints_random_forest,source_holdout_aqsoldb_r3,AqSolDB,random_forest,tree_ensemble,maccs_fingerprints,1.525725097689142,0,1.6597012214521212,0.31596970251561585,0,0.24275486276152525,2.3820154428570072e-11,0.9999872188822279
AqSolDB,bayesian_logistic_laplace,source_holdout_aqsoldb_r3_maccs_fingerprints_ridge,source_holdout_aqsoldb_r3,AqSolDB,ridge,linear,maccs_fingerprints,1.6876222217069468,0,1.6932699177488277,0.3495383988123224,0,0.14415454784061335,2.5839091883277405e-13,0.9995730843293651
AqSolDB,bayesian_logistic_laplace,source_holdout_aqsoldb_r3_maccs_fingerprints_svr,source_holdout_aqsoldb_r3,AqSolDB,svr,kernel,maccs_fingerprints,1.5891163954231464,0,1.5996608557637046,0.2559293368271993,0,0.34341770687569606,3.875356270066852e-10,0.9999992760944469
AqSolDB,bayesian_logistic_laplace,source_holdout_aqsoldb_r3_maccs_fingerprints_xgboost,source_holdout_aqsoldb_r3,AqSolDB,xgboost,tree_ensemble,maccs_fingerprints,1.5098352841077955,0,1.6251218233883336,0.2813903044518282,0,0.388807410956829,1.2984531277780095e-09,0.9999997551649846
AqSolDB,bayesian_logistic_laplace,source_holdout_aqsoldb_r3_molecular_graph_chemprop,source_holdout_aqsoldb_r3,AqSolDB,chemprop,graph_neural_network,molecular_graph,1.4881102703605125,0,1.4788516469800659,0.13512012804356055,0,0.43532673843065534,4.068043192816094e-09,0.9999999175533173
AqSolDB,bayesian_logistic_laplace,source_holdout_aqsoldb_r3_morgan_fingerprints_elastic_net,source_holdout_aqsoldb_r3,AqSolDB,elastic_net,linear,morgan_fingerprints,1.8068864363202446,0,1.843598761507159,0.4998672425706536,0,0.19737605681736883,1.0568325064031667e-17,0.999999615177944
AqSolDB,bayesian_logistic_laplace,source_holdout_aqsoldb_r3_morgan_fingerprints_extra_trees,source_holdout_aqsoldb_r3,AqSolDB,extra_trees,tree_ensemble,morgan_fingerprints,1.623892519995566,0,1.7624831219942234,0.4187516030577181,0,0.2085249586071574,5.909735065034051e-12,0.9999640909822256
AqSolDB,bayesian_logistic_laplace,source_holdout_aqsoldb_r3_morgan_fingerprints_knn,source_holdout_aqsoldb_r3,AqSolDB,knn,local_similarity,morgan_fingerprints,1.7456627881390816,0,1.8775497376467702,0.5338182187102649,0,0.1386244460917993,7.949372221471538e-14,0.9995612501041763
AqSolDB,bayesian_logistic_laplace,source_holdout_aqsoldb_r3_morgan_fingerprints_mlp,source_holdout_aqsoldb_r3,AqSolDB,mlp,neural_network,morgan_fingerprints,1.6619030112097608,0,1.7576048835596598,0.4138733646231545,0,0.13394958944781857,1.25748561275394e-13,0.9993285291067713
AqSolDB,bayesian_logistic_laplace,source_holdout_aqsoldb_r3_morgan_fingerprints_random_forest,source_holdout_aqsoldb_r3,AqSolDB,random_forest,tree_ensemble,morgan_fingerprints,1.651604456720185,0,1.7955376418098736,0.4518061228733683,0,0.2092702050278127,6.0495230280904045e-12,0.9999650700336048
AqSolDB,bayesian_logistic_laplace,source_holdout_aqsoldb_r3_morgan_fingerprints_ridge,source_holdout_aqsoldb_r3,AqSolDB,ridge,linear,morgan_fingerprints,1.7567386893217436,0,1.8202563375643197,0.4765248186278144,0,0.13098632085581743,1.0678010699303976e-13,0.9992179898041085
AqSolDB,bayesian_logistic_laplace,source_holdout_aqsoldb_r3_morgan_fingerprints_svr,source_holdout_aqsoldb_r3,AqSolDB,svr,kernel,morgan_fingerprints,1.5886523509793335,0,1.6658557588192706,0.3221242398827653,0,0.2738023559349469,5.1481064761808916e-11,0.9999954400788196
AqSolDB,bayesian_logistic_laplace,source_holdout_aqsoldb_r3_morgan_fingerprints_xgboost,source_holdout_aqsoldb_r3,AqSolDB,xgboost,tree_ensemble,morgan_fingerprints,1.6711749351644263,0,1.7534702111425489,0.40973869220604353,0,0.3159476806812652,1.571513706058277e-10,0.999998663463211
AqSolDB,bayesian_logistic_laplace,source_holdout_aqsoldb_r3_rdkit_descriptors_elastic_net,source_holdout_aqsoldb_r3,AqSolDB,elastic_net,linear,rdkit_descriptors,1.58926382947823,0,1.5024921467550805,0.15876062781857514,0,0.264265516844772,1.3865128553998553e-11,0.9999964255008256
AqSolDB,bayesian_logistic_laplace,source_holdout_aqsoldb_r3_rdkit_descriptors_esol,source_holdout_aqsoldb_r3,AqSolDB,esol,chemistry_equation,rdkit_descriptors,3.5922757059989054,0,3.3393193048946466,1.9955877859581412,0,0.18924413759876718,5.317921230467711e-15,0.9999929278131869
AqSolDB,bayesian_logistic_laplace,source_holdout_aqsoldb_r3_rdkit_descriptors_extra_trees,source_holdout_aqsoldb_r3,AqSolDB,extra_trees,tree_ensemble,rdkit_descriptors,1.474712069526871,0,1.3994351688003461,0.0557036498638408,1,0.3750894509097974,8.783962993979654e-10,0.9999996703772577
AqSolDB,bayesian_logistic_laplace,source_holdout_aqsoldb_r3_rdkit_descriptors_hist_gradient_boosting,source_holdout_aqsoldb_r3,AqSolDB,hist_gradient_boosting,tree_ensemble,rdkit_descriptors,1.483289936116682,0,1.3763738159759558,0.03264229703945043,1,0.4987429956133671,1.7005336339760986e-08,0.9999999819738125
AqSolDB,bayesian_logistic_laplace,source_holdout_aqsoldb_r3_rdkit_descriptors_knn,source_holdout_aqsoldb_r3,AqSolDB,knn,local_similarity,rdkit_descriptors,1.5584280154321646,0,1.6752768256840527,0.33154530674754734,0,0.28922646490573284,3.494155380051995e-11,0.9999981653815161
AqSolDB,bayesian_logistic_laplace,source_holdout_aqsoldb_r3_rdkit_descriptors_mlp,source_holdout_aqsoldb_r3,AqSolDB,mlp,neural_network,rdkit_descriptors,1.4973367218468465,0,1.673500072578888,0.32976855364238267,0,0.28096617964912884,4.4930083240625984e-11,0.9999969311072013
AqSolDB,bayesian_logistic_laplace,source_holdout_aqsoldb_r3_rdkit_descriptors_ngboost,source_holdout_aqsoldb_r3,AqSolDB,ngboost,probabilistic_boosting,rdkit_descriptors,1.4942762042367828,1,1.3437315189365053,0.0,1,0.2857782597113305,3.3560991339759165e-11,0.9999978988764067
AqSolDB,bayesian_logistic_laplace,source_holdout_aqsoldb_r3_rdkit_descriptors_random_forest,source_holdout_aqsoldb_r3,AqSolDB,random_forest,tree_ensemble,rdkit_descriptors,1.4782162947249033,1,1.3525654221257668,0.008833903189261472,1,0.3845660448668099,1.0811075860106763e-09,0.9999997440224562
AqSolDB,bayesian_logistic_laplace,source_holdout_aqsoldb_r3_rdkit_descriptors_ridge,source_holdout_aqsoldb_r3,AqSolDB,ridge,linear,rdkit_descriptors,1.5877501331802506,0,1.4675250688185146,0.1237935498820093,0,0.27223947125550624,3.3443911424348364e-11,0.9999961029369981
AqSolDB,bayesian_logistic_laplace,source_holdout_aqsoldb_r3_rdkit_descriptors_svr,source_holdout_aqsoldb_r3,AqSolDB,svr,kernel,rdkit_descriptors,1.5337575450183838,0,1.4025293019823057,0.05879778304580041,1,0.527897467359435,3.32660489173193e-08,0.9999999908940745
AqSolDB,bayesian_logistic_laplace,source_holdout_aqsoldb_r3_rdkit_descriptors_xgboost,source_holdout_aqsoldb_r3,AqSolDB,xgboost,tree_ensemble,rdkit_descriptors,1.4578536076218302,1,1.373508584142037,0.029777065205531583,1,0.5623197892391189,7.536262758681465e-08,0.9999999958708208
AqSolDB,bayesian_logistic_laplace,source_holdout_aqsoldb_r4_maccs_fingerprints_elastic_net,source_holdout_aqsoldb_r4,AqSolDB,elastic_net,linear,maccs_fingerprints,1.7163688614618102,0,1.689391551353739,0.33566873149631404,0,0.1405046548706267,1.0211957280218646e-13,0.999584314583765
AqSolDB,bayesian_logistic_laplace,source_holdout_aqsoldb_r4_maccs_fingerprints_extra_trees,source_holdout_aqsoldb_r4,AqSolDB,extra_trees,tree_ensemble,maccs_fingerprints,1.5179309990208911,0,1.6644766412666532,0.31075382140922825,0,0.22361943465213732,1.1783556611313587e-11,0.9999770691474097
AqSolDB,bayesian_logistic_laplace,source_holdout_aqsoldb_r4_maccs_fingerprints_knn,source_holdout_aqsoldb_r4,AqSolDB,knn,local_similarity,maccs_fingerprints,1.6100046613933103,0,1.8342508437569311,0.4805280238995062,0,0.16455941339604474,4.0816506497467735e-13,0.9998558346847659
AqSolDB,bayesian_logistic_laplace,source_holdout_aqsoldb_r4_maccs_fingerprints_mlp,source_holdout_aqsoldb_r4,AqSolDB,mlp,neural_network,maccs_fingerprints,1.5866351009978727,0,1.719262260260278,0.36553944040285313,0,0.15558352016412472,4.833621886494489e-13,0.9997427752094681
AqSolDB,bayesian_logistic_laplace,source_holdout_aqsoldb_r4_maccs_fingerprints_random_forest,source_holdout_aqsoldb_r4,AqSolDB,random_forest,tree_ensemble,maccs_fingerprints,1.5255018252553636,0,1.6502953462777419,0.29657252642031695,0,0.24649680092102882,2.7685275667090458e-11,0.9999884539483651
AqSolDB,bayesian_logistic_laplace,source_holdout_aqsoldb_r4_maccs_fingerprints_ridge,source_holdout_aqsoldb_r4,AqSolDB,ridge,linear,maccs_fingerprints,1.699538046728534,0,1.6932718322871927,0.33954901242976776,0,0.14401895512529286,2.6456960837319863e-13,0.9995666263231701
AqSolDB,bayesian_logistic_laplace,source_holdout_aqsoldb_r4_maccs_fingerprints_svr,source_holdout_aqsoldb_r4,AqSolDB,svr,kernel,maccs_fingerprints,1.4938431459351638,0,1.5996541548657408,0.24593133500831588,0,0.3617825431304584,6.636029995268896e-10,0.9999995237163947
AqSolDB,bayesian_logistic_laplace,source_holdout_aqsoldb_r4_maccs_fingerprints_xgboost,source_holdout_aqsoldb_r4,AqSolDB,xgboost,tree_ensemble,maccs_fingerprints,1.5080128466946103,0,1.621919779918701,0.26819696006127614,0,0.39812983369119714,1.681755453055757e-09,0.9999997998050797
AqSolDB,bayesian_logistic_laplace,source_holdout_aqsoldb_r4_molecular_graph_chemprop,source_holdout_aqsoldb_r4,AqSolDB,chemprop,graph_neural_network,molecular_graph,1.4574949148350047,0,1.5113065337175535,0.1575837138601286,0,0.44445897014708835,5.23444971995004e-09,0.9999999312427376
AqSolDB,bayesian_logistic_laplace,source_holdout_aqsoldb_r4_morgan_fingerprints_elastic_net,source_holdout_aqsoldb_r4,AqSolDB,elastic_net,linear,morgan_fingerprints,1.7635126730340083,0,1.8435987615071587,0.4898759416497338,0,0.20425334248698565,1.676087568707287e-17,0.9999997249620008
AqSolDB,bayesian_logistic_laplace,source_holdout_aqsoldb_r4_morgan_fingerprints_extra_trees,source_holdout_aqsoldb_r4,AqSolDB,extra_trees,tree_ensemble,morgan_fingerprints,1.5894285646853883,0,1.7654665847470468,0.41174376488962183,0,0.21405657269749406,7.48344619994549e-12,0.999969912796219
AqSolDB,bayesian_logistic_laplace,source_holdout_aqsoldb_r4_morgan_fingerprints_knn,source_holdout_aqsoldb_r4,AqSolDB,knn,local_similarity,morgan_fingerprints,1.5674132309496318,0,1.95228688959729,0.5985640697398651,0,0.15056318934574228,9.0265903234943e-14,0.999788465331138
AqSolDB,bayesian_logistic_laplace,source_holdout_aqsoldb_r4_morgan_fingerprints_mlp,source_holdout_aqsoldb_r4,AqSolDB,mlp,neural_network,morgan_fingerprints,1.5863100837278752,0,1.7910447951050337,0.43732197524760874,0,0.14076261017141709,1.910821771831971e-13,0.9995147555782247
AqSolDB,bayesian_logistic_laplace,source_holdout_aqsoldb_r4_morgan_fingerprints_random_forest,source_holdout_aqsoldb_r4,AqSolDB,random_forest,tree_ensemble,morgan_fingerprints,1.6052023637204842,0,1.788519756664234,0.434796936806809,0,0.21849247970794106,8.945163683591821e-12,0.9999738991873584
AqSolDB,bayesian_logistic_laplace,source_holdout_aqsoldb_r4_morgan_fingerprints_ridge,source_holdout_aqsoldb_r4,AqSolDB,ridge,linear,morgan_fingerprints,1.7386307924175057,0,1.813679420533864,0.45995660067643906,0,0.14241525096054025,1.6519957122523856e-14,0.9997777694927616
AqSolDB,bayesian_logistic_laplace,source_holdout_aqsoldb_r4_morgan_fingerprints_svr,source_holdout_aqsoldb_r4,AqSolDB,svr,kernel,morgan_fingerprints,1.5795447726742382,0,1.665855758819272,0.312132938961847,0,0.2787450976010451,6.129611244364686e-11,0.9999959883398167
AqSolDB,bayesian_logistic_laplace,source_holdout_aqsoldb_r4_morgan_fingerprints_xgboost,source_holdout_aqsoldb_r4,AqSolDB,xgboost,tree_ensemble,morgan_fingerprints,1.6158104391375054,0,1.7421143895458853,0.38839156968846034,0,0.3465309112321817,3.6321807945497684e-10,0.9999993933341221
AqSolDB,bayesian_logistic_laplace,source_holdout_aqsoldb_r4_rdkit_descriptors_elastic_net,source_holdout_aqsoldb_r4,AqSolDB,elastic_net,linear,rdkit_descriptors,1.6374046887926519,0,1.4913135501226151,0.1375907302651902,0,0.3218205683943537,4.183071128849636e-15,0.9999999984634063
AqSolDB,bayesian_logistic_laplace,source_holdout_aqsoldb_r4_rdkit_descriptors_esol,source_holdout_aqsoldb_r4,AqSolDB,esol,chemistry_equation,rdkit_descriptors,3.345708646466411,0,3.3393193048946466,1.9855964850372216,0,0.18990305023493245,2.4240271897885043e-14,0.9999881060476435
AqSolDB,bayesian_logistic_laplace,source_holdout_aqsoldb_r4_rdkit_descriptors_extra_trees,source_holdout_aqsoldb_r4,AqSolDB,extra_trees,tree_ensemble,rdkit_descriptors,1.4372753709829813,0,1.39971255169483,0.04598973183740518,1,0.3806365459279148,1.037536819215133e-09,0.9999997062900258
AqSolDB,bayesian_logistic_laplace,source_holdout_aqsoldb_r4_rdkit_descriptors_hist_gradient_boosting,source_holdout_aqsoldb_r4,AqSolDB,hist_gradient_boosting,tree_ensemble,rdkit_descriptors,1.3793507582416986,0,1.38365349633136,0.029930676473935103,1,0.4948831426375971,1.401414243245866e-08,0.9999999822085116
AqSolDB,bayesian_logistic_laplace,source_holdout_aqsoldb_r4_rdkit_descriptors_knn,source_holdout_aqsoldb_r4,AqSolDB,knn,local_similarity,rdkit_descriptors,1.488228766862877,0,1.674946216387318,0.3212233965298932,0,0.3015813733193339,5.279440709794834e-11,0.9999986776760362
AqSolDB,bayesian_logistic_laplace,source_holdout_aqsoldb_r4_rdkit_descriptors_mlp,source_holdout_aqsoldb_r4,AqSolDB,mlp,neural_network,rdkit_descriptors,1.5069816128170326,0,1.7586136791251339,0.40489085926770896,0,0.2792027638646431,4.3485153438749577e-11,0.9999967344273543
AqSolDB,bayesian_logistic_laplace,source_holdout_aqsoldb_r4_rdkit_descriptors_ngboost,source_holdout_aqsoldb_r4,AqSolDB,ngboost,probabilistic_boosting,rdkit_descriptors,1.3700865104200606,1,1.3573401353558938,0.003617315498468887,1,0.3022737413132422,5.787614537076107e-11,0.9999986480048286
AqSolDB,bayesian_logistic_laplace,source_holdout_aqsoldb_r4_rdkit_descriptors_random_forest,source_holdout_aqsoldb_r4,AqSolDB,random_forest,tree_ensemble,rdkit_descriptors,1.44313475522237,1,1.354896753115675,0.0011739332582501039,1,0.41224697783361247,2.4457099729849303e-09,0.9999998531921319
AqSolDB,bayesian_logistic_laplace,source_holdout_aqsoldb_r4_rdkit_descriptors_ridge,source_holdout_aqsoldb_r4,AqSolDB,ridge,linear,rdkit_descriptors,1.653930429566357,0,1.512575920250888,0.158853100393463,0,0.26838244999127936,3.717988892498996e-12,0.999998514514906
AqSolDB,bayesian_logistic_laplace,source_holdout_aqsoldb_r4_rdkit_descriptors_svr,source_holdout_aqsoldb_r4,AqSolDB,svr,kernel,rdkit_descriptors,1.4791153782283304,0,1.4025334551402777,0.04881063528285279,1,0.5409610664230611,4.7049591455167865e-08,0.9999999929628858
AqSolDB,bayesian_logistic_laplace,source_holdout_aqsoldb_r4_rdkit_descriptors_xgboost,source_holdout_aqsoldb_r4,AqSolDB,xgboost,tree_ensemble,rdkit_descriptors,1.3638963442638095,1,1.353722819857425,0.0,1,0.5052686625680367,2.451965799798657e-16,0.9999999999999998
AqSolDB,bayesian_logistic_laplace,source_holdout_aqsoldb_r5_maccs_fingerprints_elastic_net,source_holdout_aqsoldb_r5,AqSolDB,elastic_net,linear,maccs_fingerprints,1.6667979241922843,0,1.6893915513537392,0.33281971988808734,0,0.1456643391008749,1.3961360997480933e-13,0.999673408015248
AqSolDB,bayesian_logistic_laplace,source_holdout_aqsoldb_r5_maccs_fingerprints_extra_trees,source_holdout_aqsoldb_r5,AqSolDB,extra_trees,tree_ensemble,maccs_fingerprints,1.4318008610628368,0,1.6850408490681181,0.3284690176024663,0,0.2537792795290451,2.6056483210663625e-11,0.9999919890538498
AqSolDB,bayesian_logistic_laplace,source_holdout_aqsoldb_r5_maccs_fingerprints_knn,source_holdout_aqsoldb_r5,AqSolDB,knn,local_similarity,maccs_fingerprints,1.5585929507867227,0,1.7994755681650156,0.4429037366993638,0,0.270064870275785,4.744577044389401e-15,0.999999957603336
AqSolDB,bayesian_logistic_laplace,source_holdout_aqsoldb_r5_maccs_fingerprints_mlp,source_holdout_aqsoldb_r5,AqSolDB,mlp,neural_network,maccs_fingerprints,1.4956799267051577,0,1.6386315697337794,0.2820597382681276,0,0.1633485198963983,7.073560425131735e-13,0.9998155066374552
AqSolDB,bayesian_logistic_laplace,source_holdout_aqsoldb_r5_maccs_fingerprints_random_forest,source_holdout_aqsoldb_r5,AqSolDB,random_forest,tree_ensemble,maccs_fingerprints,1.4459864211670712,0,1.6671619770204498,0.3105901455547979,0,0.2577074405227001,3.023836127524182e-11,0.9999928013619461
AqSolDB,bayesian_logistic_laplace,source_holdout_aqsoldb_r5_maccs_fingerprints_ridge,source_holdout_aqsoldb_r5,AqSolDB,ridge,linear,maccs_fingerprints,1.6628458151456742,0,1.6903280216661312,0.3337561902004793,0,0.15824268308102102,4.6801063021176344e-14,0.9998931719672189
AqSolDB,bayesian_logistic_laplace,source_holdout_aqsoldb_r5_maccs_fingerprints_svr,source_holdout_aqsoldb_r5,AqSolDB,svr,kernel,maccs_fingerprints,1.44531613829202,0,1.5996456197075384,0.24307378824188652,0,0.3696050067459962,8.114462637600109e-10,0.9999996066155727
AqSolDB,bayesian_logistic_laplace,source_holdout_aqsoldb_r5_maccs_fingerprints_xgboost,source_holdout_aqsoldb_r5,AqSolDB,xgboost,tree_ensemble,maccs_fingerprints,1.4518306686906182,0,1.6376563651342517,0.28108453366859987,0,0.386555055003971,1.2436184789845936e-09,0.9999997390462886
AqSolDB,bayesian_logistic_laplace,source_holdout_aqsoldb_r5_molecular_graph_chemprop,source_holdout_aqsoldb_r5,AqSolDB,chemprop,graph_neural_network,molecular_graph,1.3594175104920145,0,1.4902014290871481,0.1336295976214963,0,0.46505342828174273,8.65287101104412e-09,0.9999999565207335
AqSolDB,bayesian_logistic_laplace,source_holdout_aqsoldb_r5_morgan_fingerprints_elastic_net,source_holdout_aqsoldb_r5,AqSolDB,elastic_net,linear,morgan_fingerprints,1.7290227630071888,0,1.8435987615071587,0.4870269300415069,0,0.20881090261246393,2.1969924205724832e-17,0.9999997811030679
AqSolDB,bayesian_logistic_laplace,source_holdout_aqsoldb_r5_morgan_fingerprints_extra_trees,source_holdout_aqsoldb_r5,AqSolDB,extra_trees,tree_ensemble,morgan_fingerprints,1.5478451571796294,0,1.7712548797952845,0.41468304832963265,0,0.22081856570850003,9.525703000471791e-12,0.9999760576624432
AqSolDB,bayesian_logistic_laplace,source_holdout_aqsoldb_r5_morgan_fingerprints_knn,source_holdout_aqsoldb_r5,AqSolDB,knn,local_similarity,morgan_fingerprints,1.6456123047891107,0,1.878523528592316,0.5219516971266642,0,0.14992972925039724,1.655916653592913e-13,0.9997370991771898
AqSolDB,bayesian_logistic_laplace,source_holdout_aqsoldb_r5_morgan_fingerprints_mlp,source_holdout_aqsoldb_r5,AqSolDB,mlp,neural_network,morgan_fingerprints,1.5493018585664355,0,1.7973484232288295,0.4407765917631776,0,0.14621002700450605,2.5416600627599907e-13,0.9996256798921962
AqSolDB,bayesian_logistic_laplace,source_holdout_aqsoldb_r5_morgan_fingerprints_random_forest,source_holdout_aqsoldb_r5,AqSolDB,random_forest,tree_ensemble,morgan_fingerprints,1.5634166409441705,0,1.775007271690785,0.4184354402251331,0,0.22536201058076943,1.137063963549239e-11,0.99997924171665
AqSolDB,bayesian_logistic_laplace,source_holdout_aqsoldb_r5_morgan_fingerprints_ridge,source_holdout_aqsoldb_r5,AqSolDB,ridge,linear,morgan_fingerprints,1.6432229677725558,0,1.820213894247642,0.46364206278199016,0,0.14464806395841237,2.3818150813819864e-13,0.9995953020152817
AqSolDB,bayesian_logistic_laplace,source_holdout_aqsoldb_r5_morgan_fingerprints_svr,source_holdout_aqsoldb_r5,AqSolDB,svr,kernel,morgan_fingerprints,1.463583703948607,0,1.6658557588192695,0.30928392735361765,0,0.29658994861493415,1.028553245308148e-10,0.9999975728936601
AqSolDB,bayesian_logistic_laplace,source_holdout_aqsoldb_r5_morgan_fingerprints_xgboost,source_holdout_aqsoldb_r5,AqSolDB,xgboost,tree_ensemble,morgan_fingerprints,1.5807876702585435,0,1.743895867341778,0.38732403587612607,0,0.33555426838742497,2.9159471430887414e-10,0.9999991575017685
AqSolDB,bayesian_logistic_laplace,source_holdout_aqsoldb_r5_rdkit_descriptors_elastic_net,source_holdout_aqsoldb_r5,AqSolDB,elastic_net,linear,rdkit_descriptors,1.5879455286036608,0,1.4913135501226154,0.1347417186569635,0,0.327868969208473,5.329797808307762e-15,0.9999999987837036
AqSolDB,bayesian_logistic_laplace,source_holdout_aqsoldb_r5_rdkit_descriptors_esol,source_holdout_aqsoldb_r5,AqSolDB,esol,chemistry_equation,rdkit_descriptors,3.5884229310909186,0,3.3393193048946466,1.9827474734289947,0,0.1950513302331961,7.186575108453247e-15,0.9999945377667643
AqSolDB,bayesian_logistic_laplace,source_holdout_aqsoldb_r5_rdkit_descriptors_extra_trees,source_holdout_aqsoldb_r5,AqSolDB,extra_trees,tree_ensemble,rdkit_descriptors,1.3812970156911926,0,1.3959036787614751,0.039331847295823286,1,0.4187003590270994,2.830778449997628e-09,0.9999998748017379
AqSolDB,bayesian_logistic_laplace,source_holdout_aqsoldb_r5_rdkit_descriptors_hist_gradient_boosting,source_holdout_aqsoldb_r5,AqSolDB,hist_gradient_boosting,tree_ensemble,rdkit_descriptors,1.338391710059316,1,1.3738433955856628,0.017271564120010963,1,0.5271463409815458,3.4947344964638984e-08,0.9999999900465649
AqSolDB,bayesian_logistic_laplace,source_holdout_aqsoldb_r5_rdkit_descriptors_knn,source_holdout_aqsoldb_r5,AqSolDB,knn,local_similarity,rdkit_descriptors,1.439859021446073,0,1.7243858366444742,0.36781400517882235,0,0.2879074525949493,2.005974450076018e-11,0.9999985682854305
AqSolDB,bayesian_logistic_laplace,source_holdout_aqsoldb_r5_rdkit_descriptors_mlp,source_holdout_aqsoldb_r5,AqSolDB,mlp,neural_network,rdkit_descriptors,1.4155959280729318,0,1.5887200403047137,0.23214820883906184,0,0.2990256099262216,7.901958012703548e-11,0.9999981269273089
AqSolDB,bayesian_logistic_laplace,source_holdout_aqsoldb_r5_rdkit_descriptors_ngboost,source_holdout_aqsoldb_r5,AqSolDB,ngboost,probabilistic_boosting,rdkit_descriptors,1.3672717097996483,1,1.3565718314656519,0.0,1,0.30627753509724204,6.483197966578833e-11,0.9999987934887247
AqSolDB,bayesian_logistic_laplace,source_holdout_aqsoldb_r5_rdkit_descriptors_random_forest,source_holdout_aqsoldb_r5,AqSolDB,random_forest,tree_ensemble,rdkit_descriptors,1.3851520153300545,1,1.357374771071394,0.0008029396057420701,1,0.4268108216488459,3.4977646331548324e-09,0.9999998949652952
AqSolDB,bayesian_logistic_laplace,source_holdout_aqsoldb_r5_rdkit_descriptors_ridge,source_holdout_aqsoldb_r5,AqSolDB,ridge,linear,rdkit_descriptors,1.6376091502199162,0,1.5125643482840467,0.15599251681839488,0,0.28218019022416896,5.963104109264071e-12,0.9999990334939419
AqSolDB,bayesian_logistic_laplace,source_holdout_aqsoldb_r5_rdkit_descriptors_svr,source_holdout_aqsoldb_r5,AqSolDB,svr,kernel,rdkit_descriptors,1.3779299795436788,0,1.4025266754583325,0.04595484399268068,1,0.5563565596959706,6.834853279117234e-08,0.9999999950105738
AqSolDB,bayesian_logistic_laplace,source_holdout_aqsoldb_r5_rdkit_descriptors_xgboost,source_holdout_aqsoldb_r5,AqSolDB,xgboost,tree_ensemble,rdkit_descriptors,1.3246127091137747,0,1.3767748370307065,0.02020300556505461,1,0.605763049313797,2.2290615953130313e-07,0.9999999984421997
AqSolDB,random_forest,source_holdout_aqsoldb_r1_maccs_fingerprints_elastic_net,source_holdout_aqsoldb_r1,AqSolDB,elastic_net,linear,maccs_fingerprints,1.6028074474910272,0,1.6893915513537388,0.34610822361554505,0,0.0013472507778257263,,
AqSolDB,random_forest,source_holdout_aqsoldb_r1_maccs_fingerprints_extra_trees,source_holdout_aqsoldb_r1,AqSolDB,extra_trees,tree_ensemble,maccs_fingerprints,1.3981714552346012,0,1.6526520594858682,0.30936873174767454,0,0.059071431457046686,,
AqSolDB,random_forest,source_holdout_aqsoldb_r1_maccs_fingerprints_knn,source_holdout_aqsoldb_r1,AqSolDB,knn,local_similarity,maccs_fingerprints,1.516318320551137,0,1.896966816321521,0.5536834885833273,0,0.01663718204538857,,
AqSolDB,random_forest,source_holdout_aqsoldb_r1_maccs_fingerprints_mlp,source_holdout_aqsoldb_r1,AqSolDB,mlp,neural_network,maccs_fingerprints,1.408285548127588,0,1.6081639892181934,0.26488066147999967,0,0.024148853725986085,,
AqSolDB,random_forest,source_holdout_aqsoldb_r1_maccs_fingerprints_random_forest,source_holdout_aqsoldb_r1,AqSolDB,random_forest,tree_ensemble,maccs_fingerprints,1.408268994181625,0,1.6563644042926418,0.31308107655444806,0,0.03839373609567663,,
AqSolDB,random_forest,source_holdout_aqsoldb_r1_maccs_fingerprints_ridge,source_holdout_aqsoldb_r1,AqSolDB,ridge,linear,maccs_fingerprints,1.6011777453882083,0,1.693288572647003,0.35000524490880935,0,0.0016935685496564331,,
AqSolDB,random_forest,source_holdout_aqsoldb_r1_maccs_fingerprints_svr,source_holdout_aqsoldb_r1,AqSolDB,svr,kernel,maccs_fingerprints,1.4252019131595135,0,1.5970976927611902,0.2538143650229965,0,0.03981430639986637,,
AqSolDB,random_forest,source_holdout_aqsoldb_r1_maccs_fingerprints_xgboost,source_holdout_aqsoldb_r1,AqSolDB,xgboost,tree_ensemble,maccs_fingerprints,1.3486856482837555,0,1.622916969987995,0.27963364224980136,0,0.13307443667935653,,
AqSolDB,random_forest,source_holdout_aqsoldb_r1_molecular_graph_chemprop,source_holdout_aqsoldb_r1,AqSolDB,chemprop,graph_neural_network,molecular_graph,1.2723263442625454,0,1.5077310257365337,0.16444769799834003,0,0.31109464057723796,,
AqSolDB,random_forest,source_holdout_aqsoldb_r1_morgan_fingerprints_elastic_net,source_holdout_aqsoldb_r1,AqSolDB,elastic_net,linear,morgan_fingerprints,1.6300112880089583,0,1.8435987615071587,0.500315433768965,0,0.0025151027773826114,,
AqSolDB,random_forest,source_holdout_aqsoldb_r1_morgan_fingerprints_extra_trees,source_holdout_aqsoldb_r1,AqSolDB,extra_trees,tree_ensemble,morgan_fingerprints,1.5215145769922527,0,1.7606234275177919,0.4173400997795982,0,0.011379917494828903,,
AqSolDB,random_forest,source_holdout_aqsoldb_r1_morgan_fingerprints_knn,source_holdout_aqsoldb_r1,AqSolDB,knn,local_similarity,morgan_fingerprints,1.5333711186926278,0,1.9537266040979901,0.6104432763597964,0,0.0052093290962993335,,
AqSolDB,random_forest,source_holdout_aqsoldb_r1_morgan_fingerprints_mlp,source_holdout_aqsoldb_r1,AqSolDB,mlp,neural_network,morgan_fingerprints,1.464164310458609,0,1.7770846902038742,0.43380136246568046,0,0.0149526478335439,,
AqSolDB,random_forest,source_holdout_aqsoldb_r1_morgan_fingerprints_random_forest,source_holdout_aqsoldb_r1,AqSolDB,random_forest,tree_ensemble,morgan_fingerprints,1.531030032420387,0,1.7702885024606605,0.4270051747224668,0,0.00788898065389207,,
AqSolDB,random_forest,source_holdout_aqsoldb_r1_morgan_fingerprints_ridge,source_holdout_aqsoldb_r1,AqSolDB,ridge,linear,morgan_fingerprints,1.5552502002488575,0,1.820248193724357,0.4769648659861634,0,0.002398143713055126,,
AqSolDB,random_forest,source_holdout_aqsoldb_r1_morgan_fingerprints_svr,source_holdout_aqsoldb_r1,AqSolDB,svr,kernel,morgan_fingerprints,1.4352633745919514,0,1.6658557588192695,0.3225724310810758,0,0.036994159697558544,,
AqSolDB,random_forest,source_holdout_aqsoldb_r1_morgan_fingerprints_xgboost,source_holdout_aqsoldb_r1,AqSolDB,xgboost,tree_ensemble,morgan_fingerprints,1.4595755107779804,0,1.7405755233970521,0.3972921956588584,0,0.06790482938346107,,
AqSolDB,random_forest,source_holdout_aqsoldb_r1_rdkit_descriptors_elastic_net,source_holdout_aqsoldb_r1,AqSolDB,elastic_net,linear,rdkit_descriptors,1.4466313644210262,0,1.5024921467550794,0.15920881901688566,0,0.01756927994443461,,
AqSolDB,random_forest,source_holdout_aqsoldb_r1_rdkit_descriptors_esol,source_holdout_aqsoldb_r1,AqSolDB,esol,chemistry_equation,rdkit_descriptors,4.468689239318523,0,3.3393193048946466,1.9960359771564529,0,0.007377994642737414,,
AqSolDB,random_forest,source_holdout_aqsoldb_r1_rdkit_descriptors_extra_trees,source_holdout_aqsoldb_r1,AqSolDB,extra_trees,tree_ensemble,rdkit_descriptors,1.3286460769692023,0,1.4007296158003633,0.05744628806216956,1,0.1548388285109175,,
AqSolDB,random_forest,source_holdout_aqsoldb_r1_rdkit_descriptors_hist_gradient_boosting,source_holdout_aqsoldb_r1,AqSolDB,hist_gradient_boosting,tree_ensemble,rdkit_descriptors,1.2650531937221807,1,1.3432833277381937,0.0,1,0.4919077819331368,,
AqSolDB,random_forest,source_holdout_aqsoldb_r1_rdkit_descriptors_knn,source_holdout_aqsoldb_r1,AqSolDB,knn,local_similarity,rdkit_descriptors,1.4056537418348325,0,1.7236478136177698,0.38036448587957605,0,0.04985820765360394,,
AqSolDB,random_forest,source_holdout_aqsoldb_r1_rdkit_descriptors_mlp,source_holdout_aqsoldb_r1,AqSolDB,mlp,neural_network,rdkit_descriptors,1.3222169950157094,0,1.7468985551051297,0.403615227366936,0,0.08192892013832895,,
AqSolDB,random_forest,source_holdout_aqsoldb_r1_rdkit_descriptors_ngboost,source_holdout_aqsoldb_r1,AqSolDB,ngboost,probabilistic_boosting,rdkit_descriptors,1.242782749844686,1,1.3448840522594632,0.0016007245212694698,1,0.16665495384633797,,
AqSolDB,random_forest,source_holdout_aqsoldb_r1_rdkit_descriptors_random_forest,source_holdout_aqsoldb_r1,AqSolDB,random_forest,tree_ensemble,rdkit_descriptors,1.3321851475038,0,1.3656446797495658,0.022361352011372126,1,0.1490591859312749,,
AqSolDB,random_forest,source_holdout_aqsoldb_r1_rdkit_descriptors_ridge,source_holdout_aqsoldb_r1,AqSolDB,ridge,linear,rdkit_descriptors,1.4467414566212975,0,1.5125658277950984,0.1692825000569047,0,0.018907661208328812,,
AqSolDB,random_forest,source_holdout_aqsoldb_r1_rdkit_descriptors_svr,source_holdout_aqsoldb_r1,AqSolDB,svr,kernel,rdkit_descriptors,1.3269849306450732,0,1.4025308815708624,0.059247553832668665,1,0.21019306231741222,,
AqSolDB,random_forest,source_holdout_aqsoldb_r1_rdkit_descriptors_xgboost,source_holdout_aqsoldb_r1,AqSolDB,xgboost,tree_ensemble,rdkit_descriptors,1.2552083730255446,1,1.3513689407494056,0.008085613011211912,1,0.5179296877905479,,
AqSolDB,random_forest,source_holdout_aqsoldb_r2_maccs_fingerprints_elastic_net,source_holdout_aqsoldb_r2,AqSolDB,elastic_net,linear,maccs_fingerprints,1.6960737528735534,0,1.6893915513537388,0.32738138415489315,0,0.0013472507778257263,,
AqSolDB,random_forest,source_holdout_aqsoldb_r2_maccs_fingerprints_extra_trees,source_holdout_aqsoldb_r2,AqSolDB,extra_trees,tree_ensemble,maccs_fingerprints,1.5772186284904695,0,1.672859435083643,0.3108492678847974,0,0.017802760149201968,,
AqSolDB,random_forest,source_holdout_aqsoldb_r2_maccs_fingerprints_knn,source_holdout_aqsoldb_r2,AqSolDB,knn,local_similarity,maccs_fingerprints,1.6214669300782187,0,1.8349793726963728,0.4729692054975272,0,0.002788625046831575,,
AqSolDB,random_forest,source_holdout_aqsoldb_r2_maccs_fingerprints_mlp,source_holdout_aqsoldb_r2,AqSolDB,mlp,neural_network,maccs_fingerprints,1.6093999586190175,0,1.6859713208532434,0.3239611536543978,0,0.0021701065283130563,,
AqSolDB,random_forest,source_holdout_aqsoldb_r2_maccs_fingerprints_random_forest,source_holdout_aqsoldb_r2,AqSolDB,random_forest,tree_ensemble,maccs_fingerprints,1.5644264362870002,0,1.6614828580895187,0.2994726908906731,0,0.005423641881848409,,
AqSolDB,random_forest,source_holdout_aqsoldb_r2_maccs_fingerprints_ridge,source_holdout_aqsoldb_r2,AqSolDB,ridge,linear,maccs_fingerprints,1.6723799471325378,0,1.6932679331073408,0.3312577659084952,0,0.0016935685496564331,,
AqSolDB,random_forest,source_holdout_aqsoldb_r2_maccs_fingerprints_svr,source_holdout_aqsoldb_r2,AqSolDB,svr,kernel,maccs_fingerprints,1.5708772126185253,0,1.5996601569945317,0.23764998979568608,0,0.02665513378078326,,
AqSolDB,random_forest,source_holdout_aqsoldb_r2_maccs_fingerprints_xgboost,source_holdout_aqsoldb_r2,AqSolDB,xgboost,tree_ensemble,maccs_fingerprints,1.571275577086216,0,1.6283159815586616,0.26630581435981604,0,0.07266644696944798,,
AqSolDB,random_forest,source_holdout_aqsoldb_r2_molecular_graph_chemprop,source_holdout_aqsoldb_r2,AqSolDB,chemprop,graph_neural_network,molecular_graph,1.56894066138636,0,1.5602138480821512,0.19820368088330564,0,0.18904490087650871,,
AqSolDB,random_forest,source_holdout_aqsoldb_r2_morgan_fingerprints_elastic_net,source_holdout_aqsoldb_r2,AqSolDB,elastic_net,linear,morgan_fingerprints,1.7989465690747672,0,1.8435987615071587,0.48158859430831313,0,0.0012484361107159448,,
AqSolDB,random_forest,source_holdout_aqsoldb_r2_morgan_fingerprints_extra_trees,source_holdout_aqsoldb_r2,AqSolDB,extra_trees,tree_ensemble,morgan_fingerprints,1.6706095813385309,0,1.7685609227542776,0.40655075555543196,0,0.00894182225673367,,
AqSolDB,random_forest,source_holdout_aqsoldb_r2_morgan_fingerprints_knn,source_holdout_aqsoldb_r2,AqSolDB,knn,local_similarity,morgan_fingerprints,1.689771208467845,0,1.9508141509479613,0.5888039837491157,0,0.003342662429632666,,
AqSolDB,random_forest,source_holdout_aqsoldb_r2_morgan_fingerprints_mlp,source_holdout_aqsoldb_r2,AqSolDB,mlp,neural_network,morgan_fingerprints,1.7560719293443108,0,1.8085685793059179,0.44655841210707226,0,0.0026290260659963026,,
AqSolDB,random_forest,source_holdout_aqsoldb_r2_morgan_fingerprints_random_forest,source_holdout_aqsoldb_r2,AqSolDB,random_forest,tree_ensemble,morgan_fingerprints,1.6693080161889942,0,1.7795954719522993,0.4175853047534537,0,0.006422313987225402,,
AqSolDB,random_forest,source_holdout_aqsoldb_r2_morgan_fingerprints_ridge,source_holdout_aqsoldb_r2,AqSolDB,ridge,linear,morgan_fingerprints,1.7241804923540716,0,1.8136793653425956,0.45166919814374995,0,0.001798143713055126,,
AqSolDB,random_forest,source_holdout_aqsoldb_r2_morgan_fingerprints_svr,source_holdout_aqsoldb_r2,AqSolDB,svr,kernel,morgan_fingerprints,1.597942618700577,0,1.665855758819272,0.30384559162042635,0,0.01411718295165596,,
AqSolDB,random_forest,source_holdout_aqsoldb_r2_morgan_fingerprints_xgboost,source_holdout_aqsoldb_r2,AqSolDB,xgboost,tree_ensemble,morgan_fingerprints,1.6807247556657607,0,1.7419905677787564,0.3799804005799108,0,0.09199599283069873,,
AqSolDB,random_forest,source_holdout_aqsoldb_r2_rdkit_descriptors_elastic_net,source_holdout_aqsoldb_r2,AqSolDB,elastic_net,linear,rdkit_descriptors,1.6466314077432578,0,1.5024921467550811,0.14048197955623554,0,0.005724186511297704,,
AqSolDB,random_forest,source_holdout_aqsoldb_r2_rdkit_descriptors_esol,source_holdout_aqsoldb_r2,AqSolDB,esol,chemistry_equation,rdkit_descriptors,4.553750569464892,0,3.3393193048946466,1.977309137695801,0,0.007377994642737414,,
AqSolDB,random_forest,source_holdout_aqsoldb_r2_rdkit_descriptors_extra_trees,source_holdout_aqsoldb_r2,AqSolDB,extra_trees,tree_ensemble,rdkit_descriptors,1.519741268753734,0,1.3947705009886116,0.03276033378976595,1,0.0579612256503492,,
AqSolDB,random_forest,source_holdout_aqsoldb_r2_rdkit_descriptors_hist_gradient_boosting,source_holdout_aqsoldb_r2,AqSolDB,hist_gradient_boosting,tree_ensemble,rdkit_descriptors,1.5002509297838396,1,1.3663815706419338,0.004371403443088173,1,0.35112787974478227,,
AqSolDB,random_forest,source_holdout_aqsoldb_r2_rdkit_descriptors_knn,source_holdout_aqsoldb_r2,AqSolDB,knn,local_similarity,rdkit_descriptors,1.6204962154857638,0,1.7246325805384384,0.3626224133395928,0,0.008928668043410814,,
AqSolDB,random_forest,source_holdout_aqsoldb_r2_rdkit_descriptors_mlp,source_holdout_aqsoldb_r2,AqSolDB,mlp,neural_network,rdkit_descriptors,1.4948384367712209,0,1.8357356834316527,0.4737255162328071,0,0.014957903622646394,,
AqSolDB,random_forest,source_holdout_aqsoldb_r2_rdkit_descriptors_ngboost,source_holdout_aqsoldb_r2,AqSolDB,ngboost,probabilistic_boosting,rdkit_descriptors,1.5187366871316936,1,1.3642926886303375,0.0022825214314918796,1,0.030096625750764796,,
AqSolDB,random_forest,source_holdout_aqsoldb_r2_rdkit_descriptors_random_forest,source_holdout_aqsoldb_r2,AqSolDB,random_forest,tree_ensemble,rdkit_descriptors,1.5084811663857738,0,1.3700690546152923,0.00805888741644667,1,0.06240359556114019,,
AqSolDB,random_forest,source_holdout_aqsoldb_r2_rdkit_descriptors_ridge,source_holdout_aqsoldb_r2,AqSolDB,ridge,linear,rdkit_descriptors,1.6393150876621536,0,1.467530210119538,0.10552004292069239,0,0.006348282060906188,,
AqSolDB,random_forest,source_holdout_aqsoldb_r2_rdkit_descriptors_svr,source_holdout_aqsoldb_r2,AqSolDB,svr,kernel,rdkit_descriptors,1.5370240085733482,0,1.3981785750156464,0.03616840781680075,1,0.12329741359457785,,
AqSolDB,random_forest,source_holdout_aqsoldb_r2_rdkit_descriptors_xgboost,source_holdout_aqsoldb_r2,AqSolDB,xgboost,tree_ensemble,rdkit_descriptors,1.4597109682474416,1,1.3620101671988456,0.0,1,0.3024831323043603,,
AqSolDB,random_forest,source_holdout_aqsoldb_r3_maccs_fingerprints_elastic_net,source_holdout_aqsoldb_r3,AqSolDB,elastic_net,linear,maccs_fingerprints,1.684583689821639,0,1.6893915513537392,0.34566003241723386,0,0.0013472507778257263,,
AqSolDB,random_forest,source_holdout_aqsoldb_r3_maccs_fingerprints_extra_trees,source_holdout_aqsoldb_r3,AqSolDB,extra_trees,tree_ensemble,maccs_fingerprints,1.5374773736666,0,1.6636035917616356,0.3198720728251303,0,0.010343150151356676,,
AqSolDB,random_forest,source_holdout_aqsoldb_r3_maccs_fingerprints_knn,source_holdout_aqsoldb_r3,AqSolDB,knn,local_similarity,maccs_fingerprints,1.654047968468819,0,1.7996944351721353,0.45596291623563,0,0.002121958380164908,,
AqSolDB,random_forest,source_holdout_aqsoldb_r3_maccs_fingerprints_mlp,source_holdout_aqsoldb_r3,AqSolDB,mlp,neural_network,maccs_fingerprints,1.5991447451856775,0,1.6691502102297067,0.32541869129320133,0,0.0021701065283130563,,
AqSolDB,random_forest,source_holdout_aqsoldb_r3_maccs_fingerprints_random_forest,source_holdout_aqsoldb_r3,AqSolDB,random_forest,tree_ensemble,maccs_fingerprints,1.525725097689142,0,1.6597012214521212,0.31596970251561585,0,0.006595070453276981,,
AqSolDB,random_forest,source_holdout_aqsoldb_r3_maccs_fingerprints_ridge,source_holdout_aqsoldb_r3,AqSolDB,ridge,linear,maccs_fingerprints,1.6876222217069468,0,1.6932699177488277,0.3495383988123224,0,0.0016935685496564331,,
AqSolDB,random_forest,source_holdout_aqsoldb_r3_maccs_fingerprints_svr,source_holdout_aqsoldb_r3,AqSolDB,svr,kernel,maccs_fingerprints,1.5891163954231464,0,1.5996608557637046,0.2559293368271993,0,0.020445609971259455,,
AqSolDB,random_forest,source_holdout_aqsoldb_r3_maccs_fingerprints_xgboost,source_holdout_aqsoldb_r3,AqSolDB,xgboost,tree_ensemble,maccs_fingerprints,1.5098352841077955,0,1.6251218233883336,0.2813903044518282,0,0.07589422474722576,,
AqSolDB,random_forest,source_holdout_aqsoldb_r3_molecular_graph_chemprop,source_holdout_aqsoldb_r3,AqSolDB,chemprop,graph_neural_network,molecular_graph,1.4881102703605125,0,1.4788516469800659,0.13512012804356055,0,0.19778028734993863,,
AqSolDB,random_forest,source_holdout_aqsoldb_r3_morgan_fingerprints_elastic_net,source_holdout_aqsoldb_r3,AqSolDB,elastic_net,linear,morgan_fingerprints,1.8068864363202446,0,1.843598761507159,0.4998672425706536,0,0.0012484361107159448,,
AqSolDB,random_forest,source_holdout_aqsoldb_r3_morgan_fingerprints_extra_trees,source_holdout_aqsoldb_r3,AqSolDB,extra_trees,tree_ensemble,morgan_fingerprints,1.623892519995566,0,1.7624831219942234,0.4187516030577181,0,0.00894182225673367,,
AqSolDB,random_forest,source_holdout_aqsoldb_r3_morgan_fingerprints_knn,source_holdout_aqsoldb_r3,AqSolDB,knn,local_similarity,morgan_fingerprints,1.7456627881390816,0,1.8775497376467702,0.5338182187102649,0,0.003342662429632666,,
AqSolDB,random_forest,source_holdout_aqsoldb_r3_morgan_fingerprints_mlp,source_holdout_aqsoldb_r3,AqSolDB,mlp,neural_network,morgan_fingerprints,1.6619030112097608,0,1.7576048835596598,0.4138733646231545,0,0.0026290260659963026,,
AqSolDB,random_forest,source_holdout_aqsoldb_r3_morgan_fingerprints_random_forest,source_holdout_aqsoldb_r3,AqSolDB,random_forest,tree_ensemble,morgan_fingerprints,1.651604456720185,0,1.7955376418098736,0.4518061228733683,0,0.006422313987225402,,
AqSolDB,random_forest,source_holdout_aqsoldb_r3_morgan_fingerprints_ridge,source_holdout_aqsoldb_r3,AqSolDB,ridge,linear,morgan_fingerprints,1.7567386893217436,0,1.8202563375643197,0.4765248186278144,0,0.0011314770463884594,,
AqSolDB,random_forest,source_holdout_aqsoldb_r3_morgan_fingerprints_svr,source_holdout_aqsoldb_r3,AqSolDB,svr,kernel,morgan_fingerprints,1.5886523509793335,0,1.6658557588192706,0.3221242398827653,0,0.01411718295165596,,
AqSolDB,random_forest,source_holdout_aqsoldb_r3_morgan_fingerprints_xgboost,source_holdout_aqsoldb_r3,AqSolDB,xgboost,tree_ensemble,morgan_fingerprints,1.6711749351644263,0,1.7534702111425489,0.40973869220604353,0,0.04035313274960331,,
AqSolDB,random_forest,source_holdout_aqsoldb_r3_rdkit_descriptors_elastic_net,source_holdout_aqsoldb_r3,AqSolDB,elastic_net,linear,rdkit_descriptors,1.58926382947823,0,1.5024921467550805,0.15876062781857514,0,0.005724186511297704,,
AqSolDB,random_forest,source_holdout_aqsoldb_r3_rdkit_descriptors_esol,source_holdout_aqsoldb_r3,AqSolDB,esol,chemistry_equation,rdkit_descriptors,3.5922757059989054,0,3.3393193048946466,1.9955877859581412,0,0.007377994642737414,,
AqSolDB,random_forest,source_holdout_aqsoldb_r3_rdkit_descriptors_extra_trees,source_holdout_aqsoldb_r3,AqSolDB,extra_trees,tree_ensemble,rdkit_descriptors,1.474712069526871,0,1.3994351688003461,0.0557036498638408,1,0.08000519841193204,,
AqSolDB,random_forest,source_holdout_aqsoldb_r3_rdkit_descriptors_hist_gradient_boosting,source_holdout_aqsoldb_r3,AqSolDB,hist_gradient_boosting,tree_ensemble,rdkit_descriptors,1.483289936116682,0,1.3763738159759558,0.03264229703945043,1,0.3670084639942925,,
AqSolDB,random_forest,source_holdout_aqsoldb_r3_rdkit_descriptors_knn,source_holdout_aqsoldb_r3,AqSolDB,knn,local_similarity,rdkit_descriptors,1.5584280154321646,0,1.6752768256840527,0.33154530674754734,0,0.0092143823291251,,
AqSolDB,random_forest,source_holdout_aqsoldb_r3_rdkit_descriptors_mlp,source_holdout_aqsoldb_r3,AqSolDB,mlp,neural_network,rdkit_descriptors,1.4973367218468465,0,1.673500072578888,0.32976855364238267,0,0.01740021686495963,,
AqSolDB,random_forest,source_holdout_aqsoldb_r3_rdkit_descriptors_ngboost,source_holdout_aqsoldb_r3,AqSolDB,ngboost,probabilistic_boosting,rdkit_descriptors,1.4942762042367828,1,1.3437315189365053,0.0,1,0.05695115243323265,,
AqSolDB,random_forest,source_holdout_aqsoldb_r3_rdkit_descriptors_random_forest,source_holdout_aqsoldb_r3,AqSolDB,random_forest,tree_ensemble,rdkit_descriptors,1.4782162947249033,1,1.3525654221257668,0.008833903189261472,1,0.07671841297514657,,
AqSolDB,random_forest,source_holdout_aqsoldb_r3_rdkit_descriptors_ridge,source_holdout_aqsoldb_r3,AqSolDB,ridge,linear,rdkit_descriptors,1.5877501331802506,0,1.4675250688185146,0.1237935498820093,0,0.006348282060906188,,
AqSolDB,random_forest,source_holdout_aqsoldb_r3_rdkit_descriptors_svr,source_holdout_aqsoldb_r3,AqSolDB,svr,kernel,rdkit_descriptors,1.5337575450183838,0,1.4025293019823057,0.05879778304580041,1,0.15214525768143725,,
AqSolDB,random_forest,source_holdout_aqsoldb_r3_rdkit_descriptors_xgboost,source_holdout_aqsoldb_r3,AqSolDB,xgboost,tree_ensemble,rdkit_descriptors,1.4578536076218302,1,1.373508584142037,0.029777065205531583,1,0.24271538759636802,,
AqSolDB,random_forest,source_holdout_aqsoldb_r4_maccs_fingerprints_elastic_net,source_holdout_aqsoldb_r4,AqSolDB,elastic_net,linear,maccs_fingerprints,1.7163688614618102,0,1.689391551353739,0.33566873149631404,0,0.0013472507778257263,,
AqSolDB,random_forest,source_holdout_aqsoldb_r4_maccs_fingerprints_extra_trees,source_holdout_aqsoldb_r4,AqSolDB,extra_trees,tree_ensemble,maccs_fingerprints,1.5179309990208911,0,1.6644766412666532,0.31075382140922825,0,0.013364578722785245,,
AqSolDB,random_forest,source_holdout_aqsoldb_r4_maccs_fingerprints_knn,source_holdout_aqsoldb_r4,AqSolDB,knn,local_similarity,maccs_fingerprints,1.6100046613933103,0,1.8342508437569311,0.4805280238995062,0,0.002121958380164908,,
AqSolDB,random_forest,source_holdout_aqsoldb_r4_maccs_fingerprints_mlp,source_holdout_aqsoldb_r4,AqSolDB,mlp,neural_network,maccs_fingerprints,1.5866351009978727,0,1.719262260260278,0.36553944040285313,0,0.0021701065283130563,,
AqSolDB,random_forest,source_holdout_aqsoldb_r4_maccs_fingerprints_random_forest,source_holdout_aqsoldb_r4,AqSolDB,random_forest,tree_ensemble,maccs_fingerprints,1.5255018252553636,0,1.6502953462777419,0.29657252642031695,0,0.006595070453276981,,
AqSolDB,random_forest,source_holdout_aqsoldb_r4_maccs_fingerprints_ridge,source_holdout_aqsoldb_r4,AqSolDB,ridge,linear,maccs_fingerprints,1.699538046728534,0,1.6932718322871927,0.33954901242976776,0,0.0016935685496564331,,
AqSolDB,random_forest,source_holdout_aqsoldb_r4_maccs_fingerprints_svr,source_holdout_aqsoldb_r4,AqSolDB,svr,kernel,maccs_fingerprints,1.4938431459351638,0,1.5996541548657408,0.24593133500831588,0,0.03337952050516998,,
AqSolDB,random_forest,source_holdout_aqsoldb_r4_maccs_fingerprints_xgboost,source_holdout_aqsoldb_r4,AqSolDB,xgboost,tree_ensemble,maccs_fingerprints,1.5080128466946103,0,1.621919779918701,0.26819696006127614,0,0.07589422474722576,,
AqSolDB,random_forest,source_holdout_aqsoldb_r4_molecular_graph_chemprop,source_holdout_aqsoldb_r4,AqSolDB,chemprop,graph_neural_network,molecular_graph,1.4574949148350047,0,1.5113065337175535,0.1575837138601286,0,0.20251852264405634,,
AqSolDB,random_forest,source_holdout_aqsoldb_r4_morgan_fingerprints_elastic_net,source_holdout_aqsoldb_r4,AqSolDB,elastic_net,linear,morgan_fingerprints,1.7635126730340083,0,1.8435987615071587,0.4898759416497338,0,0.0012484361107159448,,
AqSolDB,random_forest,source_holdout_aqsoldb_r4_morgan_fingerprints_extra_trees,source_holdout_aqsoldb_r4,AqSolDB,extra_trees,tree_ensemble,morgan_fingerprints,1.5894285646853883,0,1.7654665847470468,0.41174376488962183,0,0.00894182225673367,,
AqSolDB,random_forest,source_holdout_aqsoldb_r4_morgan_fingerprints_knn,source_holdout_aqsoldb_r4,AqSolDB,knn,local_similarity,morgan_fingerprints,1.5674132309496318,0,1.95228688959729,0.5985640697398651,0,0.003942662429632666,,
AqSolDB,random_forest,source_holdout_aqsoldb_r4_morgan_fingerprints_mlp,source_holdout_aqsoldb_r4,AqSolDB,mlp,neural_network,morgan_fingerprints,1.5863100837278752,0,1.7910447951050337,0.43732197524760874,0,0.0032290260659963025,,
AqSolDB,random_forest,source_holdout_aqsoldb_r4_morgan_fingerprints_random_forest,source_holdout_aqsoldb_r4,AqSolDB,random_forest,tree_ensemble,morgan_fingerprints,1.6052023637204842,0,1.788519756664234,0.434796936806809,0,0.006422313987225402,,
AqSolDB,random_forest,source_holdout_aqsoldb_r4_morgan_fingerprints_ridge,source_holdout_aqsoldb_r4,AqSolDB,ridge,linear,morgan_fingerprints,1.7386307924175057,0,1.813679420533864,0.45995660067643906,0,0.0011314770463884594,,
AqSolDB,random_forest,source_holdout_aqsoldb_r4_morgan_fingerprints_svr,source_holdout_aqsoldb_r4,AqSolDB,svr,kernel,morgan_fingerprints,1.5795447726742382,0,1.665855758819272,0.312132938961847,0,0.01411718295165596,,
AqSolDB,random_forest,source_holdout_aqsoldb_r4_morgan_fingerprints_xgboost,source_holdout_aqsoldb_r4,AqSolDB,xgboost,tree_ensemble,morgan_fingerprints,1.6158104391375054,0,1.7421143895458853,0.38839156968846034,0,0.09199599283069873,,
AqSolDB,random_forest,source_holdout_aqsoldb_r4_rdkit_descriptors_elastic_net,source_holdout_aqsoldb_r4,AqSolDB,elastic_net,linear,rdkit_descriptors,1.6374046887926519,0,1.4913135501226151,0.1375907302651902,0,0.005724186511297704,,
AqSolDB,random_forest,source_holdout_aqsoldb_r4_rdkit_descriptors_esol,source_holdout_aqsoldb_r4,AqSolDB,esol,chemistry_equation,rdkit_descriptors,3.345708646466411,0,3.3393193048946466,1.9855964850372216,0,0.007377994642737414,,
AqSolDB,random_forest,source_holdout_aqsoldb_r4_rdkit_descriptors_extra_trees,source_holdout_aqsoldb_r4,AqSolDB,extra_trees,tree_ensemble,rdkit_descriptors,1.4372753709829813,0,1.39971255169483,0.04598973183740518,1,0.07878297618970981,,
AqSolDB,random_forest,source_holdout_aqsoldb_r4_rdkit_descriptors_hist_gradient_boosting,source_holdout_aqsoldb_r4,AqSolDB,hist_gradient_boosting,tree_ensemble,rdkit_descriptors,1.3793507582416986,0,1.38365349633136,0.029930676473935103,1,0.3573785907274626,,
AqSolDB,random_forest,source_holdout_aqsoldb_r4_rdkit_descriptors_knn,source_holdout_aqsoldb_r4,AqSolDB,knn,local_similarity,rdkit_descriptors,1.488228766862877,0,1.674946216387318,0.3212233965298932,0,0.019445800548586793,,
AqSolDB,random_forest,source_holdout_aqsoldb_r4_rdkit_descriptors_mlp,source_holdout_aqsoldb_r4,AqSolDB,mlp,neural_network,rdkit_descriptors,1.5069816128170326,0,1.7586136791251339,0.40489085926770896,0,0.012880736345479118,,
AqSolDB,random_forest,source_holdout_aqsoldb_r4_rdkit_descriptors_ngboost,source_holdout_aqsoldb_r4,AqSolDB,ngboost,probabilistic_boosting,rdkit_descriptors,1.3700865104200606,1,1.3573401353558938,0.003617315498468887,1,0.07369532273437225,,
AqSolDB,random_forest,source_holdout_aqsoldb_r4_rdkit_descriptors_random_forest,source_holdout_aqsoldb_r4,AqSolDB,random_forest,tree_ensemble,rdkit_descriptors,1.44313475522237,1,1.354896753115675,0.0011739332582501039,1,0.07499619075292437,,
AqSolDB,random_forest,source_holdout_aqsoldb_r4_rdkit_descriptors_ridge,source_holdout_aqsoldb_r4,AqSolDB,ridge,linear,rdkit_descriptors,1.653930429566357,0,1.512575920250888,0.158853100393463,0,0.006348282060906188,,
AqSolDB,random_forest,source_holdout_aqsoldb_r4_rdkit_descriptors_svr,source_holdout_aqsoldb_r4,AqSolDB,svr,kernel,rdkit_descriptors,1.4791153782283304,0,1.4025334551402777,0.04881063528285279,1,0.16784614626429517,,
AqSolDB,random_forest,source_holdout_aqsoldb_r4_rdkit_descriptors_xgboost,source_holdout_aqsoldb_r4,AqSolDB,xgboost,tree_ensemble,rdkit_descriptors,1.3638963442638095,1,1.353722819857425,0.0,1,0.2534184954362405,,
AqSolDB,random_forest,source_holdout_aqsoldb_r5_maccs_fingerprints_elastic_net,source_holdout_aqsoldb_r5,AqSolDB,elastic_net,linear,maccs_fingerprints,1.6667979241922843,0,1.6893915513537392,0.33281971988808734,0,0.0013472507778257263,,
AqSolDB,random_forest,source_holdout_aqsoldb_r5_maccs_fingerprints_extra_trees,source_holdout_aqsoldb_r5,AqSolDB,extra_trees,tree_ensemble,maccs_fingerprints,1.4318008610628368,0,1.6850408490681181,0.3284690176024663,0,0.04215595720789774,,
AqSolDB,random_forest,source_holdout_aqsoldb_r5_maccs_fingerprints_knn,source_holdout_aqsoldb_r5,AqSolDB,knn,local_similarity,maccs_fingerprints,1.5585929507867227,0,1.7994755681650156,0.4429037366993638,0,0.0032330694912760193,,
AqSolDB,random_forest,source_holdout_aqsoldb_r5_maccs_fingerprints_mlp,source_holdout_aqsoldb_r5,AqSolDB,mlp,neural_network,maccs_fingerprints,1.4956799267051577,0,1.6386315697337794,0.2820597382681276,0,0.007420106528313056,,
AqSolDB,random_forest,source_holdout_aqsoldb_r5_maccs_fingerprints_random_forest,source_holdout_aqsoldb_r5,AqSolDB,random_forest,tree_ensemble,maccs_fingerprints,1.4459864211670712,0,1.6671619770204498,0.3105901455547979,0,0.03401103023944136,,
AqSolDB,random_forest,source_holdout_aqsoldb_r5_maccs_fingerprints_ridge,source_holdout_aqsoldb_r5,AqSolDB,ridge,linear,maccs_fingerprints,1.6628458151456742,0,1.6903280216661312,0.3337561902004793,0,0.0016935685496564331,,
AqSolDB,random_forest,source_holdout_aqsoldb_r5_maccs_fingerprints_svr,source_holdout_aqsoldb_r5,AqSolDB,svr,kernel,maccs_fingerprints,1.44531613829202,0,1.5996456197075384,0.24307378824188652,0,0.04716468037229916,,
AqSolDB,random_forest,source_holdout_aqsoldb_r5_maccs_fingerprints_xgboost,source_holdout_aqsoldb_r5,AqSolDB,xgboost,tree_ensemble,maccs_fingerprints,1.4518306686906182,0,1.6376563651342517,0.28108453366859987,0,0.06936208283400967,,
AqSolDB,random_forest,source_holdout_aqsoldb_r5_molecular_graph_chemprop,source_holdout_aqsoldb_r5,AqSolDB,chemprop,graph_neural_network,molecular_graph,1.3594175104920145,0,1.4902014290871481,0.1336295976214963,0,0.2281829910864289,,
AqSolDB,random_forest,source_holdout_aqsoldb_r5_morgan_fingerprints_elastic_net,source_holdout_aqsoldb_r5,AqSolDB,elastic_net,linear,morgan_fingerprints,1.7290227630071888,0,1.8435987615071587,0.4870269300415069,0,0.0012484361107159448,,
AqSolDB,random_forest,source_holdout_aqsoldb_r5_morgan_fingerprints_extra_trees,source_holdout_aqsoldb_r5,AqSolDB,extra_trees,tree_ensemble,morgan_fingerprints,1.5478451571796294,0,1.7712548797952845,0.41468304832963265,0,0.009808488923400334,,
AqSolDB,random_forest,source_holdout_aqsoldb_r5_morgan_fingerprints_knn,source_holdout_aqsoldb_r5,AqSolDB,knn,local_similarity,morgan_fingerprints,1.6456123047891107,0,1.878523528592316,0.5219516971266642,0,0.003342662429632666,,
AqSolDB,random_forest,source_holdout_aqsoldb_r5_morgan_fingerprints_mlp,source_holdout_aqsoldb_r5,AqSolDB,mlp,neural_network,morgan_fingerprints,1.5493018585664355,0,1.7973484232288295,0.4407765917631776,0,0.0032290260659963025,,
AqSolDB,random_forest,source_holdout_aqsoldb_r5_morgan_fingerprints_random_forest,source_holdout_aqsoldb_r5,AqSolDB,random_forest,tree_ensemble,morgan_fingerprints,1.5634166409441705,0,1.775007271690785,0.4184354402251331,0,0.006622313987225401,,
AqSolDB,random_forest,source_holdout_aqsoldb_r5_morgan_fingerprints_ridge,source_holdout_aqsoldb_r5,AqSolDB,ridge,linear,morgan_fingerprints,1.6432229677725558,0,1.820213894247642,0.46364206278199016,0,0.001798143713055126,,
AqSolDB,random_forest,source_holdout_aqsoldb_r5_morgan_fingerprints_svr,source_holdout_aqsoldb_r5,AqSolDB,svr,kernel,morgan_fingerprints,1.463583703948607,0,1.6658557588192695,0.30928392735361765,0,0.02617136027475912,,
AqSolDB,random_forest,source_holdout_aqsoldb_r5_morgan_fingerprints_xgboost,source_holdout_aqsoldb_r5,AqSolDB,xgboost,tree_ensemble,morgan_fingerprints,1.5807876702585435,0,1.743895867341778,0.38732403587612607,0,0.04035313274960331,,
AqSolDB,random_forest,source_holdout_aqsoldb_r5_rdkit_descriptors_elastic_net,source_holdout_aqsoldb_r5,AqSolDB,elastic_net,linear,rdkit_descriptors,1.5879455286036608,0,1.4913135501226154,0.1347417186569635,0,0.005724186511297704,,
AqSolDB,random_forest,source_holdout_aqsoldb_r5_rdkit_descriptors_esol,source_holdout_aqsoldb_r5,AqSolDB,esol,chemistry_equation,rdkit_descriptors,3.5884229310909186,0,3.3393193048946466,1.9827474734289947,0,0.007377994642737414,,
AqSolDB,random_forest,source_holdout_aqsoldb_r5_rdkit_descriptors_extra_trees,source_holdout_aqsoldb_r5,AqSolDB,extra_trees,tree_ensemble,rdkit_descriptors,1.3812970156911926,0,1.3959036787614751,0.039331847295823286,1,0.09875936577767233,,
AqSolDB,random_forest,source_holdout_aqsoldb_r5_rdkit_descriptors_hist_gradient_boosting,source_holdout_aqsoldb_r5,AqSolDB,hist_gradient_boosting,tree_ensemble,rdkit_descriptors,1.338391710059316,1,1.3738433955856628,0.017271564120010963,1,0.3772466431365334,,
AqSolDB,random_forest,source_holdout_aqsoldb_r5_rdkit_descriptors_knn,source_holdout_aqsoldb_r5,AqSolDB,knn,local_similarity,rdkit_descriptors,1.439859021446073,0,1.7243858366444742,0.36781400517882235,0,0.04866455685995314,,
AqSolDB,random_forest,source_holdout_aqsoldb_r5_rdkit_descriptors_mlp,source_holdout_aqsoldb_r5,AqSolDB,mlp,neural_network,rdkit_descriptors,1.4155959280729318,0,1.5887200403047137,0.23214820883906184,0,0.04225635765175394,,
AqSolDB,random_forest,source_holdout_aqsoldb_r5_rdkit_descriptors_ngboost,source_holdout_aqsoldb_r5,AqSolDB,ngboost,probabilistic_boosting,rdkit_descriptors,1.3672717097996483,1,1.3565718314656519,0.0,1,0.07548168637073592,,
AqSolDB,random_forest,source_holdout_aqsoldb_r5_rdkit_descriptors_random_forest,source_holdout_aqsoldb_r5,AqSolDB,random_forest,tree_ensemble,rdkit_descriptors,1.3851520153300545,1,1.357374771071394,0.0008029396057420701,1,0.09071265970596623,,
AqSolDB,random_forest,source_holdout_aqsoldb_r5_rdkit_descriptors_ridge,source_holdout_aqsoldb_r5,AqSolDB,ridge,linear,rdkit_descriptors,1.6376091502199162,0,1.5125643482840467,0.15599251681839488,0,0.006348282060906188,,
AqSolDB,random_forest,source_holdout_aqsoldb_r5_rdkit_descriptors_svr,source_holdout_aqsoldb_r5,AqSolDB,svr,kernel,rdkit_descriptors,1.3779299795436788,0,1.4025266754583325,0.04595484399268068,1,0.16785256762071651,,
AqSolDB,random_forest,source_holdout_aqsoldb_r5_rdkit_descriptors_xgboost,source_holdout_aqsoldb_r5,AqSolDB,xgboost,tree_ensemble,rdkit_descriptors,1.3246127091137747,0,1.3767748370307065,0.02020300556505461,1,0.35720725918591434,,
AqSolDB,hist_gradient_boosting,source_holdout_aqsoldb_r1_maccs_fingerprints_elastic_net,source_holdout_aqsoldb_r1,AqSolDB,elastic_net,linear,maccs_fingerprints,1.6028074474910272,0,1.6893915513537388,0.34610822361554505,0,0.00021156805090608035,,
AqSolDB,hist_gradient_boosting,source_holdout_aqsoldb_r1_maccs_fingerprints_extra_trees,source_holdout_aqsoldb_r1,AqSolDB,extra_trees,tree_ensemble,maccs_fingerprints,1.3981714552346012,0,1.6526520594858682,0.30936873174767454,0,0.0007962216635070967,,
AqSolDB,hist_gradient_boosting,source_holdout_aqsoldb_r1_maccs_fingerprints_knn,source_holdout_aqsoldb_r1,AqSolDB,knn,local_similarity,maccs_fingerprints,1.516318320551137,0,1.896966816321521,0.5536834885833273,0,0.0008986650825420889,,
AqSolDB,hist_gradient_boosting,source_holdout_aqsoldb_r1_maccs_fingerprints_mlp,source_holdout_aqsoldb_r1,AqSolDB,mlp,neural_network,maccs_fingerprints,1.408285548127588,0,1.6081639892181934,0.26488066147999967,0,0.0001891522535114496,,
AqSolDB,hist_gradient_boosting,source_holdout_aqsoldb_r1_maccs_fingerprints_random_forest,source_holdout_aqsoldb_r1,AqSolDB,random_forest,tree_ensemble,maccs_fingerprints,1.408268994181625,0,1.6563644042926418,0.31308107655444806,0,0.0002788500327075485,,
AqSolDB,hist_gradient_boosting,source_holdout_aqsoldb_r1_maccs_fingerprints_ridge,source_holdout_aqsoldb_r1,AqSolDB,ridge,linear,maccs_fingerprints,1.6011777453882083,0,1.693288572647003,0.35000524490880935,0,0.00021156805090608035,,
AqSolDB,hist_gradient_boosting,source_holdout_aqsoldb_r1_maccs_fingerprints_svr,source_holdout_aqsoldb_r1,AqSolDB,svr,kernel,maccs_fingerprints,1.4252019131595135,0,1.5970976927611902,0.2538143650229965,0,0.0001265781682298555,,
AqSolDB,hist_gradient_boosting,source_holdout_aqsoldb_r1_maccs_fingerprints_xgboost,source_holdout_aqsoldb_r1,AqSolDB,xgboost,tree_ensemble,maccs_fingerprints,1.3486856482837555,0,1.622916969987995,0.27963364224980136,0,0.004847956192419783,,
AqSolDB,hist_gradient_boosting,source_holdout_aqsoldb_r1_molecular_graph_chemprop,source_holdout_aqsoldb_r1,AqSolDB,chemprop,graph_neural_network,molecular_graph,1.2723263442625454,0,1.5077310257365337,0.16444769799834003,0,0.007828842894613178,,
AqSolDB,hist_gradient_boosting,source_holdout_aqsoldb_r1_morgan_fingerprints_elastic_net,source_holdout_aqsoldb_r1,AqSolDB,elastic_net,linear,morgan_fingerprints,1.6300112880089583,0,1.8435987615071587,0.500315433768965,0,0.00023492458755122188,,
AqSolDB,hist_gradient_boosting,source_holdout_aqsoldb_r1_morgan_fingerprints_extra_trees,source_holdout_aqsoldb_r1,AqSolDB,extra_trees,tree_ensemble,morgan_fingerprints,1.5215145769922527,0,1.7606234275177919,0.4173400997795982,0,0.00045684154336325406,,
AqSolDB,hist_gradient_boosting,source_holdout_aqsoldb_r1_morgan_fingerprints_knn,source_holdout_aqsoldb_r1,AqSolDB,knn,local_similarity,morgan_fingerprints,1.5333711186926278,0,1.9537266040979901,0.6104432763597964,0,0.00023492458755122188,,
AqSolDB,hist_gradient_boosting,source_holdout_aqsoldb_r1_morgan_fingerprints_mlp,source_holdout_aqsoldb_r1,AqSolDB,mlp,neural_network,morgan_fingerprints,1.464164310458609,0,1.7770846902038742,0.43380136246568046,0,0.00014416523330470308,,
AqSolDB,hist_gradient_boosting,source_holdout_aqsoldb_r1_morgan_fingerprints_random_forest,source_holdout_aqsoldb_r1,AqSolDB,random_forest,tree_ensemble,morgan_fingerprints,1.531030032420387,0,1.7702885024606605,0.4270051747224668,0,0.00034606640197236806,,
AqSolDB,hist_gradient_boosting,source_holdout_aqsoldb_r1_morgan_fingerprints_ridge,source_holdout_aqsoldb_r1,AqSolDB,ridge,linear,morgan_fingerprints,1.5552502002488575,0,1.820248193724357,0.4769648659861634,0,0.00023492458755122188,,
AqSolDB,hist_gradient_boosting,source_holdout_aqsoldb_r1_morgan_fingerprints_svr,source_holdout_aqsoldb_r1,AqSolDB,svr,kernel,morgan_fingerprints,1.4352633745919514,0,1.6658557588192695,0.3225724310810758,0,0.00020814518388196127,,
AqSolDB,hist_gradient_boosting,source_holdout_aqsoldb_r1_morgan_fingerprints_xgboost,source_holdout_aqsoldb_r1,AqSolDB,xgboost,tree_ensemble,morgan_fingerprints,1.4595755107779804,0,1.7405755233970521,0.3972921956588584,0,0.001742745600013885,,
AqSolDB,hist_gradient_boosting,source_holdout_aqsoldb_r1_rdkit_descriptors_elastic_net,source_holdout_aqsoldb_r1,AqSolDB,elastic_net,linear,rdkit_descriptors,1.4466313644210262,0,1.5024921467550794,0.15920881901688566,0,0.00014707237407521868,,
AqSolDB,hist_gradient_boosting,source_holdout_aqsoldb_r1_rdkit_descriptors_esol,source_holdout_aqsoldb_r1,AqSolDB,esol,chemistry_equation,rdkit_descriptors,4.468689239318523,0,3.3393193048946466,1.9960359771564529,0,0.00022427086132791412,,
AqSolDB,hist_gradient_boosting,source_holdout_aqsoldb_r1_rdkit_descriptors_extra_trees,source_holdout_aqsoldb_r1,AqSolDB,extra_trees,tree_ensemble,rdkit_descriptors,1.3286460769692023,0,1.4007296158003633,0.05744628806216956,1,0.0009849140742830003,,
AqSolDB,hist_gradient_boosting,source_holdout_aqsoldb_r1_rdkit_descriptors_hist_gradient_boosting,source_holdout_aqsoldb_r1,AqSolDB,hist_gradient_boosting,tree_ensemble,rdkit_descriptors,1.2650531937221807,1,1.3432833277381937,0.0,1,0.08618677585127785,,
AqSolDB,hist_gradient_boosting,source_holdout_aqsoldb_r1_rdkit_descriptors_knn,source_holdout_aqsoldb_r1,AqSolDB,knn,local_similarity,rdkit_descriptors,1.4056537418348325,0,1.7236478136177698,0.38036448587957605,0,0.0001782866560149794,,
AqSolDB,hist_gradient_boosting,source_holdout_aqsoldb_r1_rdkit_descriptors_mlp,source_holdout_aqsoldb_r1,AqSolDB,mlp,neural_network,rdkit_descriptors,1.3222169950157094,0,1.7468985551051297,0.403615227366936,0,0.0002870449512753657,,
AqSolDB,hist_gradient_boosting,source_holdout_aqsoldb_r1_rdkit_descriptors_ngboost,source_holdout_aqsoldb_r1,AqSolDB,ngboost,probabilistic_boosting,rdkit_descriptors,1.242782749844686,1,1.3448840522594632,0.0016007245212694698,1,0.002919041403985886,,
AqSolDB,hist_gradient_boosting,source_holdout_aqsoldb_r1_rdkit_descriptors_random_forest,source_holdout_aqsoldb_r1,AqSolDB,random_forest,tree_ensemble,rdkit_descriptors,1.3321851475038,0,1.3656446797495658,0.022361352011372126,1,0.0011407558018390954,,
AqSolDB,hist_gradient_boosting,source_holdout_aqsoldb_r1_rdkit_descriptors_ridge,source_holdout_aqsoldb_r1,AqSolDB,ridge,linear,rdkit_descriptors,1.4467414566212975,0,1.5125658277950984,0.1692825000569047,0,0.00014707237407521868,,
AqSolDB,hist_gradient_boosting,source_holdout_aqsoldb_r1_rdkit_descriptors_svr,source_holdout_aqsoldb_r1,AqSolDB,svr,kernel,rdkit_descriptors,1.3269849306450732,0,1.4025308815708624,0.059247553832668665,1,0.003076396786952614,,
AqSolDB,hist_gradient_boosting,source_holdout_aqsoldb_r1_rdkit_descriptors_xgboost,source_holdout_aqsoldb_r1,AqSolDB,xgboost,tree_ensemble,rdkit_descriptors,1.2552083730255446,1,1.3513689407494056,0.008085613011211912,1,0.7189052087966477,,
AqSolDB,hist_gradient_boosting,source_holdout_aqsoldb_r2_maccs_fingerprints_elastic_net,source_holdout_aqsoldb_r2,AqSolDB,elastic_net,linear,maccs_fingerprints,1.6960737528735534,0,1.6893915513537388,0.32738138415489315,0,0.00021156805090608035,,
AqSolDB,hist_gradient_boosting,source_holdout_aqsoldb_r2_maccs_fingerprints_extra_trees,source_holdout_aqsoldb_r2,AqSolDB,extra_trees,tree_ensemble,maccs_fingerprints,1.5772186284904695,0,1.672859435083643,0.3108492678847974,0,0.001995896299187484,,
AqSolDB,hist_gradient_boosting,source_holdout_aqsoldb_r2_maccs_fingerprints_knn,source_holdout_aqsoldb_r2,AqSolDB,knn,local_similarity,maccs_fingerprints,1.6214669300782187,0,1.8349793726963728,0.4729692054975272,0,0.00021156805090608035,,
AqSolDB,hist_gradient_boosting,source_holdout_aqsoldb_r2_maccs_fingerprints_mlp,source_holdout_aqsoldb_r2,AqSolDB,mlp,neural_network,maccs_fingerprints,1.6093999586190175,0,1.6859713208532434,0.3239611536543978,0,0.00021156805090608035,,
AqSolDB,hist_gradient_boosting,source_holdout_aqsoldb_r2_maccs_fingerprints_random_forest,source_holdout_aqsoldb_r2,AqSolDB,random_forest,tree_ensemble,maccs_fingerprints,1.5644264362870002,0,1.6614828580895187,0.2994726908906731,0,0.00033868849839646393,,
AqSolDB,hist_gradient_boosting,source_holdout_aqsoldb_r2_maccs_fingerprints_ridge,source_holdout_aqsoldb_r2,AqSolDB,ridge,linear,maccs_fingerprints,1.6723799471325378,0,1.6932679331073408,0.3312577659084952,0,0.00021156805090608035,,
AqSolDB,hist_gradient_boosting,source_holdout_aqsoldb_r2_maccs_fingerprints_svr,source_holdout_aqsoldb_r2,AqSolDB,svr,kernel,maccs_fingerprints,1.5708772126185253,0,1.5996601569945317,0.23764998979568608,0,0.0004834688818674898,,
AqSolDB,hist_gradient_boosting,source_holdout_aqsoldb_r2_maccs_fingerprints_xgboost,source_holdout_aqsoldb_r2,AqSolDB,xgboost,tree_ensemble,maccs_fingerprints,1.571275577086216,0,1.6283159815586616,0.26630581435981604,0,0.0005713113846216964,,
AqSolDB,hist_gradient_boosting,source_holdout_aqsoldb_r2_molecular_graph_chemprop,source_holdout_aqsoldb_r2,AqSolDB,chemprop,graph_neural_network,molecular_graph,1.56894066138636,0,1.5602138480821512,0.19820368088330564,0,0.00032970337996747105,,
AqSolDB,hist_gradient_boosting,source_holdout_aqsoldb_r2_morgan_fingerprints_elastic_net,source_holdout_aqsoldb_r2,AqSolDB,elastic_net,linear,morgan_fingerprints,1.7989465690747672,0,1.8435987615071587,0.48158859430831313,0,0.00023492458755122188,,
AqSolDB,hist_gradient_boosting,source_holdout_aqsoldb_r2_morgan_fingerprints_extra_trees,source_holdout_aqsoldb_r2,AqSolDB,extra_trees,tree_ensemble,morgan_fingerprints,1.6706095813385309,0,1.7685609227542776,0.40655075555543196,0,0.00042400780416421114,,
AqSolDB,hist_gradient_boosting,source_holdout_aqsoldb_r2_morgan_fingerprints_knn,source_holdout_aqsoldb_r2,AqSolDB,knn,local_similarity,morgan_fingerprints,1.689771208467845,0,1.9508141509479613,0.5888039837491157,0,0.00023492458755122188,,
AqSolDB,hist_gradient_boosting,source_holdout_aqsoldb_r2_morgan_fingerprints_mlp,source_holdout_aqsoldb_r2,AqSolDB,mlp,neural_network,morgan_fingerprints,1.7560719293443108,0,1.8085685793059179,0.44655841210707226,0,0.00023492458755122188,,
AqSolDB,hist_gradient_boosting,source_holdout_aqsoldb_r2_morgan_fingerprints_random_forest,source_holdout_aqsoldb_r2,AqSolDB,random_forest,tree_ensemble,morgan_fingerprints,1.6693080161889942,0,1.7795954719522993,0.4175853047534537,0,0.00034606640197236806,,
AqSolDB,hist_gradient_boosting,source_holdout_aqsoldb_r2_morgan_fingerprints_ridge,source_holdout_aqsoldb_r2,AqSolDB,ridge,linear,morgan_fingerprints,1.7241804923540716,0,1.8136793653425956,0.45166919814374995,0,0.00023492458755122188,,
AqSolDB,hist_gradient_boosting,source_holdout_aqsoldb_r2_morgan_fingerprints_svr,source_holdout_aqsoldb_r2,AqSolDB,svr,kernel,morgan_fingerprints,1.597942618700577,0,1.665855758819272,0.30384559162042635,0,0.00022423098303866497,,
AqSolDB,hist_gradient_boosting,source_holdout_aqsoldb_r2_morgan_fingerprints_xgboost,source_holdout_aqsoldb_r2,AqSolDB,xgboost,tree_ensemble,morgan_fingerprints,1.6807247556657607,0,1.7419905677787564,0.3799804005799108,0,0.0006343574069648685,,
AqSolDB,hist_gradient_boosting,source_holdout_aqsoldb_r2_rdkit_descriptors_elastic_net,source_holdout_aqsoldb_r2,AqSolDB,elastic_net,linear,rdkit_descriptors,1.6466314077432578,0,1.5024921467550811,0.14048197955623554,0,0.00022427086132791412,,
AqSolDB,hist_gradient_boosting,source_holdout_aqsoldb_r2_rdkit_descriptors_esol,source_holdout_aqsoldb_r2,AqSolDB,esol,chemistry_equation,rdkit_descriptors,4.553750569464892,0,3.3393193048946466,1.977309137695801,0,0.00022427086132791412,,
AqSolDB,hist_gradient_boosting,source_holdout_aqsoldb_r2_rdkit_descriptors_extra_trees,source_holdout_aqsoldb_r2,AqSolDB,extra_trees,tree_ensemble,rdkit_descriptors,1.519741268753734,0,1.3947705009886116,0.03276033378976595,1,0.0008099640435327189,,
AqSolDB,hist_gradient_boosting,source_holdout_aqsoldb_r2_rdkit_descriptors_hist_gradient_boosting,source_holdout_aqsoldb_r2,AqSolDB,hist_gradient_boosting,tree_ensemble,rdkit_descriptors,1.5002509297838396,1,1.3663815706419338,0.004371403443088173,1,0.004459884166356371,,
AqSolDB,hist_gradient_boosting,source_holdout_aqsoldb_r2_rdkit_descriptors_knn,source_holdout_aqsoldb_r2,AqSolDB,knn,local_similarity,rdkit_descriptors,1.6204962154857638,0,1.7246325805384384,0.3626224133395928,0,0.00022427086132791412,,
AqSolDB,hist_gradient_boosting,source_holdout_aqsoldb_r2_rdkit_descriptors_mlp,source_holdout_aqsoldb_r2,AqSolDB,mlp,neural_network,rdkit_descriptors,1.4948384367712209,0,1.8357356834316527,0.4737255162328071,0,0.00024263129902386254,,
AqSolDB,hist_gradient_boosting,source_holdout_aqsoldb_r2_rdkit_descriptors_ngboost,source_holdout_aqsoldb_r2,AqSolDB,ngboost,probabilistic_boosting,rdkit_descriptors,1.5187366871316936,1,1.3642926886303375,0.0022825214314918796,1,0.0003595815930985682,,
AqSolDB,hist_gradient_boosting,source_holdout_aqsoldb_r2_rdkit_descriptors_random_forest,source_holdout_aqsoldb_r2,AqSolDB,random_forest,tree_ensemble,rdkit_descriptors,1.5084811663857738,0,1.3700690546152923,0.00805888741644667,1,0.00048324572281185934,,
AqSolDB,hist_gradient_boosting,source_holdout_aqsoldb_r2_rdkit_descriptors_ridge,source_holdout_aqsoldb_r2,AqSolDB,ridge,linear,rdkit_descriptors,1.6393150876621536,0,1.467530210119538,0.10552004292069239,0,0.00022427086132791412,,
AqSolDB,hist_gradient_boosting,source_holdout_aqsoldb_r2_rdkit_descriptors_svr,source_holdout_aqsoldb_r2,AqSolDB,svr,kernel,rdkit_descriptors,1.5370240085733482,0,1.3981785750156464,0.03616840781680075,1,0.0005876468876450393,,
AqSolDB,hist_gradient_boosting,source_holdout_aqsoldb_r2_rdkit_descriptors_xgboost,source_holdout_aqsoldb_r2,AqSolDB,xgboost,tree_ensemble,rdkit_descriptors,1.4597109682474416,1,1.3620101671988456,0.0,1,0.0021511345426400547,,
AqSolDB,hist_gradient_boosting,source_holdout_aqsoldb_r3_maccs_fingerprints_elastic_net,source_holdout_aqsoldb_r3,AqSolDB,elastic_net,linear,maccs_fingerprints,1.684583689821639,0,1.6893915513537392,0.34566003241723386,0,0.00021156805090608035,,
AqSolDB,hist_gradient_boosting,source_holdout_aqsoldb_r3_maccs_fingerprints_extra_trees,source_holdout_aqsoldb_r3,AqSolDB,extra_trees,tree_ensemble,maccs_fingerprints,1.5374773736666,0,1.6636035917616356,0.3198720728251303,0,0.0004964490912037902,,
AqSolDB,hist_gradient_boosting,source_holdout_aqsoldb_r3_maccs_fingerprints_knn,source_holdout_aqsoldb_r3,AqSolDB,knn,local_similarity,maccs_fingerprints,1.654047968468819,0,1.7996944351721353,0.45596291623563,0,0.00021156805090608035,,
AqSolDB,hist_gradient_boosting,source_holdout_aqsoldb_r3_maccs_fingerprints_mlp,source_holdout_aqsoldb_r3,AqSolDB,mlp,neural_network,maccs_fingerprints,1.5991447451856775,0,1.6691502102297067,0.32541869129320133,0,0.00021156805090608035,,
AqSolDB,hist_gradient_boosting,source_holdout_aqsoldb_r3_maccs_fingerprints_random_forest,source_holdout_aqsoldb_r3,AqSolDB,random_forest,tree_ensemble,maccs_fingerprints,1.525725097689142,0,1.6597012214521212,0.31596970251561585,0,0.0003116634327040845,,
AqSolDB,hist_gradient_boosting,source_holdout_aqsoldb_r3_maccs_fingerprints_ridge,source_holdout_aqsoldb_r3,AqSolDB,ridge,linear,maccs_fingerprints,1.6876222217069468,0,1.6932699177488277,0.3495383988123224,0,0.00021156805090608035,,
AqSolDB,hist_gradient_boosting,source_holdout_aqsoldb_r3_maccs_fingerprints_svr,source_holdout_aqsoldb_r3,AqSolDB,svr,kernel,maccs_fingerprints,1.5891163954231464,0,1.5996608557637046,0.2559293368271993,0,0.00033543371778134407,,
AqSolDB,hist_gradient_boosting,source_holdout_aqsoldb_r3_maccs_fingerprints_xgboost,source_holdout_aqsoldb_r3,AqSolDB,xgboost,tree_ensemble,maccs_fingerprints,1.5098352841077955,0,1.6251218233883336,0.2813903044518282,0,0.0005929306249017023,,
AqSolDB,hist_gradient_boosting,source_holdout_aqsoldb_r3_molecular_graph_chemprop,source_holdout_aqsoldb_r3,AqSolDB,chemprop,graph_neural_network,molecular_graph,1.4881102703605125,0,1.4788516469800659,0.13512012804356055,0,0.0003483769301666461,,
AqSolDB,hist_gradient_boosting,source_holdout_aqsoldb_r3_morgan_fingerprints_elastic_net,source_holdout_aqsoldb_r3,AqSolDB,elastic_net,linear,morgan_fingerprints,1.8068864363202446,0,1.843598761507159,0.4998672425706536,0,0.00023492458755122188,,
AqSolDB,hist_gradient_boosting,source_holdout_aqsoldb_r3_morgan_fingerprints_extra_trees,source_holdout_aqsoldb_r3,AqSolDB,extra_trees,tree_ensemble,morgan_fingerprints,1.623892519995566,0,1.7624831219942234,0.4187516030577181,0,0.00042400780416421114,,
AqSolDB,hist_gradient_boosting,source_holdout_aqsoldb_r3_morgan_fingerprints_knn,source_holdout_aqsoldb_r3,AqSolDB,knn,local_similarity,morgan_fingerprints,1.7456627881390816,0,1.8775497376467702,0.5338182187102649,0,0.00023492458755122188,,
AqSolDB,hist_gradient_boosting,source_holdout_aqsoldb_r3_morgan_fingerprints_mlp,source_holdout_aqsoldb_r3,AqSolDB,mlp,neural_network,morgan_fingerprints,1.6619030112097608,0,1.7576048835596598,0.4138733646231545,0,0.00023492458755122188,,
AqSolDB,hist_gradient_boosting,source_holdout_aqsoldb_r3_morgan_fingerprints_random_forest,source_holdout_aqsoldb_r3,AqSolDB,random_forest,tree_ensemble,morgan_fingerprints,1.651604456720185,0,1.7955376418098736,0.4518061228733683,0,0.00034606640197236806,,
AqSolDB,hist_gradient_boosting,source_holdout_aqsoldb_r3_morgan_fingerprints_ridge,source_holdout_aqsoldb_r3,AqSolDB,ridge,linear,morgan_fingerprints,1.7567386893217436,0,1.8202563375643197,0.4765248186278144,0,0.00023492458755122188,,
AqSolDB,hist_gradient_boosting,source_holdout_aqsoldb_r3_morgan_fingerprints_svr,source_holdout_aqsoldb_r3,AqSolDB,svr,kernel,morgan_fingerprints,1.5886523509793335,0,1.6658557588192706,0.3221242398827653,0,0.00022423098303866497,,
AqSolDB,hist_gradient_boosting,source_holdout_aqsoldb_r3_morgan_fingerprints_xgboost,source_holdout_aqsoldb_r3,AqSolDB,xgboost,tree_ensemble,morgan_fingerprints,1.6711749351644263,0,1.7534702111425489,0.40973869220604353,0,0.0008246485257300938,,
AqSolDB,hist_gradient_boosting,source_holdout_aqsoldb_r3_rdkit_descriptors_elastic_net,source_holdout_aqsoldb_r3,AqSolDB,elastic_net,linear,rdkit_descriptors,1.58926382947823,0,1.5024921467550805,0.15876062781857514,0,0.00022427086132791412,,
AqSolDB,hist_gradient_boosting,source_holdout_aqsoldb_r3_rdkit_descriptors_esol,source_holdout_aqsoldb_r3,AqSolDB,esol,chemistry_equation,rdkit_descriptors,3.5922757059989054,0,3.3393193048946466,1.9955877859581412,0,0.00022427086132791412,,
AqSolDB,hist_gradient_boosting,source_holdout_aqsoldb_r3_rdkit_descriptors_extra_trees,source_holdout_aqsoldb_r3,AqSolDB,extra_trees,tree_ensemble,rdkit_descriptors,1.474712069526871,0,1.3994351688003461,0.0557036498638408,1,0.002373763380664435,,
AqSolDB,hist_gradient_boosting,source_holdout_aqsoldb_r3_rdkit_descriptors_hist_gradient_boosting,source_holdout_aqsoldb_r3,AqSolDB,hist_gradient_boosting,tree_ensemble,rdkit_descriptors,1.483289936116682,0,1.3763738159759558,0.03264229703945043,1,0.004459884166356371,,
AqSolDB,hist_gradient_boosting,source_holdout_aqsoldb_r3_rdkit_descriptors_knn,source_holdout_aqsoldb_r3,AqSolDB,knn,local_similarity,rdkit_descriptors,1.5584280154321646,0,1.6752768256840527,0.33154530674754734,0,0.00022427086132791412,,
AqSolDB,hist_gradient_boosting,source_holdout_aqsoldb_r3_rdkit_descriptors_mlp,source_holdout_aqsoldb_r3,AqSolDB,mlp,neural_network,rdkit_descriptors,1.4973367218468465,0,1.673500072578888,0.32976855364238267,0,0.00033400065415865947,,
AqSolDB,hist_gradient_boosting,source_holdout_aqsoldb_r3_rdkit_descriptors_ngboost,source_holdout_aqsoldb_r3,AqSolDB,ngboost,probabilistic_boosting,rdkit_descriptors,1.4942762042367828,1,1.3437315189365053,0.0,1,0.0015772860231182233,,
AqSolDB,hist_gradient_boosting,source_holdout_aqsoldb_r3_rdkit_descriptors_random_forest,source_holdout_aqsoldb_r3,AqSolDB,random_forest,tree_ensemble,rdkit_descriptors,1.4782162947249033,1,1.3525654221257668,0.008833903189261472,1,0.0014979308336422734,,
AqSolDB,hist_gradient_boosting,source_holdout_aqsoldb_r3_rdkit_descriptors_ridge,source_holdout_aqsoldb_r3,AqSolDB,ridge,linear,rdkit_descriptors,1.5877501331802506,0,1.4675250688185146,0.1237935498820093,0,0.00022427086132791412,,
AqSolDB,hist_gradient_boosting,source_holdout_aqsoldb_r3_rdkit_descriptors_svr,source_holdout_aqsoldb_r3,AqSolDB,svr,kernel,rdkit_descriptors,1.5337575450183838,0,1.4025293019823057,0.05879778304580041,1,0.0011794062404681155,,
AqSolDB,hist_gradient_boosting,source_holdout_aqsoldb_r3_rdkit_descriptors_xgboost,source_holdout_aqsoldb_r3,AqSolDB,xgboost,tree_ensemble,rdkit_descriptors,1.4578536076218302,1,1.373508584142037,0.029777065205531583,1,0.002653654586202404,,
AqSolDB,hist_gradient_boosting,source_holdout_aqsoldb_r4_maccs_fingerprints_elastic_net,source_holdout_aqsoldb_r4,AqSolDB,elastic_net,linear,maccs_fingerprints,1.7163688614618102,0,1.689391551353739,0.33566873149631404,0,0.00021156805090608035,,
AqSolDB,hist_gradient_boosting,source_holdout_aqsoldb_r4_maccs_fingerprints_extra_trees,source_holdout_aqsoldb_r4,AqSolDB,extra_trees,tree_ensemble,maccs_fingerprints,1.5179309990208911,0,1.6644766412666532,0.31075382140922825,0,0.0004964632498217911,,
AqSolDB,hist_gradient_boosting,source_holdout_aqsoldb_r4_maccs_fingerprints_knn,source_holdout_aqsoldb_r4,AqSolDB,knn,local_similarity,maccs_fingerprints,1.6100046613933103,0,1.8342508437569311,0.4805280238995062,0,0.00021156805090608035,,
AqSolDB,hist_gradient_boosting,source_holdout_aqsoldb_r4_maccs_fingerprints_mlp,source_holdout_aqsoldb_r4,AqSolDB,mlp,neural_network,maccs_fingerprints,1.5866351009978727,0,1.719262260260278,0.36553944040285313,0,0.00021156805090608035,,
AqSolDB,hist_gradient_boosting,source_holdout_aqsoldb_r4_maccs_fingerprints_random_forest,source_holdout_aqsoldb_r4,AqSolDB,random_forest,tree_ensemble,maccs_fingerprints,1.5255018252553636,0,1.6502953462777419,0.29657252642031695,0,0.0003116634327040845,,
AqSolDB,hist_gradient_boosting,source_holdout_aqsoldb_r4_maccs_fingerprints_ridge,source_holdout_aqsoldb_r4,AqSolDB,ridge,linear,maccs_fingerprints,1.699538046728534,0,1.6932718322871927,0.33954901242976776,0,0.00021156805090608035,,
AqSolDB,hist_gradient_boosting,source_holdout_aqsoldb_r4_maccs_fingerprints_svr,source_holdout_aqsoldb_r4,AqSolDB,svr,kernel,maccs_fingerprints,1.4938431459351638,0,1.5996541548657408,0.24593133500831588,0,0.001233041465537328,,
AqSolDB,hist_gradient_boosting,source_holdout_aqsoldb_r4_maccs_fingerprints_xgboost,source_holdout_aqsoldb_r4,AqSolDB,xgboost,tree_ensemble,maccs_fingerprints,1.5080128466946103,0,1.621919779918701,0.26819696006127614,0,0.0006208371496176427,,
AqSolDB,hist_gradient_boosting,source_holdout_aqsoldb_r4_molecular_graph_chemprop,source_holdout_aqsoldb_r4,AqSolDB,chemprop,graph_neural_network,molecular_graph,1.4574949148350047,0,1.5113065337175535,0.1575837138601286,0,0.00020590649793111887,,
AqSolDB,hist_gradient_boosting,source_holdout_aqsoldb_r4_morgan_fingerprints_elastic_net,source_holdout_aqsoldb_r4,AqSolDB,elastic_net,linear,morgan_fingerprints,1.7635126730340083,0,1.8435987615071587,0.4898759416497338,0,0.00023492458755122188,,
AqSolDB,hist_gradient_boosting,source_holdout_aqsoldb_r4_morgan_fingerprints_extra_trees,source_holdout_aqsoldb_r4,AqSolDB,extra_trees,tree_ensemble,morgan_fingerprints,1.5894285646853883,0,1.7654665847470468,0.41174376488962183,0,0.00042400780416421114,,
AqSolDB,hist_gradient_boosting,source_holdout_aqsoldb_r4_morgan_fingerprints_knn,source_holdout_aqsoldb_r4,AqSolDB,knn,local_similarity,morgan_fingerprints,1.5674132309496318,0,1.95228688959729,0.5985640697398651,0,0.00023492458755122188,,
AqSolDB,hist_gradient_boosting,source_holdout_aqsoldb_r4_morgan_fingerprints_mlp,source_holdout_aqsoldb_r4,AqSolDB,mlp,neural_network,morgan_fingerprints,1.5863100837278752,0,1.7910447951050337,0.43732197524760874,0,0.00023492458755122188,,
AqSolDB,hist_gradient_boosting,source_holdout_aqsoldb_r4_morgan_fingerprints_random_forest,source_holdout_aqsoldb_r4,AqSolDB,random_forest,tree_ensemble,morgan_fingerprints,1.6052023637204842,0,1.788519756664234,0.434796936806809,0,0.00034606640197236806,,
AqSolDB,hist_gradient_boosting,source_holdout_aqsoldb_r4_morgan_fingerprints_ridge,source_holdout_aqsoldb_r4,AqSolDB,ridge,linear,morgan_fingerprints,1.7386307924175057,0,1.813679420533864,0.45995660067643906,0,0.00023492458755122188,,
AqSolDB,hist_gradient_boosting,source_holdout_aqsoldb_r4_morgan_fingerprints_svr,source_holdout_aqsoldb_r4,AqSolDB,svr,kernel,morgan_fingerprints,1.5795447726742382,0,1.665855758819272,0.312132938961847,0,0.00022423098303866497,,
AqSolDB,hist_gradient_boosting,source_holdout_aqsoldb_r4_morgan_fingerprints_xgboost,source_holdout_aqsoldb_r4,AqSolDB,xgboost,tree_ensemble,morgan_fingerprints,1.6158104391375054,0,1.7421143895458853,0.38839156968846034,0,0.0006343574069648685,,
AqSolDB,hist_gradient_boosting,source_holdout_aqsoldb_r4_rdkit_descriptors_elastic_net,source_holdout_aqsoldb_r4,AqSolDB,elastic_net,linear,rdkit_descriptors,1.6374046887926519,0,1.4913135501226151,0.1375907302651902,0,0.00022427086132791412,,
AqSolDB,hist_gradient_boosting,source_holdout_aqsoldb_r4_rdkit_descriptors_esol,source_holdout_aqsoldb_r4,AqSolDB,esol,chemistry_equation,rdkit_descriptors,3.345708646466411,0,3.3393193048946466,1.9855964850372216,0,0.00022427086132791412,,
AqSolDB,hist_gradient_boosting,source_holdout_aqsoldb_r4_rdkit_descriptors_extra_trees,source_holdout_aqsoldb_r4,AqSolDB,extra_trees,tree_ensemble,rdkit_descriptors,1.4372753709829813,0,1.39971255169483,0.04598973183740518,1,0.00048367735537204647,,
AqSolDB,hist_gradient_boosting,source_holdout_aqsoldb_r4_rdkit_descriptors_hist_gradient_boosting,source_holdout_aqsoldb_r4,AqSolDB,hist_gradient_boosting,tree_ensemble,rdkit_descriptors,1.3793507582416986,0,1.38365349633136,0.029930676473935103,1,0.0007749395082892341,,
AqSolDB,hist_gradient_boosting,source_holdout_aqsoldb_r4_rdkit_descriptors_knn,source_holdout_aqsoldb_r4,AqSolDB,knn,local_similarity,rdkit_descriptors,1.488228766862877,0,1.674946216387318,0.3212233965298932,0,0.00024263129902386254,,
AqSolDB,hist_gradient_boosting,source_holdout_aqsoldb_r4_rdkit_descriptors_mlp,source_holdout_aqsoldb_r4,AqSolDB,mlp,neural_network,rdkit_descriptors,1.5069816128170326,0,1.7586136791251339,0.40489085926770896,0,0.00022962457861502064,,
AqSolDB,hist_gradient_boosting,source_holdout_aqsoldb_r4_rdkit_descriptors_ngboost,source_holdout_aqsoldb_r4,AqSolDB,ngboost,probabilistic_boosting,rdkit_descriptors,1.3700865104200606,1,1.3573401353558938,0.003617315498468887,1,0.0002202458549643054,,
AqSolDB,hist_gradient_boosting,source_holdout_aqsoldb_r4_rdkit_descriptors_random_forest,source_holdout_aqsoldb_r4,AqSolDB,random_forest,tree_ensemble,rdkit_descriptors,1.44313475522237,1,1.354896753115675,0.0011739332582501039,1,0.00028331403469282495,,
AqSolDB,hist_gradient_boosting,source_holdout_aqsoldb_r4_rdkit_descriptors_ridge,source_holdout_aqsoldb_r4,AqSolDB,ridge,linear,rdkit_descriptors,1.653930429566357,0,1.512575920250888,0.158853100393463,0,0.00022427086132791412,,
AqSolDB,hist_gradient_boosting,source_holdout_aqsoldb_r4_rdkit_descriptors_svr,source_holdout_aqsoldb_r4,AqSolDB,svr,kernel,rdkit_descriptors,1.4791153782283304,0,1.4025334551402777,0.04881063528285279,1,0.0009335083085730927,,
AqSolDB,hist_gradient_boosting,source_holdout_aqsoldb_r4_rdkit_descriptors_xgboost,source_holdout_aqsoldb_r4,AqSolDB,xgboost,tree_ensemble,rdkit_descriptors,1.3638963442638095,1,1.353722819857425,0.0,1,0.0013667912445056508,,
AqSolDB,hist_gradient_boosting,source_holdout_aqsoldb_r5_maccs_fingerprints_elastic_net,source_holdout_aqsoldb_r5,AqSolDB,elastic_net,linear,maccs_fingerprints,1.6667979241922843,0,1.6893915513537392,0.33281971988808734,0,0.00021156805090608035,,
AqSolDB,hist_gradient_boosting,source_holdout_aqsoldb_r5_maccs_fingerprints_extra_trees,source_holdout_aqsoldb_r5,AqSolDB,extra_trees,tree_ensemble,maccs_fingerprints,1.4318008610628368,0,1.6850408490681181,0.3284690176024663,0,0.0002876572828052136,,
AqSolDB,hist_gradient_boosting,source_holdout_aqsoldb_r5_maccs_fingerprints_knn,source_holdout_aqsoldb_r5,AqSolDB,knn,local_similarity,maccs_fingerprints,1.5585929507867227,0,1.7994755681650156,0.4429037366993638,0,0.00021156805090608035,,
AqSolDB,hist_gradient_boosting,source_holdout_aqsoldb_r5_maccs_fingerprints_mlp,source_holdout_aqsoldb_r5,AqSolDB,mlp,neural_network,maccs_fingerprints,1.4956799267051577,0,1.6386315697337794,0.2820597382681276,0,0.00022522810591476476,,
AqSolDB,hist_gradient_boosting,source_holdout_aqsoldb_r5_maccs_fingerprints_random_forest,source_holdout_aqsoldb_r5,AqSolDB,random_forest,tree_ensemble,maccs_fingerprints,1.4459864211670712,0,1.6671619770204498,0.3105901455547979,0,0.00025010487381686865,,
AqSolDB,hist_gradient_boosting,source_holdout_aqsoldb_r5_maccs_fingerprints_ridge,source_holdout_aqsoldb_r5,AqSolDB,ridge,linear,maccs_fingerprints,1.6628458151456742,0,1.6903280216661312,0.3337561902004793,0,0.00021156805090608035,,
AqSolDB,hist_gradient_boosting,source_holdout_aqsoldb_r5_maccs_fingerprints_svr,source_holdout_aqsoldb_r5,AqSolDB,svr,kernel,maccs_fingerprints,1.44531613829202,0,1.5996456197075384,0.24307378824188652,0,0.00023216074353495667,,
AqSolDB,hist_gradient_boosting,source_holdout_aqsoldb_r5_maccs_fingerprints_xgboost,source_holdout_aqsoldb_r5,AqSolDB,xgboost,tree_ensemble,maccs_fingerprints,1.4518306686906182,0,1.6376563651342517,0.28108453366859987,0,0.0010154023319672583,,
AqSolDB,hist_gradient_boosting,source_holdout_aqsoldb_r5_molecular_graph_chemprop,source_holdout_aqsoldb_r5,AqSolDB,chemprop,graph_neural_network,molecular_graph,1.3594175104920145,0,1.4902014290871481,0.1336295976214963,0,0.000232426677653401,,
AqSolDB,hist_gradient_boosting,source_holdout_aqsoldb_r5_morgan_fingerprints_elastic_net,source_holdout_aqsoldb_r5,AqSolDB,elastic_net,linear,morgan_fingerprints,1.7290227630071888,0,1.8435987615071587,0.4870269300415069,0,0.00023492458755122188,,
AqSolDB,hist_gradient_boosting,source_holdout_aqsoldb_r5_morgan_fingerprints_extra_trees,source_holdout_aqsoldb_r5,AqSolDB,extra_trees,tree_ensemble,morgan_fingerprints,1.5478451571796294,0,1.7712548797952845,0.41468304832963265,0,0.00042400780416421114,,
AqSolDB,hist_gradient_boosting,source_holdout_aqsoldb_r5_morgan_fingerprints_knn,source_holdout_aqsoldb_r5,AqSolDB,knn,local_similarity,morgan_fingerprints,1.6456123047891107,0,1.878523528592316,0.5219516971266642,0,0.00023492458755122188,,
AqSolDB,hist_gradient_boosting,source_holdout_aqsoldb_r5_morgan_fingerprints_mlp,source_holdout_aqsoldb_r5,AqSolDB,mlp,neural_network,morgan_fingerprints,1.5493018585664355,0,1.7973484232288295,0.4407765917631776,0,0.00023492458755122188,,
AqSolDB,hist_gradient_boosting,source_holdout_aqsoldb_r5_morgan_fingerprints_random_forest,source_holdout_aqsoldb_r5,AqSolDB,random_forest,tree_ensemble,morgan_fingerprints,1.5634166409441705,0,1.775007271690785,0.4184354402251331,0,0.00034606640197236806,,
AqSolDB,hist_gradient_boosting,source_holdout_aqsoldb_r5_morgan_fingerprints_ridge,source_holdout_aqsoldb_r5,AqSolDB,ridge,linear,morgan_fingerprints,1.6432229677725558,0,1.820213894247642,0.46364206278199016,0,0.00023492458755122188,,
AqSolDB,hist_gradient_boosting,source_holdout_aqsoldb_r5_morgan_fingerprints_svr,source_holdout_aqsoldb_r5,AqSolDB,svr,kernel,morgan_fingerprints,1.463583703948607,0,1.6658557588192695,0.30928392735361765,0,0.00014108113511305067,,
AqSolDB,hist_gradient_boosting,source_holdout_aqsoldb_r5_morgan_fingerprints_xgboost,source_holdout_aqsoldb_r5,AqSolDB,xgboost,tree_ensemble,morgan_fingerprints,1.5807876702585435,0,1.743895867341778,0.38732403587612607,0,0.0008246485257300938,,
AqSolDB,hist_gradient_boosting,source_holdout_aqsoldb_r5_rdkit_descriptors_elastic_net,source_holdout_aqsoldb_r5,AqSolDB,elastic_net,linear,rdkit_descriptors,1.5879455286036608,0,1.4913135501226154,0.1347417186569635,0,0.00022427086132791412,,
AqSolDB,hist_gradient_boosting,source_holdout_aqsoldb_r5_rdkit_descriptors_esol,source_holdout_aqsoldb_r5,AqSolDB,esol,chemistry_equation,rdkit_descriptors,3.5884229310909186,0,3.3393193048946466,1.9827474734289947,0,0.00022427086132791412,,
AqSolDB,hist_gradient_boosting,source_holdout_aqsoldb_r5_rdkit_descriptors_extra_trees,source_holdout_aqsoldb_r5,AqSolDB,extra_trees,tree_ensemble,rdkit_descriptors,1.3812970156911926,0,1.3959036787614751,0.039331847295823286,1,0.00032703747550205556,,
AqSolDB,hist_gradient_boosting,source_holdout_aqsoldb_r5_rdkit_descriptors_hist_gradient_boosting,source_holdout_aqsoldb_r5,AqSolDB,hist_gradient_boosting,tree_ensemble,rdkit_descriptors,1.338391710059316,1,1.3738433955856628,0.017271564120010963,1,0.0007749395082892341,,
AqSolDB,hist_gradient_boosting,source_holdout_aqsoldb_r5_rdkit_descriptors_knn,source_holdout_aqsoldb_r5,AqSolDB,knn,local_similarity,rdkit_descriptors,1.439859021446073,0,1.7243858366444742,0.36781400517882235,0,0.0001728370717927307,,
AqSolDB,hist_gradient_boosting,source_holdout_aqsoldb_r5_rdkit_descriptors_mlp,source_holdout_aqsoldb_r5,AqSolDB,mlp,neural_network,rdkit_descriptors,1.4155959280729318,0,1.5887200403047137,0.23214820883906184,0,0.0001728370717927307,,
AqSolDB,hist_gradient_boosting,source_holdout_aqsoldb_r5_rdkit_descriptors_ngboost,source_holdout_aqsoldb_r5,AqSolDB,ngboost,probabilistic_boosting,rdkit_descriptors,1.3672717097996483,1,1.3565718314656519,0.0,1,0.0002202458549643054,,
AqSolDB,hist_gradient_boosting,source_holdout_aqsoldb_r5_rdkit_descriptors_random_forest,source_holdout_aqsoldb_r5,AqSolDB,random_forest,tree_ensemble,rdkit_descriptors,1.3851520153300545,1,1.357374771071394,0.0008029396057420701,1,0.00027460399163336163,,
AqSolDB,hist_gradient_boosting,source_holdout_aqsoldb_r5_rdkit_descriptors_ridge,source_holdout_aqsoldb_r5,AqSolDB,ridge,linear,rdkit_descriptors,1.6376091502199162,0,1.5125643482840467,0.15599251681839488,0,0.00022427086132791412,,
AqSolDB,hist_gradient_boosting,source_holdout_aqsoldb_r5_rdkit_descriptors_svr,source_holdout_aqsoldb_r5,AqSolDB,svr,kernel,rdkit_descriptors,1.3779299795436788,0,1.4025266754583325,0.04595484399268068,1,0.0002910788592704845,,
AqSolDB,hist_gradient_boosting,source_holdout_aqsoldb_r5_rdkit_descriptors_xgboost,source_holdout_aqsoldb_r5,AqSolDB,xgboost,tree_ensemble,rdkit_descriptors,1.3246127091137747,0,1.3767748370307065,0.02020300556505461,1,0.1006803635818736,,
Delaney,logistic,source_holdout_delaney_r1_maccs_fingerprints_elastic_net,source_holdout_delaney_r1,Delaney,elastic_net,linear,maccs_fingerprints,1.5335070212675366,0,1.2822971849367861,0.6434954101023146,0,2.7441734275546694e-05,,
Delaney,logistic,source_holdout_delaney_r1_maccs_fingerprints_extra_trees,source_holdout_delaney_r1,Delaney,extra_trees,tree_ensemble,maccs_fingerprints,1.2819904393309811,0,1.1196471785657922,0.4808454037313207,0,0.003988380139031644,,
Delaney,logistic,source_holdout_delaney_r1_maccs_fingerprints_knn,source_holdout_delaney_r1,Delaney,knn,local_similarity,maccs_fingerprints,1.3868252530056657,0,1.428785463983291,0.7899836891488196,0,0.00011900628361753971,,
Delaney,logistic,source_holdout_delaney_r1_maccs_fingerprints_mlp,source_holdout_delaney_r1,Delaney,mlp,neural_network,maccs_fingerprints,1.2530401860200113,0,1.0774293650384388,0.43862759020396724,0,0.00016360668273150556,,
Delaney,logistic,source_holdout_delaney_r1_maccs_fingerprints_random_forest,source_holdout_delaney_r1,Delaney,random_forest,tree_ensemble,maccs_fingerprints,1.2794381421476717,0,1.08685849699765,0.4480567221631785,0,0.008716545308305505,,
Delaney,logistic,source_holdout_delaney_r1_maccs_fingerprints_ridge,source_holdout_delaney_r1,Delaney,ridge,linear,maccs_fingerprints,1.5334129869525248,0,1.2836000282134297,0.6447982533789581,0,4.31101137738013e-05,,
Delaney,logistic,source_holdout_delaney_r1_maccs_fingerprints_svr,source_holdout_delaney_r1,Delaney,svr,kernel,maccs_fingerprints,1.1859736520361845,0,1.008537771224502,0.3697359963900305,0,0.02505661565980147,,
Delaney,logistic,source_holdout_delaney_r1_maccs_fingerprints_xgboost,source_holdout_delaney_r1,Delaney,xgboost,tree_ensemble,maccs_fingerprints,1.216411863160645,0,1.0556848379691905,0.416883063134719,0,0.10825453063219283,,
Delaney,logistic,source_holdout_delaney_r1_molecular_graph_chemprop,source_holdout_delaney_r1,Delaney,chemprop,graph_neural_network,molecular_graph,0.9911920356799201,1,0.6940982428531652,0.0552964680186937,1,0.39564470470521906,,
Delaney,logistic,source_holdout_delaney_r1_morgan_fingerprints_elastic_net,source_holdout_delaney_r1,Delaney,elastic_net,linear,morgan_fingerprints,1.5776120931397644,0,1.3971574602719448,0.7583556854374732,0,1.1056399532337538e-05,,
Delaney,logistic,source_holdout_delaney_r1_morgan_fingerprints_extra_trees,source_holdout_delaney_r1,Delaney,extra_trees,tree_ensemble,morgan_fingerprints,1.344866921496033,0,1.2870835340608522,0.6482817592263806,0,0.00102057291262253,,
Delaney,logistic,source_holdout_delaney_r1_morgan_fingerprints_knn,source_holdout_delaney_r1,Delaney,knn,local_similarity,morgan_fingerprints,1.4771077385442875,0,1.4041454107365914,0.7653436359021198,0,2.7483762066901544e-05,,
Delaney,logistic,source_holdout_delaney_r1_morgan_fingerprints_mlp,source_holdout_delaney_r1,Delaney,mlp,neural_network,morgan_fingerprints,1.3843078123485304,0,1.288162389343543,0.6493606145090715,0,4.041981334142026e-05,,
Delaney,logistic,source_holdout_delaney_r1_morgan_fingerprints_random_forest,source_holdout_delaney_r1,Delaney,random_forest,tree_ensemble,morgan_fingerprints,1.3556078575154213,0,1.3089117496674865,0.6701099748330149,0,0.0024107151237146894,,
Delaney,logistic,source_holdout_delaney_r1_morgan_fingerprints_ridge,source_holdout_delaney_r1,Delaney,ridge,linear,morgan_fingerprints,1.4831805771007587,0,1.3492421180822847,0.7104403432478131,0,1.6456332606099126e-05,,
Delaney,logistic,source_holdout_delaney_r1_morgan_fingerprints_svr,source_holdout_delaney_r1,Delaney,svr,kernel,morgan_fingerprints,1.2238351652646453,0,1.0856344066905246,0.44683263185605304,0,0.007299815453359987,,
Delaney,logistic,source_holdout_delaney_r1_morgan_fingerprints_xgboost,source_holdout_delaney_r1,Delaney,xgboost,tree_ensemble,morgan_fingerprints,1.3781405613567368,0,1.2235126038621202,0.5847108290276487,0,0.021346021688186285,,
Delaney,logistic,source_holdout_delaney_r1_rdkit_descriptors_elastic_net,source_holdout_delaney_r1,Delaney,elastic_net,linear,rdkit_descriptors,1.2816348331983913,0,0.881846746366261,0.2430449715317895,0,0.004423223343752565,,
Delaney,logistic,source_holdout_delaney_r1_rdkit_descriptors_esol,source_holdout_delaney_r1,Delaney,esol,chemistry_equation,rdkit_descriptors,3.4485956470153885,0,2.9404947156590544,2.3016929408245828,0,1.0162442049401295e-05,,
Delaney,logistic,source_holdout_delaney_r1_rdkit_descriptors_extra_trees,source_holdout_delaney_r1,Delaney,extra_trees,tree_ensemble,rdkit_descriptors,1.030521102001026,0,0.7721455380269723,0.13334376319250074,0,0.2867808573509801,,
Delaney,logistic,source_holdout_delaney_r1_rdkit_descriptors_hist_gradient_boosting,source_holdout_delaney_r1,Delaney,hist_gradient_boosting,tree_ensemble,rdkit_descriptors,0.9902758031836699,0,0.7061674466202986,0.06736567178582709,1,0.7552433551710623,,
Delaney,logistic,source_holdout_delaney_r1_rdkit_descriptors_knn,source_holdout_delaney_r1,Delaney,knn,local_similarity,rdkit_descriptors,1.134289535628199,0,0.9340281384339038,0.2952263635994322,0,0.012868307489945668,,
Delaney,logistic,source_holdout_delaney_r1_rdkit_descriptors_mlp,source_holdout_delaney_r1,Delaney,mlp,neural_network,rdkit_descriptors,1.0705396993626808,0,0.7740118781995954,0.13521010336512385,0,0.014323366995542292,,
Delaney,logistic,source_holdout_delaney_r1_rdkit_descriptors_ngboost,source_holdout_delaney_r1,Delaney,ngboost,probabilistic_boosting,rdkit_descriptors,1.0549441481776238,0,0.7496227430325443,0.11082096819807274,0,0.3844771406040274,,
Delaney,logistic,source_holdout_delaney_r1_rdkit_descriptors_random_forest,source_holdout_delaney_r1,Delaney,random_forest,tree_ensemble,rdkit_descriptors,1.0307033974620996,0,0.7658461537108552,0.12704437887638365,0,0.4634564332421842,,
Delaney,logistic,source_holdout_delaney_r1_rdkit_descriptors_ridge,source_holdout_delaney_r1,Delaney,ridge,linear,rdkit_descriptors,1.2602650134130309,0,0.8441825856578763,0.20538081082340476,0,0.007857665583209668,,
Delaney,logistic,source_holdout_delaney_r1_rdkit_descriptors_svr,source_holdout_delaney_r1,Delaney,svr,kernel,rdkit_descriptors,0.9842404329904321,1,0.6388017748344715,0.0,1,0.6966727244586731,,
Delaney,logistic,source_holdout_delaney_r1_rdkit_descriptors_xgboost,source_holdout_delaney_r1,Delaney,xgboost,tree_ensemble,rdkit_descriptors,0.9606212808399123,1,0.6879641274101344,0.049162352575662815,1,0.9200927041575259,,
Delaney,logistic,source_holdout_delaney_r2_maccs_fingerprints_elastic_net,source_holdout_delaney_r2,Delaney,elastic_net,linear,maccs_fingerprints,1.715027854446355,0,1.2822971849367861,0.6479947287574791,0,1.2484110143040602e-05,,
Delaney,logistic,source_holdout_delaney_r2_maccs_fingerprints_extra_trees,source_holdout_delaney_r2,Delaney,extra_trees,tree_ensemble,maccs_fingerprints,1.4975494783832568,0,1.1174158976046153,0.4831134414253083,0,0.0015658204267319676,,
Delaney,logistic,source_holdout_delaney_r2_maccs_fingerprints_knn,source_holdout_delaney_r2,Delaney,knn,local_similarity,maccs_fingerprints,1.5894422066912661,0,1.4196554521690279,0.7853529959897209,0,5.136173833987912e-05,,
Delaney,logistic,source_holdout_delaney_r2_maccs_fingerprints_mlp,source_holdout_delaney_r2,Delaney,mlp,neural_network,maccs_fingerprints,1.5084515602209823,0,1.1025208347470528,0.46821837856774573,0,5.830518240390335e-05,,
Delaney,logistic,source_holdout_delaney_r2_maccs_fingerprints_random_forest,source_holdout_delaney_r2,Delaney,random_forest,tree_ensemble,maccs_fingerprints,1.4810045269154632,0,1.0811720851211293,0.44686962894182225,0,0.003993672163430126,,
Delaney,logistic,source_holdout_delaney_r2_maccs_fingerprints_ridge,source_holdout_delaney_r2,Delaney,ridge,linear,maccs_fingerprints,1.716542556789321,0,1.2840455572655955,0.6497431010862885,0,2.01374847212081e-05,,
Delaney,logistic,source_holdout_delaney_r2_maccs_fingerprints_svr,source_holdout_delaney_r2,Delaney,svr,kernel,maccs_fingerprints,1.449806170844497,0,1.0053305837913444,0.3710281276120374,0,0.007165831567608331,,
Delaney,logistic,source_holdout_delaney_r2_maccs_fingerprints_xgboost,source_holdout_delaney_r2,Delaney,xgboost,tree_ensemble,maccs_fingerprints,1.4326722714870699,0,1.060081127322346,0.425778671143039,0,0.04106629841574954,,
Delaney,logistic,source_holdout_delaney_r2_molecular_graph_chemprop,source_holdout_delaney_r2,Delaney,chemprop,graph_neural_network,molecular_graph,1.2261996646186375,0,0.7248882122285923,0.09058575604928532,1,0.21499817313510036,,
Delaney,logistic,source_holdout_delaney_r2_morgan_fingerprints_elastic_net,source_holdout_delaney_r2,Delaney,elastic_net,linear,morgan_fingerprints,1.7267200100458935,0,1.397157460271945,0.762855004092638,0,5.641698168374105e-06,,
Delaney,logistic,source_holdout_delaney_r2_morgan_fingerprints_extra_trees,source_holdout_delaney_r2,Delaney,extra_trees,tree_ensemble,morgan_fingerprints,1.5137658979808162,0,1.2987786465636402,0.6644761903843331,0,0.0005426696649636398,,
Delaney,logistic,source_holdout_delaney_r2_morgan_fingerprints_knn,source_holdout_delaney_r2,Delaney,knn,local_similarity,morgan_fingerprints,1.5482921417930573,0,1.4395904913294433,0.8052880351501362,0,1.5575696800707604e-05,,
Delaney,logistic,source_holdout_delaney_r2_morgan_fingerprints_mlp,source_holdout_delaney_r2,Delaney,mlp,neural_network,morgan_fingerprints,1.5376667908835617,0,1.295777251978177,0.6614747957988699,0,2.1629752375645515e-05,,
Delaney,logistic,source_holdout_delaney_r2_morgan_fingerprints_random_forest,source_holdout_delaney_r2,Delaney,random_forest,tree_ensemble,morgan_fingerprints,1.5293925467897709,0,1.2943691463400517,0.6600666901607447,0,0.0011968913593636981,,
Delaney,logistic,source_holdout_delaney_r2_morgan_fingerprints_ridge,source_holdout_delaney_r2,Delaney,ridge,linear,morgan_fingerprints,1.648727977245377,0,1.3492389294920943,0.7149364733127873,0,7.68742518688242e-06,,
Delaney,logistic,source_holdout_delaney_r2_morgan_fingerprints_svr,source_holdout_delaney_r2,Delaney,svr,kernel,morgan_fingerprints,1.412756996955609,0,1.0856344066905017,0.4513319505111947,0,0.0035389835453473826,,
Delaney,logistic,source_holdout_delaney_r2_morgan_fingerprints_xgboost,source_holdout_delaney_r2,Delaney,xgboost,tree_ensemble,morgan_fingerprints,1.5344232926160755,0,1.2344452070503238,0.6001427508710168,0,0.010902389444085172,,
Delaney,logistic,source_holdout_delaney_r2_rdkit_descriptors_elastic_net,source_holdout_delaney_r2,Delaney,elastic_net,linear,rdkit_descriptors,1.468225832720357,0,0.8818467463662617,0.24754429018695467,0,0.0016710116091573407,,
Delaney,logistic,source_holdout_delaney_r2_rdkit_descriptors_esol,source_holdout_delaney_r2,Delaney,esol,chemistry_equation,rdkit_descriptors,3.727885198837979,0,2.9404947156590544,2.3061922594797473,0,3.5392886842063696e-06,,
Delaney,logistic,source_holdout_delaney_r2_rdkit_descriptors_extra_trees,source_holdout_delaney_r2,Delaney,extra_trees,tree_ensemble,rdkit_descriptors,1.2895635732121284,0,0.7440834224942275,0.10978096631492051,0,0.07214015810541766,,
Delaney,logistic,source_holdout_delaney_r2_rdkit_descriptors_hist_gradient_boosting,source_holdout_delaney_r2,Delaney,hist_gradient_boosting,tree_ensemble,rdkit_descriptors,1.2576667603968301,1,0.7175355632207691,0.08323310704146203,1,0.5355185657314665,,
Delaney,logistic,source_holdout_delaney_r2_rdkit_descriptors_knn,source_holdout_delaney_r2,Delaney,knn,local_similarity,rdkit_descriptors,1.3945783024430725,0,0.9833906174125036,0.3490881612331965,0,0.002784564193525835,,
Delaney,logistic,source_holdout_delaney_r2_rdkit_descriptors_mlp,source_holdout_delaney_r2,Delaney,mlp,neural_network,rdkit_descriptors,1.3206931512759463,0,0.788055859375698,0.15375340319639097,0,0.005042574618510876,,
Delaney,logistic,source_holdout_delaney_r2_rdkit_descriptors_ngboost,source_holdout_delaney_r2,Delaney,ngboost,probabilistic_boosting,rdkit_descriptors,1.2972560147135017,0,0.7602522389364944,0.12594978275718738,0,0.19629229050493874,,
Delaney,logistic,source_holdout_delaney_r2_rdkit_descriptors_random_forest,source_holdout_delaney_r2,Delaney,random_forest,tree_ensemble,rdkit_descriptors,1.2764103177875092,0,0.7517128216598545,0.11741036548054751,0,0.2585921883910177,,
Delaney,logistic,source_holdout_delaney_r2_rdkit_descriptors_ridge,source_holdout_delaney_r2,Delaney,ridge,linear,rdkit_descriptors,1.471310765789077,0,0.8758135058226365,0.24151104964332948,0,0.0014869684667181884,,
Delaney,logistic,source_holdout_delaney_r2_rdkit_descriptors_svr,source_holdout_delaney_r2,Delaney,svr,kernel,rdkit_descriptors,1.276482955918779,1,0.634302456179307,0.0,1,0.3738626859917429,,
Delaney,logistic,source_holdout_delaney_r2_rdkit_descriptors_xgboost,source_holdout_delaney_r2,Delaney,xgboost,tree_ensemble,rdkit_descriptors,1.2112337470169834,1,0.7007940682198232,0.06649161204051612,1,0.8205660320558404,,
Delaney,logistic,source_holdout_delaney_r3_maccs_fingerprints_elastic_net,source_holdout_delaney_r3,Delaney,elastic_net,linear,maccs_fingerprints,1.6572607481976922,0,1.2822971849367852,0.6434849057594196,0,1.5883121007263166e-05,,
Delaney,logistic,source_holdout_delaney_r3_maccs_fingerprints_extra_trees,source_holdout_delaney_r3,Delaney,extra_trees,tree_ensemble,maccs_fingerprints,1.3661006325692382,0,1.132460167261358,0.4936478880839923,0,0.002546554420023178,,
Delaney,logistic,source_holdout_delaney_r3_maccs_fingerprints_knn,source_holdout_delaney_r3,Delaney,knn,local_similarity,maccs_fingerprints,1.4691977793375095,0,1.4356910706520705,0.7968787914747049,0,8.55410474471859e-05,,
Delaney,logistic,source_holdout_delaney_r3_maccs_fingerprints_mlp,source_holdout_delaney_r3,Delaney,mlp,neural_network,maccs_fingerprints,1.424262649292625,0,1.1007334787654028,0.46192119958803723,0,7.904484814131953e-05,,
Delaney,logistic,source_holdout_delaney_r3_maccs_fingerprints_random_forest,source_holdout_delaney_r3,Delaney,random_forest,tree_ensemble,maccs_fingerprints,1.3662254117436647,0,1.0995340689776323,0.4607217898002667,0,0.0056542809551714925,,
Delaney,logistic,source_holdout_delaney_r3_maccs_fingerprints_ridge,source_holdout_delaney_r3,Delaney,ridge,linear,maccs_fingerprints,1.657236553509583,0,1.2841505834725788,0.6453383042952132,0,2.5570608659704327e-05,,
Delaney,logistic,source_holdout_delaney_r3_maccs_fingerprints_svr,source_holdout_delaney_r3,Delaney,svr,kernel,maccs_fingerprints,1.3565606614209904,0,1.0085269222591748,0.36971464308180924,0,0.012850785531270514,,
Delaney,logistic,source_holdout_delaney_r3_maccs_fingerprints_xgboost,source_holdout_delaney_r3,Delaney,xgboost,tree_ensemble,maccs_fingerprints,1.3779863487942032,0,1.056210805965642,0.4173985267882765,0,0.048638108716038984,,
Delaney,logistic,source_holdout_delaney_r3_molecular_graph_chemprop,source_holdout_delaney_r3,Delaney,chemprop,graph_neural_network,molecular_graph,1.1388807412764,1,0.7051122268138826,0.06629994763651703,1,0.2881764686323256,,
Delaney,logistic,source_holdout_delaney_r3_morgan_fingerprints_elastic_net,source_holdout_delaney_r3,Delaney,elastic_net,linear,morgan_fingerprints,1.7087582838676707,0,1.397157460271945,0.7583451810945794,0,5.236788164560039e-06,,
Delaney,logistic,source_holdout_delaney_r3_morgan_fingerprints_extra_trees,source_holdout_delaney_r3,Delaney,extra_trees,tree_ensemble,morgan_fingerprints,1.4425140714232143,0,1.29041006335401,0.6515977841766445,0,0.0006958729480527015,,
Delaney,logistic,source_holdout_delaney_r3_morgan_fingerprints_knn,source_holdout_delaney_r3,Delaney,knn,local_similarity,morgan_fingerprints,1.5202164802258165,0,1.4371912336422925,0.7983789544649269,0,1.6988273060007593e-05,,
Delaney,logistic,source_holdout_delaney_r3_morgan_fingerprints_mlp,source_holdout_delaney_r3,Delaney,mlp,neural_network,morgan_fingerprints,1.5480467612641053,0,1.2420167622391278,0.6032044830617622,0,1.911655000733587e-05,,
Delaney,logistic,source_holdout_delaney_r3_morgan_fingerprints_random_forest,source_holdout_delaney_r3,Delaney,random_forest,tree_ensemble,morgan_fingerprints,1.4792311838917334,0,1.3061542687589722,0.6673419895816066,0,0.0013342922387156858,,
Delaney,logistic,source_holdout_delaney_r3_morgan_fingerprints_ridge,source_holdout_delaney_r3,Delaney,ridge,linear,morgan_fingerprints,1.6227106022945705,0,1.3492362771906081,0.7104239980132425,0,8.101750343382487e-06,,
Delaney,logistic,source_holdout_delaney_r3_morgan_fingerprints_svr,source_holdout_delaney_r3,Delaney,svr,kernel,morgan_fingerprints,1.3828516180791115,0,1.0856344066905028,0.4468221275131372,0,0.003931290814900033,,
Delaney,logistic,source_holdout_delaney_r3_morgan_fingerprints_xgboost,source_holdout_delaney_r3,Delaney,xgboost,tree_ensemble,morgan_fingerprints,1.4976588530389132,0,1.229839114465887,0.5910268352885213,0,0.013921019871112524,,
Delaney,logistic,source_holdout_delaney_r3_rdkit_descriptors_elastic_net,source_holdout_delaney_r3,Delaney,elastic_net,linear,rdkit_descriptors,1.4422447084149825,0,0.8818467463662615,0.24303446718889588,0,0.0021190487348317906,,
Delaney,logistic,source_holdout_delaney_r3_rdkit_descriptors_esol,source_holdout_delaney_r3,Delaney,esol,chemistry_equation,rdkit_descriptors,3.647561304496159,0,2.9404947156590544,2.3016824364816886,0,5.1428877813206375e-06,,
Delaney,logistic,source_holdout_delaney_r3_rdkit_descriptors_extra_trees,source_holdout_delaney_r3,Delaney,extra_trees,tree_ensemble,rdkit_descriptors,1.2254338414586345,0,0.7635693302272086,0.12475705104984303,0,0.17177155839308766,,
Delaney,logistic,source_holdout_delaney_r3_rdkit_descriptors_hist_gradient_boosting,source_holdout_delaney_r3,Delaney,hist_gradient_boosting,tree_ensemble,rdkit_descriptors,1.1920481320022145,0,0.708475312915754,0.06966303373838845,1,0.7710551469852274,,
Delaney,logistic,source_holdout_delaney_r3_rdkit_descriptors_knn,source_holdout_delaney_r3,Delaney,knn,local_similarity,rdkit_descriptors,1.3059632803706864,0,0.9834331854672583,0.3446209062898927,0,0.004451753964278814,,
Delaney,logistic,source_holdout_delaney_r3_rdkit_descriptors_mlp,source_holdout_delaney_r3,Delaney,mlp,neural_network,rdkit_descriptors,1.2717673482441814,0,0.7653795263912222,0.1265672472138566,0,0.007193061164361825,,
Delaney,logistic,source_holdout_delaney_r3_rdkit_descriptors_ngboost,source_holdout_delaney_r3,Delaney,ngboost,probabilistic_boosting,rdkit_descriptors,1.2489179401992068,0,0.7718484100632262,0.13303613088586064,0,0.17481828507845923,,
Delaney,logistic,source_holdout_delaney_r3_rdkit_descriptors_random_forest,source_holdout_delaney_r3,Delaney,random_forest,tree_ensemble,rdkit_descriptors,1.2065371900272763,0,0.7525989631724314,0.11378668399506575,0,0.324727920576227,,
Delaney,logistic,source_holdout_delaney_r3_rdkit_descriptors_ridge,source_holdout_delaney_r3,Delaney,ridge,linear,rdkit_descriptors,1.43911274804556,0,0.8758343804214628,0.23702210124409717,0,0.0019787869825156203,,
Delaney,logistic,source_holdout_delaney_r3_rdkit_descriptors_svr,source_holdout_delaney_r3,Delaney,svr,kernel,rdkit_descriptors,1.2091610823548833,1,0.6388122791773656,0.0,1,0.5241229570362856,,
Delaney,logistic,source_holdout_delaney_r3_rdkit_descriptors_xgboost,source_holdout_delaney_r3,Delaney,xgboost,tree_ensemble,rdkit_descriptors,1.1436313545654109,1,0.6974204936444413,0.05860821446707565,1,0.8621430405122991,,
Delaney,logistic,source_holdout_delaney_r4_maccs_fingerprints_elastic_net,source_holdout_delaney_r4,Delaney,elastic_net,linear,maccs_fingerprints,1.7093397149760847,0,1.2822971849367855,0.6434674943869028,0,1.0089698827438985e-05,,
Delaney,logistic,source_holdout_delaney_r4_maccs_fingerprints_extra_trees,source_holdout_delaney_r4,Delaney,extra_trees,tree_ensemble,maccs_fingerprints,1.4974773842081641,0,1.0752710448315728,0.43644135428169006,0,0.0006160533154431326,,
Delaney,logistic,source_holdout_delaney_r4_maccs_fingerprints_knn,source_holdout_delaney_r4,Delaney,knn,local_similarity,maccs_fingerprints,1.6042026949660435,0,1.4282588958228262,0.7894292052729435,0,3.811293697071138e-05,,
Delaney,logistic,source_holdout_delaney_r4_maccs_fingerprints_mlp,source_holdout_delaney_r4,Delaney,mlp,neural_network,maccs_fingerprints,1.5274594293372534,0,1.1158850726472647,0.47705538209738196,0,4.4165826805258686e-05,,
Delaney,logistic,source_holdout_delaney_r4_maccs_fingerprints_random_forest,source_holdout_delaney_r4,Delaney,random_forest,tree_ensemble,maccs_fingerprints,1.4778163957997592,0,1.1020282526092204,0.46319856205933774,0,0.002044374603010956,,
Delaney,logistic,source_holdout_delaney_r4_maccs_fingerprints_ridge,source_holdout_delaney_r4,Delaney,ridge,linear,maccs_fingerprints,1.7074752200329022,0,1.2851024076693454,0.6462727171194627,0,1.5406162347225115e-05,,
Delaney,logistic,source_holdout_delaney_r4_maccs_fingerprints_svr,source_holdout_delaney_r4,Delaney,svr,kernel,maccs_fingerprints,1.4560403997593592,0,1.0085391776761865,0.3697094871263038,0,0.007160489359934809,,
Delaney,logistic,source_holdout_delaney_r4_maccs_fingerprints_xgboost,source_holdout_delaney_r4,Delaney,xgboost,tree_ensemble,maccs_fingerprints,1.4399996768889005,0,1.0494830866064286,0.41065339605654594,0,0.04267206707781873,,
Delaney,logistic,source_holdout_delaney_r4_molecular_graph_chemprop,source_holdout_delaney_r4,Delaney,chemprop,graph_neural_network,molecular_graph,1.2449229975627878,0,0.7158433439527859,0.07701365340290323,1,0.1975658746275897,,
Delaney,logistic,source_holdout_delaney_r4_morgan_fingerprints_elastic_net,source_holdout_delaney_r4,Delaney,elastic_net,linear,morgan_fingerprints,1.7765684268580513,0,1.3971574602719452,0.7583277697220625,0,4.030174148025644e-06,,
Delaney,logistic,source_holdout_delaney_r4_morgan_fingerprints_extra_trees,source_holdout_delaney_r4,Delaney,extra_trees,tree_ensemble,morgan_fingerprints,1.5298354871385715,0,1.2915833061404878,0.6527536155906051,0,0.00042069380821869805,,
Delaney,logistic,source_holdout_delaney_r4_morgan_fingerprints_knn,source_holdout_delaney_r4,Delaney,knn,local_similarity,morgan_fingerprints,1.6716067321495454,0,1.4061467904633909,0.7673170999135082,0,9.285198591497073e-06,,
Delaney,logistic,source_holdout_delaney_r4_morgan_fingerprints_mlp,source_holdout_delaney_r4,Delaney,mlp,neural_network,morgan_fingerprints,1.5254599802692048,0,1.2731229629703706,0.6342932724204879,0,1.8682941876304555e-05,,
Delaney,logistic,source_holdout_delaney_r4_morgan_fingerprints_random_forest,source_holdout_delaney_r4,Delaney,random_forest,tree_ensemble,morgan_fingerprints,1.5630916794426843,0,1.3162563441543633,0.6774266536044806,0,0.0007953450795587461,,
Delaney,logistic,source_holdout_delaney_r4_morgan_fingerprints_ridge,source_holdout_delaney_r4,Delaney,ridge,linear,morgan_fingerprints,1.701235462522042,0,1.347619883023302,0.7087901924734192,0,8.558870795836046e-06,,
Delaney,logistic,source_holdout_delaney_r4_morgan_fingerprints_svr,source_holdout_delaney_r4,Delaney,svr,kernel,morgan_fingerprints,1.4483147231681068,0,1.0856344066904955,0.4468047161406128,0,0.0025434826493439516,,
Delaney,logistic,source_holdout_delaney_r4_morgan_fingerprints_xgboost,source_holdout_delaney_r4,Delaney,xgboost,tree_ensemble,morgan_fingerprints,1.5947588536216921,0,1.228673821340327,0.5898441307904443,0,0.0071386251531803,,
Delaney,logistic,source_holdout_delaney_r4_rdkit_descriptors_elastic_net,source_holdout_delaney_r4,Delaney,elastic_net,linear,rdkit_descriptors,1.5374427306009457,0,0.8818467463662621,0.24301705581637945,0,0.00125880308948161,,
Delaney,logistic,source_holdout_delaney_r4_rdkit_descriptors_esol,source_holdout_delaney_r4,Delaney,esol,chemistry_equation,rdkit_descriptors,3.619306560036946,0,2.9404947156590544,2.3016650251091715,0,4.069732373952106e-06,,
Delaney,logistic,source_holdout_delaney_r4_rdkit_descriptors_extra_trees,source_holdout_delaney_r4,Delaney,extra_trees,tree_ensemble,rdkit_descriptors,1.3328136245932967,0,0.7586138615378747,0.11978417098799199,0,0.10706260321808851,,
Delaney,logistic,source_holdout_delaney_r4_rdkit_descriptors_hist_gradient_boosting,source_holdout_delaney_r4,Delaney,hist_gradient_boosting,tree_ensemble,rdkit_descriptors,1.255037398986886,1,0.7040974256383149,0.0652677350884322,1,0.538474965032587,,
Delaney,logistic,source_holdout_delaney_r4_rdkit_descriptors_knn,source_holdout_delaney_r4,Delaney,knn,local_similarity,rdkit_descriptors,1.4463765510967657,0,0.9830571693594412,0.3442274788095585,0,0.002067132373706602,,
Delaney,logistic,source_holdout_delaney_r4_rdkit_descriptors_mlp,source_holdout_delaney_r4,Delaney,mlp,neural_network,rdkit_descriptors,1.3018649463409584,0,0.749010110521105,0.1101804199712223,0,0.005341796181218197,,
Delaney,logistic,source_holdout_delaney_r4_rdkit_descriptors_ngboost,source_holdout_delaney_r4,Delaney,ngboost,probabilistic_boosting,rdkit_descriptors,1.3056612361470168,0,0.7612475433873963,0.12241785283751361,0,0.19331471960832117,,
Delaney,logistic,source_holdout_delaney_r4_rdkit_descriptors_random_forest,source_holdout_delaney_r4,Delaney,random_forest,tree_ensemble,rdkit_descriptors,1.3195678035268759,0,0.7624842361392483,0.12365454558936562,0,0.2190979267488371,,
Delaney,logistic,source_holdout_delaney_r4_rdkit_descriptors_ridge,source_holdout_delaney_r4,Delaney,ridge,linear,rdkit_descriptors,1.4965642788259668,0,0.8444788935960292,0.20564920304614653,0,0.0024815098363179,,
Delaney,logistic,source_holdout_delaney_r4_rdkit_descriptors_svr,source_holdout_delaney_r4,Delaney,svr,kernel,rdkit_descriptors,1.3001103657481863,1,0.6388296905498827,0.0,1,0.39667728403180225,,
Delaney,logistic,source_holdout_delaney_r4_rdkit_descriptors_xgboost,source_holdout_delaney_r4,Delaney,xgboost,tree_ensemble,rdkit_descriptors,1.2103262463408646,1,0.6799748606660944,0.04114517011621166,1,0.8249891137189485,,
Delaney,logistic,source_holdout_delaney_r5_maccs_fingerprints_elastic_net,source_holdout_delaney_r5,Delaney,elastic_net,linear,maccs_fingerprints,1.6897144836968763,0,1.2822971849367855,0.6434954079474586,0,1.1054237591304198e-05,,
Delaney,logistic,source_holdout_delaney_r5_maccs_fingerprints_extra_trees,source_holdout_delaney_r5,Delaney,extra_trees,tree_ensemble,maccs_fingerprints,1.4678337898214338,0,1.0961155702013228,0.45731379321199594,0,0.0006716960994980774,,
Delaney,logistic,source_holdout_delaney_r5_maccs_fingerprints_knn,source_holdout_delaney_r5,Delaney,knn,local_similarity,maccs_fingerprints,1.59905090620909,0,1.412962195440772,0.7741604184514452,0,3.796812212980687e-05,,
Delaney,logistic,source_holdout_delaney_r5_maccs_fingerprints_mlp,source_holdout_delaney_r5,Delaney,mlp,neural_network,maccs_fingerprints,1.5173331947465998,0,1.1314817009045404,0.49267992391521354,0,4.112398521540965e-05,,
Delaney,logistic,source_holdout_delaney_r5_maccs_fingerprints_random_forest,source_holdout_delaney_r5,Delaney,random_forest,tree_ensemble,maccs_fingerprints,1.4562501303446014,0,1.086425101537308,0.44762332454798126,0,0.0032137285969863704,,
Delaney,logistic,source_holdout_delaney_r5_maccs_fingerprints_ridge,source_holdout_delaney_r5,Delaney,ridge,linear,maccs_fingerprints,1.6911178019712576,0,1.2838541838221615,0.6450524068328347,0,1.74588696664515e-05,,
Delaney,logistic,source_holdout_delaney_r5_maccs_fingerprints_svr,source_holdout_delaney_r5,Delaney,svr,kernel,maccs_fingerprints,1.43450036226834,0,1.0085314243050358,0.369729647315709,0,0.007971139702554485,,
Delaney,logistic,source_holdout_delaney_r5_maccs_fingerprints_xgboost,source_holdout_delaney_r5,Delaney,xgboost,tree_ensemble,maccs_fingerprints,1.4419065224908867,0,1.0541145534935328,0.41531277650420595,0,0.0312342544511451,,
Delaney,logistic,source_holdout_delaney_r5_molecular_graph_chemprop,source_holdout_delaney_r5,Delaney,chemprop,graph_neural_network,molecular_graph,1.2573244037178168,0,0.7409629850968276,0.10216120810750073,0,0.20369094412100572,,
Delaney,logistic,source_holdout_delaney_r5_morgan_fingerprints_elastic_net,source_holdout_delaney_r5,Delaney,elastic_net,linear,morgan_fingerprints,1.7316741752203184,0,1.3971574602719457,0.7583556832826188,0,4.586337025715731e-06,,
Delaney,logistic,source_holdout_delaney_r5_morgan_fingerprints_extra_trees,source_holdout_delaney_r5,Delaney,extra_trees,tree_ensemble,morgan_fingerprints,1.4471713740394816,0,1.2912012028570747,0.6523994258677479,0,0.0006550617597990995,,
Delaney,logistic,source_holdout_delaney_r5_morgan_fingerprints_knn,source_holdout_delaney_r5,Delaney,knn,local_similarity,morgan_fingerprints,1.5824053222326502,0,1.4049993763143471,0.7661975993250203,0,1.5634723221043118e-05,,
Delaney,logistic,source_holdout_delaney_r5_morgan_fingerprints_mlp,source_holdout_delaney_r5,Delaney,mlp,neural_network,morgan_fingerprints,1.484463638033153,0,1.303599831126703,0.6647980541373761,0,2.480149951597517e-05,,
Delaney,logistic,source_holdout_delaney_r5_morgan_fingerprints_random_forest,source_holdout_delaney_r5,Delaney,random_forest,tree_ensemble,morgan_fingerprints,1.4714753764038069,0,1.310321237868835,0.6715194608795081,0,0.001323422156521782,,
Delaney,logistic,source_holdout_delaney_r5_morgan_fingerprints_ridge,source_holdout_delaney_r5,Delaney,ridge,linear,morgan_fingerprints,1.6253832661314136,0,1.349234810458629,0.7104330334693021,0,7.599981265305044e-06,,
Delaney,logistic,source_holdout_delaney_r5_morgan_fingerprints_svr,source_holdout_delaney_r5,Delaney,svr,kernel,morgan_fingerprints,1.3593537527732007,0,1.0856344066905024,0.44683262970117554,0,0.0038387410635084243,,
Delaney,logistic,source_holdout_delaney_r5_morgan_fingerprints_xgboost,source_holdout_delaney_r5,Delaney,xgboost,tree_ensemble,morgan_fingerprints,1.4952075179948658,0,1.2216971649124195,0.5828953879230927,0,0.012167078285992339,,
Delaney,logistic,source_holdout_delaney_r5_rdkit_descriptors_elastic_net,source_holdout_delaney_r5,Delaney,elastic_net,linear,rdkit_descriptors,1.4603997734360317,0,0.8818467463662614,0.24304496937693454,0,0.001993796083174586,,
Delaney,logistic,source_holdout_delaney_r5_rdkit_descriptors_esol,source_holdout_delaney_r5,Delaney,esol,chemistry_equation,rdkit_descriptors,3.8430872995968244,0,2.9404947156590544,2.301692938669728,0,3.3324973979071296e-06,,
Delaney,logistic,source_holdout_delaney_r5_rdkit_descriptors_extra_trees,source_holdout_delaney_r5,Delaney,extra_trees,tree_ensemble,rdkit_descriptors,1.262765378371332,0,0.7470858441154519,0.10828406712612504,0,0.07413670281057043,,
Delaney,logistic,source_holdout_delaney_r5_rdkit_descriptors_hist_gradient_boosting,source_holdout_delaney_r5,Delaney,hist_gradient_boosting,tree_ensemble,rdkit_descriptors,1.2196343845373236,1,0.7351361244230752,0.09633434743374836,1,0.7435204062745606,,
Delaney,logistic,source_holdout_delaney_r5_rdkit_descriptors_knn,source_holdout_delaney_r5,Delaney,knn,local_similarity,rdkit_descriptors,1.3471700665987325,0,0.9833489036351251,0.34454712664579823,0,0.0036378430066870636,,
Delaney,logistic,source_holdout_delaney_r5_rdkit_descriptors_mlp,source_holdout_delaney_r5,Delaney,mlp,neural_network,rdkit_descriptors,1.2898203675377327,0,0.7487805845253164,0.10997880753598954,0,0.0060346046754771315,,
Delaney,logistic,source_holdout_delaney_r5_rdkit_descriptors_ngboost,source_holdout_delaney_r5,Delaney,ngboost,probabilistic_boosting,rdkit_descriptors,1.2714533995882886,0,0.7719768939421917,0.13317511695286488,0,0.15654363470177682,,
Delaney,logistic,source_holdout_delaney_r5_rdkit_descriptors_random_forest,source_holdout_delaney_r5,Delaney,random_forest,tree_ensemble,rdkit_descriptors,1.2511202218433215,0,0.7444304283335971,0.10562865134427024,0,0.17106910176942022,,
Delaney,logistic,source_holdout_delaney_r5_rdkit_descriptors_ridge,source_holdout_delaney_r5,Delaney,ridge,linear,rdkit_descriptors,1.460587726495157,0,0.8755765877751799,0.23677481078585305,0,0.0018269269282071368,,
Delaney,logistic,source_holdout_delaney_r5_rdkit_descriptors_svr,source_holdout_delaney_r5,Delaney,svr,kernel,rdkit_descriptors,1.2527894264438422,1,0.6388017769893268,0.0,1,0.4528218156450835,,
Delaney,logistic,source_holdout_delaney_r5_rdkit_descriptors_xgboost,source_holdout_delaney_r5,Delaney,xgboost,tree_ensemble,rdkit_descriptors,1.21017495941906,1,0.6933673062148477,0.054565529225520826,1,0.8260327714591531,,
Delaney,bayesian_logistic_laplace,source_holdout_delaney_r1_maccs_fingerprints_elastic_net,source_holdout_delaney_r1,Delaney,elastic_net,linear,maccs_fingerprints,1.5335070212675366,0,1.2822971849367861,0.6434954101023146,0,0.01259720583278041,2.9018859413195604e-08,0.025295289774349743
Delaney,bayesian_logistic_laplace,source_holdout_delaney_r1_maccs_fingerprints_extra_trees,source_holdout_delaney_r1,Delaney,extra_trees,tree_ensemble,maccs_fingerprints,1.2819904393309811,0,1.1196471785657922,0.4808454037313207,0,0.02505787836717541,0.00011738234788226478,0.12017321631084621
Delaney,bayesian_logistic_laplace,source_holdout_delaney_r1_maccs_fingerprints_knn,source_holdout_delaney_r1,Delaney,knn,local_similarity,maccs_fingerprints,1.3868252530056657,0,1.428785463983291,0.7899836891488196,0,0.01818927083914557,2.0618606175004262e-07,0.06428745299349324
Delaney,bayesian_logistic_laplace,source_holdout_delaney_r1_maccs_fingerprints_mlp,source_holdout_delaney_r1,Delaney,mlp,neural_network,maccs_fingerprints,1.2530401860200113,0,1.0774293650384388,0.43862759020396724,0,0.011424861357073195,8.567067782401313e-07,0.030307198483024086
Delaney,bayesian_logistic_laplace,source_holdout_delaney_r1_maccs_fingerprints_random_forest,source_holdout_delaney_r1,Delaney,random_forest,tree_ensemble,maccs_fingerprints,1.2794381421476717,0,1.08685849699765,0.4480567221631785,0,0.03893535990410797,0.0002940995463208752,0.20812627169194742
Delaney,bayesian_logistic_laplace,source_holdout_delaney_r1_maccs_fingerprints_ridge,source_holdout_delaney_r1,Delaney,ridge,linear,maccs_fingerprints,1.5334129869525248,0,1.2836000282134297,0.6447982533789581,0,0.0062844600197438155,2.0190409735344452e-07,0.009121597949121683
Delaney,bayesian_logistic_laplace,source_holdout_delaney_r1_maccs_fingerprints_svr,source_holdout_delaney_r1,Delaney,svr,kernel,maccs_fingerprints,1.1859736520361845,0,1.008537771224502,0.3697359963900305,0,0.07834147483966357,0.0008278045830068947,0.44359666232947825
Delaney,bayesian_logistic_laplace,source_holdout_delaney_r1_maccs_fingerprints_xgboost,source_holdout_delaney_r1,Delaney,xgboost,tree_ensemble,maccs_fingerprints,1.216411863160645,0,1.0556848379691905,0.416883063134719,0,0.19446292100418325,0.003923815872279911,0.7890765521610366
Delaney,bayesian_logistic_laplace,source_holdout_delaney_r1_molecular_graph_chemprop,source_holdout_delaney_r1,Delaney,chemprop,graph_neural_network,molecular_graph,0.9911920356799201,1,0.6940982428531652,0.0552964680186937,1,0.4255153273026177,0.028232745077722117,0.9365138489136188
Delaney,bayesian_logistic_laplace,source_holdout_delaney_r1_morgan_fingerprints_elastic_net,source_holdout_delaney_r1,Delaney,elastic_net,linear,morgan_fingerprints,1.5776120931397644,0,1.3971574602719448,0.7583556854374732,0,0.010433899746719683,8.33392390382295e-09,0.014456505068500448
Delaney,bayesian_logistic_laplace,source_holdout_delaney_r1_morgan_fingerprints_extra_trees,source_holdout_delaney_r1,Delaney,extra_trees,tree_ensemble,morgan_fingerprints,1.344866921496033,0,1.2870835340608522,0.6482817592263806,0,0.01579197361623387,1.5794436363057773e-05,0.061983282587485734
Delaney,bayesian_logistic_laplace,source_holdout_delaney_r1_morgan_fingerprints_knn,source_holdout_delaney_r1,Delaney,knn,local_similarity,morgan_fingerprints,1.4771077385442875,0,1.4041454107365914,0.7653436359021198,0,0.01195675791085116,3.213280816367449e-08,0.022968679277963602
Delaney,bayesian_logistic_laplace,source_holdout_delaney_r1_morgan_fingerprints_mlp,source_holdout_delaney_r1,Delaney,mlp,neural_network,morgan_fingerprints,1.3843078123485304,0,1.288162389343543,0.6493606145090715,0,0.00765160751396948,1.3498302741544852e-07,0.011959669151229535
Delaney,bayesian_logistic_laplace,source_holdout_delaney_r1_morgan_fingerprints_random_forest,source_holdout_delaney_r1,Delaney,random_forest,tree_ensemble,morgan_fingerprints,1.3556078575154213,0,1.3089117496674865,0.6701099748330149,0,0.024806771259097953,4.126759741054531e-05,0.12396087382651076
Delaney,bayesian_logistic_laplace,source_holdout_delaney_r1_morgan_fingerprints_ridge,source_holdout_delaney_r1,Delaney,ridge,linear,morgan_fingerprints,1.4831805771007587,0,1.3492421180822847,0.7104403432478131,0,0.03220271925629866,1.0832195288036024e-09,0.20000881136964116
Delaney,bayesian_logistic_laplace,source_holdout_delaney_r1_morgan_fingerprints_svr,source_holdout_delaney_r1,Delaney,svr,kernel,morgan_fingerprints,1.2238351652646453,0,1.0856344066905246,0.44683263185605304,0,0.05115508534202329,0.00010692137316440079,0.3358486725097855
Delaney,bayesian_logistic_laplace,source_holdout_delaney_r1_morgan_fingerprints_xgboost,source_holdout_delaney_r1,Delaney,xgboost,tree_ensemble,morgan_fingerprints,1.3781405613567368,0,1.2235126038621202,0.5847108290276487,0,0.08689533905952775,0.0003948212390471279,0.546380543140494
Delaney,bayesian_logistic_laplace,source_holdout_delaney_r1_rdkit_descriptors_elastic_net,source_holdout_delaney_r1,Delaney,elastic_net,linear,rdkit_descriptors,1.2816348331983913,0,0.881846746366261,0.2430449715317895,0,0.0909102346634061,5.6944609734324426e-06,0.7761038167410713
Delaney,bayesian_logistic_laplace,source_holdout_delaney_r1_rdkit_descriptors_esol,source_holdout_delaney_r1,Delaney,esol,chemistry_equation,rdkit_descriptors,3.4485956470153885,0,2.9404947156590544,2.3016929408245828,0,0.06577208724022603,1.9083706127104444e-11,0.8440377172187218
Delaney,bayesian_logistic_laplace,source_holdout_delaney_r1_rdkit_descriptors_extra_trees,source_holdout_delaney_r1,Delaney,extra_trees,tree_ensemble,rdkit_descriptors,1.030521102001026,0,0.7721455380269723,0.13334376319250074,0,0.34756668819305825,0.015053937474103449,0.9136316795817392
Delaney,bayesian_logistic_laplace,source_holdout_delaney_r1_rdkit_descriptors_hist_gradient_boosting,source_holdout_delaney_r1,Delaney,hist_gradient_boosting,tree_ensemble,rdkit_descriptors,0.9902758031836699,0,0.7061674466202986,0.06736567178582709,1,0.6854559562890162,0.10505882236550561,0.9878210050463161
Delaney,bayesian_logistic_laplace,source_holdout_delaney_r1_rdkit_descriptors_knn,source_holdout_delaney_r1,Delaney,knn,local_similarity,rdkit_descriptors,1.134289535628199,0,0.9340281384339038,0.2952263635994322,0,0.12436553671104854,2.6136538327062755e-05,0.8666985645539861
Delaney,bayesian_logistic_laplace,source_holdout_delaney_r1_rdkit_descriptors_mlp,source_holdout_delaney_r1,Delaney,mlp,neural_network,rdkit_descriptors,1.0705396993626808,0,0.7740118781995954,0.13521010336512385,0,0.09777918289409558,9.142662810595688e-05,0.6978351538442142
Delaney,bayesian_logistic_laplace,source_holdout_delaney_r1_rdkit_descriptors_ngboost,source_holdout_delaney_r1,Delaney,ngboost,probabilistic_boosting,rdkit_descriptors,1.0549441481776238,0,0.7496227430325443,0.11082096819807274,0,0.4176211751017713,0.026539248162831458,0.9346892399081189
Delaney,bayesian_logistic_laplace,source_holdout_delaney_r1_rdkit_descriptors_random_forest,source_holdout_delaney_r1,Delaney,random_forest,tree_ensemble,rdkit_descriptors,1.0307033974620996,0,0.7658461537108552,0.12704437887638365,0,0.4740962340464386,0.0368151600796444,0.9512682283280569
Delaney,bayesian_logistic_laplace,source_holdout_delaney_r1_rdkit_descriptors_ridge,source_holdout_delaney_r1,Delaney,ridge,linear,rdkit_descriptors,1.2602650134130309,0,0.8441825856578763,0.20538081082340476,0,0.07354238783140736,4.882634302804771e-05,0.5622842342879377
Delaney,bayesian_logistic_laplace,source_holdout_delaney_r1_rdkit_descriptors_svr,source_holdout_delaney_r1,Delaney,svr,kernel,rdkit_descriptors,0.9842404329904321,1,0.6388017748344715,0.0,1,0.6423103959352656,0.08919911063637484,0.9817730707837794
Delaney,bayesian_logistic_laplace,source_holdout_delaney_r1_rdkit_descriptors_xgboost,source_holdout_delaney_r1,Delaney,xgboost,tree_ensemble,rdkit_descriptors,0.9606212808399123,1,0.6879641274101344,0.049162352575662815,1,0.8428769093126869,0.29717350168217543,0.996821012410649
Delaney,bayesian_logistic_laplace,source_holdout_delaney_r2_maccs_fingerprints_elastic_net,source_holdout_delaney_r2,Delaney,elastic_net,linear,maccs_fingerprints,1.715027854446355,0,1.2822971849367861,0.6479947287574791,0,0.009737829652563177,1.1716351456712998e-08,0.013127877397056287
Delaney,bayesian_logistic_laplace,source_holdout_delaney_r2_maccs_fingerprints_extra_trees,source_holdout_delaney_r2,Delaney,extra_trees,tree_ensemble,maccs_fingerprints,1.4975494783832568,0,1.1174158976046153,0.4831134414253083,0,0.013917295433166704,4.4487952767090656e-05,0.05238594471371641
Delaney,bayesian_logistic_laplace,source_holdout_delaney_r2_maccs_fingerprints_knn,source_holdout_delaney_r2,Delaney,knn,local_similarity,maccs_fingerprints,1.5894422066912661,0,1.4196554521690279,0.7853529959897209,0,0.012968782540332324,8.465902492316649e-08,0.030221991158262036
Delaney,bayesian_logistic_laplace,source_holdout_delaney_r2_maccs_fingerprints_mlp,source_holdout_delaney_r2,Delaney,mlp,neural_network,maccs_fingerprints,1.5084515602209823,0,1.1025208347470528,0.46821837856774573,0,0.006596125384447944,3.16859646802935e-07,0.010616045056027715
Delaney,bayesian_logistic_laplace,source_holdout_delaney_r2_maccs_fingerprints_random_forest,source_holdout_delaney_r2,Delaney,random_forest,tree_ensemble,maccs_fingerprints,1.4810045269154632,0,1.0811720851211293,0.44686962894182225,0,0.023715664613521377,0.00012960609340981143,0.11034678143813646
Delaney,bayesian_logistic_laplace,source_holdout_delaney_r2_maccs_fingerprints_ridge,source_holdout_delaney_r2,Delaney,ridge,linear,maccs_fingerprints,1.716542556789321,0,1.2840455572655955,0.6497431010862885,0,0.00489553640779378,7.891864523703914e-08,0.005112370433564082
Delaney,bayesian_logistic_laplace,source_holdout_delaney_r2_maccs_fingerprints_svr,source_holdout_delaney_r2,Delaney,svr,kernel,maccs_fingerprints,1.449806170844497,0,1.0053305837913444,0.3710281276120374,0,0.03663775993288585,0.00021109817919737577,0.1978949956150759
Delaney,bayesian_logistic_laplace,source_holdout_delaney_r2_maccs_fingerprints_xgboost,source_holdout_delaney_r2,Delaney,xgboost,tree_ensemble,maccs_fingerprints,1.4326722714870699,0,1.060081127322346,0.425778671143039,0,0.1053324489638104,0.0014537115138356545,0.5574729205909479
Delaney,bayesian_logistic_laplace,source_holdout_delaney_r2_molecular_graph_chemprop,source_holdout_delaney_r2,Delaney,chemprop,graph_neural_network,molecular_graph,1.2261996646186375,0,0.7248882122285923,0.09058575604928532,1,0.28331165213626075,0.01288207094027205,0.8518064312762854
Delaney,bayesian_logistic_laplace,source_holdout_delaney_r2_morgan_fingerprints_elastic_net,source_holdout_delaney_r2,Delaney,elastic_net,linear,morgan_fingerprints,1.7267200100458935,0,1.397157460271945,0.762855004092638,0,0.008296753942885423,3.980344828486018e-09,0.008296753942885423
Delaney,bayesian_logistic_laplace,source_holdout_delaney_r2_morgan_fingerprints_extra_trees,source_holdout_delaney_r2,Delaney,extra_trees,tree_ensemble,morgan_fingerprints,1.5137658979808162,0,1.2987786465636402,0.6644761903843331,0,0.010949943310135877,8.2951153608472e-06,0.03432019082491565
Delaney,bayesian_logistic_laplace,source_holdout_delaney_r2_morgan_fingerprints_knn,source_holdout_delaney_r2,Delaney,knn,local_similarity,morgan_fingerprints,1.5482921417930573,0,1.4395904913294433,0.8052880351501362,0,0.0136629460415094,8.95024827627586e-09,0.02639112688835374
Delaney,bayesian_logistic_laplace,source_holdout_delaney_r2_morgan_fingerprints_mlp,source_holdout_delaney_r2,Delaney,mlp,neural_network,morgan_fingerprints,1.5376667908835617,0,1.295777251978177,0.6614747957988699,0,0.005523452784886746,7.511105709541395e-08,0.006190434721101661
Delaney,bayesian_logistic_laplace,source_holdout_delaney_r2_morgan_fingerprints_random_forest,source_holdout_delaney_r2,Delaney,random_forest,tree_ensemble,morgan_fingerprints,1.5293925467897709,0,1.2943691463400517,0.6600666901607447,0,0.016526289334050023,2.0054675827263328e-05,0.06681774411354598
Delaney,bayesian_logistic_laplace,source_holdout_delaney_r2_morgan_fingerprints_ridge,source_holdout_delaney_r2,Delaney,ridge,linear,morgan_fingerprints,1.648727977245377,0,1.3492389294920943,0.7149364733127873,0,0.025836454743634364,4.938048904226082e-10,0.10688581698771961
Delaney,bayesian_logistic_laplace,source_holdout_delaney_r2_morgan_fingerprints_svr,source_holdout_delaney_r2,Delaney,svr,kernel,morgan_fingerprints,1.412756996955609,0,1.0856344066905017,0.4513319505111947,0,0.032365937322068584,5.630449265061382e-05,0.18301374499967274
Delaney,bayesian_logistic_laplace,source_holdout_delaney_r2_morgan_fingerprints_xgboost,source_holdout_delaney_r2,Delaney,xgboost,tree_ensemble,morgan_fingerprints,1.5344232926160755,0,1.2344452070503238,0.6001427508710168,0,0.06053514034586251,0.00018613247426545608,0.3949011566963696
Delaney,bayesian_logistic_laplace,source_holdout_delaney_r2_rdkit_descriptors_elastic_net,source_holdout_delaney_r2,Delaney,elastic_net,linear,rdkit_descriptors,1.468225832720357,0,0.8818467463662617,0.24754429018695467,0,0.0623503274898879,2.1010821320662008e-06,0.5714448634635415
Delaney,bayesian_logistic_laplace,source_holdout_delaney_r2_rdkit_descriptors_esol,source_holdout_delaney_r2,Delaney,esol,chemistry_equation,rdkit_descriptors,3.727885198837979,0,2.9404947156590544,2.3061922594797473,0,0.06369023756903121,2.254701413423476e-12,0.8474631389601097
Delaney,bayesian_logistic_laplace,source_holdout_delaney_r2_rdkit_descriptors_extra_trees,source_holdout_delaney_r2,Delaney,extra_trees,tree_ensemble,rdkit_descriptors,1.2895635732121284,0,0.7440834224942275,0.10978096631492051,0,0.14870480893395463,0.0027365994557257806,0.6877796258505475
Delaney,bayesian_logistic_laplace,source_holdout_delaney_r2_rdkit_descriptors_hist_gradient_boosting,source_holdout_delaney_r2,Delaney,hist_gradient_boosting,tree_ensemble,rdkit_descriptors,1.2576667603968301,1,0.7175355632207691,0.08323310704146203,1,0.5247835719237259,0.04419151271348616,0.9663870415496908
Delaney,bayesian_logistic_laplace,source_holdout_delaney_r2_rdkit_descriptors_knn,source_holdout_delaney_r2,Delaney,knn,local_similarity,rdkit_descriptors,1.3945783024430725,0,0.9833906174125036,0.3490881612331965,0,0.0821198785704404,2.6810015599094572e-06,0.7441338616999074
Delaney,bayesian_logistic_laplace,source_holdout_delaney_r2_rdkit_descriptors_mlp,source_holdout_delaney_r2,Delaney,mlp,neural_network,rdkit_descriptors,1.3206931512759463,0,0.788055859375698,0.15375340319639097,0,0.057405073291567965,3.379561332238982e-05,0.4318221758282316
Delaney,bayesian_logistic_laplace,source_holdout_delaney_r2_rdkit_descriptors_ngboost,source_holdout_delaney_r2,Delaney,ngboost,probabilistic_boosting,rdkit_descriptors,1.2972560147135017,0,0.7602522389364944,0.12594978275718738,0,0.26854941740623706,0.010937406668957917,0.8436060186610178
Delaney,bayesian_logistic_laplace,source_holdout_delaney_r2_rdkit_descriptors_random_forest,source_holdout_delaney_r2,Delaney,random_forest,tree_ensemble,rdkit_descriptors,1.2764103177875092,0,0.7517128216598545,0.11741036548054751,0,0.3194822266318505,0.01652334938465892,0.8786515522699424
Delaney,bayesian_logistic_laplace,source_holdout_delaney_r2_rdkit_descriptors_ridge,source_holdout_delaney_r2,Delaney,ridge,linear,rdkit_descriptors,1.471310765789077,0,0.8758135058226365,0.24151104964332948,0,0.11080984555235533,1.412958731797274e-07,0.9401024990666514
Delaney,bayesian_logistic_laplace,source_holdout_delaney_r2_rdkit_descriptors_svr,source_holdout_delaney_r2,Delaney,svr,kernel,rdkit_descriptors,1.276482955918779,1,0.634302456179307,0.0,1,0.41080672541260427,0.023832825696582766,0.9359086075847795
Delaney,bayesian_logistic_laplace,source_holdout_delaney_r2_rdkit_descriptors_xgboost,source_holdout_delaney_r2,Delaney,xgboost,tree_ensemble,rdkit_descriptors,1.2112337470169834,1,0.7007940682198232,0.06649161204051612,1,0.7438466167412969,0.15984380369997747,0.9909846014808542
Delaney,bayesian_logistic_laplace,source_holdout_delaney_r3_maccs_fingerprints_elastic_net,source_holdout_delaney_r3,Delaney,elastic_net,linear,maccs_fingerprints,1.6572607481976922,0,1.2822971849367852,0.6434849057594196,0,0.010498624393511959,1.5539768201019054e-08,0.015975224690499862
Delaney,bayesian_logistic_laplace,source_holdout_delaney_r3_maccs_fingerprints_extra_trees,source_holdout_delaney_r3,Delaney,extra_trees,tree_ensemble,maccs_fingerprints,1.3661006325692382,0,1.132460167261358,0.4936478880839923,0,0.018465062242116564,7.646939622774647e-05,0.07853756225978598
Delaney,bayesian_logistic_laplace,source_holdout_delaney_r3_maccs_fingerprints_knn,source_holdout_delaney_r3,Delaney,knn,local_similarity,maccs_fingerprints,1.4691977793375095,0,1.4356910706520705,0.7968787914747049,0,0.01581202701717957,1.4727530778541104e-07,0.04734032242995616
Delaney,bayesian_logistic_laplace,source_holdout_delaney_r3_maccs_fingerprints_mlp,source_holdout_delaney_r3,Delaney,mlp,neural_network,maccs_fingerprints,1.424262649292625,0,1.1007334787654028,0.46192119958803723,0,0.00755795979453893,4.419061579367381e-07,0.013943992390196695
Delaney,bayesian_logistic_laplace,source_holdout_delaney_r3_maccs_fingerprints_random_forest,source_holdout_delaney_r3,Delaney,random_forest,tree_ensemble,maccs_fingerprints,1.3662254117436647,0,1.0995340689776323,0.4607217898002667,0,0.02899573091954681,0.00019358062987574463,0.14310691296472786
Delaney,bayesian_logistic_laplace,source_holdout_delaney_r3_maccs_fingerprints_ridge,source_holdout_delaney_r3,Delaney,ridge,linear,maccs_fingerprints,1.657236553509583,0,1.2841505834725788,0.6453383042952132,0,0.005271422024582634,1.0641974225282701e-07,0.00610691341869948
Delaney,bayesian_logistic_laplace,source_holdout_delaney_r3_maccs_fingerprints_svr,source_holdout_delaney_r3,Delaney,svr,kernel,maccs_fingerprints,1.3565606614209904,0,1.0085269222591748,0.36971464308180924,0,0.05055404169289269,0.0004283673513989766,0.2833851580789856
Delaney,bayesian_logistic_laplace,source_holdout_delaney_r3_maccs_fingerprints_xgboost,source_holdout_delaney_r3,Delaney,xgboost,tree_ensemble,maccs_fingerprints,1.3779863487942032,0,1.056210805965642,0.4173985267882765,0,0.11626143384646792,0.0017854710239074544,0.5937070595535756
Delaney,bayesian_logistic_laplace,source_holdout_delaney_r3_molecular_graph_chemprop,source_holdout_delaney_r3,Delaney,chemprop,graph_neural_network,molecular_graph,1.1388807412764,1,0.7051122268138826,0.06629994763651703,1,0.34326281466324216,0.01906149440601686,0.8940055709722398
Delaney,bayesian_logistic_laplace,source_holdout_delaney_r3_morgan_fingerprints_elastic_net,source_holdout_delaney_r3,Delaney,elastic_net,linear,morgan_fingerprints,1.7087582838676707,0,1.397157460271945,0.7583451810945794,0,0.00811988001885556,3.6437459587805585e-09,0.00811988001885556
Delaney,bayesian_logistic_laplace,source_holdout_delaney_r3_morgan_fingerprints_extra_trees,source_holdout_delaney_r3,Delaney,extra_trees,tree_ensemble,morgan_fingerprints,1.4425140714232143,0,1.29041006335401,0.6515977841766445,0,0.012506004412185289,1.0872959920210252e-05,0.042693620859893346
Delaney,bayesian_logistic_laplace,source_holdout_delaney_r3_morgan_fingerprints_knn,source_holdout_delaney_r3,Delaney,knn,local_similarity,morgan_fingerprints,1.5202164802258165,0,1.4371912336422925,0.7983789544649269,0,0.014112194003243,9.77715620827604e-09,0.028672550462903845
Delaney,bayesian_logistic_laplace,source_holdout_delaney_r3_morgan_fingerprints_mlp,source_holdout_delaney_r3,Delaney,mlp,neural_network,morgan_fingerprints,1.5480467612641053,0,1.2420167622391278,0.6032044830617622,0,0.005409283255000121,6.284281918970493e-08,0.005781781420430392
Delaney,bayesian_logistic_laplace,source_holdout_delaney_r3_morgan_fingerprints_random_forest,source_holdout_delaney_r3,Delaney,random_forest,tree_ensemble,morgan_fingerprints,1.4792311838917334,0,1.3061542687589722,0.6673419895816066,0,0.01740253221958896,2.2852318215728803e-05,0.07245315626619986
Delaney,bayesian_logistic_laplace,source_holdout_delaney_r3_morgan_fingerprints_ridge,source_holdout_delaney_r3,Delaney,ridge,linear,morgan_fingerprints,1.6227106022945705,0,1.3492362771906081,0.7104239980132425,0,0.026216123012015036,5.222700137326876e-10,0.11164886658919002
Delaney,bayesian_logistic_laplace,source_holdout_delaney_r3_morgan_fingerprints_svr,source_holdout_delaney_r3,Delaney,svr,kernel,morgan_fingerprints,1.3828516180791115,0,1.0856344066905028,0.4468221275131372,0,0.034241679493755645,6.321843894734214e-05,0.19768197604237356
Delaney,bayesian_logistic_laplace,source_holdout_delaney_r3_morgan_fingerprints_xgboost,source_holdout_delaney_r3,Delaney,xgboost,tree_ensemble,morgan_fingerprints,1.4976588530389132,0,1.229839114465887,0.5910268352885213,0,0.06872616439484018,0.00024737495206445865,0.4461311086862949
Delaney,bayesian_logistic_laplace,source_holdout_delaney_r3_rdkit_descriptors_elastic_net,source_holdout_delaney_r3,Delaney,elastic_net,linear,rdkit_descriptors,1.4422447084149825,0,0.8818467463662615,0.24303446718889588,0,0.0681009663250777,2.72044118494324e-06,0.6237229007182841
Delaney,bayesian_logistic_laplace,source_holdout_delaney_r3_rdkit_descriptors_esol,source_holdout_delaney_r3,Delaney,esol,chemistry_equation,rdkit_descriptors,3.647561304496159,0,2.9404947156590544,2.3016824364816886,0,0.06351699120115487,5.196076948821633e-12,0.8358043529601855
Delaney,bayesian_logistic_laplace,source_holdout_delaney_r3_rdkit_descriptors_extra_trees,source_holdout_delaney_r3,Delaney,extra_trees,tree_ensemble,rdkit_descriptors,1.2254338414586345,0,0.7635693302272086,0.12475705104984303,0,0.24870586630822647,0.008667961234358446,0.8310614622953492
Delaney,bayesian_logistic_laplace,source_holdout_delaney_r3_rdkit_descriptors_hist_gradient_boosting,source_holdout_delaney_r3,Delaney,hist_gradient_boosting,tree_ensemble,rdkit_descriptors,1.1920481320022145,0,0.708475312915754,0.06966303373838845,1,0.6991828027252355,0.11657258683606206,0.9885001234533067
Delaney,bayesian_logistic_laplace,source_holdout_delaney_r3_rdkit_descriptors_knn,source_holdout_delaney_r3,Delaney,knn,local_similarity,rdkit_descriptors,1.3059632803706864,0,0.9834331854672583,0.3446209062898927,0,0.09758144402215511,4.354828124614204e-06,0.8211605579240313
Delaney,bayesian_logistic_laplace,source_holdout_delaney_r3_rdkit_descriptors_mlp,source_holdout_delaney_r3,Delaney,mlp,neural_network,rdkit_descriptors,1.2717673482441814,0,0.7653795263912222,0.1265672472138566,0,0.0684557695334896,4.8491497978413565e-05,0.5197983440989623
Delaney,bayesian_logistic_laplace,source_holdout_delaney_r3_rdkit_descriptors_ngboost,source_holdout_delaney_r3,Delaney,ngboost,probabilistic_boosting,rdkit_descriptors,1.2489179401992068,0,0.7718484100632262,0.13303613088586064,0,0.261949042675544,0.006426448249121747,0.8740412347206319
Delaney,bayesian_logistic_laplace,source_holdout_delaney_r3_rdkit_descriptors_random_forest,source_holdout_delaney_r3,Delaney,random_forest,tree_ensemble,rdkit_descriptors,1.2065371900272763,0,0.7525989631724314,0.11378668399506575,0,0.37138867974565826,0.02281861384302249,0.9082822822952403
Delaney,bayesian_logistic_laplace,source_holdout_delaney_r3_rdkit_descriptors_ridge,source_holdout_delaney_r3,Delaney,ridge,linear,rdkit_descriptors,1.43911274804556,0,0.8758343804214628,0.23702210124409717,0,0.11981023163187185,1.913671794168959e-07,0.95357989890254
Delaney,bayesian_logistic_laplace,source_holdout_delaney_r3_rdkit_descriptors_svr,source_holdout_delaney_r3,Delaney,svr,kernel,rdkit_descriptors,1.2091610823548833,1,0.6388122791773656,0.0,1,0.5172641718960772,0.04935173440080835,0.9589601048140337
Delaney,bayesian_logistic_laplace,source_holdout_delaney_r3_rdkit_descriptors_xgboost,source_holdout_delaney_r3,Delaney,xgboost,tree_ensemble,rdkit_descriptors,1.1436313545654109,1,0.6974204936444413,0.05860821446707565,1,0.7833074453072387,0.20604810322181671,0.9934082469447157
Delaney,bayesian_logistic_laplace,source_holdout_delaney_r4_maccs_fingerprints_elastic_net,source_holdout_delaney_r4,Delaney,elastic_net,linear,maccs_fingerprints,1.7093397149760847,0,1.2822971849367855,0.6434674943869028,0,0.009171315255660718,9.028535766307918e-09,0.011150086152748819
Delaney,bayesian_logistic_laplace,source_holdout_delaney_r4_maccs_fingerprints_extra_trees,source_holdout_delaney_r4,Delaney,extra_trees,tree_ensemble,maccs_fingerprints,1.4974773842081641,0,1.0752710448315728,0.43644135428169006,0,0.008939490889088261,1.3996075246394749e-05,0.026431749851201957
Delaney,bayesian_logistic_laplace,source_holdout_delaney_r4_maccs_fingerprints_knn,source_holdout_delaney_r4,Delaney,knn,local_similarity,maccs_fingerprints,1.6042026949660435,0,1.4282588958228262,0.7894292052729435,0,0.011615135376582979,6.069773641021712e-08,0.02337403464134487
Delaney,bayesian_logistic_laplace,source_holdout_delaney_r4_maccs_fingerprints_mlp,source_holdout_delaney_r4,Delaney,mlp,neural_network,maccs_fingerprints,1.5274594293372534,0,1.1158850726472647,0.47705538209738196,0,0.005830518936029215,2.339019237665383e-07,0.008271230232575236
Delaney,bayesian_logistic_laplace,source_holdout_delaney_r4_maccs_fingerprints_random_forest,source_holdout_delaney_r4,Delaney,random_forest,tree_ensemble,maccs_fingerprints,1.4778163957997592,0,1.1020282526092204,0.46319856205933774,0,0.023256562640669214,3.295746492976991e-05,0.11294821114575457
Delaney,bayesian_logistic_laplace,source_holdout_delaney_r4_maccs_fingerprints_ridge,source_holdout_delaney_r4,Delaney,ridge,linear,maccs_fingerprints,1.7074752200329022,0,1.2851024076693454,0.6462727171194627,0,0.004317565782575469,5.993848439368642e-08,0.004317565782575469
Delaney,bayesian_logistic_laplace,source_holdout_delaney_r4_maccs_fingerprints_svr,source_holdout_delaney_r4,Delaney,svr,kernel,maccs_fingerprints,1.4560403997593592,0,1.0085391776761865,0.3697094871263038,0,0.03578464142634298,0.00022085606822519664,0.19058662405352303
Delaney,bayesian_logistic_laplace,source_holdout_delaney_r4_maccs_fingerprints_xgboost,source_holdout_delaney_r4,Delaney,xgboost,tree_ensemble,maccs_fingerprints,1.4399996768889005,0,1.0494830866064286,0.41065339605654594,0,0.11042383627436249,0.0014010621158502834,0.5861130231025562
Delaney,bayesian_logistic_laplace,source_holdout_delaney_r4_molecular_graph_chemprop,source_holdout_delaney_r4,Delaney,chemprop,graph_neural_network,molecular_graph,1.2449229975627878,0,0.7158433439527859,0.07701365340290323,1,0.26786792491097866,0.011669655031207796,0.8369721465727845
Delaney,bayesian_logistic_laplace,source_holdout_delaney_r4_morgan_fingerprints_elastic_net,source_holdout_delaney_r4,Delaney,elastic_net,linear,morgan_fingerprints,1.7765684268580513,0,1.3971574602719452,0.7583277697220625,0,0.007559759224140451,2.6526946731437555e-09,0.007559759224140451
Delaney,bayesian_logistic_laplace,source_holdout_delaney_r4_morgan_fingerprints_extra_trees,source_holdout_delaney_r4,Delaney,extra_trees,tree_ensemble,morgan_fingerprints,1.5298354871385715,0,1.2915833061404878,0.6527536155906051,0,0.009520169032022923,6.32956548302706e-06,0.02722290192032921
Delaney,bayesian_logistic_laplace,source_holdout_delaney_r4_morgan_fingerprints_knn,source_holdout_delaney_r4,Delaney,knn,local_similarity,morgan_fingerprints,1.6716067321495454,0,1.4061467904633909,0.7673170999135082,0,0.008259279122558682,9.428262303557988e-09,0.00906161176026245
Delaney,bayesian_logistic_laplace,source_holdout_delaney_r4_morgan_fingerprints_mlp,source_holdout_delaney_r4,Delaney,mlp,neural_network,morgan_fingerprints,1.5254599802692048,0,1.2731229629703706,0.6342932724204879,0,0.005319035668915607,6.193457435503395e-08,0.005604446693630804
Delaney,bayesian_logistic_laplace,source_holdout_delaney_r4_morgan_fingerprints_random_forest,source_holdout_delaney_r4,Delaney,random_forest,tree_ensemble,morgan_fingerprints,1.5630916794426843,0,1.3162563441543633,0.6774266536044806,0,0.01325593385453115,1.2836628297803445e-05,0.04703516115141443
Delaney,bayesian_logistic_laplace,source_holdout_delaney_r4_morgan_fingerprints_ridge,source_holdout_delaney_r4,Delaney,ridge,linear,morgan_fingerprints,1.701235462522042,0,1.347619883023302,0.7087901924734192,0,0.00406449414319305,2.4641020189720585e-08,0.00406449414319305
Delaney,bayesian_logistic_laplace,source_holdout_delaney_r4_morgan_fingerprints_svr,source_holdout_delaney_r4,Delaney,svr,kernel,morgan_fingerprints,1.4483147231681068,0,1.0856344066904955,0.4468047161406128,0,0.026311414559103116,4.144250121963564e-05,0.1356163900917538
Delaney,bayesian_logistic_laplace,source_holdout_delaney_r4_morgan_fingerprints_xgboost,source_holdout_delaney_r4,Delaney,xgboost,tree_ensemble,morgan_fingerprints,1.5947588536216921,0,1.228673821340327,0.5898441307904443,0,0.04964922442220454,0.00010882883840012619,0.322017336299722
Delaney,bayesian_logistic_laplace,source_holdout_delaney_r4_rdkit_descriptors_elastic_net,source_holdout_delaney_r4,Delaney,elastic_net,linear,rdkit_descriptors,1.5374427306009457,0,0.8818467463662621,0.24301705581637945,0,0.05630848313120261,1.5285079516754927e-06,0.5096358768112911
Delaney,bayesian_logistic_laplace,source_holdout_delaney_r4_rdkit_descriptors_esol,source_holdout_delaney_r4,Delaney,esol,chemistry_equation,rdkit_descriptors,3.619306560036946,0,2.9404947156590544,2.3016650251091715,0,0.0577502176506299,5.321968902155151e-12,0.7568192194030723
Delaney,bayesian_logistic_laplace,source_holdout_delaney_r4_rdkit_descriptors_extra_trees,source_holdout_delaney_r4,Delaney,extra_trees,tree_ensemble,rdkit_descriptors,1.3328136245932967,0,0.7586138615378747,0.11978417098799199,0,0.18408336044599766,0.004993890588500844,0.741221712709745
Delaney,bayesian_logistic_laplace,source_holdout_delaney_r4_rdkit_descriptors_hist_gradient_boosting,source_holdout_delaney_r4,Delaney,hist_gradient_boosting,tree_ensemble,rdkit_descriptors,1.255037398986886,1,0.7040974256383149,0.0652677350884322,1,0.5269142388527721,0.04533574170003339,0.9662901283444866
Delaney,bayesian_logistic_laplace,source_holdout_delaney_r4_rdkit_descriptors_knn,source_holdout_delaney_r4,Delaney,knn,local_similarity,rdkit_descriptors,1.4463765510967657,0,0.9830571693594412,0.3442274788095585,0,0.07386220030528294,1.939198200709249e-06,0.6887295790579027
Delaney,bayesian_logistic_laplace,source_holdout_delaney_r4_rdkit_descriptors_mlp,source_holdout_delaney_r4,Delaney,mlp,neural_network,rdkit_descriptors,1.3018649463409584,0,0.749010110521105,0.1101804199712223,0,0.05769469737972329,3.815151680407206e-05,0.43051077277559935
Delaney,bayesian_logistic_laplace,source_holdout_delaney_r4_rdkit_descriptors_ngboost,source_holdout_delaney_r4,Delaney,ngboost,probabilistic_boosting,rdkit_descriptors,1.3056612361470168,0,0.7612475433873963,0.12241785283751361,0,0.2655178397606117,0.010865128088791665,0.8394368795028633
Delaney,bayesian_logistic_laplace,source_holdout_delaney_r4_rdkit_descriptors_random_forest,source_holdout_delaney_r4,Delaney,random_forest,tree_ensemble,rdkit_descriptors,1.3195678035268759,0,0.7624842361392483,0.12365454558936562,0,0.2867122177811039,0.013246409122333077,0.8543123468075927
Delaney,bayesian_logistic_laplace,source_holdout_delaney_r4_rdkit_descriptors_ridge,source_holdout_delaney_r4,Delaney,ridge,linear,rdkit_descriptors,1.4965642788259668,0,0.8444788935960292,0.20564920304614653,0,0.04287656480039494,1.4197432977607392e-05,0.30356645610786254
Delaney,bayesian_logistic_laplace,source_holdout_delaney_r4_rdkit_descriptors_svr,source_holdout_delaney_r4,Delaney,svr,kernel,rdkit_descriptors,1.3001103657481863,1,0.6388296905498827,0.0,1,0.42591116908208126,0.02919620140281656,0.9349555087084307
Delaney,bayesian_logistic_laplace,source_holdout_delaney_r4_rdkit_descriptors_xgboost,source_holdout_delaney_r4,Delaney,xgboost,tree_ensemble,rdkit_descriptors,1.2103262463408646,1,0.6799748606660944,0.04114517011621166,1,0.7484833652433222,0.16650218513939358,0.9910903140469511
Delaney,bayesian_logistic_laplace,source_holdout_delaney_r5_maccs_fingerprints_elastic_net,source_holdout_delaney_r5,Delaney,elastic_net,linear,maccs_fingerprints,1.6897144836968763,0,1.2822971849367855,0.6434954079474586,0,0.009340121091128322,1.0232085409590884e-08,0.011801768794586177
Delaney,bayesian_logistic_laplace,source_holdout_delaney_r5_maccs_fingerprints_extra_trees,source_holdout_delaney_r5,Delaney,extra_trees,tree_ensemble,maccs_fingerprints,1.4678337898214338,0,1.0961155702013228,0.45731379321199594,0,0.009267282016267623,1.5657274768505423e-05,0.028044812806250284
Delaney,bayesian_logistic_laplace,source_holdout_delaney_r5_maccs_fingerprints_knn,source_holdout_delaney_r5,Delaney,knn,local_similarity,maccs_fingerprints,1.59905090620909,0,1.412962195440772,0.7741604184514452,0,0.011587631865915141,6.054682424264535e-08,0.023257336564756214
Delaney,bayesian_logistic_laplace,source_holdout_delaney_r5_maccs_fingerprints_mlp,source_holdout_delaney_r5,Delaney,mlp,neural_network,maccs_fingerprints,1.5173331947465998,0,1.1314817009045404,0.49267992391521354,0,0.0058293582930288605,2.071201819927944e-07,0.008099749731325039
Delaney,bayesian_logistic_laplace,source_holdout_delaney_r5_maccs_fingerprints_random_forest,source_holdout_delaney_r5,Delaney,random_forest,tree_ensemble,maccs_fingerprints,1.4562501303446014,0,1.086425101537308,0.44762332454798126,0,0.02051309162572777,0.00010446350323632484,0.09049212870952841
Delaney,bayesian_logistic_laplace,source_holdout_delaney_r5_maccs_fingerprints_ridge,source_holdout_delaney_r5,Delaney,ridge,linear,maccs_fingerprints,1.6911178019712576,0,1.2838541838221615,0.6450524068328347,0,0.004605846306961262,6.760151581240477e-08,0.004605846306961262
Delaney,bayesian_logistic_laplace,source_holdout_delaney_r5_maccs_fingerprints_svr,source_holdout_delaney_r5,Delaney,svr,kernel,maccs_fingerprints,1.43450036226834,0,1.0085314243050358,0.369729647315709,0,0.03788733417047101,0.00025231074423319135,0.20371216817800836
Delaney,bayesian_logistic_laplace,source_holdout_delaney_r5_maccs_fingerprints_xgboost,source_holdout_delaney_r5,Delaney,xgboost,tree_ensemble,maccs_fingerprints,1.4419065224908867,0,1.0541145534935328,0.41531277650420595,0,0.08919105697282637,0.0010699641242833812,0.4925117444627015
Delaney,bayesian_logistic_laplace,source_holdout_delaney_r5_molecular_graph_chemprop,source_holdout_delaney_r5,Delaney,chemprop,graph_neural_network,molecular_graph,1.2573244037178168,0,0.7409629850968276,0.10216120810750073,0,0.273242067016805,0.0121313811663442,0.8419736754458342
Delaney,bayesian_logistic_laplace,source_holdout_delaney_r5_morgan_fingerprints_elastic_net,source_holdout_delaney_r5,Delaney,elastic_net,linear,morgan_fingerprints,1.7316741752203184,0,1.3971574602719457,0.7583556832826188,0,0.0078074413894546136,3.119033999288382e-09,0.0078074413894546136
Delaney,bayesian_logistic_laplace,source_holdout_delaney_r5_morgan_fingerprints_extra_trees,source_holdout_delaney_r5,Delaney,extra_trees,tree_ensemble,morgan_fingerprints,1.4471713740394816,0,1.2912012028570747,0.6523994258677479,0,0.012073074764430342,1.0224635209616864e-05,0.04032778055226191
Delaney,bayesian_logistic_laplace,source_holdout_delaney_r5_morgan_fingerprints_knn,source_holdout_delaney_r5,Delaney,knn,local_similarity,morgan_fingerprints,1.5824053222326502,0,1.4049993763143471,0.7661975993250203,0,0.009683559508373553,1.7519829626648546e-08,0.013760883327169581
Delaney,bayesian_logistic_laplace,source_holdout_delaney_r5_morgan_fingerprints_mlp,source_holdout_delaney_r5,Delaney,mlp,neural_network,morgan_fingerprints,1.484463638033153,0,1.303599831126703,0.6647980541373761,0,0.006036486834173788,8.328493153636523e-08,0.007331874608846345
Delaney,bayesian_logistic_laplace,source_holdout_delaney_r5_morgan_fingerprints_random_forest,source_holdout_delaney_r5,Delaney,random_forest,tree_ensemble,morgan_fingerprints,1.4714753764038069,0,1.310321237868835,0.6715194608795081,0,0.01731270141111068,2.2675876921514152e-05,0.0718752684673097
Delaney,bayesian_logistic_laplace,source_holdout_delaney_r5_morgan_fingerprints_ridge,source_holdout_delaney_r5,Delaney,ridge,linear,morgan_fingerprints,1.6253832661314136,0,1.349234810458629,0.7104330334693021,0,0.02574444768115673,4.883822491338757e-10,0.10576096340961146
Delaney,bayesian_logistic_laplace,source_holdout_delaney_r5_morgan_fingerprints_svr,source_holdout_delaney_r5,Delaney,svr,kernel,morgan_fingerprints,1.3593537527732007,0,1.0856344066905024,0.44683262970117554,0,0.03370382246553163,6.195922789257053e-05,0.19332356849778717
Delaney,bayesian_logistic_laplace,source_holdout_delaney_r5_morgan_fingerprints_xgboost,source_holdout_delaney_r5,Delaney,xgboost,tree_ensemble,morgan_fingerprints,1.4952075179948658,0,1.2216971649124195,0.5828953879230927,0,0.06370624980975315,0.0002146658540861405,0.41402607704323274
Delaney,bayesian_logistic_laplace,source_holdout_delaney_r5_rdkit_descriptors_elastic_net,source_holdout_delaney_r5,Delaney,elastic_net,linear,rdkit_descriptors,1.4603997734360317,0,0.8818467463662614,0.24304496937693454,0,0.0664699282103392,2.55962176257825e-06,0.6092618063783477
Delaney,bayesian_logistic_laplace,source_holdout_delaney_r5_rdkit_descriptors_esol,source_holdout_delaney_r5,Delaney,esol,chemistry_equation,rdkit_descriptors,3.8430872995968244,0,2.9404947156590544,2.301692938669728,0,0.06957358832610004,1.1425913779639441e-12,0.9067135598305436
Delaney,bayesian_logistic_laplace,source_holdout_delaney_r5_rdkit_descriptors_extra_trees,source_holdout_delaney_r5,Delaney,extra_trees,tree_ensemble,rdkit_descriptors,1.262765378371332,0,0.7470858441154519,0.10828406712612504,0,0.150607223817085,0.0028713958006878863,0.6900706798696197
Delaney,bayesian_logistic_laplace,source_holdout_delaney_r5_rdkit_descriptors_hist_gradient_boosting,source_holdout_delaney_r5,Delaney,hist_gradient_boosting,tree_ensemble,rdkit_descriptors,1.2196343845373236,1,0.7351361244230752,0.09633434743374836,1,0.6771912575217595,0.10326156797141671,0.9864829363435133
Delaney,bayesian_logistic_laplace,source_holdout_delaney_r5_rdkit_descriptors_knn,source_holdout_delaney_r5,Delaney,knn,local_similarity,rdkit_descriptors,1.3471700665987325,0,0.9833489036351251,0.34454712664579823,0,0.09042751211954556,3.5645140525497757e-06,0.7890218607138071
Delaney,bayesian_logistic_laplace,source_holdout_delaney_r5_rdkit_descriptors_mlp,source_holdout_delaney_r5,Delaney,mlp,neural_network,rdkit_descriptors,1.2898203675377327,0,0.7487805845253164,0.10997880753598954,0,0.06249244685689456,4.1040542852812886e-05,0.47315708269598844
Delaney,bayesian_logistic_laplace,source_holdout_delaney_r5_rdkit_descriptors_ngboost,source_holdout_delaney_r5,Delaney,ngboost,probabilistic_boosting,rdkit_descriptors,1.2714533995882886,0,0.7719768939421917,0.13317511695286488,0,0.24511275532232804,0.0056553765165385525,0.8582864817244161
Delaney,bayesian_logistic_laplace,source_holdout_delaney_r5_rdkit_descriptors_random_forest,source_holdout_delaney_r5,Delaney,random_forest,tree_ensemble,rdkit_descriptors,1.2511202218433215,0,0.7444304283335971,0.10562865134427024,0,0.2531626762826389,0.007393453345388632,0.8511438818083467
Delaney,bayesian_logistic_laplace,source_holdout_delaney_r5_rdkit_descriptors_ridge,source_holdout_delaney_r5,Delaney,ridge,linear,rdkit_descriptors,1.460587726495157,0,0.8755765877751799,0.23677481078585305,0,0.11713330398941219,1.766514750591331e-07,0.9499080148957278
Delaney,bayesian_logistic_laplace,source_holdout_delaney_r5_rdkit_descriptors_svr,source_holdout_delaney_r5,Delaney,svr,kernel,rdkit_descriptors,1.2527894264438422,1,0.6388017769893268,0.0,1,0.4661894331531178,0.037610355203116536,0.9460168491291038
Delaney,bayesian_logistic_laplace,source_holdout_delaney_r5_rdkit_descriptors_xgboost,source_holdout_delaney_r5,Delaney,xgboost,tree_ensemble,rdkit_descriptors,1.21017495941906,1,0.6933673062148477,0.054565529225520826,1,0.7494256423828676,0.16744287777196734,0.9911582955506738
Delaney,random_forest,source_holdout_delaney_r1_maccs_fingerprints_elastic_net,source_holdout_delaney_r1,Delaney,elastic_net,linear,maccs_fingerprints,1.5335070212675366,0,1.2822971849367861,0.6434954101023146,0,0.00021052631578947367,,
Delaney,random_forest,source_holdout_delaney_r1_maccs_fingerprints_extra_trees,source_holdout_delaney_r1,Delaney,extra_trees,tree_ensemble,maccs_fingerprints,1.2819904393309811,0,1.1196471785657922,0.4808454037313207,0,0.07790020006269696,,
Delaney,random_forest,source_holdout_delaney_r1_maccs_fingerprints_knn,source_holdout_delaney_r1,Delaney,knn,local_similarity,maccs_fingerprints,1.3868252530056657,0,1.428785463983291,0.7899836891488196,0,0.0008533834586466164,,
Delaney,random_forest,source_holdout_delaney_r1_maccs_fingerprints_mlp,source_holdout_delaney_r1,Delaney,mlp,neural_network,maccs_fingerprints,1.2530401860200113,0,1.0774293650384388,0.43862759020396724,0,0.08658930170239565,,
Delaney,random_forest,source_holdout_delaney_r1_maccs_fingerprints_random_forest,source_holdout_delaney_r1,Delaney,random_forest,tree_ensemble,maccs_fingerprints,1.2794381421476717,0,1.08685849699765,0.4480567221631785,0,0.08494156182420616,,
Delaney,random_forest,source_holdout_delaney_r1_maccs_fingerprints_ridge,source_holdout_delaney_r1,Delaney,ridge,linear,maccs_fingerprints,1.5334129869525248,0,1.2836000282134297,0.6447982533789581,0,0.00035338345864661654,,
Delaney,random_forest,source_holdout_delaney_r1_maccs_fingerprints_svr,source_holdout_delaney_r1,Delaney,svr,kernel,maccs_fingerprints,1.1859736520361845,0,1.008537771224502,0.3697359963900305,0,0.45591404257486035,,
Delaney,random_forest,source_holdout_delaney_r1_maccs_fingerprints_xgboost,source_holdout_delaney_r1,Delaney,xgboost,tree_ensemble,maccs_fingerprints,1.216411863160645,0,1.0556848379691905,0.416883063134719,0,0.3996345894379975,,
Delaney,random_forest,source_holdout_delaney_r1_molecular_graph_chemprop,source_holdout_delaney_r1,Delaney,chemprop,graph_neural_network,molecular_graph,0.9911920356799201,1,0.6940982428531652,0.0552964680186937,1,0.38263005695951335,,
Delaney,random_forest,source_holdout_delaney_r1_morgan_fingerprints_elastic_net,source_holdout_delaney_r1,Delaney,elastic_net,linear,morgan_fingerprints,1.5776120931397644,0,1.3971574602719448,0.7583556854374732,0,0.00021052631578947367,,
Delaney,random_forest,source_holdout_delaney_r1_morgan_fingerprints_extra_trees,source_holdout_delaney_r1,Delaney,extra_trees,tree_ensemble,morgan_fingerprints,1.344866921496033,0,1.2870835340608522,0.6482817592263806,0,0.010882432761348423,,
Delaney,random_forest,source_holdout_delaney_r1_morgan_fingerprints_knn,source_holdout_delaney_r1,Delaney,knn,local_similarity,morgan_fingerprints,1.4771077385442875,0,1.4041454107365914,0.7653436359021198,0,0.001120050125313283,,
Delaney,random_forest,source_holdout_delaney_r1_morgan_fingerprints_mlp,source_holdout_delaney_r1,Delaney,mlp,neural_network,morgan_fingerprints,1.3843078123485304,0,1.288162389343543,0.6493606145090715,0,0.0008533834586466164,,
Delaney,random_forest,source_holdout_delaney_r1_morgan_fingerprints_random_forest,source_holdout_delaney_r1,Delaney,random_forest,tree_ensemble,morgan_fingerprints,1.3556078575154213,0,1.3089117496674865,0.6701099748330149,0,0.010260341694520518,,
Delaney,random_forest,source_holdout_delaney_r1_morgan_fingerprints_ridge,source_holdout_delaney_r1,Delaney,ridge,linear,morgan_fingerprints,1.4831805771007587,0,1.3492421180822847,0.7104403432478131,0,0.0006033834586466164,,
Delaney,random_forest,source_holdout_delaney_r1_morgan_fingerprints_svr,source_holdout_delaney_r1,Delaney,svr,kernel,morgan_fingerprints,1.2238351652646453,0,1.0856344066905246,0.44683263185605304,0,0.36725830628306433,,
Delaney,random_forest,source_holdout_delaney_r1_morgan_fingerprints_xgboost,source_holdout_delaney_r1,Delaney,xgboost,tree_ensemble,morgan_fingerprints,1.3781405613567368,0,1.2235126038621202,0.5847108290276487,0,0.04236522941429987,,
Delaney,random_forest,source_holdout_delaney_r1_rdkit_descriptors_elastic_net,source_holdout_delaney_r1,Delaney,elastic_net,linear,rdkit_descriptors,1.2816348331983913,0,0.881846746366261,0.2430449715317895,0,0.05816458613625797,,
Delaney,random_forest,source_holdout_delaney_r1_rdkit_descriptors_esol,source_holdout_delaney_r1,Delaney,esol,chemistry_equation,rdkit_descriptors,3.4485956470153885,0,2.9404947156590544,2.3016929408245828,0,0.0015495968837757042,,
Delaney,random_forest,source_holdout_delaney_r1_rdkit_descriptors_extra_trees,source_holdout_delaney_r1,Delaney,extra_trees,tree_ensemble,rdkit_descriptors,1.030521102001026,0,0.7721455380269723,0.13334376319250074,0,0.434915303067259,,
Delaney,random_forest,source_holdout_delaney_r1_rdkit_descriptors_hist_gradient_boosting,source_holdout_delaney_r1,Delaney,hist_gradient_boosting,tree_ensemble,rdkit_descriptors,0.9902758031836699,0,0.7061674466202986,0.06736567178582709,1,0.6582793887082129,,
Delaney,random_forest,source_holdout_delaney_r1_rdkit_descriptors_knn,source_holdout_delaney_r1,Delaney,knn,local_similarity,rdkit_descriptors,1.134289535628199,0,0.9340281384339038,0.2952263635994322,0,0.41671905550134297,,
Delaney,random_forest,source_holdout_delaney_r1_rdkit_descriptors_mlp,source_holdout_delaney_r1,Delaney,mlp,neural_network,rdkit_descriptors,1.0705396993626808,0,0.7740118781995954,0.13521010336512385,0,0.42161049023500086,,
Delaney,random_forest,source_holdout_delaney_r1_rdkit_descriptors_ngboost,source_holdout_delaney_r1,Delaney,ngboost,probabilistic_boosting,rdkit_descriptors,1.0549441481776238,0,0.7496227430325443,0.11082096819807274,0,0.5531574917919965,,
Delaney,random_forest,source_holdout_delaney_r1_rdkit_descriptors_random_forest,source_holdout_delaney_r1,Delaney,random_forest,tree_ensemble,rdkit_descriptors,1.0307033974620996,0,0.7658461537108552,0.12704437887638365,0,0.46252860167096,,
Delaney,random_forest,source_holdout_delaney_r1_rdkit_descriptors_ridge,source_holdout_delaney_r1,Delaney,ridge,linear,rdkit_descriptors,1.2602650134130309,0,0.8441825856578763,0.20538081082340476,0,0.12355153935302333,,
Delaney,random_forest,source_holdout_delaney_r1_rdkit_descriptors_svr,source_holdout_delaney_r1,Delaney,svr,kernel,rdkit_descriptors,0.9842404329904321,1,0.6388017748344715,0.0,1,0.8075737805133683,,
Delaney,random_forest,source_holdout_delaney_r1_rdkit_descriptors_xgboost,source_holdout_delaney_r1,Delaney,xgboost,tree_ensemble,rdkit_descriptors,0.9606212808399123,1,0.6879641274101344,0.049162352575662815,1,0.8683174430980724,,
Delaney,random_forest,source_holdout_delaney_r2_maccs_fingerprints_elastic_net,source_holdout_delaney_r2,Delaney,elastic_net,linear,maccs_fingerprints,1.715027854446355,0,1.2822971849367861,0.6479947287574791,0,0.00021052631578947367,,
Delaney,random_forest,source_holdout_delaney_r2_maccs_fingerprints_extra_trees,source_holdout_delaney_r2,Delaney,extra_trees,tree_ensemble,maccs_fingerprints,1.4975494783832568,0,1.1174158976046153,0.4831134414253083,0,0.0039251816790973415,,
Delaney,random_forest,source_holdout_delaney_r2_maccs_fingerprints_knn,source_holdout_delaney_r2,Delaney,knn,local_similarity,maccs_fingerprints,1.5894422066912661,0,1.4196554521690279,0.7853529959897209,0,0.00035338345864661654,,
Delaney,random_forest,source_holdout_delaney_r2_maccs_fingerprints_mlp,source_holdout_delaney_r2,Delaney,mlp,neural_network,maccs_fingerprints,1.5084515602209823,0,1.1025208347470528,0.46821837856774573,0,0.0006033834586466164,,
Delaney,random_forest,source_holdout_delaney_r2_maccs_fingerprints_random_forest,source_holdout_delaney_r2,Delaney,random_forest,tree_ensemble,maccs_fingerprints,1.4810045269154632,0,1.0811720851211293,0.44686962894182225,0,0.004416848345764009,,
Delaney,random_forest,source_holdout_delaney_r2_maccs_fingerprints_ridge,source_holdout_delaney_r2,Delaney,ridge,linear,maccs_fingerprints,1.716542556789321,0,1.2840455572655955,0.6497431010862885,0,0.00035338345864661654,,
Delaney,random_forest,source_holdout_delaney_r2_maccs_fingerprints_svr,source_holdout_delaney_r2,Delaney,svr,kernel,maccs_fingerprints,1.449806170844497,0,1.0053305837913444,0.3710281276120374,0,0.016432573306330134,,
Delaney,random_forest,source_holdout_delaney_r2_maccs_fingerprints_xgboost,source_holdout_delaney_r2,Delaney,xgboost,tree_ensemble,maccs_fingerprints,1.4326722714870699,0,1.060081127322346,0.425778671143039,0,0.03854519725175998,,
Delaney,random_forest,source_holdout_delaney_r2_molecular_graph_chemprop,source_holdout_delaney_r2,Delaney,chemprop,graph_neural_network,molecular_graph,1.2261996646186375,0,0.7248882122285923,0.09058575604928532,1,0.22359711408509764,,
Delaney,random_forest,source_holdout_delaney_r2_morgan_fingerprints_elastic_net,source_holdout_delaney_r2,Delaney,elastic_net,linear,morgan_fingerprints,1.7267200100458935,0,1.397157460271945,0.762855004092638,0,0.00021052631578947367,,
Delaney,random_forest,source_holdout_delaney_r2_morgan_fingerprints_extra_trees,source_holdout_delaney_r2,Delaney,extra_trees,tree_ensemble,morgan_fingerprints,1.5137658979808162,0,1.2987786465636402,0.6644761903843331,0,0.0005136737425894052,,
Delaney,random_forest,source_holdout_delaney_r2_morgan_fingerprints_knn,source_holdout_delaney_r2,Delaney,knn,local_similarity,morgan_fingerprints,1.5482921417930573,0,1.4395904913294433,0.8052880351501362,0,0.0006200501253132832,,
Delaney,random_forest,source_holdout_delaney_r2_morgan_fingerprints_mlp,source_holdout_delaney_r2,Delaney,mlp,neural_network,morgan_fingerprints,1.5376667908835617,0,1.295777251978177,0.6614747957988699,0,0.00035338345864661654,,
Delaney,random_forest,source_holdout_delaney_r2_morgan_fingerprints_random_forest,source_holdout_delaney_r2,Delaney,random_forest,tree_ensemble,morgan_fingerprints,1.5293925467897709,0,1.2943691463400517,0.6600666901607447,0,0.0023797556139344344,,
Delaney,random_forest,source_holdout_delaney_r2_morgan_fingerprints_ridge,source_holdout_delaney_r2,Delaney,ridge,linear,morgan_fingerprints,1.648727977245377,0,1.3492389294920943,0.7149364733127873,0,0.00035338345864661654,,
Delaney,random_forest,source_holdout_delaney_r2_morgan_fingerprints_svr,source_holdout_delaney_r2,Delaney,svr,kernel,morgan_fingerprints,1.412756996955609,0,1.0856344066905017,0.4513319505111947,0,0.014256815730572556,,
Delaney,random_forest,source_holdout_delaney_r2_morgan_fingerprints_xgboost,source_holdout_delaney_r2,Delaney,xgboost,tree_ensemble,morgan_fingerprints,1.5344232926160755,0,1.2344452070503238,0.6001427508710168,0,0.018164219313289775,,
Delaney,random_forest,source_holdout_delaney_r2_rdkit_descriptors_elastic_net,source_holdout_delaney_r2,Delaney,elastic_net,linear,rdkit_descriptors,1.468225832720357,0,0.8818467463662617,0.24754429018695467,0,0.0005994152046783625,,
Delaney,random_forest,source_holdout_delaney_r2_rdkit_descriptors_esol,source_holdout_delaney_r2,Delaney,esol,chemistry_equation,rdkit_descriptors,3.727885198837979,0,2.9404947156590544,2.3061922594797473,0,0.0009781683123471327,,
Delaney,random_forest,source_holdout_delaney_r2_rdkit_descriptors_extra_trees,source_holdout_delaney_r2,Delaney,extra_trees,tree_ensemble,rdkit_descriptors,1.2895635732121284,0,0.7440834224942275,0.10978096631492051,0,0.06921000518675692,,
Delaney,random_forest,source_holdout_delaney_r2_rdkit_descriptors_hist_gradient_boosting,source_holdout_delaney_r2,Delaney,hist_gradient_boosting,tree_ensemble,rdkit_descriptors,1.2576667603968301,1,0.7175355632207691,0.08323310704146203,1,0.5196255137558983,,
Delaney,random_forest,source_holdout_delaney_r2_rdkit_descriptors_knn,source_holdout_delaney_r2,Delaney,knn,local_similarity,rdkit_descriptors,1.3945783024430725,0,0.9833906174125036,0.3490881612331965,0,0.005826458276549019,,
Delaney,random_forest,source_holdout_delaney_r2_rdkit_descriptors_mlp,source_holdout_delaney_r2,Delaney,mlp,neural_network,rdkit_descriptors,1.3206931512759463,0,0.788055859375698,0.15375340319639097,0,0.0037856768357675797,,
Delaney,random_forest,source_holdout_delaney_r2_rdkit_descriptors_ngboost,source_holdout_delaney_r2,Delaney,ngboost,probabilistic_boosting,rdkit_descriptors,1.2972560147135017,0,0.7602522389364944,0.12594978275718738,0,0.10221228256052513,,
Delaney,random_forest,source_holdout_delaney_r2_rdkit_descriptors_random_forest,source_holdout_delaney_r2,Delaney,random_forest,tree_ensemble,rdkit_descriptors,1.2764103177875092,0,0.7517128216598545,0.11741036548054751,0,0.1633154611910958,,
Delaney,random_forest,source_holdout_delaney_r2_rdkit_descriptors_ridge,source_holdout_delaney_r2,Delaney,ridge,linear,rdkit_descriptors,1.471310765789077,0,0.8758135058226365,0.24151104964332948,0,0.0011991688992596433,,
Delaney,random_forest,source_holdout_delaney_r2_rdkit_descriptors_svr,source_holdout_delaney_r2,Delaney,svr,kernel,rdkit_descriptors,1.276482955918779,1,0.634302456179307,0.0,1,0.4509634330798104,,
Delaney,random_forest,source_holdout_delaney_r2_rdkit_descriptors_xgboost,source_holdout_delaney_r2,Delaney,xgboost,tree_ensemble,rdkit_descriptors,1.2112337470169834,1,0.7007940682198232,0.06649161204051612,1,0.7567798953685874,,
Delaney,random_forest,source_holdout_delaney_r3_maccs_fingerprints_elastic_net,source_holdout_delaney_r3,Delaney,elastic_net,linear,maccs_fingerprints,1.6572607481976922,0,1.2822971849367852,0.6434849057594196,0,0.0003771929824561403,,
Delaney,random_forest,source_holdout_delaney_r3_maccs_fingerprints_extra_trees,source_holdout_delaney_r3,Delaney,extra_trees,tree_ensemble,maccs_fingerprints,1.3661006325692382,0,1.132460167261358,0.4936478880839923,0,0.01089660408194389,,
Delaney,random_forest,source_holdout_delaney_r3_maccs_fingerprints_knn,source_holdout_delaney_r3,Delaney,knn,local_similarity,maccs_fingerprints,1.4691977793375095,0,1.4356910706520705,0.7968787914747049,0,0.002469172932330827,,
Delaney,random_forest,source_holdout_delaney_r3_maccs_fingerprints_mlp,source_holdout_delaney_r3,Delaney,mlp,neural_network,maccs_fingerprints,1.424262649292625,0,1.1007334787654028,0.46192119958803723,0,0.002341395154553049,,
Delaney,random_forest,source_holdout_delaney_r3_maccs_fingerprints_random_forest,source_holdout_delaney_r3,Delaney,random_forest,tree_ensemble,maccs_fingerprints,1.3662254117436647,0,1.0995340689776323,0.4607217898002667,0,0.011491076920766575,,
Delaney,random_forest,source_holdout_delaney_r3_maccs_fingerprints_ridge,source_holdout_delaney_r3,Delaney,ridge,linear,maccs_fingerprints,1.657236553509583,0,1.2841505834725788,0.6453383042952132,0,0.0005200501253132832,,
Delaney,random_forest,source_holdout_delaney_r3_maccs_fingerprints_svr,source_holdout_delaney_r3,Delaney,svr,kernel,maccs_fingerprints,1.3565606614209904,0,1.0085269222591748,0.36971464308180924,0,0.03570058882194625,,
Delaney,random_forest,source_holdout_delaney_r3_maccs_fingerprints_xgboost,source_holdout_delaney_r3,Delaney,xgboost,tree_ensemble,maccs_fingerprints,1.3779863487942032,0,1.056210805965642,0.4173985267882765,0,0.06705902202347948,,
Delaney,random_forest,source_holdout_delaney_r3_molecular_graph_chemprop,source_holdout_delaney_r3,Delaney,chemprop,graph_neural_network,molecular_graph,1.1388807412764,1,0.7051122268138826,0.06629994763651703,1,0.39044073365848925,,
Delaney,random_forest,source_holdout_delaney_r3_morgan_fingerprints_elastic_net,source_holdout_delaney_r3,Delaney,elastic_net,linear,morgan_fingerprints,1.7087582838676707,0,1.397157460271945,0.7583451810945794,0,0.0003771929824561403,,
Delaney,random_forest,source_holdout_delaney_r3_morgan_fingerprints_extra_trees,source_holdout_delaney_r3,Delaney,extra_trees,tree_ensemble,morgan_fingerprints,1.4425140714232143,0,1.29041006335401,0.6515977841766445,0,0.0012612813980917975,,
Delaney,random_forest,source_holdout_delaney_r3_morgan_fingerprints_knn,source_holdout_delaney_r3,Delaney,knn,local_similarity,morgan_fingerprints,1.5202164802258165,0,1.4371912336422925,0.7983789544649269,0,0.0007867167919799498,,
Delaney,random_forest,source_holdout_delaney_r3_morgan_fingerprints_mlp,source_holdout_delaney_r3,Delaney,mlp,neural_network,morgan_fingerprints,1.5480467612641053,0,1.2420167622391278,0.6032044830617622,0,0.0005200501253132832,,
Delaney,random_forest,source_holdout_delaney_r3_morgan_fingerprints_random_forest,source_holdout_delaney_r3,Delaney,random_forest,tree_ensemble,morgan_fingerprints,1.4792311838917334,0,1.3061542687589722,0.6673419895816066,0,0.0035889017309752884,,
Delaney,random_forest,source_holdout_delaney_r3_morgan_fingerprints_ridge,source_holdout_delaney_r3,Delaney,ridge,linear,morgan_fingerprints,1.6227106022945705,0,1.3492362771906081,0.7104239980132425,0,0.0005200501253132832,,
Delaney,random_forest,source_holdout_delaney_r3_morgan_fingerprints_svr,source_holdout_delaney_r3,Delaney,svr,kernel,morgan_fingerprints,1.3828516180791115,0,1.0856344066905028,0.4468221275131372,0,0.02062426792062536,,
Delaney,random_forest,source_holdout_delaney_r3_morgan_fingerprints_xgboost,source_holdout_delaney_r3,Delaney,xgboost,tree_ensemble,morgan_fingerprints,1.4976588530389132,0,1.229839114465887,0.5910268352885213,0,0.024799200706165897,,
Delaney,random_forest,source_holdout_delaney_r3_rdkit_descriptors_elastic_net,source_holdout_delaney_r3,Delaney,elastic_net,linear,rdkit_descriptors,1.4422447084149825,0,0.8818467463662615,0.24303446718889588,0,0.0012660818713450292,,
Delaney,random_forest,source_holdout_delaney_r3_rdkit_descriptors_esol,source_holdout_delaney_r3,Delaney,esol,chemistry_equation,rdkit_descriptors,3.647561304496159,0,2.9404947156590544,2.3016824364816886,0,0.0013948349790137995,,
Delaney,random_forest,source_holdout_delaney_r3_rdkit_descriptors_extra_trees,source_holdout_delaney_r3,Delaney,extra_trees,tree_ensemble,rdkit_descriptors,1.2254338414586345,0,0.7635693302272086,0.12475705104984303,0,0.3891308812287214,,
Delaney,random_forest,source_holdout_delaney_r3_rdkit_descriptors_hist_gradient_boosting,source_holdout_delaney_r3,Delaney,hist_gradient_boosting,tree_ensemble,rdkit_descriptors,1.1920481320022145,0,0.708475312915754,0.06966303373838845,1,0.6429356176877253,,
Delaney,random_forest,source_holdout_delaney_r3_rdkit_descriptors_knn,source_holdout_delaney_r3,Delaney,knn,local_similarity,rdkit_descriptors,1.3059632803706864,0,0.9834331854672583,0.3446209062898927,0,0.0114519405084554,,
Delaney,random_forest,source_holdout_delaney_r3_rdkit_descriptors_mlp,source_holdout_delaney_r3,Delaney,mlp,neural_network,rdkit_descriptors,1.2717673482441814,0,0.7653795263912222,0.1265672472138566,0,0.09187353522093247,,
Delaney,random_forest,source_holdout_delaney_r3_rdkit_descriptors_ngboost,source_holdout_delaney_r3,Delaney,ngboost,probabilistic_boosting,rdkit_descriptors,1.2489179401992068,0,0.7718484100632262,0.13303613088586064,0,0.1934027717422279,,
Delaney,random_forest,source_holdout_delaney_r3_rdkit_descriptors_random_forest,source_holdout_delaney_r3,Delaney,random_forest,tree_ensemble,rdkit_descriptors,1.2065371900272763,0,0.7525989631724314,0.11378668399506575,0,0.4164869929360715,,
Delaney,random_forest,source_holdout_delaney_r3_rdkit_descriptors_ridge,source_holdout_delaney_r3,Delaney,ridge,linear,rdkit_descriptors,1.43911274804556,0,0.8758343804214628,0.23702210124409717,0,0.0023431082931990375,,
Delaney,random_forest,source_holdout_delaney_r3_rdkit_descriptors_svr,source_holdout_delaney_r3,Delaney,svr,kernel,rdkit_descriptors,1.2091610823548833,1,0.6388122791773656,0.0,1,0.776354265551206,,
Delaney,random_forest,source_holdout_delaney_r3_rdkit_descriptors_xgboost,source_holdout_delaney_r3,Delaney,xgboost,tree_ensemble,rdkit_descriptors,1.1436313545654109,1,0.6974204936444413,0.05860821446707565,1,0.869625673756303,,
Delaney,random_forest,source_holdout_delaney_r4_maccs_fingerprints_elastic_net,source_holdout_delaney_r4,Delaney,elastic_net,linear,maccs_fingerprints,1.7093397149760847,0,1.2822971849367855,0.6434674943869028,0,0.00021052631578947367,,
Delaney,random_forest,source_holdout_delaney_r4_maccs_fingerprints_extra_trees,source_holdout_delaney_r4,Delaney,extra_trees,tree_ensemble,maccs_fingerprints,1.4974773842081641,0,1.0752710448315728,0.43644135428169006,0,0.0033121585910742537,,
Delaney,random_forest,source_holdout_delaney_r4_maccs_fingerprints_knn,source_holdout_delaney_r4,Delaney,knn,local_similarity,maccs_fingerprints,1.6042026949660435,0,1.4282588958228262,0.7894292052729435,0,0.00035338345864661654,,
Delaney,random_forest,source_holdout_delaney_r4_maccs_fingerprints_mlp,source_holdout_delaney_r4,Delaney,mlp,neural_network,maccs_fingerprints,1.5274594293372534,0,1.1158850726472647,0.47705538209738196,0,0.00035338345864661654,,
Delaney,random_forest,source_holdout_delaney_r4_maccs_fingerprints_random_forest,source_holdout_delaney_r4,Delaney,random_forest,tree_ensemble,maccs_fingerprints,1.4778163957997592,0,1.1020282526092204,0.46319856205933774,0,0.004800686729602393,,
Delaney,random_forest,source_holdout_delaney_r4_maccs_fingerprints_ridge,source_holdout_delaney_r4,Delaney,ridge,linear,maccs_fingerprints,1.7074752200329022,0,1.2851024076693454,0.6462727171194627,0,0.00035338345864661654,,
Delaney,random_forest,source_holdout_delaney_r4_maccs_fingerprints_svr,source_holdout_delaney_r4,Delaney,svr,kernel,maccs_fingerprints,1.4560403997593592,0,1.0085391776761865,0.3697094871263038,0,0.0301618606856175,,
Delaney,random_forest,source_holdout_delaney_r4_maccs_fingerprints_xgboost,source_holdout_delaney_r4,Delaney,xgboost,tree_ensemble,maccs_fingerprints,1.4399996768889005,0,1.0494830866064286,0.41065339605654594,0,0.030594167562494983,,
Delaney,random_forest,source_holdout_delaney_r4_molecular_graph_chemprop,source_holdout_delaney_r4,Delaney,chemprop,graph_neural_network,molecular_graph,1.2449229975627878,0,0.7158433439527859,0.07701365340290323,1,0.16932088607521095,,
Delaney,random_forest,source_holdout_delaney_r4_morgan_fingerprints_elastic_net,source_holdout_delaney_r4,Delaney,elastic_net,linear,morgan_fingerprints,1.7765684268580513,0,1.3971574602719452,0.7583277697220625,0,0.00021052631578947367,,
Delaney,random_forest,source_holdout_delaney_r4_morgan_fingerprints_extra_trees,source_holdout_delaney_r4,Delaney,extra_trees,tree_ensemble,morgan_fingerprints,1.5298354871385715,0,1.2915833061404878,0.6527536155906051,0,0.0007993880283036909,,
Delaney,random_forest,source_holdout_delaney_r4_morgan_fingerprints_knn,source_holdout_delaney_r4,Delaney,knn,local_similarity,morgan_fingerprints,1.6716067321495454,0,1.4061467904633909,0.7673170999135082,0,0.0006200501253132832,,
Delaney,random_forest,source_holdout_delaney_r4_morgan_fingerprints_mlp,source_holdout_delaney_r4,Delaney,mlp,neural_network,morgan_fingerprints,1.5254599802692048,0,1.2731229629703706,0.6342932724204879,0,0.00035338345864661654,,
Delaney,random_forest,source_holdout_delaney_r4_morgan_fingerprints_random_forest,source_holdout_delaney_r4,Delaney,random_forest,tree_ensemble,morgan_fingerprints,1.5630916794426843,0,1.3162563441543633,0.6774266536044806,0,0.00266546989964872,,
Delaney,random_forest,source_holdout_delaney_r4_morgan_fingerprints_ridge,source_holdout_delaney_r4,Delaney,ridge,linear,morgan_fingerprints,1.701235462522042,0,1.347619883023302,0.7087901924734192,0,0.00035338345864661654,,
Delaney,random_forest,source_holdout_delaney_r4_morgan_fingerprints_svr,source_holdout_delaney_r4,Delaney,svr,kernel,morgan_fingerprints,1.4483147231681068,0,1.0856344066904955,0.4468047161406128,0,0.012412371286128113,,
Delaney,random_forest,source_holdout_delaney_r4_morgan_fingerprints_xgboost,source_holdout_delaney_r4,Delaney,xgboost,tree_ensemble,morgan_fingerprints,1.5947588536216921,0,1.228673821340327,0.5898441307904443,0,0.018914219313289772,,
Delaney,random_forest,source_holdout_delaney_r4_rdkit_descriptors_elastic_net,source_holdout_delaney_r4,Delaney,elastic_net,linear,rdkit_descriptors,1.5374427306009457,0,0.8818467463662621,0.24301705581637945,0,0.0006680426556587546,,
Delaney,random_forest,source_holdout_delaney_r4_rdkit_descriptors_esol,source_holdout_delaney_r4,Delaney,esol,chemistry_equation,rdkit_descriptors,3.619306560036946,0,2.9404947156590544,2.3016650251091715,0,0.0012638825980614183,,
Delaney,random_forest,source_holdout_delaney_r4_rdkit_descriptors_extra_trees,source_holdout_delaney_r4,Delaney,extra_trees,tree_ensemble,rdkit_descriptors,1.3328136245932967,0,0.7586138615378747,0.11978417098799199,0,0.04322865131717782,,
Delaney,random_forest,source_holdout_delaney_r4_rdkit_descriptors_hist_gradient_boosting,source_holdout_delaney_r4,Delaney,hist_gradient_boosting,tree_ensemble,rdkit_descriptors,1.255037398986886,1,0.7040974256383149,0.0652677350884322,1,0.42346832628280706,,
Delaney,random_forest,source_holdout_delaney_r4_rdkit_descriptors_knn,source_holdout_delaney_r4,Delaney,knn,local_similarity,rdkit_descriptors,1.4463765510967657,0,0.9830571693594412,0.3442274788095585,0,0.005011073661164405,,
Delaney,random_forest,source_holdout_delaney_r4_rdkit_descriptors_mlp,source_holdout_delaney_r4,Delaney,mlp,neural_network,rdkit_descriptors,1.3018649463409584,0,0.749010110521105,0.1101804199712223,0,0.0038783238945911086,,
Delaney,random_forest,source_holdout_delaney_r4_rdkit_descriptors_ngboost,source_holdout_delaney_r4,Delaney,ngboost,probabilistic_boosting,rdkit_descriptors,1.3056612361470168,0,0.7612475433873963,0.12241785283751361,0,0.09829270658094913,,
Delaney,random_forest,source_holdout_delaney_r4_rdkit_descriptors_random_forest,source_holdout_delaney_r4,Delaney,random_forest,tree_ensemble,rdkit_descriptors,1.3195678035268759,0,0.7624842361392483,0.12365454558936562,0,0.04803936697750648,,
Delaney,random_forest,source_holdout_delaney_r4_rdkit_descriptors_ridge,source_holdout_delaney_r4,Delaney,ridge,linear,rdkit_descriptors,1.4965642788259668,0,0.8444788935960292,0.20564920304614653,0,0.0013491688992596435,,
Delaney,random_forest,source_holdout_delaney_r4_rdkit_descriptors_svr,source_holdout_delaney_r4,Delaney,svr,kernel,rdkit_descriptors,1.3001103657481863,1,0.6388296905498827,0.0,1,0.20675137571307384,,
Delaney,random_forest,source_holdout_delaney_r4_rdkit_descriptors_xgboost,source_holdout_delaney_r4,Delaney,xgboost,tree_ensemble,rdkit_descriptors,1.2103262463408646,1,0.6799748606660944,0.04114517011621166,1,0.8009437268074834,,
Delaney,random_forest,source_holdout_delaney_r5_maccs_fingerprints_elastic_net,source_holdout_delaney_r5,Delaney,elastic_net,linear,maccs_fingerprints,1.6897144836968763,0,1.2822971849367855,0.6434954079474586,0,0.00021052631578947367,,
Delaney,random_forest,source_holdout_delaney_r5_maccs_fingerprints_extra_trees,source_holdout_delaney_r5,Delaney,extra_trees,tree_ensemble,maccs_fingerprints,1.4678337898214338,0,1.0961155702013228,0.45731379321199594,0,0.0035621585910742535,,
Delaney,random_forest,source_holdout_delaney_r5_maccs_fingerprints_knn,source_holdout_delaney_r5,Delaney,knn,local_similarity,maccs_fingerprints,1.59905090620909,0,1.412962195440772,0.7741604184514452,0,0.00035338345864661654,,
Delaney,random_forest,source_holdout_delaney_r5_maccs_fingerprints_mlp,source_holdout_delaney_r5,Delaney,mlp,neural_network,maccs_fingerprints,1.5173331947465998,0,1.1314817009045404,0.49267992391521354,0,0.00035338345864661654,,
Delaney,random_forest,source_holdout_delaney_r5_maccs_fingerprints_random_forest,source_holdout_delaney_r5,Delaney,random_forest,tree_ensemble,maccs_fingerprints,1.4562501303446014,0,1.086425101537308,0.44762332454798126,0,0.0022192292981449606,,
Delaney,random_forest,source_holdout_delaney_r5_maccs_fingerprints_ridge,source_holdout_delaney_r5,Delaney,ridge,linear,maccs_fingerprints,1.6911178019712576,0,1.2838541838221615,0.6450524068328347,0,0.00035338345864661654,,
Delaney,random_forest,source_holdout_delaney_r5_maccs_fingerprints_svr,source_holdout_delaney_r5,Delaney,svr,kernel,maccs_fingerprints,1.43450036226834,0,1.0085314243050358,0.369729647315709,0,0.02907425384801066,,
Delaney,random_forest,source_holdout_delaney_r5_maccs_fingerprints_xgboost,source_holdout_delaney_r5,Delaney,xgboost,tree_ensemble,maccs_fingerprints,1.4419065224908867,0,1.0541145534935328,0.41531277650420595,0,0.033244069098867124,,
Delaney,random_forest,source_holdout_delaney_r5_molecular_graph_chemprop,source_holdout_delaney_r5,Delaney,chemprop,graph_neural_network,molecular_graph,1.2573244037178168,0,0.7409629850968276,0.10216120810750073,0,0.22001092709564646,,
Delaney,random_forest,source_holdout_delaney_r5_morgan_fingerprints_elastic_net,source_holdout_delaney_r5,Delaney,elastic_net,linear,morgan_fingerprints,1.7316741752203184,0,1.3971574602719457,0.7583556832826188,0,0.00021052631578947367,,
Delaney,random_forest,source_holdout_delaney_r5_morgan_fingerprints_extra_trees,source_holdout_delaney_r5,Delaney,extra_trees,tree_ensemble,morgan_fingerprints,1.4471713740394816,0,1.2912012028570747,0.6523994258677479,0,0.000945491924407587,,
Delaney,random_forest,source_holdout_delaney_r5_morgan_fingerprints_knn,source_holdout_delaney_r5,Delaney,knn,local_similarity,morgan_fingerprints,1.5824053222326502,0,1.4049993763143471,0.7661975993250203,0,0.0006200501253132832,,
Delaney,random_forest,source_holdout_delaney_r5_morgan_fingerprints_mlp,source_holdout_delaney_r5,Delaney,mlp,neural_network,morgan_fingerprints,1.484463638033153,0,1.303599831126703,0.6647980541373761,0,0.0006033834586466164,,
Delaney,random_forest,source_holdout_delaney_r5_morgan_fingerprints_random_forest,source_holdout_delaney_r5,Delaney,random_forest,tree_ensemble,morgan_fingerprints,1.4714753764038069,0,1.310321237868835,0.6715194608795081,0,0.003091294075472896,,
Delaney,random_forest,source_holdout_delaney_r5_morgan_fingerprints_ridge,source_holdout_delaney_r5,Delaney,ridge,linear,morgan_fingerprints,1.6253832661314136,0,1.349234810458629,0.7104330334693021,0,0.00035338345864661654,,
Delaney,random_forest,source_holdout_delaney_r5_morgan_fingerprints_svr,source_holdout_delaney_r5,Delaney,svr,kernel,morgan_fingerprints,1.3593537527732007,0,1.0856344066905024,0.44683262970117554,0,0.020636735810492638,,
Delaney,random_forest,source_holdout_delaney_r5_morgan_fingerprints_xgboost,source_holdout_delaney_r5,Delaney,xgboost,tree_ensemble,morgan_fingerprints,1.4952075179948658,0,1.2216971649124195,0.5828953879230927,0,0.02181068395975442,,
Delaney,random_forest,source_holdout_delaney_r5_rdkit_descriptors_elastic_net,source_holdout_delaney_r5,Delaney,elastic_net,linear,rdkit_descriptors,1.4603997734360317,0,0.8818467463662614,0.24304496937693454,0,0.0005994152046783625,,
Delaney,random_forest,source_holdout_delaney_r5_rdkit_descriptors_esol,source_holdout_delaney_r5,Delaney,esol,chemistry_equation,rdkit_descriptors,3.8430872995968244,0,2.9404947156590544,2.301692938669728,0,0.0009781683123471327,,
Delaney,random_forest,source_holdout_delaney_r5_rdkit_descriptors_extra_trees,source_holdout_delaney_r5,Delaney,extra_trees,tree_ensemble,rdkit_descriptors,1.262765378371332,0,0.7470858441154519,0.10828406712612504,0,0.08524440974175979,,
Delaney,random_forest,source_holdout_delaney_r5_rdkit_descriptors_hist_gradient_boosting,source_holdout_delaney_r5,Delaney,hist_gradient_boosting,tree_ensemble,rdkit_descriptors,1.2196343845373236,1,0.7351361244230752,0.09633434743374836,1,0.5195988504299183,,
Delaney,random_forest,source_holdout_delaney_r5_rdkit_descriptors_knn,source_holdout_delaney_r5,Delaney,knn,local_similarity,rdkit_descriptors,1.3471700665987325,0,0.9833489036351251,0.34454712664579823,0,0.005963454613545357,,
Delaney,random_forest,source_holdout_delaney_r5_rdkit_descriptors_mlp,source_holdout_delaney_r5,Delaney,mlp,neural_network,rdkit_descriptors,1.2898203675377327,0,0.7487805845253164,0.10997880753598954,0,0.006994990561257776,,
Delaney,random_forest,source_holdout_delaney_r5_rdkit_descriptors_ngboost,source_holdout_delaney_r5,Delaney,ngboost,probabilistic_boosting,rdkit_descriptors,1.2714533995882886,0,0.7719768939421917,0.13317511695286488,0,0.09590259270430809,,
Delaney,random_forest,source_holdout_delaney_r5_rdkit_descriptors_random_forest,source_holdout_delaney_r5,Delaney,random_forest,tree_ensemble,rdkit_descriptors,1.2511202218433215,0,0.7444304283335971,0.10562865134427024,0,0.14897756761079747,,
Delaney,random_forest,source_holdout_delaney_r5_rdkit_descriptors_ridge,source_holdout_delaney_r5,Delaney,ridge,linear,rdkit_descriptors,1.460587726495157,0,0.8755765877751799,0.23677481078585305,0,0.0009491688992596433,,
Delaney,random_forest,source_holdout_delaney_r5_rdkit_descriptors_svr,source_holdout_delaney_r5,Delaney,svr,kernel,rdkit_descriptors,1.2527894264438422,1,0.6388017769893268,0.0,1,0.6910132687793236,,
Delaney,random_forest,source_holdout_delaney_r5_rdkit_descriptors_xgboost,source_holdout_delaney_r5,Delaney,xgboost,tree_ensemble,rdkit_descriptors,1.21017495941906,1,0.6933673062148477,0.054565529225520826,1,0.8048508269914411,,
Delaney,hist_gradient_boosting,source_holdout_delaney_r1_maccs_fingerprints_elastic_net,source_holdout_delaney_r1,Delaney,elastic_net,linear,maccs_fingerprints,1.5335070212675366,0,1.2822971849367861,0.6434954101023146,0,0.00010900678192887827,,
Delaney,hist_gradient_boosting,source_holdout_delaney_r1_maccs_fingerprints_extra_trees,source_holdout_delaney_r1,Delaney,extra_trees,tree_ensemble,maccs_fingerprints,1.2819904393309811,0,1.1196471785657922,0.4808454037313207,0,0.0025774273235126413,,
Delaney,hist_gradient_boosting,source_holdout_delaney_r1_maccs_fingerprints_knn,source_holdout_delaney_r1,Delaney,knn,local_similarity,maccs_fingerprints,1.3868252530056657,0,1.428785463983291,0.7899836891488196,0,0.00044126221594096513,,
Delaney,hist_gradient_boosting,source_holdout_delaney_r1_maccs_fingerprints_mlp,source_holdout_delaney_r1,Delaney,mlp,neural_network,maccs_fingerprints,1.2530401860200113,0,1.0774293650384388,0.43862759020396724,0,0.0021250748340739013,,
Delaney,hist_gradient_boosting,source_holdout_delaney_r1_maccs_fingerprints_random_forest,source_holdout_delaney_r1,Delaney,random_forest,tree_ensemble,maccs_fingerprints,1.2794381421476717,0,1.08685849699765,0.4480567221631785,0,0.008164199061009472,,
Delaney,hist_gradient_boosting,source_holdout_delaney_r1_maccs_fingerprints_ridge,source_holdout_delaney_r1,Delaney,ridge,linear,maccs_fingerprints,1.5334129869525248,0,1.2836000282134297,0.6447982533789581,0,0.00010900678192887827,,
Delaney,hist_gradient_boosting,source_holdout_delaney_r1_maccs_fingerprints_svr,source_holdout_delaney_r1,Delaney,svr,kernel,maccs_fingerprints,1.1859736520361845,0,1.008537771224502,0.3697359963900305,0,0.08102058883539164,,
Delaney,hist_gradient_boosting,source_holdout_delaney_r1_maccs_fingerprints_xgboost,source_holdout_delaney_r1,Delaney,xgboost,tree_ensemble,maccs_fingerprints,1.216411863160645,0,1.0556848379691905,0.416883063134719,0,0.016577557332334732,,
Delaney,hist_gradient_boosting,source_holdout_delaney_r1_molecular_graph_chemprop,source_holdout_delaney_r1,Delaney,chemprop,graph_neural_network,molecular_graph,0.9911920356799201,1,0.6940982428531652,0.0552964680186937,1,0.23171766393158585,,
Delaney,hist_gradient_boosting,source_holdout_delaney_r1_morgan_fingerprints_elastic_net,source_holdout_delaney_r1,Delaney,elastic_net,linear,morgan_fingerprints,1.5776120931397644,0,1.3971574602719448,0.7583556854374732,0,0.00011102652194550939,,
Delaney,hist_gradient_boosting,source_holdout_delaney_r1_morgan_fingerprints_extra_trees,source_holdout_delaney_r1,Delaney,extra_trees,tree_ensemble,morgan_fingerprints,1.344866921496033,0,1.2870835340608522,0.6482817592263806,0,0.0006843221371110173,,
Delaney,hist_gradient_boosting,source_holdout_delaney_r1_morgan_fingerprints_knn,source_holdout_delaney_r1,Delaney,knn,local_similarity,morgan_fingerprints,1.4771077385442875,0,1.4041454107365914,0.7653436359021198,0,0.00019913741693389193,,
Delaney,hist_gradient_boosting,source_holdout_delaney_r1_morgan_fingerprints_mlp,source_holdout_delaney_r1,Delaney,mlp,neural_network,morgan_fingerprints,1.3843078123485304,0,1.288162389343543,0.6493606145090715,0,0.00026555013548816477,,
Delaney,hist_gradient_boosting,source_holdout_delaney_r1_morgan_fingerprints_random_forest,source_holdout_delaney_r1,Delaney,random_forest,tree_ensemble,morgan_fingerprints,1.3556078575154213,0,1.3089117496674865,0.6701099748330149,0,0.0026842661585261877,,
Delaney,hist_gradient_boosting,source_holdout_delaney_r1_morgan_fingerprints_ridge,source_holdout_delaney_r1,Delaney,ridge,linear,morgan_fingerprints,1.4831805771007587,0,1.3492421180822847,0.7104403432478131,0,0.0001224714673254897,,
Delaney,hist_gradient_boosting,source_holdout_delaney_r1_morgan_fingerprints_svr,source_holdout_delaney_r1,Delaney,svr,kernel,morgan_fingerprints,1.2238351652646453,0,1.0856344066905246,0.44683263185605304,0,0.017061796510476627,,
Delaney,hist_gradient_boosting,source_holdout_delaney_r1_morgan_fingerprints_xgboost,source_holdout_delaney_r1,Delaney,xgboost,tree_ensemble,morgan_fingerprints,1.3781405613567368,0,1.2235126038621202,0.5847108290276487,0,0.0031835010650648923,,
Delaney,hist_gradient_boosting,source_holdout_delaney_r1_rdkit_descriptors_elastic_net,source_holdout_delaney_r1,Delaney,elastic_net,linear,rdkit_descriptors,1.2816348331983913,0,0.881846746366261,0.2430449715317895,0,0.0015310349213259592,,
Delaney,hist_gradient_boosting,source_holdout_delaney_r1_rdkit_descriptors_esol,source_holdout_delaney_r1,Delaney,esol,chemistry_equation,rdkit_descriptors,3.4485956470153885,0,2.9404947156590544,2.3016929408245828,0,0.0001411323203069424,,
Delaney,hist_gradient_boosting,source_holdout_delaney_r1_rdkit_descriptors_extra_trees,source_holdout_delaney_r1,Delaney,extra_trees,tree_ensemble,rdkit_descriptors,1.030521102001026,0,0.7721455380269723,0.13334376319250074,0,0.191395289586776,,
Delaney,hist_gradient_boosting,source_holdout_delaney_r1_rdkit_descriptors_hist_gradient_boosting,source_holdout_delaney_r1,Delaney,hist_gradient_boosting,tree_ensemble,rdkit_descriptors,0.9902758031836699,0,0.7061674466202986,0.06736567178582709,1,0.9865075794849198,,
Delaney,hist_gradient_boosting,source_holdout_delaney_r1_rdkit_descriptors_knn,source_holdout_delaney_r1,Delaney,knn,local_similarity,rdkit_descriptors,1.134289535628199,0,0.9340281384339038,0.2952263635994322,0,0.6524948371415097,,
Delaney,hist_gradient_boosting,source_holdout_delaney_r1_rdkit_descriptors_mlp,source_holdout_delaney_r1,Delaney,mlp,neural_network,rdkit_descriptors,1.0705396993626808,0,0.7740118781995954,0.13521010336512385,0,0.3770078923026329,,
Delaney,hist_gradient_boosting,source_holdout_delaney_r1_rdkit_descriptors_ngboost,source_holdout_delaney_r1,Delaney,ngboost,probabilistic_boosting,rdkit_descriptors,1.0549441481776238,0,0.7496227430325443,0.11082096819807274,0,0.9596778581183991,,
Delaney,hist_gradient_boosting,source_holdout_delaney_r1_rdkit_descriptors_random_forest,source_holdout_delaney_r1,Delaney,random_forest,tree_ensemble,rdkit_descriptors,1.0307033974620996,0,0.7658461537108552,0.12704437887638365,0,0.7477763487462045,,
Delaney,hist_gradient_boosting,source_holdout_delaney_r1_rdkit_descriptors_ridge,source_holdout_delaney_r1,Delaney,ridge,linear,rdkit_descriptors,1.2602650134130309,0,0.8441825856578763,0.20538081082340476,0,0.003115547043969549,,
Delaney,hist_gradient_boosting,source_holdout_delaney_r1_rdkit_descriptors_svr,source_holdout_delaney_r1,Delaney,svr,kernel,rdkit_descriptors,0.9842404329904321,1,0.6388017748344715,0.0,1,0.9635905889745376,,
Delaney,hist_gradient_boosting,source_holdout_delaney_r1_rdkit_descriptors_xgboost,source_holdout_delaney_r1,Delaney,xgboost,tree_ensemble,rdkit_descriptors,0.9606212808399123,1,0.6879641274101344,0.049162352575662815,1,0.9914161790827116,,
Delaney,hist_gradient_boosting,source_holdout_delaney_r2_maccs_fingerprints_elastic_net,source_holdout_delaney_r2,Delaney,elastic_net,linear,maccs_fingerprints,1.715027854446355,0,1.2822971849367861,0.6479947287574791,0,0.00010900678192887827,,
Delaney,hist_gradient_boosting,source_holdout_delaney_r2_maccs_fingerprints_extra_trees,source_holdout_delaney_r2,Delaney,extra_trees,tree_ensemble,maccs_fingerprints,1.4975494783832568,0,1.1174158976046153,0.4831134414253083,0,0.000808503997627403,,
Delaney,hist_gradient_boosting,source_holdout_delaney_r2_maccs_fingerprints_knn,source_holdout_delaney_r2,Delaney,knn,local_similarity,maccs_fingerprints,1.5894422066912661,0,1.4196554521690279,0.7853529959897209,0,0.00010900678192887827,,
Delaney,hist_gradient_boosting,source_holdout_delaney_r2_maccs_fingerprints_mlp,source_holdout_delaney_r2,Delaney,mlp,neural_network,maccs_fingerprints,1.5084515602209823,0,1.1025208347470528,0.46821837856774573,0,0.00016199022080599693,,
Delaney,hist_gradient_boosting,source_holdout_delaney_r2_maccs_fingerprints_random_forest,source_holdout_delaney_r2,Delaney,random_forest,tree_ensemble,maccs_fingerprints,1.4810045269154632,0,1.0811720851211293,0.44686962894182225,0,0.003719250444329814,,
Delaney,hist_gradient_boosting,source_holdout_delaney_r2_maccs_fingerprints_ridge,source_holdout_delaney_r2,Delaney,ridge,linear,maccs_fingerprints,1.716542556789321,0,1.2840455572655955,0.6497431010862885,0,0.00010900678192887827,,
Delaney,hist_gradient_boosting,source_holdout_delaney_r2_maccs_fingerprints_svr,source_holdout_delaney_r2,Delaney,svr,kernel,maccs_fingerprints,1.449806170844497,0,1.0053305837913444,0.3710281276120374,0,0.0006134735027495152,,
Delaney,hist_gradient_boosting,source_holdout_delaney_r2_maccs_fingerprints_xgboost,source_holdout_delaney_r2,Delaney,xgboost,tree_ensemble,maccs_fingerprints,1.4326722714870699,0,1.060081127322346,0.425778671143039,0,0.001575817805884269,,
Delaney,hist_gradient_boosting,source_holdout_delaney_r2_molecular_graph_chemprop,source_holdout_delaney_r2,Delaney,chemprop,graph_neural_network,molecular_graph,1.2261996646186375,0,0.7248882122285923,0.09058575604928532,1,0.005979304068317978,,
Delaney,hist_gradient_boosting,source_holdout_delaney_r2_morgan_fingerprints_elastic_net,source_holdout_delaney_r2,Delaney,elastic_net,linear,morgan_fingerprints,1.7267200100458935,0,1.397157460271945,0.762855004092638,0,0.00011102652194550939,,
Delaney,hist_gradient_boosting,source_holdout_delaney_r2_morgan_fingerprints_extra_trees,source_holdout_delaney_r2,Delaney,extra_trees,tree_ensemble,morgan_fingerprints,1.5137658979808162,0,1.2987786465636402,0.6644761903843331,0,0.0003126852098661855,,
Delaney,hist_gradient_boosting,source_holdout_delaney_r2_morgan_fingerprints_knn,source_holdout_delaney_r2,Delaney,knn,local_similarity,morgan_fingerprints,1.5482921417930573,0,1.4395904913294433,0.8052880351501362,0,0.00011102652194550939,,
Delaney,hist_gradient_boosting,source_holdout_delaney_r2_morgan_fingerprints_mlp,source_holdout_delaney_r2,Delaney,mlp,neural_network,morgan_fingerprints,1.5376667908835617,0,1.295777251978177,0.6614747957988699,0,0.00010619056091981808,,
Delaney,hist_gradient_boosting,source_holdout_delaney_r2_morgan_fingerprints_random_forest,source_holdout_delaney_r2,Delaney,random_forest,tree_ensemble,morgan_fingerprints,1.5293925467897709,0,1.2943691463400517,0.6600666901607447,0,0.0002799980874102524,,
Delaney,hist_gradient_boosting,source_holdout_delaney_r2_morgan_fingerprints_ridge,source_holdout_delaney_r2,Delaney,ridge,linear,morgan_fingerprints,1.648727977245377,0,1.3492389294920943,0.7149364733127873,0,0.00011102652194550939,,
Delaney,hist_gradient_boosting,source_holdout_delaney_r2_morgan_fingerprints_svr,source_holdout_delaney_r2,Delaney,svr,kernel,morgan_fingerprints,1.412756996955609,0,1.0856344066905017,0.4513319505111947,0,0.0009468629469973386,,
Delaney,hist_gradient_boosting,source_holdout_delaney_r2_morgan_fingerprints_xgboost,source_holdout_delaney_r2,Delaney,xgboost,tree_ensemble,morgan_fingerprints,1.5344232926160755,0,1.2344452070503238,0.6001427508710168,0,0.0008107580136582829,,
Delaney,hist_gradient_boosting,source_holdout_delaney_r2_rdkit_descriptors_elastic_net,source_holdout_delaney_r2,Delaney,elastic_net,linear,rdkit_descriptors,1.468225832720357,0,0.8818467463662617,0.24754429018695467,0,0.00011883848655140533,,
Delaney,hist_gradient_boosting,source_holdout_delaney_r2_rdkit_descriptors_esol,source_holdout_delaney_r2,Delaney,esol,chemistry_equation,rdkit_descriptors,3.727885198837979,0,2.9404947156590544,2.3061922594797473,0,0.0001411323203069424,,
Delaney,hist_gradient_boosting,source_holdout_delaney_r2_rdkit_descriptors_extra_trees,source_holdout_delaney_r2,Delaney,extra_trees,tree_ensemble,rdkit_descriptors,1.2895635732121284,0,0.7440834224942275,0.10978096631492051,0,0.0038605559680285435,,
Delaney,hist_gradient_boosting,source_holdout_delaney_r2_rdkit_descriptors_hist_gradient_boosting,source_holdout_delaney_r2,Delaney,hist_gradient_boosting,tree_ensemble,rdkit_descriptors,1.2576667603968301,1,0.7175355632207691,0.08323310704146203,1,0.25409499351262177,,
Delaney,hist_gradient_boosting,source_holdout_delaney_r2_rdkit_descriptors_knn,source_holdout_delaney_r2,Delaney,knn,local_similarity,rdkit_descriptors,1.3945783024430725,0,0.9833906174125036,0.3490881612331965,0,0.0012156857583266731,,
Delaney,hist_gradient_boosting,source_holdout_delaney_r2_rdkit_descriptors_mlp,source_holdout_delaney_r2,Delaney,mlp,neural_network,rdkit_descriptors,1.3206931512759463,0,0.788055859375698,0.15375340319639097,0,0.0003386641999385275,,
Delaney,hist_gradient_boosting,source_holdout_delaney_r2_rdkit_descriptors_ngboost,source_holdout_delaney_r2,Delaney,ngboost,probabilistic_boosting,rdkit_descriptors,1.2972560147135017,0,0.7602522389364944,0.12594978275718738,0,0.001702066291050723,,
Delaney,hist_gradient_boosting,source_holdout_delaney_r2_rdkit_descriptors_random_forest,source_holdout_delaney_r2,Delaney,random_forest,tree_ensemble,rdkit_descriptors,1.2764103177875092,0,0.7517128216598545,0.11741036548054751,0,0.09701494249432628,,
Delaney,hist_gradient_boosting,source_holdout_delaney_r2_rdkit_descriptors_ridge,source_holdout_delaney_r2,Delaney,ridge,linear,rdkit_descriptors,1.471310765789077,0,0.8758135058226365,0.24151104964332948,0,0.00011883848655140533,,
Delaney,hist_gradient_boosting,source_holdout_delaney_r2_rdkit_descriptors_svr,source_holdout_delaney_r2,Delaney,svr,kernel,rdkit_descriptors,1.276482955918779,1,0.634302456179307,0.0,1,0.6984838335205522,,
Delaney,hist_gradient_boosting,source_holdout_delaney_r2_rdkit_descriptors_xgboost,source_holdout_delaney_r2,Delaney,xgboost,tree_ensemble,rdkit_descriptors,1.2112337470169834,1,0.7007940682198232,0.06649161204051612,1,0.7491922559984129,,
Delaney,hist_gradient_boosting,source_holdout_delaney_r3_maccs_fingerprints_elastic_net,source_holdout_delaney_r3,Delaney,elastic_net,linear,maccs_fingerprints,1.6572607481976922,0,1.2822971849367852,0.6434849057594196,0,0.00010771758073319637,,
Delaney,hist_gradient_boosting,source_holdout_delaney_r3_maccs_fingerprints_extra_trees,source_holdout_delaney_r3,Delaney,extra_trees,tree_ensemble,maccs_fingerprints,1.3661006325692382,0,1.132460167261358,0.4936478880839923,0,0.0005624643285759205,,
Delaney,hist_gradient_boosting,source_holdout_delaney_r3_maccs_fingerprints_knn,source_holdout_delaney_r3,Delaney,knn,local_similarity,maccs_fingerprints,1.4691977793375095,0,1.4356910706520705,0.7968787914747049,0,0.0003344210104192907,,
Delaney,hist_gradient_boosting,source_holdout_delaney_r3_maccs_fingerprints_mlp,source_holdout_delaney_r3,Delaney,mlp,neural_network,maccs_fingerprints,1.424262649292625,0,1.1007334787654028,0.46192119958803723,0,0.00027727016844451515,,
Delaney,hist_gradient_boosting,source_holdout_delaney_r3_maccs_fingerprints_random_forest,source_holdout_delaney_r3,Delaney,random_forest,tree_ensemble,maccs_fingerprints,1.3662254117436647,0,1.0995340689776323,0.4607217898002667,0,0.0012955075563118726,,
Delaney,hist_gradient_boosting,source_holdout_delaney_r3_maccs_fingerprints_ridge,source_holdout_delaney_r3,Delaney,ridge,linear,maccs_fingerprints,1.657236553509583,0,1.2841505834725788,0.6453383042952132,0,0.00010771758073319637,,
Delaney,hist_gradient_boosting,source_holdout_delaney_r3_maccs_fingerprints_svr,source_holdout_delaney_r3,Delaney,svr,kernel,maccs_fingerprints,1.3565606614209904,0,1.0085269222591748,0.36971464308180924,0,0.0005000260224891766,,
Delaney,hist_gradient_boosting,source_holdout_delaney_r3_maccs_fingerprints_xgboost,source_holdout_delaney_r3,Delaney,xgboost,tree_ensemble,maccs_fingerprints,1.3779863487942032,0,1.056210805965642,0.4173985267882765,0,0.001417453736043075,,
Delaney,hist_gradient_boosting,source_holdout_delaney_r3_molecular_graph_chemprop,source_holdout_delaney_r3,Delaney,chemprop,graph_neural_network,molecular_graph,1.1388807412764,1,0.7051122268138826,0.06629994763651703,1,0.24430149929564215,,
Delaney,hist_gradient_boosting,source_holdout_delaney_r3_morgan_fingerprints_elastic_net,source_holdout_delaney_r3,Delaney,elastic_net,linear,morgan_fingerprints,1.7087582838676707,0,1.397157460271945,0.7583451810945794,0,0.0001061662211242733,,
Delaney,hist_gradient_boosting,source_holdout_delaney_r3_morgan_fingerprints_extra_trees,source_holdout_delaney_r3,Delaney,extra_trees,tree_ensemble,morgan_fingerprints,1.4425140714232143,0,1.29041006335401,0.6515977841766445,0,0.0008002130555900587,,
Delaney,hist_gradient_boosting,source_holdout_delaney_r3_morgan_fingerprints_knn,source_holdout_delaney_r3,Delaney,knn,local_similarity,morgan_fingerprints,1.5202164802258165,0,1.4371912336422925,0.7983789544649269,0,0.0001061662211242733,,
Delaney,hist_gradient_boosting,source_holdout_delaney_r3_morgan_fingerprints_mlp,source_holdout_delaney_r3,Delaney,mlp,neural_network,morgan_fingerprints,1.5480467612641053,0,1.2420167622391278,0.6032044830617622,0,0.0001061662211242733,,
Delaney,hist_gradient_boosting,source_holdout_delaney_r3_morgan_fingerprints_random_forest,source_holdout_delaney_r3,Delaney,random_forest,tree_ensemble,morgan_fingerprints,1.4792311838917334,0,1.3061542687589722,0.6673419895816066,0,0.0008940819199663776,,
Delaney,hist_gradient_boosting,source_holdout_delaney_r3_morgan_fingerprints_ridge,source_holdout_delaney_r3,Delaney,ridge,linear,morgan_fingerprints,1.6227106022945705,0,1.3492362771906081,0.7104239980132425,0,0.0001061662211242733,,
Delaney,hist_gradient_boosting,source_holdout_delaney_r3_morgan_fingerprints_svr,source_holdout_delaney_r3,Delaney,svr,kernel,morgan_fingerprints,1.3828516180791115,0,1.0856344066905028,0.4468221275131372,0,0.0013996848903716401,,
Delaney,hist_gradient_boosting,source_holdout_delaney_r3_morgan_fingerprints_xgboost,source_holdout_delaney_r3,Delaney,xgboost,tree_ensemble,morgan_fingerprints,1.4976588530389132,0,1.229839114465887,0.5910268352885213,0,0.0018911119929871233,,
Delaney,hist_gradient_boosting,source_holdout_delaney_r3_rdkit_descriptors_elastic_net,source_holdout_delaney_r3,Delaney,elastic_net,linear,rdkit_descriptors,1.4422447084149825,0,0.8818467463662615,0.24303446718889588,0,0.00028705030033545823,,
Delaney,hist_gradient_boosting,source_holdout_delaney_r3_rdkit_descriptors_esol,source_holdout_delaney_r3,Delaney,esol,chemistry_equation,rdkit_descriptors,3.647561304496159,0,2.9404947156590544,2.3016824364816886,0,0.0002231962126966975,,
Delaney,hist_gradient_boosting,source_holdout_delaney_r3_rdkit_descriptors_extra_trees,source_holdout_delaney_r3,Delaney,extra_trees,tree_ensemble,rdkit_descriptors,1.2254338414586345,0,0.7635693302272086,0.12475705104984303,0,0.08109920165529562,,
Delaney,hist_gradient_boosting,source_holdout_delaney_r3_rdkit_descriptors_hist_gradient_boosting,source_holdout_delaney_r3,Delaney,hist_gradient_boosting,tree_ensemble,rdkit_descriptors,1.1920481320022145,0,0.708475312915754,0.06966303373838845,1,0.9835906528633388,,
Delaney,hist_gradient_boosting,source_holdout_delaney_r3_rdkit_descriptors_knn,source_holdout_delaney_r3,Delaney,knn,local_similarity,rdkit_descriptors,1.3059632803706864,0,0.9834331854672583,0.3446209062898927,0,0.0011465005116095967,,
Delaney,hist_gradient_boosting,source_holdout_delaney_r3_rdkit_descriptors_mlp,source_holdout_delaney_r3,Delaney,mlp,neural_network,rdkit_descriptors,1.2717673482441814,0,0.7653795263912222,0.1265672472138566,0,0.017900293053742963,,
Delaney,hist_gradient_boosting,source_holdout_delaney_r3_rdkit_descriptors_ngboost,source_holdout_delaney_r3,Delaney,ngboost,probabilistic_boosting,rdkit_descriptors,1.2489179401992068,0,0.7718484100632262,0.13303613088586064,0,0.03378285886418226,,
Delaney,hist_gradient_boosting,source_holdout_delaney_r3_rdkit_descriptors_random_forest,source_holdout_delaney_r3,Delaney,random_forest,tree_ensemble,rdkit_descriptors,1.2065371900272763,0,0.7525989631724314,0.11378668399506575,0,0.5103076126376838,,
Delaney,hist_gradient_boosting,source_holdout_delaney_r3_rdkit_descriptors_ridge,source_holdout_delaney_r3,Delaney,ridge,linear,rdkit_descriptors,1.43911274804556,0,0.8758343804214628,0.23702210124409717,0,0.0004554073744539057,,
Delaney,hist_gradient_boosting,source_holdout_delaney_r3_rdkit_descriptors_svr,source_holdout_delaney_r3,Delaney,svr,kernel,rdkit_descriptors,1.2091610823548833,1,0.6388122791773656,0.0,1,0.9463206583384716,,
Delaney,hist_gradient_boosting,source_holdout_delaney_r3_rdkit_descriptors_xgboost,source_holdout_delaney_r3,Delaney,xgboost,tree_ensemble,rdkit_descriptors,1.1436313545654109,1,0.6974204936444413,0.05860821446707565,1,0.9915250779296171,,
Delaney,hist_gradient_boosting,source_holdout_delaney_r4_maccs_fingerprints_elastic_net,source_holdout_delaney_r4,Delaney,elastic_net,linear,maccs_fingerprints,1.7093397149760847,0,1.2822971849367855,0.6434674943869028,0,0.00010900678192887827,,
Delaney,hist_gradient_boosting,source_holdout_delaney_r4_maccs_fingerprints_extra_trees,source_holdout_delaney_r4,Delaney,extra_trees,tree_ensemble,maccs_fingerprints,1.4974773842081641,0,1.0752710448315728,0.43644135428169006,0,0.0002772427138744524,,
Delaney,hist_gradient_boosting,source_holdout_delaney_r4_maccs_fingerprints_knn,source_holdout_delaney_r4,Delaney,knn,local_similarity,maccs_fingerprints,1.6042026949660435,0,1.4282588958228262,0.7894292052729435,0,0.00010900678192887827,,
Delaney,hist_gradient_boosting,source_holdout_delaney_r4_maccs_fingerprints_mlp,source_holdout_delaney_r4,Delaney,mlp,neural_network,maccs_fingerprints,1.5274594293372534,0,1.1158850726472647,0.47705538209738196,0,0.00010425878516057932,,
Delaney,hist_gradient_boosting,source_holdout_delaney_r4_maccs_fingerprints_random_forest,source_holdout_delaney_r4,Delaney,random_forest,tree_ensemble,maccs_fingerprints,1.4778163957997592,0,1.1020282526092204,0.46319856205933774,0,0.0007642679407635475,,
Delaney,hist_gradient_boosting,source_holdout_delaney_r4_maccs_fingerprints_ridge,source_holdout_delaney_r4,Delaney,ridge,linear,maccs_fingerprints,1.7074752200329022,0,1.2851024076693454,0.6462727171194627,0,0.00010900678192887827,,
Delaney,hist_gradient_boosting,source_holdout_delaney_r4_maccs_fingerprints_svr,source_holdout_delaney_r4,Delaney,svr,kernel,maccs_fingerprints,1.4560403997593592,0,1.0085391776761865,0.3697094871263038,0,0.0004439578951651863,,
Delaney,hist_gradient_boosting,source_holdout_delaney_r4_maccs_fingerprints_xgboost,source_holdout_delaney_r4,Delaney,xgboost,tree_ensemble,maccs_fingerprints,1.4399996768889005,0,1.0494830866064286,0.41065339605654594,0,0.001503834109205178,,
Delaney,hist_gradient_boosting,source_holdout_delaney_r4_molecular_graph_chemprop,source_holdout_delaney_r4,Delaney,chemprop,graph_neural_network,molecular_graph,1.2449229975627878,0,0.7158433439527859,0.07701365340290323,1,0.0050706138954693565,,
Delaney,hist_gradient_boosting,source_holdout_delaney_r4_morgan_fingerprints_elastic_net,source_holdout_delaney_r4,Delaney,elastic_net,linear,morgan_fingerprints,1.7765684268580513,0,1.3971574602719452,0.7583277697220625,0,0.00011102652194550939,,
Delaney,hist_gradient_boosting,source_holdout_delaney_r4_morgan_fingerprints_extra_trees,source_holdout_delaney_r4,Delaney,extra_trees,tree_ensemble,morgan_fingerprints,1.5298354871385715,0,1.2915833061404878,0.6527536155906051,0,0.00014135101573190502,,
Delaney,hist_gradient_boosting,source_holdout_delaney_r4_morgan_fingerprints_knn,source_holdout_delaney_r4,Delaney,knn,local_similarity,morgan_fingerprints,1.6716067321495454,0,1.4061467904633909,0.7673170999135082,0,0.00011102652194550939,,
Delaney,hist_gradient_boosting,source_holdout_delaney_r4_morgan_fingerprints_mlp,source_holdout_delaney_r4,Delaney,mlp,neural_network,morgan_fingerprints,1.5254599802692048,0,1.2731229629703706,0.6342932724204879,0,0.00011102652194550939,,
Delaney,hist_gradient_boosting,source_holdout_delaney_r4_morgan_fingerprints_random_forest,source_holdout_delaney_r4,Delaney,random_forest,tree_ensemble,morgan_fingerprints,1.5630916794426843,0,1.3162563441543633,0.6774266536044806,0,0.00029274699596238356,,
Delaney,hist_gradient_boosting,source_holdout_delaney_r4_morgan_fingerprints_ridge,source_holdout_delaney_r4,Delaney,ridge,linear,morgan_fingerprints,1.701235462522042,0,1.347619883023302,0.7087901924734192,0,0.00011102652194550939,,
Delaney,hist_gradient_boosting,source_holdout_delaney_r4_morgan_fingerprints_svr,source_holdout_delaney_r4,Delaney,svr,kernel,morgan_fingerprints,1.4483147231681068,0,1.0856344066904955,0.4468047161406128,0,0.0004058156792955253,,
Delaney,hist_gradient_boosting,source_holdout_delaney_r4_morgan_fingerprints_xgboost,source_holdout_delaney_r4,Delaney,xgboost,tree_ensemble,morgan_fingerprints,1.5947588536216921,0,1.228673821340327,0.5898441307904443,0,0.001921448542782658,,
Delaney,hist_gradient_boosting,source_holdout_delaney_r4_rdkit_descriptors_elastic_net,source_holdout_delaney_r4,Delaney,elastic_net,linear,rdkit_descriptors,1.5374427306009457,0,0.8818467463662621,0.24301705581637945,0,0.00014129550682371385,,
Delaney,hist_gradient_boosting,source_holdout_delaney_r4_rdkit_descriptors_esol,source_holdout_delaney_r4,Delaney,esol,chemistry_equation,rdkit_descriptors,3.619306560036946,0,2.9404947156590544,2.3016650251091715,0,0.0001411323203069424,,
Delaney,hist_gradient_boosting,source_holdout_delaney_r4_rdkit_descriptors_extra_trees,source_holdout_delaney_r4,Delaney,extra_trees,tree_ensemble,rdkit_descriptors,1.3328136245932967,0,0.7586138615378747,0.11978417098799199,0,0.0005461520181746282,,
Delaney,hist_gradient_boosting,source_holdout_delaney_r4_rdkit_descriptors_hist_gradient_boosting,source_holdout_delaney_r4,Delaney,hist_gradient_boosting,tree_ensemble,rdkit_descriptors,1.255037398986886,1,0.7040974256383149,0.0652677350884322,1,0.06242644647276239,,
Delaney,hist_gradient_boosting,source_holdout_delaney_r4_rdkit_descriptors_knn,source_holdout_delaney_r4,Delaney,knn,local_similarity,rdkit_descriptors,1.4463765510967657,0,0.9830571693594412,0.3442274788095585,0,0.0008417409191785242,,
Delaney,hist_gradient_boosting,source_holdout_delaney_r4_rdkit_descriptors_mlp,source_holdout_delaney_r4,Delaney,mlp,neural_network,rdkit_descriptors,1.3018649463409584,0,0.749010110521105,0.1101804199712223,0,0.000284689957958411,,
Delaney,hist_gradient_boosting,source_holdout_delaney_r4_rdkit_descriptors_ngboost,source_holdout_delaney_r4,Delaney,ngboost,probabilistic_boosting,rdkit_descriptors,1.3056612361470168,0,0.7612475433873963,0.12241785283751361,0,0.0018201169930425842,,
Delaney,hist_gradient_boosting,source_holdout_delaney_r4_rdkit_descriptors_random_forest,source_holdout_delaney_r4,Delaney,random_forest,tree_ensemble,rdkit_descriptors,1.3195678035268759,0,0.7624842361392483,0.12365454558936562,0,0.0018101236868513775,,
Delaney,hist_gradient_boosting,source_holdout_delaney_r4_rdkit_descriptors_ridge,source_holdout_delaney_r4,Delaney,ridge,linear,rdkit_descriptors,1.4965642788259668,0,0.8444788935960292,0.20564920304614653,0,0.00011569598020844322,,
Delaney,hist_gradient_boosting,source_holdout_delaney_r4_rdkit_descriptors_svr,source_holdout_delaney_r4,Delaney,svr,kernel,rdkit_descriptors,1.3001103657481863,1,0.6388296905498827,0.0,1,0.021233116301112964,,
Delaney,hist_gradient_boosting,source_holdout_delaney_r4_rdkit_descriptors_xgboost,source_holdout_delaney_r4,Delaney,xgboost,tree_ensemble,rdkit_descriptors,1.2103262463408646,1,0.6799748606660944,0.04114517011621166,1,0.9416653832483951,,
Delaney,hist_gradient_boosting,source_holdout_delaney_r5_maccs_fingerprints_elastic_net,source_holdout_delaney_r5,Delaney,elastic_net,linear,maccs_fingerprints,1.6897144836968763,0,1.2822971849367855,0.6434954079474586,0,0.00010900678192887827,,
Delaney,hist_gradient_boosting,source_holdout_delaney_r5_maccs_fingerprints_extra_trees,source_holdout_delaney_r5,Delaney,extra_trees,tree_ensemble,maccs_fingerprints,1.4678337898214338,0,1.0961155702013228,0.45731379321199594,0,0.0005018764797603497,,
Delaney,hist_gradient_boosting,source_holdout_delaney_r5_maccs_fingerprints_knn,source_holdout_delaney_r5,Delaney,knn,local_similarity,maccs_fingerprints,1.59905090620909,0,1.412962195440772,0.7741604184514452,0,0.00010900678192887827,,
Delaney,hist_gradient_boosting,source_holdout_delaney_r5_maccs_fingerprints_mlp,source_holdout_delaney_r5,Delaney,mlp,neural_network,maccs_fingerprints,1.5173331947465998,0,1.1314817009045404,0.49267992391521354,0,0.00020692458665912575,,
Delaney,hist_gradient_boosting,source_holdout_delaney_r5_maccs_fingerprints_random_forest,source_holdout_delaney_r5,Delaney,random_forest,tree_ensemble,maccs_fingerprints,1.4562501303446014,0,1.086425101537308,0.44762332454798126,0,0.0007294541725597048,,
Delaney,hist_gradient_boosting,source_holdout_delaney_r5_maccs_fingerprints_ridge,source_holdout_delaney_r5,Delaney,ridge,linear,maccs_fingerprints,1.6911178019712576,0,1.2838541838221615,0.6450524068328347,0,0.00010900678192887827,,
Delaney,hist_gradient_boosting,source_holdout_delaney_r5_maccs_fingerprints_svr,source_holdout_delaney_r5,Delaney,svr,kernel,maccs_fingerprints,1.43450036226834,0,1.0085314243050358,0.369729647315709,0,0.0003476833629136861,,
Delaney,hist_gradient_boosting,source_holdout_delaney_r5_maccs_fingerprints_xgboost,source_holdout_delaney_r5,Delaney,xgboost,tree_ensemble,maccs_fingerprints,1.4419065224908867,0,1.0541145534935328,0.41531277650420595,0,0.0011623344419684468,,
Delaney,hist_gradient_boosting,source_holdout_delaney_r5_molecular_graph_chemprop,source_holdout_delaney_r5,Delaney,chemprop,graph_neural_network,molecular_graph,1.2573244037178168,0,0.7409629850968276,0.10216120810750073,0,0.10483119023551825,,
Delaney,hist_gradient_boosting,source_holdout_delaney_r5_morgan_fingerprints_elastic_net,source_holdout_delaney_r5,Delaney,elastic_net,linear,morgan_fingerprints,1.7316741752203184,0,1.3971574602719457,0.7583556832826188,0,0.00011102652194550939,,
Delaney,hist_gradient_boosting,source_holdout_delaney_r5_morgan_fingerprints_extra_trees,source_holdout_delaney_r5,Delaney,extra_trees,tree_ensemble,morgan_fingerprints,1.4471713740394816,0,1.2912012028570747,0.6523994258677479,0,0.0003158308565187603,,
Delaney,hist_gradient_boosting,source_holdout_delaney_r5_morgan_fingerprints_knn,source_holdout_delaney_r5,Delaney,knn,local_similarity,morgan_fingerprints,1.5824053222326502,0,1.4049993763143471,0.7661975993250203,0,0.00011102652194550939,,
Delaney,hist_gradient_boosting,source_holdout_delaney_r5_morgan_fingerprints_mlp,source_holdout_delaney_r5,Delaney,mlp,neural_network,morgan_fingerprints,1.484463638033153,0,1.303599831126703,0.6647980541373761,0,0.0001224714673254897,,
Delaney,hist_gradient_boosting,source_holdout_delaney_r5_morgan_fingerprints_random_forest,source_holdout_delaney_r5,Delaney,random_forest,tree_ensemble,morgan_fingerprints,1.4714753764038069,0,1.310321237868835,0.6715194608795081,0,0.0005265892939761468,,
Delaney,hist_gradient_boosting,source_holdout_delaney_r5_morgan_fingerprints_ridge,source_holdout_delaney_r5,Delaney,ridge,linear,morgan_fingerprints,1.6253832661314136,0,1.349234810458629,0.7104330334693021,0,0.00011102652194550939,,
Delaney,hist_gradient_boosting,source_holdout_delaney_r5_morgan_fingerprints_svr,source_holdout_delaney_r5,Delaney,svr,kernel,morgan_fingerprints,1.3593537527732007,0,1.0856344066905024,0.44683262970117554,0,0.0007362882118369256,,
Delaney,hist_gradient_boosting,source_holdout_delaney_r5_morgan_fingerprints_xgboost,source_holdout_delaney_r5,Delaney,xgboost,tree_ensemble,morgan_fingerprints,1.4952075179948658,0,1.2216971649124195,0.5828953879230927,0,0.00203312910572035,,
Delaney,hist_gradient_boosting,source_holdout_delaney_r5_rdkit_descriptors_elastic_net,source_holdout_delaney_r5,Delaney,elastic_net,linear,rdkit_descriptors,1.4603997734360317,0,0.8818467463662614,0.24304496937693454,0,0.00010597821841266886,,
Delaney,hist_gradient_boosting,source_holdout_delaney_r5_rdkit_descriptors_esol,source_holdout_delaney_r5,Delaney,esol,chemistry_equation,rdkit_descriptors,3.8430872995968244,0,2.9404947156590544,2.301692938669728,0,0.0001411323203069424,,
Delaney,hist_gradient_boosting,source_holdout_delaney_r5_rdkit_descriptors_extra_trees,source_holdout_delaney_r5,Delaney,extra_trees,tree_ensemble,rdkit_descriptors,1.262765378371332,0,0.7470858441154519,0.10828406712612504,0,0.0015923139133499345,,
Delaney,hist_gradient_boosting,source_holdout_delaney_r5_rdkit_descriptors_hist_gradient_boosting,source_holdout_delaney_r5,Delaney,hist_gradient_boosting,tree_ensemble,rdkit_descriptors,1.2196343845373236,1,0.7351361244230752,0.09633434743374836,1,0.4775498914705935,,
Delaney,hist_gradient_boosting,source_holdout_delaney_r5_rdkit_descriptors_knn,source_holdout_delaney_r5,Delaney,knn,local_similarity,rdkit_descriptors,1.3471700665987325,0,0.9833489036351251,0.34454712664579823,0,0.00027829322904690323,,
Delaney,hist_gradient_boosting,source_holdout_delaney_r5_rdkit_descriptors_mlp,source_holdout_delaney_r5,Delaney,mlp,neural_network,rdkit_descriptors,1.2898203675377327,0,0.7487805845253164,0.10997880753598954,0,0.0003833133631126378,,
Delaney,hist_gradient_boosting,source_holdout_delaney_r5_rdkit_descriptors_ngboost,source_holdout_delaney_r5,Delaney,ngboost,probabilistic_boosting,rdkit_descriptors,1.2714533995882886,0,0.7719768939421917,0.13317511695286488,0,0.002640998723482885,,
Delaney,hist_gradient_boosting,source_holdout_delaney_r5_rdkit_descriptors_random_forest,source_holdout_delaney_r5,Delaney,random_forest,tree_ensemble,rdkit_descriptors,1.2511202218433215,0,0.7444304283335971,0.10562865134427024,0,0.05022557047291362,,
Delaney,hist_gradient_boosting,source_holdout_delaney_r5_rdkit_descriptors_ridge,source_holdout_delaney_r5,Delaney,ridge,linear,rdkit_descriptors,1.460587726495157,0,0.8755765877751799,0.23677481078585305,0,0.00016474834837586233,,
Delaney,hist_gradient_boosting,source_holdout_delaney_r5_rdkit_descriptors_svr,source_holdout_delaney_r5,Delaney,svr,kernel,rdkit_descriptors,1.2527894264438422,1,0.6388017769893268,0.0,1,0.9930105302910395,,
Delaney,hist_gradient_boosting,source_holdout_delaney_r5_rdkit_descriptors_xgboost,source_holdout_delaney_r5,Delaney,xgboost,tree_ensemble,rdkit_descriptors,1.21017495941906,1,0.6933673062148477,0.054565529225520826,1,0.950179661812543,,
OCHEM,logistic,source_holdout_ochem_r1_maccs_fingerprints_elastic_net,source_holdout_ochem_r1,OCHEM,elastic_net,linear,maccs_fingerprints,1.713776809330143,0,1.8891540576313495,0.5274776554389458,0,9.40777056007809e-06,,
OCHEM,logistic,source_holdout_ochem_r1_maccs_fingerprints_extra_trees,source_holdout_ochem_r1,OCHEM,extra_trees,tree_ensemble,maccs_fingerprints,1.5287725009098025,0,1.6569874314631503,0.2953110292707466,0,0.0001477300317087208,,
OCHEM,logistic,source_holdout_ochem_r1_maccs_fingerprints_knn,source_holdout_ochem_r1,OCHEM,knn,local_similarity,maccs_fingerprints,1.7109720582007102,0,2.0334400143642557,0.671763612171852,0,8.156965660109077e-06,,
OCHEM,logistic,source_holdout_ochem_r1_maccs_fingerprints_mlp,source_holdout_ochem_r1,OCHEM,mlp,neural_network,maccs_fingerprints,1.5161583950852207,0,1.7022140560335062,0.34053765384110246,0,3.766358776389652e-05,,
OCHEM,logistic,source_holdout_ochem_r1_maccs_fingerprints_random_forest,source_holdout_ochem_r1,OCHEM,random_forest,tree_ensemble,maccs_fingerprints,1.527442615094955,0,1.6567409970656857,0.29506459487328196,0,0.0009982116077187464,,
OCHEM,logistic,source_holdout_ochem_r1_maccs_fingerprints_ridge,source_holdout_ochem_r1,OCHEM,ridge,linear,maccs_fingerprints,1.717318227742543,0,1.881656800376438,0.5199803981840343,0,1.3157588427738038e-05,,
OCHEM,logistic,source_holdout_ochem_r1_maccs_fingerprints_svr,source_holdout_ochem_r1,OCHEM,svr,kernel,maccs_fingerprints,1.4515065678216155,0,1.6442736992748002,0.28259729708239645,0,0.020430545413968687,,
OCHEM,logistic,source_holdout_ochem_r1_maccs_fingerprints_xgboost,source_holdout_ochem_r1,OCHEM,xgboost,tree_ensemble,maccs_fingerprints,1.4354479286702073,0,1.673460204439858,0.3117838022474544,0,0.04430954901217038,,
OCHEM,logistic,source_holdout_ochem_r1_molecular_graph_chemprop,source_holdout_ochem_r1,OCHEM,chemprop,graph_neural_network,molecular_graph,1.2299599995875403,0,1.4202762585358122,0.058599856343408474,1,0.2026350345300861,,
OCHEM,logistic,source_holdout_ochem_r1_morgan_fingerprints_elastic_net,source_holdout_ochem_r1,OCHEM,elastic_net,linear,morgan_fingerprints,1.857393701735928,0,1.8993304607147297,0.537654058522326,0,8.460244383377999e-07,,
OCHEM,logistic,source_holdout_ochem_r1_morgan_fingerprints_extra_trees,source_holdout_ochem_r1,OCHEM,extra_trees,tree_ensemble,morgan_fingerprints,1.5914858112925983,0,1.7635519826300183,0.4018755804376146,0,4.0205967987474904e-05,,
OCHEM,logistic,source_holdout_ochem_r1_morgan_fingerprints_knn,source_holdout_ochem_r1,OCHEM,knn,local_similarity,morgan_fingerprints,1.8855148254349436,0,1.94632032253509,0.5846439203426863,0,1.0991143483295167e-06,,
OCHEM,logistic,source_holdout_ochem_r1_morgan_fingerprints_mlp,source_holdout_ochem_r1,OCHEM,mlp,neural_network,morgan_fingerprints,1.852380563421626,0,1.8583235520687977,0.496647149876394,0,1.1124633025507466e-06,,
OCHEM,logistic,source_holdout_ochem_r1_morgan_fingerprints_random_forest,source_holdout_ochem_r1,OCHEM,random_forest,tree_ensemble,morgan_fingerprints,1.6413679009582858,0,1.7846098791857061,0.4229334769933024,0,0.0002115719436775043,,
OCHEM,logistic,source_holdout_ochem_r1_morgan_fingerprints_ridge,source_holdout_ochem_r1,OCHEM,ridge,linear,morgan_fingerprints,1.7397207950709253,0,1.952186066552298,0.5905096643598944,0,3.7470479380321846e-06,,
OCHEM,logistic,source_holdout_ochem_r1_morgan_fingerprints_svr,source_holdout_ochem_r1,OCHEM,svr,kernel,morgan_fingerprints,1.5601491312032203,0,1.6704445506120458,0.30876814841964206,0,0.00400440422163633,,
OCHEM,logistic,source_holdout_ochem_r1_morgan_fingerprints_xgboost,source_holdout_ochem_r1,OCHEM,xgboost,tree_ensemble,morgan_fingerprints,1.662995252533689,0,1.7653259668572716,0.4036495646648679,0,0.003982287768269652,,
OCHEM,logistic,source_holdout_ochem_r1_rdkit_descriptors_elastic_net,source_holdout_ochem_r1,OCHEM,elastic_net,linear,rdkit_descriptors,1.5278578483485203,0,1.6870750252559772,0.3253986230635735,0,0.0013821129555983665,,
OCHEM,logistic,source_holdout_ochem_r1_rdkit_descriptors_esol,source_holdout_ochem_r1,OCHEM,esol,chemistry_equation,rdkit_descriptors,3.7689700963518433,0,3.3957980274299855,2.0341216252375816,0,3.0126432062350846e-07,,
OCHEM,logistic,source_holdout_ochem_r1_rdkit_descriptors_extra_trees,source_holdout_ochem_r1,OCHEM,extra_trees,tree_ensemble,rdkit_descriptors,1.294746589290713,0,1.4160339175351997,0.05435751534279598,1,0.022507829540160795,,
OCHEM,logistic,source_holdout_ochem_r1_rdkit_descriptors_hist_gradient_boosting,source_holdout_ochem_r1,OCHEM,hist_gradient_boosting,tree_ensemble,rdkit_descriptors,1.2923848361761776,1,1.3979299670046266,0.03625356481222286,1,0.4776542905768752,,
OCHEM,logistic,source_holdout_ochem_r1_rdkit_descriptors_knn,source_holdout_ochem_r1,OCHEM,knn,local_similarity,rdkit_descriptors,1.480951278916819,0,1.685254746077652,0.3235783438852482,0,0.0010847186932953878,,
OCHEM,logistic,source_holdout_ochem_r1_rdkit_descriptors_mlp,source_holdout_ochem_r1,OCHEM,mlp,neural_network,rdkit_descriptors,1.3685494646177796,0,1.8066155410753166,0.4449391388829129,0,0.004680238821493171,,
OCHEM,logistic,source_holdout_ochem_r1_rdkit_descriptors_ngboost,source_holdout_ochem_r1,OCHEM,ngboost,probabilistic_boosting,rdkit_descriptors,1.250645038510222,0,1.4271065185182301,0.0654301163258264,1,0.2313612219884236,,
OCHEM,logistic,source_holdout_ochem_r1_rdkit_descriptors_random_forest,source_holdout_ochem_r1,OCHEM,random_forest,tree_ensemble,rdkit_descriptors,1.2717695783520495,1,1.4159897666090708,0.05431336441666712,1,0.16235473690083893,,
OCHEM,logistic,source_holdout_ochem_r1_rdkit_descriptors_ridge,source_holdout_ochem_r1,OCHEM,ridge,linear,rdkit_descriptors,1.5155878167202868,0,1.6818608897462328,0.3201844875538291,0,0.0021451203445795207,,
OCHEM,logistic,source_holdout_ochem_r1_rdkit_descriptors_svr,source_holdout_ochem_r1,OCHEM,svr,kernel,rdkit_descriptors,1.2718403934542388,0,1.4609556482074635,0.09927924601505977,1,0.672108254612424,,
OCHEM,logistic,source_holdout_ochem_r1_rdkit_descriptors_xgboost,source_holdout_ochem_r1,OCHEM,xgboost,tree_ensemble,rdkit_descriptors,1.2179572863675776,1,1.3616764021924037,0.0,1,0.8721030513769171,,
OCHEM,logistic,source_holdout_ochem_r2_maccs_fingerprints_elastic_net,source_holdout_ochem_r2,OCHEM,elastic_net,linear,maccs_fingerprints,1.8888889957120791,0,1.889154057631351,0.5256080509785892,0,2.8923916754081513e-06,,
OCHEM,logistic,source_holdout_ochem_r2_maccs_fingerprints_extra_trees,source_holdout_ochem_r2,OCHEM,extra_trees,tree_ensemble,maccs_fingerprints,1.6998490298580406,0,1.690353623929353,0.32680761727659124,0,8.935468859001942e-05,,
OCHEM,logistic,source_holdout_ochem_r2_maccs_fingerprints_knn,source_holdout_ochem_r2,OCHEM,knn,local_similarity,maccs_fingerprints,1.9573157557056267,0,1.983957280588026,0.6204112739352641,0,2.31510881042232e-06,,
OCHEM,logistic,source_holdout_ochem_r2_maccs_fingerprints_mlp,source_holdout_ochem_r2,OCHEM,mlp,neural_network,maccs_fingerprints,1.704154401764838,0,1.7109812910655755,0.3474352844128137,0,1.1776450735655804e-05,,
OCHEM,logistic,source_holdout_ochem_r2_maccs_fingerprints_random_forest,source_holdout_ochem_r2,OCHEM,random_forest,tree_ensemble,maccs_fingerprints,1.7088391483822187,0,1.7089973658650865,0.3454513592123247,0,0.0005929793559425772,,
OCHEM,logistic,source_holdout_ochem_r2_maccs_fingerprints_ridge,source_holdout_ochem_r2,OCHEM,ridge,linear,maccs_fingerprints,1.8450727840517336,0,1.8816589602139735,0.5181129535612117,0,5.176733851463993e-06,,
OCHEM,logistic,source_holdout_ochem_r2_maccs_fingerprints_svr,source_holdout_ochem_r2,OCHEM,svr,kernel,maccs_fingerprints,1.63599431510426,0,1.6442736992748022,0.28072769262204034,0,0.005788342135149057,,
OCHEM,logistic,source_holdout_ochem_r2_maccs_fingerprints_xgboost,source_holdout_ochem_r2,OCHEM,xgboost,tree_ensemble,maccs_fingerprints,1.6293567229196122,0,1.6698421031461916,0.3062960964934298,0,0.011962527296712657,,
OCHEM,logistic,source_holdout_ochem_r2_molecular_graph_chemprop,source_holdout_ochem_r2,OCHEM,chemprop,graph_neural_network,molecular_graph,1.381245806933897,1,1.3949408868911988,0.03139488023843695,1,0.11564341647068528,,
OCHEM,logistic,source_holdout_ochem_r2_morgan_fingerprints_elastic_net,source_holdout_ochem_r2,OCHEM,elastic_net,linear,morgan_fingerprints,1.8827169011713982,0,1.8993304607147294,0.5357844540619676,0,8.583934913497945e-07,,
OCHEM,logistic,source_holdout_ochem_r2_morgan_fingerprints_extra_trees,source_holdout_ochem_r2,OCHEM,extra_trees,tree_ensemble,morgan_fingerprints,1.855595047162771,0,1.7600648139361492,0.3965188072833874,0,5.60153197362036e-06,,
OCHEM,logistic,source_holdout_ochem_r2_morgan_fingerprints_knn,source_holdout_ochem_r2,OCHEM,knn,local_similarity,morgan_fingerprints,1.9799815040322242,0,1.943041247315168,0.5794952406624061,0,6.017786613451825e-07,,
OCHEM,logistic,source_holdout_ochem_r2_morgan_fingerprints_mlp,source_holdout_ochem_r2,OCHEM,mlp,neural_network,morgan_fingerprints,1.8670253874208775,0,1.9332694353704087,0.5697234287176469,0,2.1754261083549693e-06,,
OCHEM,logistic,source_holdout_ochem_r2_morgan_fingerprints_random_forest,source_holdout_ochem_r2,OCHEM,random_forest,tree_ensemble,morgan_fingerprints,1.8358633723672182,0,1.7822734041270802,0.4187273974743184,0,4.484909285090135e-05,,
OCHEM,logistic,source_holdout_ochem_r2_morgan_fingerprints_ridge,source_holdout_ochem_r2,OCHEM,ridge,linear,morgan_fingerprints,1.7685787902236667,0,1.9521899112641143,0.5886439046113525,0,4.396798632484867e-06,,
OCHEM,logistic,source_holdout_ochem_r2_morgan_fingerprints_svr,source_holdout_ochem_r2,OCHEM,svr,kernel,morgan_fingerprints,1.713656315705145,0,1.670444550612044,0.3068985439592822,0,0.0015047357219242095,,
OCHEM,logistic,source_holdout_ochem_r2_morgan_fingerprints_xgboost,source_holdout_ochem_r2,OCHEM,xgboost,tree_ensemble,morgan_fingerprints,1.7723004368513897,0,1.7982961366175847,0.4347501299648229,0,0.030678801518199305,,
OCHEM,logistic,source_holdout_ochem_r2_rdkit_descriptors_elastic_net,source_holdout_ochem_r2,OCHEM,elastic_net,linear,rdkit_descriptors,1.6824127861712221,0,1.6870750252559763,0.3235290186032145,0,0.0005755001806646481,,
OCHEM,logistic,source_holdout_ochem_r2_rdkit_descriptors_esol,source_holdout_ochem_r2,OCHEM,esol,chemistry_equation,rdkit_descriptors,3.9057146617999585,0,3.3957980274299855,2.0322520207772237,0,1.9455316549278931e-07,,
OCHEM,logistic,source_holdout_ochem_r2_rdkit_descriptors_extra_trees,source_holdout_ochem_r2,OCHEM,extra_trees,tree_ensemble,rdkit_descriptors,1.5309915108702732,0,1.4130303137877258,0.04948430713496399,1,0.006887273839921334,,
OCHEM,logistic,source_holdout_ochem_r2_rdkit_descriptors_hist_gradient_boosting,source_holdout_ochem_r2,OCHEM,hist_gradient_boosting,tree_ensemble,rdkit_descriptors,1.4827651719719182,1,1.398087093957481,0.034541087304719165,1,0.5241494114298667,,
OCHEM,logistic,source_holdout_ochem_r2_rdkit_descriptors_knn,source_holdout_ochem_r2,OCHEM,knn,local_similarity,rdkit_descriptors,1.681369974577068,0,1.6309730873361397,0.26742708068337784,0,0.000831323004554084,,
OCHEM,logistic,source_holdout_ochem_r2_rdkit_descriptors_mlp,source_holdout_ochem_r2,OCHEM,mlp,neural_network,rdkit_descriptors,1.586133312130139,0,1.6003821531838576,0.23683614653109575,0,0.0016972612852186116,,
OCHEM,logistic,source_holdout_ochem_r2_rdkit_descriptors_ngboost,source_holdout_ochem_r2,OCHEM,ngboost,probabilistic_boosting,rdkit_descriptors,1.5273494211030296,0,1.4296439017892808,0.06609789513651898,1,0.1037431659163963,,
OCHEM,logistic,source_holdout_ochem_r2_rdkit_descriptors_random_forest,source_holdout_ochem_r2,OCHEM,random_forest,tree_ensemble,rdkit_descriptors,1.545496077513943,0,1.4180323848881722,0.05448637823541036,1,0.04318508897069194,,
OCHEM,logistic,source_holdout_ochem_r2_rdkit_descriptors_ridge,source_holdout_ochem_r2,OCHEM,ridge,linear,rdkit_descriptors,1.6841614913070884,0,1.7303897821150913,0.3668437754623295,0,0.0005028373063675405,,
OCHEM,logistic,source_holdout_ochem_r2_rdkit_descriptors_svr,source_holdout_ochem_r2,OCHEM,svr,kernel,rdkit_descriptors,1.5215245816385796,0,1.4634073133518488,0.099861306699087,1,0.40853472349227465,,
OCHEM,logistic,source_holdout_ochem_r2_rdkit_descriptors_xgboost,source_holdout_ochem_r2,OCHEM,xgboost,tree_ensemble,rdkit_descriptors,1.4573382983866274,1,1.3635460066527618,0.0,1,0.683339517804282,,
OCHEM,logistic,source_holdout_ochem_r3_maccs_fingerprints_elastic_net,source_holdout_ochem_r3,OCHEM,elastic_net,linear,maccs_fingerprints,1.8394548149284786,0,1.889154057631349,0.5145278641344087,0,3.366025469447852e-06,,
OCHEM,logistic,source_holdout_ochem_r3_maccs_fingerprints_extra_trees,source_holdout_ochem_r3,OCHEM,extra_trees,tree_ensemble,maccs_fingerprints,1.5065456053930617,0,1.650788160575714,0.2761619670787736,0,0.00017532732362177784,,
OCHEM,logistic,source_holdout_ochem_r3_maccs_fingerprints_knn,source_holdout_ochem_r3,OCHEM,knn,local_similarity,maccs_fingerprints,1.7101034463666764,0,1.9854513673951637,0.6108251738982233,0,1.577794505120952e-05,,
OCHEM,logistic,source_holdout_ochem_r3_maccs_fingerprints_mlp,source_holdout_ochem_r3,OCHEM,mlp,neural_network,maccs_fingerprints,1.5834919915167285,0,1.7861041893825105,0.4114779958855701,0,2.6035511960645255e-05,,
OCHEM,logistic,source_holdout_ochem_r3_maccs_fingerprints_random_forest,source_holdout_ochem_r3,OCHEM,random_forest,tree_ensemble,maccs_fingerprints,1.4930307398741094,0,1.6566562925910795,0.2820300990941391,0,0.0013004821409923096,,
OCHEM,logistic,source_holdout_ochem_r3_maccs_fingerprints_ridge,source_holdout_ochem_r3,OCHEM,ridge,linear,maccs_fingerprints,1.829212126943116,0,1.9248205314393643,0.5501943379424239,0,5.436528516685876e-06,,
OCHEM,logistic,source_holdout_ochem_r3_maccs_fingerprints_svr,source_holdout_ochem_r3,OCHEM,svr,kernel,maccs_fingerprints,1.5213952615934168,0,1.644273699274802,0.26964750577786156,0,0.01423950441006729,,
OCHEM,logistic,source_holdout_ochem_r3_maccs_fingerprints_xgboost,source_holdout_ochem_r3,OCHEM,xgboost,tree_ensemble,maccs_fingerprints,1.4817985307905517,0,1.6657140085363786,0.29108781503943826,0,0.03206107573188095,,
OCHEM,logistic,source_holdout_ochem_r3_molecular_graph_chemprop,source_holdout_ochem_r3,OCHEM,chemprop,graph_neural_network,molecular_graph,1.4847089950076795,1,1.3746261934969404,0.0,1,0.07286204008128327,,
OCHEM,logistic,source_holdout_ochem_r3_morgan_fingerprints_elastic_net,source_holdout_ochem_r3,OCHEM,elastic_net,linear,morgan_fingerprints,1.8881731434580284,0,1.8993304607147297,0.5247042672177893,0,8.773932418872405e-07,,
OCHEM,logistic,source_holdout_ochem_r3_morgan_fingerprints_extra_trees,source_holdout_ochem_r3,OCHEM,extra_trees,tree_ensemble,morgan_fingerprints,1.6787770837966238,0,1.7756340673820288,0.4010078738850884,0,2.4237609381771056e-05,,
OCHEM,logistic,source_holdout_ochem_r3_morgan_fingerprints_knn,source_holdout_ochem_r3,OCHEM,knn,local_similarity,morgan_fingerprints,1.8349662457983056,0,1.9446973234167626,0.5700711299198222,0,2.8904965703816165e-06,,
OCHEM,logistic,source_holdout_ochem_r3_morgan_fingerprints_mlp,source_holdout_ochem_r3,OCHEM,mlp,neural_network,morgan_fingerprints,1.856376457751619,0,1.780332619706324,0.4057064262093837,0,2.1915273204843484e-06,,
OCHEM,logistic,source_holdout_ochem_r3_morgan_fingerprints_random_forest,source_holdout_ochem_r3,OCHEM,random_forest,tree_ensemble,morgan_fingerprints,1.7442255790838481,0,1.7837171336162276,0.40909094011928726,0,0.00011547103324329873,,
OCHEM,logistic,source_holdout_ochem_r3_morgan_fingerprints_ridge,source_holdout_ochem_r3,OCHEM,ridge,linear,morgan_fingerprints,1.8947767847936734,0,1.826296655170082,0.45167046167314173,0,1.07957003190499e-06,,
OCHEM,logistic,source_holdout_ochem_r3_morgan_fingerprints_svr,source_holdout_ochem_r3,OCHEM,svr,kernel,morgan_fingerprints,1.6846985097343132,0,1.670444550612044,0.2958183571151036,0,0.0018687418483563116,,
OCHEM,logistic,source_holdout_ochem_r3_morgan_fingerprints_xgboost,source_holdout_ochem_r3,OCHEM,xgboost,tree_ensemble,morgan_fingerprints,1.7314599251843767,0,1.765304636781744,0.3906784432848036,0,0.00279458231976009,,
OCHEM,logistic,source_holdout_ochem_r3_rdkit_descriptors_elastic_net,source_holdout_ochem_r3,OCHEM,elastic_net,linear,rdkit_descriptors,1.6602332103389978,0,1.6870750252559805,0.31244883175904015,0,0.0009375104839916369,,
OCHEM,logistic,source_holdout_ochem_r3_rdkit_descriptors_esol,source_holdout_ochem_r3,OCHEM,esol,chemistry_equation,rdkit_descriptors,4.254078436531162,0,3.3957980274299855,2.021171833933045,0,5.125704005955851e-08,,
OCHEM,logistic,source_holdout_ochem_r3_rdkit_descriptors_extra_trees,source_holdout_ochem_r3,OCHEM,extra_trees,tree_ensemble,rdkit_descriptors,1.4750512007331686,1,1.4120566426191425,0.03743044912220217,1,0.011055779679162145,,
OCHEM,logistic,source_holdout_ochem_r3_rdkit_descriptors_hist_gradient_boosting,source_holdout_ochem_r3,OCHEM,hist_gradient_boosting,tree_ensemble,rdkit_descriptors,1.356987194454862,0,1.4208380283110098,0.04621183481406943,1,0.6919712619996176,,
OCHEM,logistic,source_holdout_ochem_r3_rdkit_descriptors_knn,source_holdout_ochem_r3,OCHEM,knn,local_similarity,rdkit_descriptors,1.5712583161644549,0,1.6852729712853187,0.31064677778837835,0,0.001031689910869652,,
OCHEM,logistic,source_holdout_ochem_r3_rdkit_descriptors_mlp,source_holdout_ochem_r3,OCHEM,mlp,neural_network,rdkit_descriptors,1.3401502156041698,0,1.6213533071161284,0.24672711361918798,0,0.006397551454509284,,
OCHEM,logistic,source_holdout_ochem_r3_rdkit_descriptors_ngboost,source_holdout_ochem_r3,OCHEM,ngboost,probabilistic_boosting,rdkit_descriptors,1.4418035071519264,0,1.4260467514645832,0.05142055796764278,1,0.17021270232292432,,
OCHEM,logistic,source_holdout_ochem_r3_rdkit_descriptors_random_forest,source_holdout_ochem_r3,OCHEM,random_forest,tree_ensemble,rdkit_descriptors,1.4635245757713053,0,1.4298676064904525,0.05524141299351215,1,0.15909179122700118,,
OCHEM,logistic,source_holdout_ochem_r3_rdkit_descriptors_ridge,source_holdout_ochem_r3,OCHEM,ridge,linear,rdkit_descriptors,1.6105236622533434,0,1.6592515505112542,0.2846253570143138,0,0.0020847049603831343,,
OCHEM,logistic,source_holdout_ochem_r3_rdkit_descriptors_svr,source_holdout_ochem_r3,OCHEM,svr,kernel,rdkit_descriptors,1.3337273967638725,0,1.4609562977992365,0.08633010430229615,1,0.6353306865030329,,
OCHEM,logistic,source_holdout_ochem_r3_rdkit_descriptors_xgboost,source_holdout_ochem_r3,OCHEM,xgboost,tree_ensemble,rdkit_descriptors,1.4017919759160127,1,1.3855093165938166,0.010883123096876224,1,0.7901518807650124,,
OCHEM,logistic,source_holdout_ochem_r4_maccs_fingerprints_elastic_net,source_holdout_ochem_r4,OCHEM,elastic_net,linear,maccs_fingerprints,1.925940803954127,0,1.8891540576313506,0.5156489089038228,0,3.000119365938454e-06,,
OCHEM,logistic,source_holdout_ochem_r4_maccs_fingerprints_extra_trees,source_holdout_ochem_r4,OCHEM,extra_trees,tree_ensemble,maccs_fingerprints,1.7841950529077026,0,1.666121511280029,0.2926163625525011,0,8.013933739943809e-05,,
OCHEM,logistic,source_holdout_ochem_r4_maccs_fingerprints_knn,source_holdout_ochem_r4,OCHEM,knn,local_similarity,maccs_fingerprints,1.9711943830490226,0,2.0367182809830195,0.6632131322554917,0,2.254643029249528e-06,,
OCHEM,logistic,source_holdout_ochem_r4_maccs_fingerprints_mlp,source_holdout_ochem_r4,OCHEM,mlp,neural_network,maccs_fingerprints,1.7528759159612215,0,1.7913430600534683,0.4178379113259405,0,1.0511620581415447e-05,,
OCHEM,logistic,source_holdout_ochem_r4_maccs_fingerprints_random_forest,source_holdout_ochem_r4,OCHEM,random_forest,tree_ensemble,maccs_fingerprints,1.7915564564872006,0,1.6499751143296795,0.27646996560215165,0,0.0002700824174465378,,
OCHEM,logistic,source_holdout_ochem_r4_maccs_fingerprints_ridge,source_holdout_ochem_r4,OCHEM,ridge,linear,maccs_fingerprints,1.9142106800596301,0,1.881658375038366,0.5081532263108381,0,4.497258596147025e-06,,
OCHEM,logistic,source_holdout_ochem_r4_maccs_fingerprints_svr,source_holdout_ochem_r4,OCHEM,svr,kernel,maccs_fingerprints,1.7571112841885508,0,1.6428078807153588,0.26930273198783095,0,0.0034240217508552232,,
OCHEM,logistic,source_holdout_ochem_r4_maccs_fingerprints_xgboost,source_holdout_ochem_r4,OCHEM,xgboost,tree_ensemble,maccs_fingerprints,1.6961514914480864,0,1.6907245121143604,0.31721936338683254,0,0.012229934732987006,,
OCHEM,logistic,source_holdout_ochem_r4_molecular_graph_chemprop,source_holdout_ochem_r4,OCHEM,chemprop,graph_neural_network,molecular_graph,1.3750087460094036,0,1.4115834337837514,0.03807828505622357,1,0.15660065342499538,,
OCHEM,logistic,source_holdout_ochem_r4_morgan_fingerprints_elastic_net,source_holdout_ochem_r4,OCHEM,elastic_net,linear,morgan_fingerprints,2.005278075151981,0,1.8993304607147297,0.5258253119872018,0,5.78332054111773e-07,,
OCHEM,logistic,source_holdout_ochem_r4_morgan_fingerprints_extra_trees,source_holdout_ochem_r4,OCHEM,extra_trees,tree_ensemble,morgan_fingerprints,1.8740527207657427,0,1.786696012490356,0.4131908637628281,0,8.599244397451577e-06,,
OCHEM,logistic,source_holdout_ochem_r4_morgan_fingerprints_knn,source_holdout_ochem_r4,OCHEM,knn,local_similarity,morgan_fingerprints,2.0126726286921555,0,1.974628105692757,0.6011229569652292,0,3.450029740608539e-06,,
OCHEM,logistic,source_holdout_ochem_r4_morgan_fingerprints_mlp,source_holdout_ochem_r4,OCHEM,mlp,neural_network,morgan_fingerprints,1.9555103339368156,0,1.7949217727359479,0.42141662400842006,0,1.352413392906896e-06,,
OCHEM,logistic,source_holdout_ochem_r4_morgan_fingerprints_random_forest,source_holdout_ochem_r4,OCHEM,random_forest,tree_ensemble,morgan_fingerprints,1.875130576188543,0,1.79596066050577,0.42245551177824225,0,5.8125322122924604e-05,,
OCHEM,logistic,source_holdout_ochem_r4_morgan_fingerprints_ridge,source_holdout_ochem_r4,OCHEM,ridge,linear,morgan_fingerprints,1.8783530670312742,0,1.9521762846887774,0.5786711359612495,0,2.7007441147222383e-06,,
OCHEM,logistic,source_holdout_ochem_r4_morgan_fingerprints_svr,source_holdout_ochem_r4,OCHEM,svr,kernel,morgan_fingerprints,1.7794319413246376,0,1.6742131233729862,0.3007079746454584,0,0.0013693695161657758,,
OCHEM,logistic,source_holdout_ochem_r4_morgan_fingerprints_xgboost,source_holdout_ochem_r4,OCHEM,xgboost,tree_ensemble,morgan_fingerprints,1.821706552712798,0,1.7642283435201778,0.39072319479264994,0,0.0018814800846397174,,
OCHEM,logistic,source_holdout_ochem_r4_rdkit_descriptors_elastic_net,source_holdout_ochem_r4,OCHEM,elastic_net,linear,rdkit_descriptors,1.680093833976969,0,1.6870750252559743,0.3135698765284465,0,0.0008279212149416349,,
OCHEM,logistic,source_holdout_ochem_r4_rdkit_descriptors_esol,source_holdout_ochem_r4,OCHEM,esol,chemistry_equation,rdkit_descriptors,3.464699830916146,0,3.3957980274299855,2.0222928787024577,0,1.3044711246697958e-06,,
OCHEM,logistic,source_holdout_ochem_r4_rdkit_descriptors_extra_trees,source_holdout_ochem_r4,OCHEM,extra_trees,tree_ensemble,rdkit_descriptors,1.5146733357749094,1,1.4063246580826296,0.032819509355101806,1,0.008508899625147032,,
OCHEM,logistic,source_holdout_ochem_r4_rdkit_descriptors_hist_gradient_boosting,source_holdout_ochem_r4,OCHEM,hist_gradient_boosting,tree_ensemble,rdkit_descriptors,1.482801571710474,1,1.4016279959589868,0.02812284723145897,1,0.09986914567961214,,
OCHEM,logistic,source_holdout_ochem_r4_rdkit_descriptors_knn,source_holdout_ochem_r4,OCHEM,knn,local_similarity,rdkit_descriptors,1.7387094541330455,0,1.630968026357037,0.25746287762950915,0,0.0005367019399574568,,
OCHEM,logistic,source_holdout_ochem_r4_rdkit_descriptors_mlp,source_holdout_ochem_r4,OCHEM,mlp,neural_network,rdkit_descriptors,1.5814847327814963,0,1.6362428303174406,0.26273768158991273,0,0.0018970736011847296,,
OCHEM,logistic,source_holdout_ochem_r4_rdkit_descriptors_ngboost,source_holdout_ochem_r4,OCHEM,ngboost,probabilistic_boosting,rdkit_descriptors,1.4558640441929265,0,1.4133971071596023,0.03989195843207449,1,0.16568824485262673,,
OCHEM,logistic,source_holdout_ochem_r4_rdkit_descriptors_random_forest,source_holdout_ochem_r4,OCHEM,random_forest,tree_ensemble,rdkit_descriptors,1.5072999020411884,0,1.4154884779702865,0.041983329242758716,1,0.05831164505478443,,
OCHEM,logistic,source_holdout_ochem_r4_rdkit_descriptors_ridge,source_holdout_ochem_r4,OCHEM,ridge,linear,rdkit_descriptors,1.6857016668360119,0,1.7303769992817066,0.3568718505541788,0,0.0007124915594264428,,
OCHEM,logistic,source_holdout_ochem_r4_rdkit_descriptors_svr,source_holdout_ochem_r4,OCHEM,svr,kernel,rdkit_descriptors,1.532136102320556,0,1.4634044914040278,0.08989934267650002,1,0.4611734440685077,,
OCHEM,logistic,source_holdout_ochem_r4_rdkit_descriptors_xgboost,source_holdout_ochem_r4,OCHEM,xgboost,tree_ensemble,rdkit_descriptors,1.4290691347121565,1,1.3735051487275278,0.0,1,0.7364809653033961,,
OCHEM,logistic,source_holdout_ochem_r5_maccs_fingerprints_elastic_net,source_holdout_ochem_r5,OCHEM,elastic_net,linear,maccs_fingerprints,1.619367070665897,0,1.88915405763135,0.517560272829122,0,1.9577165900356433e-05,,
OCHEM,logistic,source_holdout_ochem_r5_maccs_fingerprints_extra_trees,source_holdout_ochem_r5,OCHEM,extra_trees,tree_ensemble,maccs_fingerprints,1.4875613855266732,0,1.6419709469990216,0.27037716219679364,0,0.00017919134004507458,,
OCHEM,logistic,source_holdout_ochem_r5_maccs_fingerprints_knn,source_holdout_ochem_r5,OCHEM,knn,local_similarity,maccs_fingerprints,1.6238171345814731,0,2.03447615913751,0.6628823743352821,0,1.096520996725548e-05,,
OCHEM,logistic,source_holdout_ochem_r5_maccs_fingerprints_mlp,source_holdout_ochem_r5,OCHEM,mlp,neural_network,maccs_fingerprints,1.4429211644992757,0,1.7550861191827434,0.38349233438051544,0,7.820238529248082e-05,,
OCHEM,logistic,source_holdout_ochem_r5_maccs_fingerprints_random_forest,source_holdout_ochem_r5,OCHEM,random_forest,tree_ensemble,maccs_fingerprints,1.4780402476840755,0,1.6514437333875143,0.27984994858528633,0,0.0012618261628571995,,
OCHEM,logistic,source_holdout_ochem_r5_maccs_fingerprints_ridge,source_holdout_ochem_r5,OCHEM,ridge,linear,maccs_fingerprints,1.6167817003800116,0,1.9138099060864073,0.5422161212841794,0,3.002706344760898e-05,,
OCHEM,logistic,source_holdout_ochem_r5_maccs_fingerprints_svr,source_holdout_ochem_r5,OCHEM,svr,kernel,maccs_fingerprints,1.4236736397819607,0,1.6428079049377924,0.27121412013556445,0,0.019578924256104392,,
OCHEM,logistic,source_holdout_ochem_r5_maccs_fingerprints_xgboost,source_holdout_ochem_r5,OCHEM,xgboost,tree_ensemble,maccs_fingerprints,1.353915541334838,0,1.6927487683149105,0.32115498351268257,0,0.07520854793254966,,
OCHEM,logistic,source_holdout_ochem_r5_molecular_graph_chemprop,source_holdout_ochem_r5,OCHEM,chemprop,graph_neural_network,molecular_graph,1.2465010020230645,1,1.4048218435240136,0.03322805872178569,1,0.2229732342382501,,
OCHEM,logistic,source_holdout_ochem_r5_morgan_fingerprints_elastic_net,source_holdout_ochem_r5,OCHEM,elastic_net,linear,morgan_fingerprints,1.8507224020758897,0,1.8993304607147297,0.5277366759125017,0,8.560045586623391e-07,,
OCHEM,logistic,source_holdout_ochem_r5_morgan_fingerprints_extra_trees,source_holdout_ochem_r5,OCHEM,extra_trees,tree_ensemble,morgan_fingerprints,1.5979692128889664,0,1.7595472853247784,0.3879535005225505,0,3.873399235048812e-05,,
OCHEM,logistic,source_holdout_ochem_r5_morgan_fingerprints_knn,source_holdout_ochem_r5,OCHEM,knn,local_similarity,morgan_fingerprints,1.8836912840869613,0,1.974659151987597,0.603065367185369,0,6.082719100590241e-06,,
OCHEM,logistic,source_holdout_ochem_r5_morgan_fingerprints_mlp,source_holdout_ochem_r5,OCHEM,mlp,neural_network,morgan_fingerprints,1.727528212657293,0,1.9159466349481837,0.5443528501459558,0,4.25441934707297e-06,,
OCHEM,logistic,source_holdout_ochem_r5_morgan_fingerprints_random_forest,source_holdout_ochem_r5,OCHEM,random_forest,tree_ensemble,morgan_fingerprints,1.6038598423997508,0,1.7846644323595633,0.41307064755733536,0,0.0002968255375881683,,
OCHEM,logistic,source_holdout_ochem_r5_morgan_fingerprints_ridge,source_holdout_ochem_r5,OCHEM,ridge,linear,morgan_fingerprints,1.7324072104465105,0,1.9521733849605858,0.5805796001583579,0,4.5052222605553e-06,,
OCHEM,logistic,source_holdout_ochem_r5_morgan_fingerprints_svr,source_holdout_ochem_r5,OCHEM,svr,kernel,morgan_fingerprints,1.4631360950012497,0,1.6704445506120462,0.2988507658098183,0,0.00825346934337545,,
OCHEM,logistic,source_holdout_ochem_r5_morgan_fingerprints_xgboost,source_holdout_ochem_r5,OCHEM,xgboost,tree_ensemble,morgan_fingerprints,1.6512229836991774,0,1.7624949359114965,0.3909011511092686,0,0.004489962004233311,,
OCHEM,logistic,source_holdout_ochem_r5_rdkit_descriptors_elastic_net,source_holdout_ochem_r5,OCHEM,elastic_net,linear,rdkit_descriptors,1.5304073366448232,0,1.687075025255979,0.31548124045375103,0,0.0016208612074278537,,
OCHEM,logistic,source_holdout_ochem_r5_rdkit_descriptors_esol,source_holdout_ochem_r5,OCHEM,esol,chemistry_equation,rdkit_descriptors,3.808436926115766,0,3.3957980274299855,2.0242042426277576,0,5.012129376707514e-07,,
OCHEM,logistic,source_holdout_ochem_r5_rdkit_descriptors_extra_trees,source_holdout_ochem_r5,OCHEM,extra_trees,tree_ensemble,rdkit_descriptors,1.3312276623701549,0,1.4450463461400436,0.07345256133781564,1,0.05313390415609905,,
OCHEM,logistic,source_holdout_ochem_r5_rdkit_descriptors_hist_gradient_boosting,source_holdout_ochem_r5,OCHEM,hist_gradient_boosting,tree_ensemble,rdkit_descriptors,1.294332372410746,1,1.4026256586939407,0.031031873891712802,1,0.5546489450296364,,
OCHEM,logistic,source_holdout_ochem_r5_rdkit_descriptors_knn,source_holdout_ochem_r5,OCHEM,knn,local_similarity,rdkit_descriptors,1.5755307581568,0,1.6309752801247568,0.25938149532252885,0,0.0016391387458631452,,
OCHEM,logistic,source_holdout_ochem_r5_rdkit_descriptors_mlp,source_holdout_ochem_r5,OCHEM,mlp,neural_network,rdkit_descriptors,1.3114107429203363,0,1.6627130477322225,0.29111926292999457,0,0.0072171308980723365,,
OCHEM,logistic,source_holdout_ochem_r5_rdkit_descriptors_ngboost,source_holdout_ochem_r5,OCHEM,ngboost,probabilistic_boosting,rdkit_descriptors,1.3280663678127842,0,1.420643385186992,0.049049600384764025,1,0.27554993961356117,,
OCHEM,logistic,source_holdout_ochem_r5_rdkit_descriptors_random_forest,source_holdout_ochem_r5,OCHEM,random_forest,tree_ensemble,rdkit_descriptors,1.3076921762654288,0,1.4367382963529547,0.06514451155072676,1,0.3132570181273381,,
OCHEM,logistic,source_holdout_ochem_r5_rdkit_descriptors_ridge,source_holdout_ochem_r5,OCHEM,ridge,linear,rdkit_descriptors,1.5205156974711502,0,1.6589776900665876,0.28738390526435964,0,0.0026436095934009654,,
OCHEM,logistic,source_holdout_ochem_r5_rdkit_descriptors_svr,source_holdout_ochem_r5,OCHEM,svr,kernel,rdkit_descriptors,1.2771626401964924,0,1.4634073133518466,0.09181352854961866,1,0.745003392381622,,
OCHEM,logistic,source_holdout_ochem_r5_rdkit_descriptors_xgboost,source_holdout_ochem_r5,OCHEM,xgboost,tree_ensemble,rdkit_descriptors,1.2538240766093485,1,1.371593784802228,0.0,1,0.8694513211721308,,
OCHEM,bayesian_logistic_laplace,source_holdout_ochem_r1_maccs_fingerprints_elastic_net,source_holdout_ochem_r1,OCHEM,elastic_net,linear,maccs_fingerprints,1.713776809330143,0,1.8891540576313495,0.5274776554389458,0,0.3446151513159565,3.574871477838883e-30,1.0
OCHEM,bayesian_logistic_laplace,source_holdout_ochem_r1_maccs_fingerprints_extra_trees,source_holdout_ochem_r1,OCHEM,extra_trees,tree_ensemble,maccs_fingerprints,1.5287725009098025,0,1.6569874314631503,0.2953110292707466,0,0.3792896625014011,7.6668606497997e-29,1.0
OCHEM,bayesian_logistic_laplace,source_holdout_ochem_r1_maccs_fingerprints_knn,source_holdout_ochem_r1,OCHEM,knn,local_similarity,maccs_fingerprints,1.7109720582007102,0,2.0334400143642557,0.671763612171852,0,0.34297226426562394,2.9318931732008823e-30,1.0
OCHEM,bayesian_logistic_laplace,source_holdout_ochem_r1_maccs_fingerprints_mlp,source_holdout_ochem_r1,OCHEM,mlp,neural_network,maccs_fingerprints,1.5161583950852207,0,1.7022140560335062,0.34053765384110246,0,0.36172635377959655,1.7677680728790945e-29,1.0
OCHEM,bayesian_logistic_laplace,source_holdout_ochem_r1_maccs_fingerprints_random_forest,source_holdout_ochem_r1,OCHEM,random_forest,tree_ensemble,maccs_fingerprints,1.527442615094955,0,1.6567409970656857,0.29506459487328196,0,0.40468091202620016,5.323004641520783e-28,1.0
OCHEM,bayesian_logistic_laplace,source_holdout_ochem_r1_maccs_fingerprints_ridge,source_holdout_ochem_r1,OCHEM,ridge,linear,maccs_fingerprints,1.717318227742543,0,1.881656800376438,0.5199803981840343,0,0.3483885315020336,5.969028701151401e-30,1.0
OCHEM,bayesian_logistic_laplace,source_holdout_ochem_r1_maccs_fingerprints_svr,source_holdout_ochem_r1,OCHEM,svr,kernel,maccs_fingerprints,1.4515065678216155,0,1.6442736992748002,0.28259729708239645,0,0.4461544916269968,1.1078686139280324e-26,1.0
OCHEM,bayesian_logistic_laplace,source_holdout_ochem_r1_maccs_fingerprints_xgboost,source_holdout_ochem_r1,OCHEM,xgboost,tree_ensemble,maccs_fingerprints,1.4354479286702073,0,1.673460204439858,0.3117838022474544,0,0.4572000714423464,2.4875586349289994e-26,1.0
OCHEM,bayesian_logistic_laplace,source_holdout_ochem_r1_molecular_graph_chemprop,source_holdout_ochem_r1,OCHEM,chemprop,graph_neural_network,molecular_graph,1.2299599995875403,0,1.4202762585358122,0.058599856343408474,1,0.4808605561654435,1.409376025151638e-25,1.0
OCHEM,bayesian_logistic_laplace,source_holdout_ochem_r1_morgan_fingerprints_elastic_net,source_holdout_ochem_r1,OCHEM,elastic_net,linear,morgan_fingerprints,1.857393701735928,0,1.8993304607147297,0.537654058522326,0,0.32072655644292364,4.508612613325162e-32,1.0
OCHEM,bayesian_logistic_laplace,source_holdout_ochem_r1_morgan_fingerprints_extra_trees,source_holdout_ochem_r1,OCHEM,extra_trees,tree_ensemble,morgan_fingerprints,1.5914858112925983,0,1.7635519826300183,0.4018755804376146,0,0.36243981416227694,1.993790053960628e-29,1.0
OCHEM,bayesian_logistic_laplace,source_holdout_ochem_r1_morgan_fingerprints_knn,source_holdout_ochem_r1,OCHEM,knn,local_similarity,morgan_fingerprints,1.8855148254349436,0,1.94632032253509,0.5846439203426863,0,0.3182506399585815,4.110952115638041e-31,1.0
OCHEM,bayesian_logistic_laplace,source_holdout_ochem_r1_morgan_fingerprints_mlp,source_holdout_ochem_r1,OCHEM,mlp,neural_network,morgan_fingerprints,1.852380563421626,0,1.8583235520687977,0.496647149876394,0,0.31799368172211606,4.772549577556787e-31,1.0
OCHEM,bayesian_logistic_laplace,source_holdout_ochem_r1_morgan_fingerprints_random_forest,source_holdout_ochem_r1,OCHEM,random_forest,tree_ensemble,morgan_fingerprints,1.6413679009582858,0,1.7846098791857061,0.4229334769933024,0,0.3840769697104542,1.069393751791939e-28,1.0
OCHEM,bayesian_logistic_laplace,source_holdout_ochem_r1_morgan_fingerprints_ridge,source_holdout_ochem_r1,OCHEM,ridge,linear,morgan_fingerprints,1.7397207950709253,0,1.952186066552298,0.5905096643598944,0,0.332784149327755,1.6340684607761294e-30,1.0
OCHEM,bayesian_logistic_laplace,source_holdout_ochem_r1_morgan_fingerprints_svr,source_holdout_ochem_r1,OCHEM,svr,kernel,morgan_fingerprints,1.5601491312032203,0,1.6704445506120458,0.30876814841964206,0,0.42360191786667906,2.0620546259164634e-27,1.0
OCHEM,bayesian_logistic_laplace,source_holdout_ochem_r1_morgan_fingerprints_xgboost,source_holdout_ochem_r1,OCHEM,xgboost,tree_ensemble,morgan_fingerprints,1.662995252533689,0,1.7653259668572716,0.4036495646648679,0,0.42354182646018973,2.026740625928955e-27,1.0
OCHEM,bayesian_logistic_laplace,source_holdout_ochem_r1_rdkit_descriptors_elastic_net,source_holdout_ochem_r1,OCHEM,elastic_net,linear,rdkit_descriptors,1.5278578483485203,0,1.6870750252559772,0.3253986230635735,0,0.4095620949702768,5.40965260863549e-28,1.0
OCHEM,bayesian_logistic_laplace,source_holdout_ochem_r1_rdkit_descriptors_esol,source_holdout_ochem_r1,OCHEM,esol,chemistry_equation,rdkit_descriptors,3.7689700963518433,0,3.3957980274299855,2.0341216252375816,0,0.3067480076310408,3.1726442897041985e-32,1.0
OCHEM,bayesian_logistic_laplace,source_holdout_ochem_r1_rdkit_descriptors_extra_trees,source_holdout_ochem_r1,OCHEM,extra_trees,tree_ensemble,rdkit_descriptors,1.294746589290713,0,1.4160339175351997,0.05435751534279598,1,0.4475171454701491,1.228207273238509e-26,1.0
OCHEM,bayesian_logistic_laplace,source_holdout_ochem_r1_rdkit_descriptors_hist_gradient_boosting,source_holdout_ochem_r1,OCHEM,hist_gradient_boosting,tree_ensemble,rdkit_descriptors,1.2923848361761776,1,1.3979299670046266,0.03625356481222286,1,0.49875005598445515,5.004505752703828e-25,1.0
OCHEM,bayesian_logistic_laplace,source_holdout_ochem_r1_rdkit_descriptors_knn,source_holdout_ochem_r1,OCHEM,knn,local_similarity,rdkit_descriptors,1.480951278916819,0,1.685254746077652,0.3235783438852482,0,0.40639431285595057,4.0204340142968327e-28,1.0
OCHEM,bayesian_logistic_laplace,source_holdout_ochem_r1_rdkit_descriptors_mlp,source_holdout_ochem_r1,OCHEM,mlp,neural_network,rdkit_descriptors,1.3685494646177796,0,1.8066155410753166,0.4449391388829129,0,0.42582461159678997,2.257747505213218e-27,1.0
OCHEM,bayesian_logistic_laplace,source_holdout_ochem_r1_rdkit_descriptors_ngboost,source_holdout_ochem_r1,OCHEM,ngboost,probabilistic_boosting,rdkit_descriptors,1.250645038510222,0,1.4271065185182301,0.0654301163258264,1,0.48322632921888836,1.6537026855655548e-25,1.0
OCHEM,bayesian_logistic_laplace,source_holdout_ochem_r1_rdkit_descriptors_random_forest,source_holdout_ochem_r1,OCHEM,random_forest,tree_ensemble,rdkit_descriptors,1.2717695783520495,1,1.4159897666090708,0.05431336441666712,1,0.4770843803078289,1.064783643581481e-25,1.0
OCHEM,bayesian_logistic_laplace,source_holdout_ochem_r1_rdkit_descriptors_ridge,source_holdout_ochem_r1,OCHEM,ridge,linear,rdkit_descriptors,1.5155878167202868,0,1.6818608897462328,0.3201844875538291,0,0.41522623019258614,1.0060553732567548e-27,1.0
OCHEM,bayesian_logistic_laplace,source_holdout_ochem_r1_rdkit_descriptors_svr,source_holdout_ochem_r1,OCHEM,svr,kernel,rdkit_descriptors,1.2718403934542388,0,1.4609556482074635,0.09927924601505977,1,0.5100316366618955,1.1389277018137504e-24,1.0
OCHEM,bayesian_logistic_laplace,source_holdout_ochem_r1_rdkit_descriptors_xgboost,source_holdout_ochem_r1,OCHEM,xgboost,tree_ensemble,rdkit_descriptors,1.2179572863675776,1,1.3616764021924037,0.0,1,0.5268027761261296,3.7408629689561915e-24,1.0
OCHEM,bayesian_logistic_laplace,source_holdout_ochem_r2_maccs_fingerprints_elastic_net,source_holdout_ochem_r2,OCHEM,elastic_net,linear,maccs_fingerprints,1.8888889957120791,0,1.889154057631351,0.5256080509785892,0,0.33000893530956443,1.0856423357938459e-30,1.0
OCHEM,bayesian_logistic_laplace,source_holdout_ochem_r2_maccs_fingerprints_extra_trees,source_holdout_ochem_r2,OCHEM,extra_trees,tree_ensemble,maccs_fingerprints,1.6998490298580406,0,1.690353623929353,0.32680761727659124,0,0.372673821310891,4.696047238132386e-29,1.0
OCHEM,bayesian_logistic_laplace,source_holdout_ochem_r2_maccs_fingerprints_knn,source_holdout_ochem_r2,OCHEM,knn,local_similarity,maccs_fingerprints,1.9573157557056267,0,1.983957280588026,0.6204112739352641,0,0.32717797508834345,9.015378068264921e-31,1.0
OCHEM,bayesian_logistic_laplace,source_holdout_ochem_r2_maccs_fingerprints_mlp,source_holdout_ochem_r2,OCHEM,mlp,neural_network,maccs_fingerprints,1.704154401764838,0,1.7109812910655755,0.3474352844128137,0,0.3469084781218132,5.510109267909989e-30,1.0
OCHEM,bayesian_logistic_laplace,source_holdout_ochem_r2_maccs_fingerprints_random_forest,source_holdout_ochem_r2,OCHEM,random_forest,tree_ensemble,maccs_fingerprints,1.7088391483822187,0,1.7089973658650865,0.3454513592123247,0,0.39769340300320644,3.1459594689913156e-28,1.0
OCHEM,bayesian_logistic_laplace,source_holdout_ochem_r2_maccs_fingerprints_ridge,source_holdout_ochem_r2,OCHEM,ridge,linear,maccs_fingerprints,1.8450727840517336,0,1.8816589602139735,0.5181129535612117,0,0.33670430151900227,2.3319031740821655e-30,1.0
OCHEM,bayesian_logistic_laplace,source_holdout_ochem_r2_maccs_fingerprints_svr,source_holdout_ochem_r2,OCHEM,svr,kernel,maccs_fingerprints,1.63599431510426,0,1.6442736992748022,0.28072769262204034,0,0.42861363265042285,3.0914872129813025e-27,1.0
OCHEM,bayesian_logistic_laplace,source_holdout_ochem_r2_maccs_fingerprints_xgboost,source_holdout_ochem_r2,OCHEM,xgboost,tree_ensemble,maccs_fingerprints,1.6293567229196122,0,1.6698421031461916,0.3062960964934298,0,0.43863812147083076,6.556996159299109e-27,1.0
OCHEM,bayesian_logistic_laplace,source_holdout_ochem_r2_molecular_graph_chemprop,source_holdout_ochem_r2,OCHEM,chemprop,graph_neural_network,molecular_graph,1.381245806933897,1,1.3949408868911988,0.03139488023843695,1,0.47159006054381186,7.310411914580554e-26,1.0
OCHEM,bayesian_logistic_laplace,source_holdout_ochem_r2_morgan_fingerprints_elastic_net,source_holdout_ochem_r2,OCHEM,elastic_net,linear,morgan_fingerprints,1.8827169011713982,0,1.8993304607147294,0.5357844540619676,0,0.32085736456601305,4.6385689301065775e-32,1.0
OCHEM,bayesian_logistic_laplace,source_holdout_ochem_r2_morgan_fingerprints_extra_trees,source_holdout_ochem_r2,OCHEM,extra_trees,tree_ensemble,morgan_fingerprints,1.855595047162771,0,1.7600648139361492,0.3965188072833874,0,0.33750309654236355,2.7015227832390787e-30,1.0
OCHEM,bayesian_logistic_laplace,source_holdout_ochem_r2_morgan_fingerprints_knn,source_holdout_ochem_r2,OCHEM,knn,local_similarity,morgan_fingerprints,1.9799815040322242,0,1.943041247315168,0.5794952406624061,0,0.311065731644265,2.230719121830573e-31,1.0
OCHEM,bayesian_logistic_laplace,source_holdout_ochem_r2_morgan_fingerprints_mlp,source_holdout_ochem_r2,OCHEM,mlp,neural_network,morgan_fingerprints,1.8670253874208775,0,1.9332694353704087,0.5697234287176469,0,0.3260521833414252,9.637548146410555e-31,1.0
OCHEM,bayesian_logistic_laplace,source_holdout_ochem_r2_morgan_fingerprints_random_forest,source_holdout_ochem_r2,OCHEM,random_forest,tree_ensemble,morgan_fingerprints,1.8358633723672182,0,1.7822734041270802,0.4187273974743184,0,0.3638359396100745,2.2379139215228487e-29,1.0
OCHEM,bayesian_logistic_laplace,source_holdout_ochem_r2_morgan_fingerprints_ridge,source_holdout_ochem_r2,OCHEM,ridge,linear,morgan_fingerprints,1.7685787902236667,0,1.9521899112641143,0.5886439046113525,0,0.3347182528408863,1.9498463699432675e-30,1.0
OCHEM,bayesian_logistic_laplace,source_holdout_ochem_r2_morgan_fingerprints_svr,source_holdout_ochem_r2,OCHEM,svr,kernel,morgan_fingerprints,1.713656315705145,0,1.670444550612044,0.3068985439592822,0,0.41028402271065434,7.725763998966604e-28,1.0
OCHEM,bayesian_logistic_laplace,source_holdout_ochem_r2_morgan_fingerprints_xgboost,source_holdout_ochem_r2,OCHEM,xgboost,tree_ensemble,morgan_fingerprints,1.7723004368513897,0,1.7982961366175847,0.4347501299648229,0,0.45380768347130285,1.6751132835089617e-27,1.0
OCHEM,bayesian_logistic_laplace,source_holdout_ochem_r2_rdkit_descriptors_elastic_net,source_holdout_ochem_r2,OCHEM,elastic_net,linear,rdkit_descriptors,1.6824127861712221,0,1.6870750252559763,0.3235290186032145,0,0.39782970259594824,2.2545983210064e-28,1.0
OCHEM,bayesian_logistic_laplace,source_holdout_ochem_r2_rdkit_descriptors_esol,source_holdout_ochem_r2,OCHEM,esol,chemistry_equation,rdkit_descriptors,3.9057146617999585,0,3.3957980274299855,2.0322520207772237,0,0.30203208205351423,1.8512729634564614e-32,1.0
OCHEM,bayesian_logistic_laplace,source_holdout_ochem_r2_rdkit_descriptors_extra_trees,source_holdout_ochem_r2,OCHEM,extra_trees,tree_ensemble,rdkit_descriptors,1.5309915108702732,0,1.4130303137877258,0.04948430713496399,1,0.43100037507351435,3.708298771188747e-27,1.0
OCHEM,bayesian_logistic_laplace,source_holdout_ochem_r2_rdkit_descriptors_hist_gradient_boosting,source_holdout_ochem_r2,OCHEM,hist_gradient_boosting,tree_ensemble,rdkit_descriptors,1.4827651719719182,1,1.398087093957481,0.034541087304719165,1,0.5013512318264907,6.0895216912529e-25,1.0
OCHEM,bayesian_logistic_laplace,source_holdout_ochem_r2_rdkit_descriptors_knn,source_holdout_ochem_r2,OCHEM,knn,local_similarity,rdkit_descriptors,1.681369974577068,0,1.6309730873361397,0.26742708068337784,0,0.4026396675707402,3.455691437777222e-28,1.0
OCHEM,bayesian_logistic_laplace,source_holdout_ochem_r2_rdkit_descriptors_mlp,source_holdout_ochem_r2,OCHEM,mlp,neural_network,rdkit_descriptors,1.586133312130139,0,1.6003821531838576,0.23683614653109575,0,0.41201997543870333,8.135173463699141e-28,1.0
OCHEM,bayesian_logistic_laplace,source_holdout_ochem_r2_rdkit_descriptors_ngboost,source_holdout_ochem_r2,OCHEM,ngboost,probabilistic_boosting,rdkit_descriptors,1.5273494211030296,0,1.4296439017892808,0.06609789513651898,1,0.4698984246793564,6.380619784354407e-26,1.0
OCHEM,bayesian_logistic_laplace,source_holdout_ochem_r2_rdkit_descriptors_random_forest,source_holdout_ochem_r2,OCHEM,random_forest,tree_ensemble,rdkit_descriptors,1.545496077513943,0,1.4180323848881722,0.05448637823541036,1,0.4568087371426383,2.4810101463643363e-26,1.0
OCHEM,bayesian_logistic_laplace,source_holdout_ochem_r2_rdkit_descriptors_ridge,source_holdout_ochem_r2,OCHEM,ridge,linear,rdkit_descriptors,1.6841614913070884,0,1.7303897821150913,0.3668437754623295,0,0.39654723758599225,1.4763246479821438e-28,1.0
OCHEM,bayesian_logistic_laplace,source_holdout_ochem_r2_rdkit_descriptors_svr,source_holdout_ochem_r2,OCHEM,svr,kernel,rdkit_descriptors,1.5215245816385796,0,1.4634073133518488,0.099861306699087,1,0.4948298899847556,3.7485477723485146e-25,1.0
OCHEM,bayesian_logistic_laplace,source_holdout_ochem_r2_rdkit_descriptors_xgboost,source_holdout_ochem_r2,OCHEM,xgboost,tree_ensemble,rdkit_descriptors,1.4573382983866274,1,1.3635460066527618,0.0,1,0.5107494409489461,1.1943629796832304e-24,1.0
OCHEM,bayesian_logistic_laplace,source_holdout_ochem_r3_maccs_fingerprints_elastic_net,source_holdout_ochem_r3,OCHEM,elastic_net,linear,maccs_fingerprints,1.8394548149284786,0,1.889154057631349,0.5145278641344087,0,0.3318326158959178,1.2822819652126478e-30,1.0
OCHEM,bayesian_logistic_laplace,source_holdout_ochem_r3_maccs_fingerprints_extra_trees,source_holdout_ochem_r3,OCHEM,extra_trees,tree_ensemble,maccs_fingerprints,1.5065456053930617,0,1.650788160575714,0.2761619670787736,0,0.38147814007187325,9.400920893595286e-29,1.0
OCHEM,bayesian_logistic_laplace,source_holdout_ochem_r3_maccs_fingerprints_knn,source_holdout_ochem_r3,OCHEM,knn,local_similarity,maccs_fingerprints,1.7101034463666764,0,1.9854513673951637,0.6108251738982233,0,0.3509011284786967,6.573714610288604e-30,1.0
OCHEM,bayesian_logistic_laplace,source_holdout_ochem_r3_maccs_fingerprints_mlp,source_holdout_ochem_r3,OCHEM,mlp,neural_network,maccs_fingerprints,1.5834919915167285,0,1.7861041893825105,0.4114779958855701,0,0.35692955701697104,1.2518022506508489e-29,1.0
OCHEM,bayesian_logistic_laplace,source_holdout_ochem_r3_maccs_fingerprints_random_forest,source_holdout_ochem_r3,OCHEM,random_forest,tree_ensemble,maccs_fingerprints,1.4930307398741094,0,1.6566562925910795,0.2820300990941391,0,0.4081980839406507,7.1683818429863615e-28,1.0
OCHEM,bayesian_logistic_laplace,source_holdout_ochem_r3_maccs_fingerprints_ridge,source_holdout_ochem_r3,OCHEM,ridge,linear,maccs_fingerprints,1.829212126943116,0,1.9248205314393643,0.5501943379424239,0,0.3373017045036096,2.459961938241929e-30,1.0
OCHEM,bayesian_logistic_laplace,source_holdout_ochem_r3_maccs_fingerprints_svr,source_holdout_ochem_r3,OCHEM,svr,kernel,maccs_fingerprints,1.5213952615934168,0,1.644273699274802,0.26964750577786156,0,0.4410611264688652,7.883963471508908e-27,1.0
OCHEM,bayesian_logistic_laplace,source_holdout_ochem_r3_maccs_fingerprints_xgboost,source_holdout_ochem_r3,OCHEM,xgboost,tree_ensemble,maccs_fingerprints,1.4817985307905517,0,1.6657140085363786,0.29108781503943826,0,0.4525101930150508,1.8420528954877563e-26,1.0
OCHEM,bayesian_logistic_laplace,source_holdout_ochem_r3_molecular_graph_chemprop,source_holdout_ochem_r3,OCHEM,chemprop,graph_neural_network,molecular_graph,1.4847089950076795,1,1.3746261934969404,0.0,1,0.4644940762762614,4.4400848626373397e-26,1.0
OCHEM,bayesian_logistic_laplace,source_holdout_ochem_r3_morgan_fingerprints_elastic_net,source_holdout_ochem_r3,OCHEM,elastic_net,linear,morgan_fingerprints,1.8881731434580284,0,1.8993304607147297,0.5247042672177893,0,0.3210684748653576,4.8181771083866055e-32,1.0
OCHEM,bayesian_logistic_laplace,source_holdout_ochem_r3_morgan_fingerprints_extra_trees,source_holdout_ochem_r3,OCHEM,extra_trees,tree_ensemble,morgan_fingerprints,1.6787770837966238,0,1.7756340673820288,0.4010078738850884,0,0.355881071938416,1.2311513571460212e-29,1.0
OCHEM,bayesian_logistic_laplace,source_holdout_ochem_r3_morgan_fingerprints_knn,source_holdout_ochem_r3,OCHEM,knn,local_similarity,morgan_fingerprints,1.8349662457983056,0,1.9446973234167626,0.5700711299198222,0,0.3298481857115299,1.1462419419728751e-30,1.0
OCHEM,bayesian_logistic_laplace,source_holdout_ochem_r3_morgan_fingerprints_mlp,source_holdout_ochem_r3,OCHEM,mlp,neural_network,morgan_fingerprints,1.856376457751619,0,1.780332619706324,0.4057064262093837,0,0.32609532502155136,9.871486502118132e-31,1.0
OCHEM,bayesian_logistic_laplace,source_holdout_ochem_r3_morgan_fingerprints_random_forest,source_holdout_ochem_r3,OCHEM,random_forest,tree_ensemble,morgan_fingerprints,1.7442255790838481,0,1.7837171336162276,0.40909094011928726,0,0.3760572637495586,5.987401048534172e-29,1.0
OCHEM,bayesian_logistic_laplace,source_holdout_ochem_r3_morgan_fingerprints_ridge,source_holdout_ochem_r3,OCHEM,ridge,linear,morgan_fingerprints,1.8947767847936734,0,1.826296655170082,0.45167046167314173,0,0.31891677327455886,2.9846270265458905e-31,1.0
OCHEM,bayesian_logistic_laplace,source_holdout_ochem_r3_morgan_fingerprints_svr,source_holdout_ochem_r3,OCHEM,svr,kernel,morgan_fingerprints,1.6846985097343132,0,1.670444550612044,0.2958183571151036,0,0.4131873072853946,9.799927650153916e-28,1.0
OCHEM,bayesian_logistic_laplace,source_holdout_ochem_r3_morgan_fingerprints_xgboost,source_holdout_ochem_r3,OCHEM,xgboost,tree_ensemble,morgan_fingerprints,1.7314599251843767,0,1.765304636781744,0.3906784432848036,0,0.4186697634588103,1.457076161593911e-27,1.0
OCHEM,bayesian_logistic_laplace,source_holdout_ochem_r3_rdkit_descriptors_elastic_net,source_holdout_ochem_r3,OCHEM,elastic_net,linear,rdkit_descriptors,1.6602332103389978,0,1.6870750252559805,0.31244883175904015,0,0.4043151603284045,3.7482238963920853e-28,1.0
OCHEM,bayesian_logistic_laplace,source_holdout_ochem_r3_rdkit_descriptors_esol,source_holdout_ochem_r3,OCHEM,esol,chemistry_equation,rdkit_descriptors,4.254078436531162,0,3.3957980274299855,2.021171833933045,0,0.2885314803675579,3.033505803913761e-33,1.0
OCHEM,bayesian_logistic_laplace,source_holdout_ochem_r3_rdkit_descriptors_extra_trees,source_holdout_ochem_r3,OCHEM,extra_trees,tree_ensemble,rdkit_descriptors,1.4750512007331686,1,1.4120566426191425,0.03743044912220217,1,0.4375314133844851,6.107360665383613e-27,1.0
OCHEM,bayesian_logistic_laplace,source_holdout_ochem_r3_rdkit_descriptors_hist_gradient_boosting,source_holdout_ochem_r3,OCHEM,hist_gradient_boosting,tree_ensemble,rdkit_descriptors,1.356987194454862,0,1.4208380283110098,0.04621183481406943,1,0.5113147656867514,1.2672162642277518e-24,1.0
OCHEM,bayesian_logistic_laplace,source_holdout_ochem_r3_rdkit_descriptors_knn,source_holdout_ochem_r3,OCHEM,knn,local_similarity,rdkit_descriptors,1.5712583161644549,0,1.6852729712853187,0.31064677778837835,0,0.4056765456029944,3.933033805794237e-28,1.0
OCHEM,bayesian_logistic_laplace,source_holdout_ochem_r3_rdkit_descriptors_mlp,source_holdout_ochem_r3,OCHEM,mlp,neural_network,rdkit_descriptors,1.3401502156041698,0,1.6213533071161284,0.24672711361918798,0,0.4300904456326914,3.155516225809296e-27,1.0
OCHEM,bayesian_logistic_laplace,source_holdout_ochem_r3_rdkit_descriptors_ngboost,source_holdout_ochem_r3,OCHEM,ngboost,probabilistic_boosting,rdkit_descriptors,1.4418035071519264,0,1.4260467514645832,0.05142055796764278,1,0.4778655622626522,1.154376743721808e-25,1.0
OCHEM,bayesian_logistic_laplace,source_holdout_ochem_r3_rdkit_descriptors_random_forest,source_holdout_ochem_r3,OCHEM,random_forest,tree_ensemble,rdkit_descriptors,1.4635245757713053,0,1.4298676064904525,0.05524141299351215,1,0.47673526713801234,1.069230985807149e-25,1.0
OCHEM,bayesian_logistic_laplace,source_holdout_ochem_r3_rdkit_descriptors_ridge,source_holdout_ochem_r3,OCHEM,ridge,linear,rdkit_descriptors,1.6105236622533434,0,1.6592515505112542,0.2846253570143138,0,0.41480606000871884,9.994203535184821e-28,1.0
OCHEM,bayesian_logistic_laplace,source_holdout_ochem_r3_rdkit_descriptors_svr,source_holdout_ochem_r3,OCHEM,svr,kernel,rdkit_descriptors,1.3337273967638725,0,1.4609562977992365,0.08633010430229615,1,0.507763525289451,9.951783112417086e-25,1.0
OCHEM,bayesian_logistic_laplace,source_holdout_ochem_r3_rdkit_descriptors_xgboost,source_holdout_ochem_r3,OCHEM,xgboost,tree_ensemble,rdkit_descriptors,1.4017919759160127,1,1.3855093165938166,0.010883123096876224,1,0.5185256600425099,2.096377280250021e-24,1.0
OCHEM,bayesian_logistic_laplace,source_holdout_ochem_r4_maccs_fingerprints_elastic_net,source_holdout_ochem_r4,OCHEM,elastic_net,linear,maccs_fingerprints,1.925940803954127,0,1.8891540576313506,0.5156489089038228,0,0.3305492486244702,1.0895743078877482e-30,1.0
OCHEM,bayesian_logistic_laplace,source_holdout_ochem_r4_maccs_fingerprints_extra_trees,source_holdout_ochem_r4,OCHEM,extra_trees,tree_ensemble,maccs_fingerprints,1.7841950529077026,0,1.666121511280029,0.2926163625525011,0,0.37133890073948794,4.050454414187287e-29,1.0
OCHEM,bayesian_logistic_laplace,source_holdout_ochem_r4_maccs_fingerprints_knn,source_holdout_ochem_r4,OCHEM,knn,local_similarity,maccs_fingerprints,1.9711943830490226,0,2.0367182809830195,0.6632131322554917,0,0.32722894987099244,7.685457795688734e-31,1.0
OCHEM,bayesian_logistic_laplace,source_holdout_ochem_r4_maccs_fingerprints_mlp,source_holdout_ochem_r4,OCHEM,mlp,neural_network,maccs_fingerprints,1.7528759159612215,0,1.7913430600534683,0.4178379113259405,0,0.3455702783143631,4.739080477547433e-30,1.0
OCHEM,bayesian_logistic_laplace,source_holdout_ochem_r4_maccs_fingerprints_random_forest,source_holdout_ochem_r4,OCHEM,random_forest,tree_ensemble,maccs_fingerprints,1.7915564564872006,0,1.6499751143296795,0.27646996560215165,0,0.38728497181262755,1.3807608774516467e-28,1.0
OCHEM,bayesian_logistic_laplace,source_holdout_ochem_r4_maccs_fingerprints_ridge,source_holdout_ochem_r4,OCHEM,ridge,linear,maccs_fingerprints,1.9142106800596301,0,1.881658375038366,0.5081532263108381,0,0.335061209573454,1.948833368587999e-30,1.0
OCHEM,bayesian_logistic_laplace,source_holdout_ochem_r4_maccs_fingerprints_svr,source_holdout_ochem_r4,OCHEM,svr,kernel,maccs_fingerprints,1.7571112841885508,0,1.6428078807153588,0.26930273198783095,0,0.42144078773216953,1.7879727460072528e-27,1.0
OCHEM,bayesian_logistic_laplace,source_holdout_ochem_r4_maccs_fingerprints_xgboost,source_holdout_ochem_r4,OCHEM,xgboost,tree_ensemble,maccs_fingerprints,1.6961514914480864,0,1.6907245121143604,0.31721936338683254,0,0.4389959106071275,6.402536890156331e-27,1.0
OCHEM,bayesian_logistic_laplace,source_holdout_ochem_r4_molecular_graph_chemprop,source_holdout_ochem_r4,OCHEM,chemprop,graph_neural_network,molecular_graph,1.3750087460094036,0,1.4115834337837514,0.03807828505622357,1,0.4764909830993842,1.00721612568484e-25,1.0
OCHEM,bayesian_logistic_laplace,source_holdout_ochem_r4_morgan_fingerprints_elastic_net,source_holdout_ochem_r4,OCHEM,elastic_net,linear,morgan_fingerprints,2.005278075151981,0,1.8993304607147297,0.5258253119872018,0,0.316381141104999,2.990601879524457e-32,1.0
OCHEM,bayesian_logistic_laplace,source_holdout_ochem_r4_morgan_fingerprints_extra_trees,source_holdout_ochem_r4,OCHEM,extra_trees,tree_ensemble,morgan_fingerprints,1.8740527207657427,0,1.786696012490356,0.4131908637628281,0,0.343058316137232,3.85688173434317e-30,1.0
OCHEM,bayesian_logistic_laplace,source_holdout_ochem_r4_morgan_fingerprints_knn,source_holdout_ochem_r4,OCHEM,knn,local_similarity,morgan_fingerprints,2.0126726286921555,0,1.974628105692757,0.6011229569652292,0,0.3382170532319004,1.3271943611573234e-31,1.0
OCHEM,bayesian_logistic_laplace,source_holdout_ochem_r4_morgan_fingerprints_mlp,source_holdout_ochem_r4,OCHEM,mlp,neural_network,morgan_fingerprints,1.9555103339368156,0,1.7949217727359479,0.42141662400842006,0,0.3203962527853558,5.722044351529286e-31,1.0
OCHEM,bayesian_logistic_laplace,source_holdout_ochem_r4_morgan_fingerprints_random_forest,source_holdout_ochem_r4,OCHEM,random_forest,tree_ensemble,morgan_fingerprints,1.875130576188543,0,1.79596066050577,0.42245551177824225,0,0.36725785003628136,2.816912756490902e-29,1.0
OCHEM,bayesian_logistic_laplace,source_holdout_ochem_r4_morgan_fingerprints_ridge,source_holdout_ochem_r4,OCHEM,ridge,linear,morgan_fingerprints,1.8783530670312742,0,1.9521762846887774,0.5786711359612495,0,0.3288283929086911,1.1447531608112015e-30,1.0
OCHEM,bayesian_logistic_laplace,source_holdout_ochem_r4_morgan_fingerprints_svr,source_holdout_ochem_r4,OCHEM,svr,kernel,morgan_fingerprints,1.7794319413246376,0,1.6742131233729862,0.3007079746454584,0,0.4090524830450994,6.84098201346678e-28,1.0
OCHEM,bayesian_logistic_laplace,source_holdout_ochem_r4_morgan_fingerprints_xgboost,source_holdout_ochem_r4,OCHEM,xgboost,tree_ensemble,morgan_fingerprints,1.821706552712798,0,1.7642283435201778,0.39072319479264994,0,0.4133805976898308,9.22913185813807e-28,1.0
OCHEM,bayesian_logistic_laplace,source_holdout_ochem_r4_rdkit_descriptors_elastic_net,source_holdout_ochem_r4,OCHEM,elastic_net,linear,rdkit_descriptors,1.680093833976969,0,1.6870750252559743,0.3135698765284465,0,0.4027327946622149,3.1517943345476183e-28,1.0
OCHEM,bayesian_logistic_laplace,source_holdout_ochem_r4_rdkit_descriptors_esol,source_holdout_ochem_r4,OCHEM,esol,chemistry_equation,rdkit_descriptors,3.464699830916146,0,3.3957980274299855,2.0222928787024577,0,0.3226272538292051,2.1805433468412806e-31,1.0
OCHEM,bayesian_logistic_laplace,source_holdout_ochem_r4_rdkit_descriptors_extra_trees,source_holdout_ochem_r4,OCHEM,extra_trees,tree_ensemble,rdkit_descriptors,1.5146733357749094,1,1.4063246580826296,0.032819509355101806,1,0.4339572274610454,4.4539613643281526e-27,1.0
OCHEM,bayesian_logistic_laplace,source_holdout_ochem_r4_rdkit_descriptors_hist_gradient_boosting,source_holdout_ochem_r4,OCHEM,hist_gradient_boosting,tree_ensemble,rdkit_descriptors,1.482801571710474,1,1.4016279959589868,0.02812284723145897,1,0.46934223435128697,5.748415036938355e-26,1.0
OCHEM,bayesian_logistic_laplace,source_holdout_ochem_r4_rdkit_descriptors_knn,source_holdout_ochem_r4,OCHEM,knn,local_similarity,rdkit_descriptors,1.7387094541330455,0,1.630968026357037,0.25746287762950915,0,0.3968704450322373,2.138303794472135e-28,1.0
OCHEM,bayesian_logistic_laplace,source_holdout_ochem_r4_rdkit_descriptors_mlp,source_holdout_ochem_r4,OCHEM,mlp,neural_network,rdkit_descriptors,1.5814847327814963,0,1.6362428303174406,0.26273768158991273,0,0.4135668621277769,8.857985743739586e-28,1.0
OCHEM,bayesian_logistic_laplace,source_holdout_ochem_r4_rdkit_descriptors_ngboost,source_holdout_ochem_r4,OCHEM,ngboost,probabilistic_boosting,rdkit_descriptors,1.4558640441929265,0,1.4133971071596023,0.03989195843207449,1,0.4774328895254995,1.065693556854808e-25,1.0
OCHEM,bayesian_logistic_laplace,source_holdout_ochem_r4_rdkit_descriptors_random_forest,source_holdout_ochem_r4,OCHEM,random_forest,tree_ensemble,rdkit_descriptors,1.5072999020411884,0,1.4154884779702865,0.041983329242758716,1,0.4612177906359774,3.311295047842494e-26,1.0
OCHEM,bayesian_logistic_laplace,source_holdout_ochem_r4_rdkit_descriptors_ridge,source_holdout_ochem_r4,OCHEM,ridge,linear,rdkit_descriptors,1.6857016668360119,0,1.7303769992817066,0.3568718505541788,0,0.4012185962559005,2.032758229078901e-28,1.0
OCHEM,bayesian_logistic_laplace,source_holdout_ochem_r4_rdkit_descriptors_svr,source_holdout_ochem_r4,OCHEM,svr,kernel,rdkit_descriptors,1.532136102320556,0,1.4634044914040278,0.08989934267650002,1,0.49782680048661204,4.500492295661129e-25,1.0
OCHEM,bayesian_logistic_laplace,source_holdout_ochem_r4_rdkit_descriptors_xgboost,source_holdout_ochem_r4,OCHEM,xgboost,tree_ensemble,rdkit_descriptors,1.4290691347121565,1,1.3735051487275278,0.0,1,0.5143539471134753,1.500578184447824e-24,1.0
OCHEM,bayesian_logistic_laplace,source_holdout_ochem_r5_maccs_fingerprints_elastic_net,source_holdout_ochem_r5,OCHEM,elastic_net,linear,maccs_fingerprints,1.619367070665897,0,1.88915405763135,0.517560272829122,0,0.3538213213744063,7.572791574718269e-30,1.0
OCHEM,bayesian_logistic_laplace,source_holdout_ochem_r5_maccs_fingerprints_extra_trees,source_holdout_ochem_r5,OCHEM,extra_trees,tree_ensemble,maccs_fingerprints,1.4875613855266732,0,1.6419709469990216,0.27037716219679364,0,0.3818078938466784,9.410172477189258e-29,1.0
OCHEM,bayesian_logistic_laplace,source_holdout_ochem_r5_maccs_fingerprints_knn,source_holdout_ochem_r5,OCHEM,knn,local_similarity,maccs_fingerprints,1.6238171345814731,0,2.03447615913751,0.6628823743352821,0,0.3466401717483791,4.0047206324889506e-30,1.0
OCHEM,bayesian_logistic_laplace,source_holdout_ochem_r5_maccs_fingerprints_mlp,source_holdout_ochem_r5,OCHEM,mlp,neural_network,maccs_fingerprints,1.4429211644992757,0,1.7550861191827434,0.38349233438051544,0,0.3711684394982219,3.6939833903229405e-29,1.0
OCHEM,bayesian_logistic_laplace,source_holdout_ochem_r5_maccs_fingerprints_random_forest,source_holdout_ochem_r5,OCHEM,random_forest,tree_ensemble,maccs_fingerprints,1.4780402476840755,0,1.6514437333875143,0.27984994858528633,0,0.407820160184554,6.826207520276678e-28,1.0
OCHEM,bayesian_logistic_laplace,source_holdout_ochem_r5_maccs_fingerprints_ridge,source_holdout_ochem_r5,OCHEM,ridge,linear,maccs_fingerprints,1.6167817003800116,0,1.9138099060864073,0.5422161212841794,0,0.35886129264607597,1.3820925281787143e-29,1.0
OCHEM,bayesian_logistic_laplace,source_holdout_ochem_r5_maccs_fingerprints_svr,source_holdout_ochem_r5,OCHEM,svr,kernel,maccs_fingerprints,1.4236736397819607,0,1.6428079049377924,0.27121412013556445,0,0.44552218968954493,1.097236682061876e-26,1.0
OCHEM,bayesian_logistic_laplace,source_holdout_ochem_r5_maccs_fingerprints_xgboost,source_holdout_ochem_r5,OCHEM,xgboost,tree_ensemble,maccs_fingerprints,1.353915541334838,0,1.6927487683149105,0.32115498351268257,0,0.46499393629679303,4.4239543335786264e-26,1.0
OCHEM,bayesian_logistic_laplace,source_holdout_ochem_r5_molecular_graph_chemprop,source_holdout_ochem_r5,OCHEM,chemprop,graph_neural_network,molecular_graph,1.2465010020230645,1,1.4048218435240136,0.03322805872178569,1,0.48255306852864455,1.6085196958442891e-25,1.0
OCHEM,bayesian_logistic_laplace,source_holdout_ochem_r5_morgan_fingerprints_elastic_net,source_holdout_ochem_r5,OCHEM,elastic_net,linear,morgan_fingerprints,1.8507224020758897,0,1.8993304607147297,0.5277366759125017,0,0.32082965415140485,4.617591990555393e-32,1.0
OCHEM,bayesian_logistic_laplace,source_holdout_ochem_r5_morgan_fingerprints_extra_trees,source_holdout_ochem_r5,OCHEM,extra_trees,tree_ensemble,morgan_fingerprints,1.5979692128889664,0,1.7595472853247784,0.3879535005225505,0,0.3619350443627869,1.940621684423921e-29,1.0
OCHEM,bayesian_logistic_laplace,source_holdout_ochem_r5_morgan_fingerprints_knn,source_holdout_ochem_r5,OCHEM,knn,local_similarity,morgan_fingerprints,1.8836912840869613,0,1.974659151987597,0.603065367185369,0,0.34490625658282714,2.4541836252665257e-31,1.0
OCHEM,bayesian_logistic_laplace,source_holdout_ochem_r5_morgan_fingerprints_mlp,source_holdout_ochem_r5,OCHEM,mlp,neural_network,morgan_fingerprints,1.727528212657293,0,1.9159466349481837,0.5443528501459558,0,0.33427228447580937,1.9130958118102545e-30,1.0
OCHEM,bayesian_logistic_laplace,source_holdout_ochem_r5_morgan_fingerprints_random_forest,source_holdout_ochem_r5,OCHEM,random_forest,tree_ensemble,morgan_fingerprints,1.6038598423997508,0,1.7846644323595633,0.41307064755733536,0,0.3885229734710696,1.5286138803085744e-28,1.0
OCHEM,bayesian_logistic_laplace,source_holdout_ochem_r5_morgan_fingerprints_ridge,source_holdout_ochem_r5,OCHEM,ridge,linear,morgan_fingerprints,1.7324072104465105,0,1.9521733849605858,0.5805796001583579,0,0.33502303877707384,1.9960055693341322e-30,1.0
OCHEM,bayesian_logistic_laplace,source_holdout_ochem_r5_morgan_fingerprints_svr,source_holdout_ochem_r5,OCHEM,svr,kernel,morgan_fingerprints,1.4631360950012497,0,1.6704445506120462,0.2988507658098183,0,0.4335301776487866,4.339297256772501e-27,1.0
OCHEM,bayesian_logistic_laplace,source_holdout_ochem_r5_morgan_fingerprints_xgboost,source_holdout_ochem_r5,OCHEM,xgboost,tree_ensemble,morgan_fingerprints,1.6512229836991774,0,1.7624949359114965,0.3909011511092686,0,0.42516086030049227,2.3286520013453532e-27,1.0
OCHEM,bayesian_logistic_laplace,source_holdout_ochem_r5_rdkit_descriptors_elastic_net,source_holdout_ochem_r5,OCHEM,elastic_net,linear,rdkit_descriptors,1.5304073366448232,0,1.687075025255979,0.31548124045375103,0,0.41169355562259063,6.406177126681165e-28,1.0
OCHEM,bayesian_logistic_laplace,source_holdout_ochem_r5_rdkit_descriptors_esol,source_holdout_ochem_r5,OCHEM,esol,chemistry_equation,rdkit_descriptors,3.808436926115766,0,3.3957980274299855,2.0242042426277576,0,0.3124376564704656,5.688325775726128e-32,1.0
OCHEM,bayesian_logistic_laplace,source_holdout_ochem_r5_rdkit_descriptors_extra_trees,source_holdout_ochem_r5,OCHEM,extra_trees,tree_ensemble,rdkit_descriptors,1.3312276623701549,0,1.4450463461400436,0.07345256133781564,1,0.45983034623430824,3.0881575681180874e-26,1.0
OCHEM,bayesian_logistic_laplace,source_holdout_ochem_r5_rdkit_descriptors_hist_gradient_boosting,source_holdout_ochem_r5,OCHEM,hist_gradient_boosting,tree_ensemble,rdkit_descriptors,1.294332372410746,1,1.4026256586939407,0.031031873891712802,1,0.5030676725257618,6.892234373203255e-25,1.0
OCHEM,bayesian_logistic_laplace,source_holdout_ochem_r5_rdkit_descriptors_knn,source_holdout_ochem_r5,OCHEM,knn,local_similarity,rdkit_descriptors,1.5755307581568,0,1.6309752801247568,0.25938149532252885,0,0.41174680608780867,6.905930270995046e-28,1.0
OCHEM,bayesian_logistic_laplace,source_holdout_ochem_r5_rdkit_descriptors_mlp,source_holdout_ochem_r5,OCHEM,mlp,neural_network,rdkit_descriptors,1.3114107429203363,0,1.6627130477322225,0.29111926292999457,0,0.43177141564991645,3.502287356567097e-27,1.0
OCHEM,bayesian_logistic_laplace,source_holdout_ochem_r5_rdkit_descriptors_ngboost,source_holdout_ochem_r5,OCHEM,ngboost,probabilistic_boosting,rdkit_descriptors,1.3280663678127842,0,1.420643385186992,0.049049600384764025,1,0.4864913330920976,2.1096451145288055e-25,1.0
OCHEM,bayesian_logistic_laplace,source_holdout_ochem_r5_rdkit_descriptors_random_forest,source_holdout_ochem_r5,OCHEM,random_forest,tree_ensemble,rdkit_descriptors,1.3076921762654288,0,1.4367382963529547,0.06514451155072676,1,0.48902894666676466,2.5405101552873135e-25,1.0
OCHEM,bayesian_logistic_laplace,source_holdout_ochem_r5_rdkit_descriptors_ridge,source_holdout_ochem_r5,OCHEM,ridge,linear,rdkit_descriptors,1.5205156974711502,0,1.6589776900665876,0.28738390526435964,0,0.41805839769048675,1.2453067823106258e-27,1.0
OCHEM,bayesian_logistic_laplace,source_holdout_ochem_r5_rdkit_descriptors_svr,source_holdout_ochem_r5,OCHEM,svr,kernel,rdkit_descriptors,1.2771626401964924,0,1.4634073133518466,0.09181352854961866,1,0.5149774972052916,1.592825147960189e-24,1.0
OCHEM,bayesian_logistic_laplace,source_holdout_ochem_r5_rdkit_descriptors_xgboost,source_holdout_ochem_r5,OCHEM,xgboost,tree_ensemble,rdkit_descriptors,1.2538240766093485,1,1.371593784802228,0.0,1,0.5264797503226512,3.695756259464105e-24,1.0
OCHEM,random_forest,source_holdout_ochem_r1_maccs_fingerprints_elastic_net,source_holdout_ochem_r1,OCHEM,elastic_net,linear,maccs_fingerprints,1.713776809330143,0,1.8891540576313495,0.5274776554389458,0,0.0016614597191426457,,
OCHEM,random_forest,source_holdout_ochem_r1_maccs_fingerprints_extra_trees,source_holdout_ochem_r1,OCHEM,extra_trees,tree_ensemble,maccs_fingerprints,1.5287725009098025,0,1.6569874314631503,0.2953110292707466,0,0.02623096196498075,,
OCHEM,random_forest,source_holdout_ochem_r1_maccs_fingerprints_knn,source_holdout_ochem_r1,OCHEM,knn,local_similarity,maccs_fingerprints,1.7109720582007102,0,2.0334400143642557,0.671763612171852,0,0.00042138035406328087,,
OCHEM,random_forest,source_holdout_ochem_r1_maccs_fingerprints_mlp,source_holdout_ochem_r1,OCHEM,mlp,neural_network,maccs_fingerprints,1.5161583950852207,0,1.7022140560335062,0.34053765384110246,0,0.009767330697327598,,
OCHEM,random_forest,source_holdout_ochem_r1_maccs_fingerprints_random_forest,source_holdout_ochem_r1,OCHEM,random_forest,tree_ensemble,maccs_fingerprints,1.527442615094955,0,1.6567409970656857,0.29506459487328196,0,0.04483877074651525,,
OCHEM,random_forest,source_holdout_ochem_r1_maccs_fingerprints_ridge,source_holdout_ochem_r1,OCHEM,ridge,linear,maccs_fingerprints,1.717318227742543,0,1.881656800376438,0.5199803981840343,0,0.0012675203252032518,,
OCHEM,random_forest,source_holdout_ochem_r1_maccs_fingerprints_svr,source_holdout_ochem_r1,OCHEM,svr,kernel,maccs_fingerprints,1.4515065678216155,0,1.6442736992748002,0.28259729708239645,0,0.02162077047439927,,
OCHEM,random_forest,source_holdout_ochem_r1_maccs_fingerprints_xgboost,source_holdout_ochem_r1,OCHEM,xgboost,tree_ensemble,maccs_fingerprints,1.4354479286702073,0,1.673460204439858,0.3117838022474544,0,0.13089180334098652,,
OCHEM,random_forest,source_holdout_ochem_r1_molecular_graph_chemprop,source_holdout_ochem_r1,OCHEM,chemprop,graph_neural_network,molecular_graph,1.2299599995875403,0,1.4202762585358122,0.058599856343408474,1,0.2197004981221046,,
OCHEM,random_forest,source_holdout_ochem_r1_morgan_fingerprints_elastic_net,source_holdout_ochem_r1,OCHEM,elastic_net,linear,morgan_fingerprints,1.857393701735928,0,1.8993304607147297,0.537654058522326,0,0.000709431522114449,,
OCHEM,random_forest,source_holdout_ochem_r1_morgan_fingerprints_extra_trees,source_holdout_ochem_r1,OCHEM,extra_trees,tree_ensemble,morgan_fingerprints,1.5914858112925983,0,1.7635519826300183,0.4018755804376146,0,0.02535912170231669,,
OCHEM,random_forest,source_holdout_ochem_r1_morgan_fingerprints_knn,source_holdout_ochem_r1,OCHEM,knn,local_similarity,morgan_fingerprints,1.8855148254349436,0,1.94632032253509,0.5846439203426863,0,0.0012462280589109857,,
OCHEM,random_forest,source_holdout_ochem_r1_morgan_fingerprints_mlp,source_holdout_ochem_r1,OCHEM,mlp,neural_network,morgan_fingerprints,1.852380563421626,0,1.8583235520687977,0.496647149876394,0,0.0011894315221144488,,
OCHEM,random_forest,source_holdout_ochem_r1_morgan_fingerprints_random_forest,source_holdout_ochem_r1,OCHEM,random_forest,tree_ensemble,morgan_fingerprints,1.6413679009582858,0,1.7846098791857061,0.4229334769933024,0,0.04176232249396047,,
OCHEM,random_forest,source_holdout_ochem_r1_morgan_fingerprints_ridge,source_holdout_ochem_r1,OCHEM,ridge,linear,morgan_fingerprints,1.7397207950709253,0,1.952186066552298,0.5905096643598944,0,0.000709431522114449,,
OCHEM,random_forest,source_holdout_ochem_r1_morgan_fingerprints_svr,source_holdout_ochem_r1,OCHEM,svr,kernel,morgan_fingerprints,1.5601491312032203,0,1.6704445506120458,0.30876814841964206,0,0.017312833111262506,,
OCHEM,random_forest,source_holdout_ochem_r1_morgan_fingerprints_xgboost,source_holdout_ochem_r1,OCHEM,xgboost,tree_ensemble,morgan_fingerprints,1.662995252533689,0,1.7653259668572716,0.4036495646648679,0,0.1183030336123561,,
OCHEM,random_forest,source_holdout_ochem_r1_rdkit_descriptors_elastic_net,source_holdout_ochem_r1,OCHEM,elastic_net,linear,rdkit_descriptors,1.5278578483485203,0,1.6870750252559772,0.3253986230635735,0,0.027068965537915626,,
OCHEM,random_forest,source_holdout_ochem_r1_rdkit_descriptors_esol,source_holdout_ochem_r1,OCHEM,esol,chemistry_equation,rdkit_descriptors,3.7689700963518433,0,3.3957980274299855,2.0341216252375816,0,0.025038241275826652,,
OCHEM,random_forest,source_holdout_ochem_r1_rdkit_descriptors_extra_trees,source_holdout_ochem_r1,OCHEM,extra_trees,tree_ensemble,rdkit_descriptors,1.294746589290713,0,1.4160339175351997,0.05435751534279598,1,0.17792028112597122,,
OCHEM,random_forest,source_holdout_ochem_r1_rdkit_descriptors_hist_gradient_boosting,source_holdout_ochem_r1,OCHEM,hist_gradient_boosting,tree_ensemble,rdkit_descriptors,1.2923848361761776,1,1.3979299670046266,0.03625356481222286,1,0.4971588760499027,,
OCHEM,random_forest,source_holdout_ochem_r1_rdkit_descriptors_knn,source_holdout_ochem_r1,OCHEM,knn,local_similarity,rdkit_descriptors,1.480951278916819,0,1.685254746077652,0.3235783438852482,0,0.056111481831414844,,
OCHEM,random_forest,source_holdout_ochem_r1_rdkit_descriptors_mlp,source_holdout_ochem_r1,OCHEM,mlp,neural_network,rdkit_descriptors,1.3685494646177796,0,1.8066155410753166,0.4449391388829129,0,0.0895487367435558,,
OCHEM,random_forest,source_holdout_ochem_r1_rdkit_descriptors_ngboost,source_holdout_ochem_r1,OCHEM,ngboost,probabilistic_boosting,rdkit_descriptors,1.250645038510222,0,1.4271065185182301,0.0654301163258264,1,0.41210068674076783,,
OCHEM,random_forest,source_holdout_ochem_r1_rdkit_descriptors_random_forest,source_holdout_ochem_r1,OCHEM,random_forest,tree_ensemble,rdkit_descriptors,1.2717695783520495,1,1.4159897666090708,0.05431336441666712,1,0.19500619323324297,,
OCHEM,random_forest,source_holdout_ochem_r1_rdkit_descriptors_ridge,source_holdout_ochem_r1,OCHEM,ridge,linear,rdkit_descriptors,1.5155878167202868,0,1.6818608897462328,0.3201844875538291,0,0.031978552535884976,,
OCHEM,random_forest,source_holdout_ochem_r1_rdkit_descriptors_svr,source_holdout_ochem_r1,OCHEM,svr,kernel,rdkit_descriptors,1.2718403934542388,0,1.4609556482074635,0.09927924601505977,1,0.4438306423739443,,
OCHEM,random_forest,source_holdout_ochem_r1_rdkit_descriptors_xgboost,source_holdout_ochem_r1,OCHEM,xgboost,tree_ensemble,rdkit_descriptors,1.2179572863675776,1,1.3616764021924037,0.0,1,0.7027251437076566,,
OCHEM,random_forest,source_holdout_ochem_r2_maccs_fingerprints_elastic_net,source_holdout_ochem_r2,OCHEM,elastic_net,linear,maccs_fingerprints,1.8888889957120791,0,1.889154057631351,0.5256080509785892,0,0.00023090416358709042,,
OCHEM,random_forest,source_holdout_ochem_r2_maccs_fingerprints_extra_trees,source_holdout_ochem_r2,OCHEM,extra_trees,tree_ensemble,maccs_fingerprints,1.6998490298580406,0,1.690353623929353,0.32680761727659124,0,0.01062003196085442,,
OCHEM,random_forest,source_holdout_ochem_r2_maccs_fingerprints_knn,source_holdout_ochem_r2,OCHEM,knn,local_similarity,maccs_fingerprints,1.9573157557056267,0,1.983957280588026,0.6204112739352641,0,0.00042138035406328087,,
OCHEM,random_forest,source_holdout_ochem_r2_maccs_fingerprints_mlp,source_holdout_ochem_r2,OCHEM,mlp,neural_network,maccs_fingerprints,1.704154401764838,0,1.7109812910655755,0.3474352844128137,0,0.0006502981029810297,,
OCHEM,random_forest,source_holdout_ochem_r2_maccs_fingerprints_random_forest,source_holdout_ochem_r2,OCHEM,random_forest,tree_ensemble,maccs_fingerprints,1.7088391483822187,0,1.7089973658650865,0.3454513592123247,0,0.02522683064137884,,
OCHEM,random_forest,source_holdout_ochem_r2_maccs_fingerprints_ridge,source_holdout_ochem_r2,OCHEM,ridge,linear,maccs_fingerprints,1.8450727840517336,0,1.8816589602139735,0.5181129535612117,0,0.00017029810298102983,,
OCHEM,random_forest,source_holdout_ochem_r2_maccs_fingerprints_svr,source_holdout_ochem_r2,OCHEM,svr,kernel,maccs_fingerprints,1.63599431510426,0,1.6442736992748022,0.28072769262204034,0,0.009043608317670551,,
OCHEM,random_forest,source_holdout_ochem_r2_maccs_fingerprints_xgboost,source_holdout_ochem_r2,OCHEM,xgboost,tree_ensemble,maccs_fingerprints,1.6293567229196122,0,1.6698421031461916,0.3062960964934298,0,0.1343232962976342,,
OCHEM,random_forest,source_holdout_ochem_r2_molecular_graph_chemprop,source_holdout_ochem_r2,OCHEM,chemprop,graph_neural_network,molecular_graph,1.381245806933897,1,1.3949408868911988,0.03139488023843695,1,0.13815690030845842,,
OCHEM,random_forest,source_holdout_ochem_r2_morgan_fingerprints_elastic_net,source_holdout_ochem_r2,OCHEM,elastic_net,linear,morgan_fingerprints,1.8827169011713982,0,1.8993304607147294,0.5357844540619676,0,0.000709431522114449,,
OCHEM,random_forest,source_holdout_ochem_r2_morgan_fingerprints_extra_trees,source_holdout_ochem_r2,OCHEM,extra_trees,tree_ensemble,morgan_fingerprints,1.855595047162771,0,1.7600648139361492,0.3965188072833874,0,0.009063763200468016,,
OCHEM,random_forest,source_holdout_ochem_r2_morgan_fingerprints_knn,source_holdout_ochem_r2,OCHEM,knn,local_similarity,morgan_fingerprints,1.9799815040322242,0,1.943041247315168,0.5794952406624061,0,0.0012462280589109857,,
OCHEM,random_forest,source_holdout_ochem_r2_morgan_fingerprints_mlp,source_holdout_ochem_r2,OCHEM,mlp,neural_network,morgan_fingerprints,1.8670253874208775,0,1.9332694353704087,0.5697234287176469,0,0.0011894315221144488,,
OCHEM,random_forest,source_holdout_ochem_r2_morgan_fingerprints_random_forest,source_holdout_ochem_r2,OCHEM,random_forest,tree_ensemble,morgan_fingerprints,1.8358633723672182,0,1.7822734041270802,0.4187273974743184,0,0.02532584990222473,,
OCHEM,random_forest,source_holdout_ochem_r2_morgan_fingerprints_ridge,source_holdout_ochem_r2,OCHEM,ridge,linear,morgan_fingerprints,1.7685787902236667,0,1.9521899112641143,0.5886439046113525,0,0.000709431522114449,,
OCHEM,random_forest,source_holdout_ochem_r2_morgan_fingerprints_svr,source_holdout_ochem_r2,OCHEM,svr,kernel,morgan_fingerprints,1.713656315705145,0,1.670444550612044,0.3068985439592822,0,0.012945973538656464,,
OCHEM,random_forest,source_holdout_ochem_r2_morgan_fingerprints_xgboost,source_holdout_ochem_r2,OCHEM,xgboost,tree_ensemble,morgan_fingerprints,1.7723004368513897,0,1.7982961366175847,0.4347501299648229,0,0.10347193839178716,,
OCHEM,random_forest,source_holdout_ochem_r2_rdkit_descriptors_elastic_net,source_holdout_ochem_r2,OCHEM,elastic_net,linear,rdkit_descriptors,1.6824127861712221,0,1.6870750252559763,0.3235290186032145,0,0.016243371786940932,,
OCHEM,random_forest,source_holdout_ochem_r2_rdkit_descriptors_esol,source_holdout_ochem_r2,OCHEM,esol,chemistry_equation,rdkit_descriptors,3.9057146617999585,0,3.3957980274299855,2.0322520207772237,0,0.025038241275826652,,
OCHEM,random_forest,source_holdout_ochem_r2_rdkit_descriptors_extra_trees,source_holdout_ochem_r2,OCHEM,extra_trees,tree_ensemble,rdkit_descriptors,1.5309915108702732,0,1.4130303137877258,0.04948430713496399,1,0.10250326803742894,,
OCHEM,random_forest,source_holdout_ochem_r2_rdkit_descriptors_hist_gradient_boosting,source_holdout_ochem_r2,OCHEM,hist_gradient_boosting,tree_ensemble,rdkit_descriptors,1.4827651719719182,1,1.398087093957481,0.034541087304719165,1,0.40350461444807956,,
OCHEM,random_forest,source_holdout_ochem_r2_rdkit_descriptors_knn,source_holdout_ochem_r2,OCHEM,knn,local_similarity,rdkit_descriptors,1.681369974577068,0,1.6309730873361397,0.26742708068337784,0,0.031782091149341836,,
OCHEM,random_forest,source_holdout_ochem_r2_rdkit_descriptors_mlp,source_holdout_ochem_r2,OCHEM,mlp,neural_network,rdkit_descriptors,1.586133312130139,0,1.6003821531838576,0.23683614653109575,0,0.02729354352219949,,
OCHEM,random_forest,source_holdout_ochem_r2_rdkit_descriptors_ngboost,source_holdout_ochem_r2,OCHEM,ngboost,probabilistic_boosting,rdkit_descriptors,1.5273494211030296,0,1.4296439017892808,0.06609789513651898,1,0.343015537664644,,
OCHEM,random_forest,source_holdout_ochem_r2_rdkit_descriptors_random_forest,source_holdout_ochem_r2,OCHEM,random_forest,tree_ensemble,rdkit_descriptors,1.545496077513943,0,1.4180323848881722,0.05448637823541036,1,0.13266208789938644,,
OCHEM,random_forest,source_holdout_ochem_r2_rdkit_descriptors_ridge,source_holdout_ochem_r2,OCHEM,ridge,linear,rdkit_descriptors,1.6841614913070884,0,1.7303897821150913,0.3668437754623295,0,0.015552323864275363,,
OCHEM,random_forest,source_holdout_ochem_r2_rdkit_descriptors_svr,source_holdout_ochem_r2,OCHEM,svr,kernel,rdkit_descriptors,1.5215245816385796,0,1.4634073133518488,0.099861306699087,1,0.11115795860180909,,
OCHEM,random_forest,source_holdout_ochem_r2_rdkit_descriptors_xgboost,source_holdout_ochem_r2,OCHEM,xgboost,tree_ensemble,rdkit_descriptors,1.4573382983866274,1,1.3635460066527618,0.0,1,0.393647700226909,,
OCHEM,random_forest,source_holdout_ochem_r3_maccs_fingerprints_elastic_net,source_holdout_ochem_r3,OCHEM,elastic_net,linear,maccs_fingerprints,1.8394548149284786,0,1.889154057631349,0.5145278641344087,0,0.00023090416358709042,,
OCHEM,random_forest,source_holdout_ochem_r3_maccs_fingerprints_extra_trees,source_holdout_ochem_r3,OCHEM,extra_trees,tree_ensemble,maccs_fingerprints,1.5065456053930617,0,1.650788160575714,0.2761619670787736,0,0.02999598081709637,,
OCHEM,random_forest,source_holdout_ochem_r3_maccs_fingerprints_knn,source_holdout_ochem_r3,OCHEM,knn,local_similarity,maccs_fingerprints,1.7101034463666764,0,1.9854513673951637,0.6108251738982233,0,0.001851935909618836,,
OCHEM,random_forest,source_holdout_ochem_r3_maccs_fingerprints_mlp,source_holdout_ochem_r3,OCHEM,mlp,neural_network,maccs_fingerprints,1.5834919915167285,0,1.7861041893825105,0.4114779958855701,0,0.006114999694996596,,
OCHEM,random_forest,source_holdout_ochem_r3_maccs_fingerprints_random_forest,source_holdout_ochem_r3,OCHEM,random_forest,tree_ensemble,maccs_fingerprints,1.4930307398741094,0,1.6566562925910795,0.2820300990941391,0,0.04985378959863087,,
OCHEM,random_forest,source_holdout_ochem_r3_maccs_fingerprints_ridge,source_holdout_ochem_r3,OCHEM,ridge,linear,maccs_fingerprints,1.829212126943116,0,1.9248205314393643,0.5501943379424239,0,0.00017029810298102983,,
OCHEM,random_forest,source_holdout_ochem_r3_maccs_fingerprints_svr,source_holdout_ochem_r3,OCHEM,svr,kernel,maccs_fingerprints,1.5213952615934168,0,1.644273699274802,0.26964750577786156,0,0.014403526607155409,,
OCHEM,random_forest,source_holdout_ochem_r3_maccs_fingerprints_xgboost,source_holdout_ochem_r3,OCHEM,xgboost,tree_ensemble,maccs_fingerprints,1.4817985307905517,0,1.6657140085363786,0.29108781503943826,0,0.14681853014875038,,
OCHEM,random_forest,source_holdout_ochem_r3_molecular_graph_chemprop,source_holdout_ochem_r3,OCHEM,chemprop,graph_neural_network,molecular_graph,1.4847089950076795,1,1.3746261934969404,0.0,1,0.08165934461787487,,
OCHEM,random_forest,source_holdout_ochem_r3_morgan_fingerprints_elastic_net,source_holdout_ochem_r3,OCHEM,elastic_net,linear,morgan_fingerprints,1.8881731434580284,0,1.8993304607147297,0.5247042672177893,0,0.000709431522114449,,
OCHEM,random_forest,source_holdout_ochem_r3_morgan_fingerprints_extra_trees,source_holdout_ochem_r3,OCHEM,extra_trees,tree_ensemble,morgan_fingerprints,1.6787770837966238,0,1.7756340673820288,0.4010078738850884,0,0.01786470947641429,,
OCHEM,random_forest,source_holdout_ochem_r3_morgan_fingerprints_knn,source_holdout_ochem_r3,OCHEM,knn,local_similarity,morgan_fingerprints,1.8349662457983056,0,1.9446973234167626,0.5700711299198222,0,0.0012462280589109857,,
OCHEM,random_forest,source_holdout_ochem_r3_morgan_fingerprints_mlp,source_holdout_ochem_r3,OCHEM,mlp,neural_network,morgan_fingerprints,1.856376457751619,0,1.780332619706324,0.4057064262093837,0,0.0011894315221144488,,
OCHEM,random_forest,source_holdout_ochem_r3_morgan_fingerprints_random_forest,source_holdout_ochem_r3,OCHEM,random_forest,tree_ensemble,morgan_fingerprints,1.7442255790838481,0,1.7837171336162276,0.40909094011928726,0,0.02532584990222473,,
OCHEM,random_forest,source_holdout_ochem_r3_morgan_fingerprints_ridge,source_holdout_ochem_r3,OCHEM,ridge,linear,morgan_fingerprints,1.8947767847936734,0,1.826296655170082,0.45167046167314173,0,0.000709431522114449,,
OCHEM,random_forest,source_holdout_ochem_r3_morgan_fingerprints_svr,source_holdout_ochem_r3,OCHEM,svr,kernel,morgan_fingerprints,1.6846985097343132,0,1.670444550612044,0.2958183571151036,0,0.013817922845388379,,
OCHEM,random_forest,source_holdout_ochem_r3_morgan_fingerprints_xgboost,source_holdout_ochem_r3,OCHEM,xgboost,tree_ensemble,morgan_fingerprints,1.7314599251843767,0,1.765304636781744,0.3906784432848036,0,0.09846046273294308,,
OCHEM,random_forest,source_holdout_ochem_r3_rdkit_descriptors_elastic_net,source_holdout_ochem_r3,OCHEM,elastic_net,linear,rdkit_descriptors,1.6602332103389978,0,1.6870750252559805,0.31244883175904015,0,0.020741114676868438,,
OCHEM,random_forest,source_holdout_ochem_r3_rdkit_descriptors_esol,source_holdout_ochem_r3,OCHEM,esol,chemistry_equation,rdkit_descriptors,4.254078436531162,0,3.3957980274299855,2.021171833933045,0,0.025038241275826652,,
OCHEM,random_forest,source_holdout_ochem_r3_rdkit_descriptors_extra_trees,source_holdout_ochem_r3,OCHEM,extra_trees,tree_ensemble,rdkit_descriptors,1.4750512007331686,1,1.4120566426191425,0.03743044912220217,1,0.13098225825867535,,
OCHEM,random_forest,source_holdout_ochem_r3_rdkit_descriptors_hist_gradient_boosting,source_holdout_ochem_r3,OCHEM,hist_gradient_boosting,tree_ensemble,rdkit_descriptors,1.356987194454862,0,1.4208380283110098,0.04621183481406943,1,0.5111613237655859,,
OCHEM,random_forest,source_holdout_ochem_r3_rdkit_descriptors_knn,source_holdout_ochem_r3,OCHEM,knn,local_similarity,rdkit_descriptors,1.5712583161644549,0,1.6852729712853187,0.31064677778837835,0,0.04488772577447504,,
OCHEM,random_forest,source_holdout_ochem_r3_rdkit_descriptors_mlp,source_holdout_ochem_r3,OCHEM,mlp,neural_network,rdkit_descriptors,1.3401502156041698,0,1.6213533071161284,0.24672711361918798,0,0.1337055746947929,,
OCHEM,random_forest,source_holdout_ochem_r3_rdkit_descriptors_ngboost,source_holdout_ochem_r3,OCHEM,ngboost,probabilistic_boosting,rdkit_descriptors,1.4418035071519264,0,1.4260467514645832,0.05142055796764278,1,0.36036115384235434,,
OCHEM,random_forest,source_holdout_ochem_r3_rdkit_descriptors_random_forest,source_holdout_ochem_r3,OCHEM,random_forest,tree_ensemble,rdkit_descriptors,1.4635245757713053,0,1.4298676064904525,0.05524141299351215,1,0.17048266653222105,,
OCHEM,random_forest,source_holdout_ochem_r3_rdkit_descriptors_ridge,source_holdout_ochem_r3,OCHEM,ridge,linear,rdkit_descriptors,1.6105236622533434,0,1.6592515505112542,0.2846253570143138,0,0.026256727694060136,,
OCHEM,random_forest,source_holdout_ochem_r3_rdkit_descriptors_svr,source_holdout_ochem_r3,OCHEM,svr,kernel,rdkit_descriptors,1.3337273967638725,0,1.4609562977992365,0.08633010430229615,1,0.3974773327010329,,
OCHEM,random_forest,source_holdout_ochem_r3_rdkit_descriptors_xgboost,source_holdout_ochem_r3,OCHEM,xgboost,tree_ensemble,rdkit_descriptors,1.4017919759160127,1,1.3855093165938166,0.010883123096876224,1,0.4511422301259154,,
OCHEM,random_forest,source_holdout_ochem_r4_maccs_fingerprints_elastic_net,source_holdout_ochem_r4,OCHEM,elastic_net,linear,maccs_fingerprints,1.925940803954127,0,1.8891540576313506,0.5156489089038228,0,0.00023090416358709042,,
OCHEM,random_forest,source_holdout_ochem_r4_maccs_fingerprints_extra_trees,source_holdout_ochem_r4,OCHEM,extra_trees,tree_ensemble,maccs_fingerprints,1.7841950529077026,0,1.666121511280029,0.2926163625525011,0,0.010828365294187755,,
OCHEM,random_forest,source_holdout_ochem_r4_maccs_fingerprints_knn,source_holdout_ochem_r4,OCHEM,knn,local_similarity,maccs_fingerprints,1.9711943830490226,0,2.0367182809830195,0.6632131322554917,0,0.00042138035406328087,,
OCHEM,random_forest,source_holdout_ochem_r4_maccs_fingerprints_mlp,source_holdout_ochem_r4,OCHEM,mlp,neural_network,maccs_fingerprints,1.7528759159612215,0,1.7913430600534683,0.4178379113259405,0,0.0011919647696476965,,
OCHEM,random_forest,source_holdout_ochem_r4_maccs_fingerprints_random_forest,source_holdout_ochem_r4,OCHEM,random_forest,tree_ensemble,maccs_fingerprints,1.7915564564872006,0,1.6499751143296795,0.27646996560215165,0,0.024130220029768223,,
OCHEM,random_forest,source_holdout_ochem_r4_maccs_fingerprints_ridge,source_holdout_ochem_r4,OCHEM,ridge,linear,maccs_fingerprints,1.9142106800596301,0,1.881658375038366,0.5081532263108381,0,0.00017029810298102983,,
OCHEM,random_forest,source_holdout_ochem_r4_maccs_fingerprints_svr,source_holdout_ochem_r4,OCHEM,svr,kernel,maccs_fingerprints,1.7571112841885508,0,1.6428078807153588,0.26930273198783095,0,0.010548412804371592,,
OCHEM,random_forest,source_holdout_ochem_r4_maccs_fingerprints_xgboost,source_holdout_ochem_r4,OCHEM,xgboost,tree_ensemble,maccs_fingerprints,1.6961514914480864,0,1.6907245121143604,0.31721936338683254,0,0.11731204933166595,,
OCHEM,random_forest,source_holdout_ochem_r4_molecular_graph_chemprop,source_holdout_ochem_r4,OCHEM,chemprop,graph_neural_network,molecular_graph,1.3750087460094036,0,1.4115834337837514,0.03807828505622357,1,0.18380357277529896,,
OCHEM,random_forest,source_holdout_ochem_r4_morgan_fingerprints_elastic_net,source_holdout_ochem_r4,OCHEM,elastic_net,linear,morgan_fingerprints,2.005278075151981,0,1.8993304607147297,0.5258253119872018,0,0.000709431522114449,,
OCHEM,random_forest,source_holdout_ochem_r4_morgan_fingerprints_extra_trees,source_holdout_ochem_r4,OCHEM,extra_trees,tree_ensemble,morgan_fingerprints,1.8740527207657427,0,1.786696012490356,0.4131908637628281,0,0.008409141351728518,,
OCHEM,random_forest,source_holdout_ochem_r4_morgan_fingerprints_knn,source_holdout_ochem_r4,OCHEM,knn,local_similarity,morgan_fingerprints,2.0126726286921555,0,1.974628105692757,0.6011229569652292,0,0.0012462280589109857,,
OCHEM,random_forest,source_holdout_ochem_r4_morgan_fingerprints_mlp,source_holdout_ochem_r4,OCHEM,mlp,neural_network,morgan_fingerprints,1.9555103339368156,0,1.7949217727359479,0.42141662400842006,0,0.0011894315221144488,,
OCHEM,random_forest,source_holdout_ochem_r4_morgan_fingerprints_random_forest,source_holdout_ochem_r4,OCHEM,random_forest,tree_ensemble,morgan_fingerprints,1.875130576188543,0,1.79596066050577,0.42245551177824225,0,0.02532584990222473,,
OCHEM,random_forest,source_holdout_ochem_r4_morgan_fingerprints_ridge,source_holdout_ochem_r4,OCHEM,ridge,linear,morgan_fingerprints,1.8783530670312742,0,1.9521762846887774,0.5786711359612495,0,0.000709431522114449,,
OCHEM,random_forest,source_holdout_ochem_r4_morgan_fingerprints_svr,source_holdout_ochem_r4,OCHEM,svr,kernel,morgan_fingerprints,1.7794319413246376,0,1.6742131233729862,0.3007079746454584,0,0.031931870974553904,,
OCHEM,random_forest,source_holdout_ochem_r4_morgan_fingerprints_xgboost,source_holdout_ochem_r4,OCHEM,xgboost,tree_ensemble,morgan_fingerprints,1.821706552712798,0,1.7642283435201778,0.39072319479264994,0,0.09846046273294308,,
OCHEM,random_forest,source_holdout_ochem_r4_rdkit_descriptors_elastic_net,source_holdout_ochem_r4,OCHEM,elastic_net,linear,rdkit_descriptors,1.680093833976969,0,1.6870750252559743,0.3135698765284465,0,0.021229213784157954,,
OCHEM,random_forest,source_holdout_ochem_r4_rdkit_descriptors_esol,source_holdout_ochem_r4,OCHEM,esol,chemistry_equation,rdkit_descriptors,3.464699830916146,0,3.3957980274299855,2.0222928787024577,0,0.025038241275826652,,
OCHEM,random_forest,source_holdout_ochem_r4_rdkit_descriptors_extra_trees,source_holdout_ochem_r4,OCHEM,extra_trees,tree_ensemble,rdkit_descriptors,1.5146733357749094,1,1.4063246580826296,0.032819509355101806,1,0.10859057315061646,,
OCHEM,random_forest,source_holdout_ochem_r4_rdkit_descriptors_hist_gradient_boosting,source_holdout_ochem_r4,OCHEM,hist_gradient_boosting,tree_ensemble,rdkit_descriptors,1.482801571710474,1,1.4016279959589868,0.02812284723145897,1,0.4041128062562714,,
OCHEM,random_forest,source_holdout_ochem_r4_rdkit_descriptors_knn,source_holdout_ochem_r4,OCHEM,knn,local_similarity,rdkit_descriptors,1.7387094541330455,0,1.630968026357037,0.25746287762950915,0,0.02407876392101461,,
OCHEM,random_forest,source_holdout_ochem_r4_rdkit_descriptors_mlp,source_holdout_ochem_r4,OCHEM,mlp,neural_network,rdkit_descriptors,1.5814847327814963,0,1.6362428303174406,0.26273768158991273,0,0.03129000816866413,,
OCHEM,random_forest,source_holdout_ochem_r4_rdkit_descriptors_ngboost,source_holdout_ochem_r4,OCHEM,ngboost,probabilistic_boosting,rdkit_descriptors,1.4558640441929265,0,1.4133971071596023,0.03989195843207449,1,0.36221649294769337,,
OCHEM,random_forest,source_holdout_ochem_r4_rdkit_descriptors_random_forest,source_holdout_ochem_r4,OCHEM,random_forest,tree_ensemble,rdkit_descriptors,1.5072999020411884,0,1.4154884779702865,0.041983329242758716,1,0.15553757775962462,,
OCHEM,random_forest,source_holdout_ochem_r4_rdkit_descriptors_ridge,source_holdout_ochem_r4,OCHEM,ridge,linear,rdkit_descriptors,1.6857016668360119,0,1.7303769992817066,0.3568718505541788,0,0.020140546813873336,,
OCHEM,random_forest,source_holdout_ochem_r4_rdkit_descriptors_svr,source_holdout_ochem_r4,OCHEM,svr,kernel,rdkit_descriptors,1.532136102320556,0,1.4634044914040278,0.08989934267650002,1,0.1274920126703459,,
OCHEM,random_forest,source_holdout_ochem_r4_rdkit_descriptors_xgboost,source_holdout_ochem_r4,OCHEM,xgboost,tree_ensemble,rdkit_descriptors,1.4290691347121565,1,1.3735051487275278,0.0,1,0.47365039128364317,,
OCHEM,random_forest,source_holdout_ochem_r5_maccs_fingerprints_elastic_net,source_holdout_ochem_r5,OCHEM,elastic_net,linear,maccs_fingerprints,1.619367070665897,0,1.88915405763135,0.517560272829122,0,0.005647070957067859,,
OCHEM,random_forest,source_holdout_ochem_r5_maccs_fingerprints_extra_trees,source_holdout_ochem_r5,OCHEM,extra_trees,tree_ensemble,maccs_fingerprints,1.4875613855266732,0,1.6419709469990216,0.27037716219679364,0,0.03124598081709637,,
OCHEM,random_forest,source_holdout_ochem_r5_maccs_fingerprints_knn,source_holdout_ochem_r5,OCHEM,knn,local_similarity,maccs_fingerprints,1.6238171345814731,0,2.03447615913751,0.6628823743352821,0,0.006710973720970623,,
OCHEM,random_forest,source_holdout_ochem_r5_maccs_fingerprints_mlp,source_holdout_ochem_r5,OCHEM,mlp,neural_network,maccs_fingerprints,1.4429211644992757,0,1.7550861191827434,0.38349233438051544,0,0.014070634793610823,,
OCHEM,random_forest,source_holdout_ochem_r5_maccs_fingerprints_random_forest,source_holdout_ochem_r5,OCHEM,random_forest,tree_ensemble,maccs_fingerprints,1.4780402476840755,0,1.6514437333875143,0.27984994858528633,0,0.05205580980065107,,
OCHEM,random_forest,source_holdout_ochem_r5_maccs_fingerprints_ridge,source_holdout_ochem_r5,OCHEM,ridge,linear,maccs_fingerprints,1.6167817003800116,0,1.9138099060864073,0.5422161212841794,0,0.005455512515509417,,
OCHEM,random_forest,source_holdout_ochem_r5_maccs_fingerprints_svr,source_holdout_ochem_r5,OCHEM,svr,kernel,maccs_fingerprints,1.4236736397819607,0,1.6428079049377924,0.27121412013556445,0,0.04578940935186166,,
OCHEM,random_forest,source_holdout_ochem_r5_maccs_fingerprints_xgboost,source_holdout_ochem_r5,OCHEM,xgboost,tree_ensemble,maccs_fingerprints,1.353915541334838,0,1.6927487683149105,0.32115498351268257,0,0.30503611524901264,,
OCHEM,random_forest,source_holdout_ochem_r5_molecular_graph_chemprop,source_holdout_ochem_r5,OCHEM,chemprop,graph_neural_network,molecular_graph,1.2465010020230645,1,1.4048218435240136,0.03322805872178569,1,0.23003731245716902,,
OCHEM,random_forest,source_holdout_ochem_r5_morgan_fingerprints_elastic_net,source_holdout_ochem_r5,OCHEM,elastic_net,linear,morgan_fingerprints,1.8507224020758897,0,1.8993304607147297,0.5277366759125017,0,0.000709431522114449,,
OCHEM,random_forest,source_holdout_ochem_r5_morgan_fingerprints_extra_trees,source_holdout_ochem_r5,OCHEM,extra_trees,tree_ensemble,morgan_fingerprints,1.5979692128889664,0,1.7595472853247784,0.3879535005225505,0,0.023608588177870118,,
OCHEM,random_forest,source_holdout_ochem_r5_morgan_fingerprints_knn,source_holdout_ochem_r5,OCHEM,knn,local_similarity,morgan_fingerprints,1.8836912840869613,0,1.974659151987597,0.603065367185369,0,0.0012462280589109857,,
OCHEM,random_forest,source_holdout_ochem_r5_morgan_fingerprints_mlp,source_holdout_ochem_r5,OCHEM,mlp,neural_network,morgan_fingerprints,1.727528212657293,0,1.9159466349481837,0.5443528501459558,0,0.0011894315221144488,,
OCHEM,random_forest,source_holdout_ochem_r5_morgan_fingerprints_random_forest,source_holdout_ochem_r5,OCHEM,random_forest,tree_ensemble,morgan_fingerprints,1.6038598423997508,0,1.7846644323595633,0.41307064755733536,0,0.0465369880492648,,
OCHEM,random_forest,source_holdout_ochem_r5_morgan_fingerprints_ridge,source_holdout_ochem_r5,OCHEM,ridge,linear,morgan_fingerprints,1.7324072104465105,0,1.9521733849605858,0.5805796001583579,0,0.000709431522114449,,
OCHEM,random_forest,source_holdout_ochem_r5_morgan_fingerprints_svr,source_holdout_ochem_r5,OCHEM,svr,kernel,morgan_fingerprints,1.4631360950012497,0,1.6704445506120462,0.2988507658098183,0,0.03942704243135418,,
OCHEM,random_forest,source_holdout_ochem_r5_morgan_fingerprints_xgboost,source_holdout_ochem_r5,OCHEM,xgboost,tree_ensemble,morgan_fingerprints,1.6512229836991774,0,1.7624949359114965,0.3909011511092686,0,0.11297814183746432,,
OCHEM,random_forest,source_holdout_ochem_r5_rdkit_descriptors_elastic_net,source_holdout_ochem_r5,OCHEM,elastic_net,linear,rdkit_descriptors,1.5304073366448232,0,1.687075025255979,0.31548124045375103,0,0.03362603624498632,,
OCHEM,random_forest,source_holdout_ochem_r5_rdkit_descriptors_esol,source_holdout_ochem_r5,OCHEM,esol,chemistry_equation,rdkit_descriptors,3.808436926115766,0,3.3957980274299855,2.0242042426277576,0,0.025038241275826652,,
OCHEM,random_forest,source_holdout_ochem_r5_rdkit_descriptors_extra_trees,source_holdout_ochem_r5,OCHEM,extra_trees,tree_ensemble,rdkit_descriptors,1.3312276623701549,0,1.4450463461400436,0.07345256133781564,1,0.16716839935277367,,
OCHEM,random_forest,source_holdout_ochem_r5_rdkit_descriptors_hist_gradient_boosting,source_holdout_ochem_r5,OCHEM,hist_gradient_boosting,tree_ensemble,rdkit_descriptors,1.294332372410746,1,1.4026256586939407,0.031031873891712802,1,0.5078203310379832,,
OCHEM,random_forest,source_holdout_ochem_r5_rdkit_descriptors_knn,source_holdout_ochem_r5,OCHEM,knn,local_similarity,rdkit_descriptors,1.5755307581568,0,1.6309752801247568,0.25938149532252885,0,0.04372766844050467,,
OCHEM,random_forest,source_holdout_ochem_r5_rdkit_descriptors_mlp,source_holdout_ochem_r5,OCHEM,mlp,neural_network,rdkit_descriptors,1.3114107429203363,0,1.6627130477322225,0.29111926292999457,0,0.1355913165672995,,
OCHEM,random_forest,source_holdout_ochem_r5_rdkit_descriptors_ngboost,source_holdout_ochem_r5,OCHEM,ngboost,probabilistic_boosting,rdkit_descriptors,1.3280663678127842,0,1.420643385186992,0.049049600384764025,1,0.43439315038863424,,
OCHEM,random_forest,source_holdout_ochem_r5_rdkit_descriptors_random_forest,source_holdout_ochem_r5,OCHEM,random_forest,tree_ensemble,rdkit_descriptors,1.3076921762654288,0,1.4367382963529547,0.06514451155072676,1,0.19710597134495386,,
OCHEM,random_forest,source_holdout_ochem_r5_rdkit_descriptors_ridge,source_holdout_ochem_r5,OCHEM,ridge,linear,rdkit_descriptors,1.5205156974711502,0,1.6589776900665876,0.28738390526435964,0,0.03279451213184456,,
OCHEM,random_forest,source_holdout_ochem_r5_rdkit_descriptors_svr,source_holdout_ochem_r5,OCHEM,svr,kernel,rdkit_descriptors,1.2771626401964924,0,1.4634073133518466,0.09181352854961866,1,0.40992305719535077,,
OCHEM,random_forest,source_holdout_ochem_r5_rdkit_descriptors_xgboost,source_holdout_ochem_r5,OCHEM,xgboost,tree_ensemble,rdkit_descriptors,1.2538240766093485,1,1.371593784802228,0.0,1,0.6996896402015007,,
OCHEM,hist_gradient_boosting,source_holdout_ochem_r1_maccs_fingerprints_elastic_net,source_holdout_ochem_r1,OCHEM,elastic_net,linear,maccs_fingerprints,1.713776809330143,0,1.8891540576313495,0.5274776554389458,0,0.0005212431442949166,,
OCHEM,hist_gradient_boosting,source_holdout_ochem_r1_maccs_fingerprints_extra_trees,source_holdout_ochem_r1,OCHEM,extra_trees,tree_ensemble,maccs_fingerprints,1.5287725009098025,0,1.6569874314631503,0.2953110292707466,0,0.0006397901039340307,,
OCHEM,hist_gradient_boosting,source_holdout_ochem_r1_maccs_fingerprints_knn,source_holdout_ochem_r1,OCHEM,knn,local_similarity,maccs_fingerprints,1.7109720582007102,0,2.0334400143642557,0.671763612171852,0,0.0005722436722103949,,
OCHEM,hist_gradient_boosting,source_holdout_ochem_r1_maccs_fingerprints_mlp,source_holdout_ochem_r1,OCHEM,mlp,neural_network,maccs_fingerprints,1.5161583950852207,0,1.7022140560335062,0.34053765384110246,0,0.0005747951883826188,,
OCHEM,hist_gradient_boosting,source_holdout_ochem_r1_maccs_fingerprints_random_forest,source_holdout_ochem_r1,OCHEM,random_forest,tree_ensemble,maccs_fingerprints,1.527442615094955,0,1.6567409970656857,0.29506459487328196,0,0.0011710884584564022,,
OCHEM,hist_gradient_boosting,source_holdout_ochem_r1_maccs_fingerprints_ridge,source_holdout_ochem_r1,OCHEM,ridge,linear,maccs_fingerprints,1.717318227742543,0,1.881656800376438,0.5199803981840343,0,0.0005212431442949166,,
OCHEM,hist_gradient_boosting,source_holdout_ochem_r1_maccs_fingerprints_svr,source_holdout_ochem_r1,OCHEM,svr,kernel,maccs_fingerprints,1.4515065678216155,0,1.6442736992748002,0.28259729708239645,0,0.0009767245069893095,,
OCHEM,hist_gradient_boosting,source_holdout_ochem_r1_maccs_fingerprints_xgboost,source_holdout_ochem_r1,OCHEM,xgboost,tree_ensemble,maccs_fingerprints,1.4354479286702073,0,1.673460204439858,0.3117838022474544,0,0.011860757671820838,,
OCHEM,hist_gradient_boosting,source_holdout_ochem_r1_molecular_graph_chemprop,source_holdout_ochem_r1,OCHEM,chemprop,graph_neural_network,molecular_graph,1.2299599995875403,0,1.4202762585358122,0.058599856343408474,1,0.003768105023617922,,
OCHEM,hist_gradient_boosting,source_holdout_ochem_r1_morgan_fingerprints_elastic_net,source_holdout_ochem_r1,OCHEM,elastic_net,linear,morgan_fingerprints,1.857393701735928,0,1.8993304607147297,0.537654058522326,0,0.0005131459257642264,,
OCHEM,hist_gradient_boosting,source_holdout_ochem_r1_morgan_fingerprints_extra_trees,source_holdout_ochem_r1,OCHEM,extra_trees,tree_ensemble,morgan_fingerprints,1.5914858112925983,0,1.7635519826300183,0.4018755804376146,0,0.0007473036244046692,,
OCHEM,hist_gradient_boosting,source_holdout_ochem_r1_morgan_fingerprints_knn,source_holdout_ochem_r1,OCHEM,knn,local_similarity,morgan_fingerprints,1.8855148254349436,0,1.94632032253509,0.5846439203426863,0,0.0005716003425450956,,
OCHEM,hist_gradient_boosting,source_holdout_ochem_r1_morgan_fingerprints_mlp,source_holdout_ochem_r1,OCHEM,mlp,neural_network,morgan_fingerprints,1.852380563421626,0,1.8583235520687977,0.496647149876394,0,0.0005131459257642264,,
OCHEM,hist_gradient_boosting,source_holdout_ochem_r1_morgan_fingerprints_random_forest,source_holdout_ochem_r1,OCHEM,random_forest,tree_ensemble,morgan_fingerprints,1.6413679009582858,0,1.7846098791857061,0.4229334769933024,0,0.001660266493361908,,
OCHEM,hist_gradient_boosting,source_holdout_ochem_r1_morgan_fingerprints_ridge,source_holdout_ochem_r1,OCHEM,ridge,linear,morgan_fingerprints,1.7397207950709253,0,1.952186066552298,0.5905096643598944,0,0.0005131459257642264,,
OCHEM,hist_gradient_boosting,source_holdout_ochem_r1_morgan_fingerprints_svr,source_holdout_ochem_r1,OCHEM,svr,kernel,morgan_fingerprints,1.5601491312032203,0,1.6704445506120458,0.30876814841964206,0,0.0006637833638816031,,
OCHEM,hist_gradient_boosting,source_holdout_ochem_r1_morgan_fingerprints_xgboost,source_holdout_ochem_r1,OCHEM,xgboost,tree_ensemble,morgan_fingerprints,1.662995252533689,0,1.7653259668572716,0.4036495646648679,0,0.01476805899239384,,
OCHEM,hist_gradient_boosting,source_holdout_ochem_r1_rdkit_descriptors_elastic_net,source_holdout_ochem_r1,OCHEM,elastic_net,linear,rdkit_descriptors,1.5278578483485203,0,1.6870750252559772,0.3253986230635735,0,0.0007327415725358768,,
OCHEM,hist_gradient_boosting,source_holdout_ochem_r1_rdkit_descriptors_esol,source_holdout_ochem_r1,OCHEM,esol,chemistry_equation,rdkit_descriptors,3.7689700963518433,0,3.3957980274299855,2.0341216252375816,0,0.0014202848221619897,,
OCHEM,hist_gradient_boosting,source_holdout_ochem_r1_rdkit_descriptors_extra_trees,source_holdout_ochem_r1,OCHEM,extra_trees,tree_ensemble,rdkit_descriptors,1.294746589290713,0,1.4160339175351997,0.05435751534279598,1,0.006909100257650143,,
OCHEM,hist_gradient_boosting,source_holdout_ochem_r1_rdkit_descriptors_hist_gradient_boosting,source_holdout_ochem_r1,OCHEM,hist_gradient_boosting,tree_ensemble,rdkit_descriptors,1.2923848361761776,1,1.3979299670046266,0.03625356481222286,1,0.7488587171494115,,
OCHEM,hist_gradient_boosting,source_holdout_ochem_r1_rdkit_descriptors_knn,source_holdout_ochem_r1,OCHEM,knn,local_similarity,rdkit_descriptors,1.480951278916819,0,1.685254746077652,0.3235783438852482,0,0.0007939368890162939,,
OCHEM,hist_gradient_boosting,source_holdout_ochem_r1_rdkit_descriptors_mlp,source_holdout_ochem_r1,OCHEM,mlp,neural_network,rdkit_descriptors,1.3685494646177796,0,1.8066155410753166,0.4449391388829129,0,0.0029302697282437206,,
OCHEM,hist_gradient_boosting,source_holdout_ochem_r1_rdkit_descriptors_ngboost,source_holdout_ochem_r1,OCHEM,ngboost,probabilistic_boosting,rdkit_descriptors,1.250645038510222,0,1.4271065185182301,0.0654301163258264,1,0.8761050787324142,,
OCHEM,hist_gradient_boosting,source_holdout_ochem_r1_rdkit_descriptors_random_forest,source_holdout_ochem_r1,OCHEM,random_forest,tree_ensemble,rdkit_descriptors,1.2717695783520495,1,1.4159897666090708,0.05431336441666712,1,0.12928255311289472,,
OCHEM,hist_gradient_boosting,source_holdout_ochem_r1_rdkit_descriptors_ridge,source_holdout_ochem_r1,OCHEM,ridge,linear,rdkit_descriptors,1.5155878167202868,0,1.6818608897462328,0.3201844875538291,0,0.0008223494527142705,,
OCHEM,hist_gradient_boosting,source_holdout_ochem_r1_rdkit_descriptors_svr,source_holdout_ochem_r1,OCHEM,svr,kernel,rdkit_descriptors,1.2718403934542388,0,1.4609556482074635,0.09927924601505977,1,0.03279792944770447,,
OCHEM,hist_gradient_boosting,source_holdout_ochem_r1_rdkit_descriptors_xgboost,source_holdout_ochem_r1,OCHEM,xgboost,tree_ensemble,rdkit_descriptors,1.2179572863675776,1,1.3616764021924037,0.0,1,0.9277974532126139,,
OCHEM,hist_gradient_boosting,source_holdout_ochem_r2_maccs_fingerprints_elastic_net,source_holdout_ochem_r2,OCHEM,elastic_net,linear,maccs_fingerprints,1.8888889957120791,0,1.889154057631351,0.5256080509785892,0,0.0005212431442949166,,
OCHEM,hist_gradient_boosting,source_holdout_ochem_r2_maccs_fingerprints_extra_trees,source_holdout_ochem_r2,OCHEM,extra_trees,tree_ensemble,maccs_fingerprints,1.6998490298580406,0,1.690353623929353,0.32680761727659124,0,0.0007769012488478859,,
OCHEM,hist_gradient_boosting,source_holdout_ochem_r2_maccs_fingerprints_knn,source_holdout_ochem_r2,OCHEM,knn,local_similarity,maccs_fingerprints,1.9573157557056267,0,1.983957280588026,0.6204112739352641,0,0.0005722436722103949,,
OCHEM,hist_gradient_boosting,source_holdout_ochem_r2_maccs_fingerprints_mlp,source_holdout_ochem_r2,OCHEM,mlp,neural_network,maccs_fingerprints,1.704154401764838,0,1.7109812910655755,0.3474352844128137,0,0.0005212431442949166,,
OCHEM,hist_gradient_boosting,source_holdout_ochem_r2_maccs_fingerprints_random_forest,source_holdout_ochem_r2,OCHEM,random_forest,tree_ensemble,maccs_fingerprints,1.7088391483822187,0,1.7089973658650865,0.3454513592123247,0,0.0017047007808577565,,
OCHEM,hist_gradient_boosting,source_holdout_ochem_r2_maccs_fingerprints_ridge,source_holdout_ochem_r2,OCHEM,ridge,linear,maccs_fingerprints,1.8450727840517336,0,1.8816589602139735,0.5181129535612117,0,0.0005212431442949166,,
OCHEM,hist_gradient_boosting,source_holdout_ochem_r2_maccs_fingerprints_svr,source_holdout_ochem_r2,OCHEM,svr,kernel,maccs_fingerprints,1.63599431510426,0,1.6442736992748022,0.28072769262204034,0,0.0006645303755008043,,
OCHEM,hist_gradient_boosting,source_holdout_ochem_r2_maccs_fingerprints_xgboost,source_holdout_ochem_r2,OCHEM,xgboost,tree_ensemble,maccs_fingerprints,1.6293567229196122,0,1.6698421031461916,0.3062960964934298,0,0.012175963619120293,,
OCHEM,hist_gradient_boosting,source_holdout_ochem_r2_molecular_graph_chemprop,source_holdout_ochem_r2,OCHEM,chemprop,graph_neural_network,molecular_graph,1.381245806933897,1,1.3949408868911988,0.03139488023843695,1,0.006719227688317978,,
OCHEM,hist_gradient_boosting,source_holdout_ochem_r2_morgan_fingerprints_elastic_net,source_holdout_ochem_r2,OCHEM,elastic_net,linear,morgan_fingerprints,1.8827169011713982,0,1.8993304607147294,0.5357844540619676,0,0.0005131459257642264,,
OCHEM,hist_gradient_boosting,source_holdout_ochem_r2_morgan_fingerprints_extra_trees,source_holdout_ochem_r2,OCHEM,extra_trees,tree_ensemble,morgan_fingerprints,1.855595047162771,0,1.7600648139361492,0.3965188072833874,0,0.0007480449919504452,,
OCHEM,hist_gradient_boosting,source_holdout_ochem_r2_morgan_fingerprints_knn,source_holdout_ochem_r2,OCHEM,knn,local_similarity,morgan_fingerprints,1.9799815040322242,0,1.943041247315168,0.5794952406624061,0,0.0005716003425450956,,
OCHEM,hist_gradient_boosting,source_holdout_ochem_r2_morgan_fingerprints_mlp,source_holdout_ochem_r2,OCHEM,mlp,neural_network,morgan_fingerprints,1.8670253874208775,0,1.9332694353704087,0.5697234287176469,0,0.0005131459257642264,,
OCHEM,hist_gradient_boosting,source_holdout_ochem_r2_morgan_fingerprints_random_forest,source_holdout_ochem_r2,OCHEM,random_forest,tree_ensemble,morgan_fingerprints,1.8358633723672182,0,1.7822734041270802,0.4187273974743184,0,0.001661912065474543,,
OCHEM,hist_gradient_boosting,source_holdout_ochem_r2_morgan_fingerprints_ridge,source_holdout_ochem_r2,OCHEM,ridge,linear,morgan_fingerprints,1.7685787902236667,0,1.9521899112641143,0.5886439046113525,0,0.0005131459257642264,,
OCHEM,hist_gradient_boosting,source_holdout_ochem_r2_morgan_fingerprints_svr,source_holdout_ochem_r2,OCHEM,svr,kernel,morgan_fingerprints,1.713656315705145,0,1.670444550612044,0.3068985439592822,0,0.0005791825408935981,,
OCHEM,hist_gradient_boosting,source_holdout_ochem_r2_morgan_fingerprints_xgboost,source_holdout_ochem_r2,OCHEM,xgboost,tree_ensemble,morgan_fingerprints,1.7723004368513897,0,1.7982961366175847,0.4347501299648229,0,0.012294604127799804,,
OCHEM,hist_gradient_boosting,source_holdout_ochem_r2_rdkit_descriptors_elastic_net,source_holdout_ochem_r2,OCHEM,elastic_net,linear,rdkit_descriptors,1.6824127861712221,0,1.6870750252559763,0.3235290186032145,0,0.000849744934380345,,
OCHEM,hist_gradient_boosting,source_holdout_ochem_r2_rdkit_descriptors_esol,source_holdout_ochem_r2,OCHEM,esol,chemistry_equation,rdkit_descriptors,3.9057146617999585,0,3.3957980274299855,2.0322520207772237,0,0.0014202848221619897,,
OCHEM,hist_gradient_boosting,source_holdout_ochem_r2_rdkit_descriptors_extra_trees,source_holdout_ochem_r2,OCHEM,extra_trees,tree_ensemble,rdkit_descriptors,1.5309915108702732,0,1.4130303137877258,0.04948430713496399,1,0.002891156322832956,,
OCHEM,hist_gradient_boosting,source_holdout_ochem_r2_rdkit_descriptors_hist_gradient_boosting,source_holdout_ochem_r2,OCHEM,hist_gradient_boosting,tree_ensemble,rdkit_descriptors,1.4827651719719182,1,1.398087093957481,0.034541087304719165,1,0.4437907712896997,,
OCHEM,hist_gradient_boosting,source_holdout_ochem_r2_rdkit_descriptors_knn,source_holdout_ochem_r2,OCHEM,knn,local_similarity,rdkit_descriptors,1.681369974577068,0,1.6309730873361397,0.26742708068337784,0,0.001453723720725501,,
OCHEM,hist_gradient_boosting,source_holdout_ochem_r2_rdkit_descriptors_mlp,source_holdout_ochem_r2,OCHEM,mlp,neural_network,rdkit_descriptors,1.586133312130139,0,1.6003821531838576,0.23683614653109575,0,0.0009446230513759237,,
OCHEM,hist_gradient_boosting,source_holdout_ochem_r2_rdkit_descriptors_ngboost,source_holdout_ochem_r2,OCHEM,ngboost,probabilistic_boosting,rdkit_descriptors,1.5273494211030296,0,1.4296439017892808,0.06609789513651898,1,0.8374897028516122,,
OCHEM,hist_gradient_boosting,source_holdout_ochem_r2_rdkit_descriptors_random_forest,source_holdout_ochem_r2,OCHEM,random_forest,tree_ensemble,rdkit_descriptors,1.545496077513943,0,1.4180323848881722,0.05448637823541036,1,0.029593140941624987,,
OCHEM,hist_gradient_boosting,source_holdout_ochem_r2_rdkit_descriptors_ridge,source_holdout_ochem_r2,OCHEM,ridge,linear,rdkit_descriptors,1.6841614913070884,0,1.7303897821150913,0.3668437754623295,0,0.000849744934380345,,
OCHEM,hist_gradient_boosting,source_holdout_ochem_r2_rdkit_descriptors_svr,source_holdout_ochem_r2,OCHEM,svr,kernel,rdkit_descriptors,1.5215245816385796,0,1.4634073133518488,0.099861306699087,1,0.0035098566411864373,,
OCHEM,hist_gradient_boosting,source_holdout_ochem_r2_rdkit_descriptors_xgboost,source_holdout_ochem_r2,OCHEM,xgboost,tree_ensemble,rdkit_descriptors,1.4573382983866274,1,1.3635460066527618,0.0,1,0.4975259225506816,,
OCHEM,hist_gradient_boosting,source_holdout_ochem_r3_maccs_fingerprints_elastic_net,source_holdout_ochem_r3,OCHEM,elastic_net,linear,maccs_fingerprints,1.8394548149284786,0,1.889154057631349,0.5145278641344087,0,0.0005212431442949166,,
OCHEM,hist_gradient_boosting,source_holdout_ochem_r3_maccs_fingerprints_extra_trees,source_holdout_ochem_r3,OCHEM,extra_trees,tree_ensemble,maccs_fingerprints,1.5065456053930617,0,1.650788160575714,0.2761619670787736,0,0.0005354421418167644,,
OCHEM,hist_gradient_boosting,source_holdout_ochem_r3_maccs_fingerprints_knn,source_holdout_ochem_r3,OCHEM,knn,local_similarity,maccs_fingerprints,1.7101034463666764,0,1.9854513673951637,0.6108251738982233,0,0.0005722436722103949,,
OCHEM,hist_gradient_boosting,source_holdout_ochem_r3_maccs_fingerprints_mlp,source_holdout_ochem_r3,OCHEM,mlp,neural_network,maccs_fingerprints,1.5834919915167285,0,1.7861041893825105,0.4114779958855701,0,0.0005517768319148218,,
OCHEM,hist_gradient_boosting,source_holdout_ochem_r3_maccs_fingerprints_random_forest,source_holdout_ochem_r3,OCHEM,random_forest,tree_ensemble,maccs_fingerprints,1.4930307398741094,0,1.6566562925910795,0.2820300990941391,0,0.0009671498841086446,,
OCHEM,hist_gradient_boosting,source_holdout_ochem_r3_maccs_fingerprints_ridge,source_holdout_ochem_r3,OCHEM,ridge,linear,maccs_fingerprints,1.829212126943116,0,1.9248205314393643,0.5501943379424239,0,0.0005212431442949166,,
OCHEM,hist_gradient_boosting,source_holdout_ochem_r3_maccs_fingerprints_svr,source_holdout_ochem_r3,OCHEM,svr,kernel,maccs_fingerprints,1.5213952615934168,0,1.644273699274802,0.26964750577786156,0,0.000828026551433108,,
OCHEM,hist_gradient_boosting,source_holdout_ochem_r3_maccs_fingerprints_xgboost,source_holdout_ochem_r3,OCHEM,xgboost,tree_ensemble,maccs_fingerprints,1.4817985307905517,0,1.6657140085363786,0.29108781503943826,0,0.008769599928854985,,
OCHEM,hist_gradient_boosting,source_holdout_ochem_r3_molecular_graph_chemprop,source_holdout_ochem_r3,OCHEM,chemprop,graph_neural_network,molecular_graph,1.4847089950076795,1,1.3746261934969404,0.0,1,0.0013608444266498753,,
OCHEM,hist_gradient_boosting,source_holdout_ochem_r3_morgan_fingerprints_elastic_net,source_holdout_ochem_r3,OCHEM,elastic_net,linear,morgan_fingerprints,1.8881731434580284,0,1.8993304607147297,0.5247042672177893,0,0.0005131459257642264,,
OCHEM,hist_gradient_boosting,source_holdout_ochem_r3_morgan_fingerprints_extra_trees,source_holdout_ochem_r3,OCHEM,extra_trees,tree_ensemble,morgan_fingerprints,1.6787770837966238,0,1.7756340673820288,0.4010078738850884,0,0.0007473036244046692,,
OCHEM,hist_gradient_boosting,source_holdout_ochem_r3_morgan_fingerprints_knn,source_holdout_ochem_r3,OCHEM,knn,local_similarity,morgan_fingerprints,1.8349662457983056,0,1.9446973234167626,0.5700711299198222,0,0.0005716003425450956,,
OCHEM,hist_gradient_boosting,source_holdout_ochem_r3_morgan_fingerprints_mlp,source_holdout_ochem_r3,OCHEM,mlp,neural_network,morgan_fingerprints,1.856376457751619,0,1.780332619706324,0.4057064262093837,0,0.0005131459257642264,,
OCHEM,hist_gradient_boosting,source_holdout_ochem_r3_morgan_fingerprints_random_forest,source_holdout_ochem_r3,OCHEM,random_forest,tree_ensemble,morgan_fingerprints,1.7442255790838481,0,1.7837171336162276,0.40909094011928726,0,0.001661912065474543,,
OCHEM,hist_gradient_boosting,source_holdout_ochem_r3_morgan_fingerprints_ridge,source_holdout_ochem_r3,OCHEM,ridge,linear,morgan_fingerprints,1.8947767847936734,0,1.826296655170082,0.45167046167314173,0,0.0005131459257642264,,
OCHEM,hist_gradient_boosting,source_holdout_ochem_r3_morgan_fingerprints_svr,source_holdout_ochem_r3,OCHEM,svr,kernel,morgan_fingerprints,1.6846985097343132,0,1.670444550612044,0.2958183571151036,0,0.0005921594989756327,,
OCHEM,hist_gradient_boosting,source_holdout_ochem_r3_morgan_fingerprints_xgboost,source_holdout_ochem_r3,OCHEM,xgboost,tree_ensemble,morgan_fingerprints,1.7314599251843767,0,1.765304636781744,0.3906784432848036,0,0.012294604127799804,,
OCHEM,hist_gradient_boosting,source_holdout_ochem_r3_rdkit_descriptors_elastic_net,source_holdout_ochem_r3,OCHEM,elastic_net,linear,rdkit_descriptors,1.6602332103389978,0,1.6870750252559805,0.31244883175904015,0,0.0008508310821014044,,
OCHEM,hist_gradient_boosting,source_holdout_ochem_r3_rdkit_descriptors_esol,source_holdout_ochem_r3,OCHEM,esol,chemistry_equation,rdkit_descriptors,4.254078436531162,0,3.3957980274299855,2.021171833933045,0,0.0014202848221619897,,
OCHEM,hist_gradient_boosting,source_holdout_ochem_r3_rdkit_descriptors_extra_trees,source_holdout_ochem_r3,OCHEM,extra_trees,tree_ensemble,rdkit_descriptors,1.4750512007331686,1,1.4120566426191425,0.03743044912220217,1,0.004623682869490769,,
OCHEM,hist_gradient_boosting,source_holdout_ochem_r3_rdkit_descriptors_hist_gradient_boosting,source_holdout_ochem_r3,OCHEM,hist_gradient_boosting,tree_ensemble,rdkit_descriptors,1.356987194454862,0,1.4208380283110098,0.04621183481406943,1,0.9115637909714097,,
OCHEM,hist_gradient_boosting,source_holdout_ochem_r3_rdkit_descriptors_knn,source_holdout_ochem_r3,OCHEM,knn,local_similarity,rdkit_descriptors,1.5712583161644549,0,1.6852729712853187,0.31064677778837835,0,0.0014555807521176108,,
OCHEM,hist_gradient_boosting,source_holdout_ochem_r3_rdkit_descriptors_mlp,source_holdout_ochem_r3,OCHEM,mlp,neural_network,rdkit_descriptors,1.3401502156041698,0,1.6213533071161284,0.24672711361918798,0,0.0020599082766371143,,
OCHEM,hist_gradient_boosting,source_holdout_ochem_r3_rdkit_descriptors_ngboost,source_holdout_ochem_r3,OCHEM,ngboost,probabilistic_boosting,rdkit_descriptors,1.4418035071519264,0,1.4260467514645832,0.05142055796764278,1,0.7107366408037257,,
OCHEM,hist_gradient_boosting,source_holdout_ochem_r3_rdkit_descriptors_random_forest,source_holdout_ochem_r3,OCHEM,random_forest,tree_ensemble,rdkit_descriptors,1.4635245757713053,0,1.4298676064904525,0.05524141299351215,1,0.0475284120310433,,
OCHEM,hist_gradient_boosting,source_holdout_ochem_r3_rdkit_descriptors_ridge,source_holdout_ochem_r3,OCHEM,ridge,linear,rdkit_descriptors,1.6105236622533434,0,1.6592515505112542,0.2846253570143138,0,0.001060114692646751,,
OCHEM,hist_gradient_boosting,source_holdout_ochem_r3_rdkit_descriptors_svr,source_holdout_ochem_r3,OCHEM,svr,kernel,rdkit_descriptors,1.3337273967638725,0,1.4609562977992365,0.08633010430229615,1,0.03675411195007151,,
OCHEM,hist_gradient_boosting,source_holdout_ochem_r3_rdkit_descriptors_xgboost,source_holdout_ochem_r3,OCHEM,xgboost,tree_ensemble,rdkit_descriptors,1.4017919759160127,1,1.3855093165938166,0.010883123096876224,1,0.9247409624385988,,
OCHEM,hist_gradient_boosting,source_holdout_ochem_r4_maccs_fingerprints_elastic_net,source_holdout_ochem_r4,OCHEM,elastic_net,linear,maccs_fingerprints,1.925940803954127,0,1.8891540576313506,0.5156489089038228,0,0.0005212431442949166,,
OCHEM,hist_gradient_boosting,source_holdout_ochem_r4_maccs_fingerprints_extra_trees,source_holdout_ochem_r4,OCHEM,extra_trees,tree_ensemble,maccs_fingerprints,1.7841950529077026,0,1.666121511280029,0.2926163625525011,0,0.0007769012488478859,,
OCHEM,hist_gradient_boosting,source_holdout_ochem_r4_maccs_fingerprints_knn,source_holdout_ochem_r4,OCHEM,knn,local_similarity,maccs_fingerprints,1.9711943830490226,0,2.0367182809830195,0.6632131322554917,0,0.0005722436722103949,,
OCHEM,hist_gradient_boosting,source_holdout_ochem_r4_maccs_fingerprints_mlp,source_holdout_ochem_r4,OCHEM,mlp,neural_network,maccs_fingerprints,1.7528759159612215,0,1.7913430600534683,0.4178379113259405,0,0.0005212431442949166,,
OCHEM,hist_gradient_boosting,source_holdout_ochem_r4_maccs_fingerprints_random_forest,source_holdout_ochem_r4,OCHEM,random_forest,tree_ensemble,maccs_fingerprints,1.7915564564872006,0,1.6499751143296795,0.27646996560215165,0,0.0017137893302053865,,
OCHEM,hist_gradient_boosting,source_holdout_ochem_r4_maccs_fingerprints_ridge,source_holdout_ochem_r4,OCHEM,ridge,linear,maccs_fingerprints,1.9142106800596301,0,1.881658375038366,0.5081532263108381,0,0.0005212431442949166,,
OCHEM,hist_gradient_boosting,source_holdout_ochem_r4_maccs_fingerprints_svr,source_holdout_ochem_r4,OCHEM,svr,kernel,maccs_fingerprints,1.7571112841885508,0,1.6428078807153588,0.26930273198783095,0,0.0006277611614122195,,
OCHEM,hist_gradient_boosting,source_holdout_ochem_r4_maccs_fingerprints_xgboost,source_holdout_ochem_r4,OCHEM,xgboost,tree_ensemble,maccs_fingerprints,1.6961514914480864,0,1.6907245121143604,0.31721936338683254,0,0.016192107482169992,,
OCHEM,hist_gradient_boosting,source_holdout_ochem_r4_molecular_graph_chemprop,source_holdout_ochem_r4,OCHEM,chemprop,graph_neural_network,molecular_graph,1.3750087460094036,0,1.4115834337837514,0.03807828505622357,1,0.007081338155262885,,
OCHEM,hist_gradient_boosting,source_holdout_ochem_r4_morgan_fingerprints_elastic_net,source_holdout_ochem_r4,OCHEM,elastic_net,linear,morgan_fingerprints,2.005278075151981,0,1.8993304607147297,0.5258253119872018,0,0.0005131459257642264,,
OCHEM,hist_gradient_boosting,source_holdout_ochem_r4_morgan_fingerprints_extra_trees,source_holdout_ochem_r4,OCHEM,extra_trees,tree_ensemble,morgan_fingerprints,1.8740527207657427,0,1.786696012490356,0.4131908637628281,0,0.000651884532159908,,
OCHEM,hist_gradient_boosting,source_holdout_ochem_r4_morgan_fingerprints_knn,source_holdout_ochem_r4,OCHEM,knn,local_similarity,morgan_fingerprints,2.0126726286921555,0,1.974628105692757,0.6011229569652292,0,0.0005716003425450956,,
OCHEM,hist_gradient_boosting,source_holdout_ochem_r4_morgan_fingerprints_mlp,source_holdout_ochem_r4,OCHEM,mlp,neural_network,morgan_fingerprints,1.9555103339368156,0,1.7949217727359479,0.42141662400842006,0,0.0005131459257642264,,
OCHEM,hist_gradient_boosting,source_holdout_ochem_r4_morgan_fingerprints_random_forest,source_holdout_ochem_r4,OCHEM,random_forest,tree_ensemble,morgan_fingerprints,1.875130576188543,0,1.79596066050577,0.42245551177824225,0,0.001661912065474543,,
OCHEM,hist_gradient_boosting,source_holdout_ochem_r4_morgan_fingerprints_ridge,source_holdout_ochem_r4,OCHEM,ridge,linear,morgan_fingerprints,1.8783530670312742,0,1.9521762846887774,0.5786711359612495,0,0.0005131459257642264,,
OCHEM,hist_gradient_boosting,source_holdout_ochem_r4_morgan_fingerprints_svr,source_holdout_ochem_r4,OCHEM,svr,kernel,morgan_fingerprints,1.7794319413246376,0,1.6742131233729862,0.3007079746454584,0,0.000627055456851898,,
OCHEM,hist_gradient_boosting,source_holdout_ochem_r4_morgan_fingerprints_xgboost,source_holdout_ochem_r4,OCHEM,xgboost,tree_ensemble,morgan_fingerprints,1.821706552712798,0,1.7642283435201778,0.39072319479264994,0,0.012294604127799804,,
OCHEM,hist_gradient_boosting,source_holdout_ochem_r4_rdkit_descriptors_elastic_net,source_holdout_ochem_r4,OCHEM,elastic_net,linear,rdkit_descriptors,1.680093833976969,0,1.6870750252559743,0.3135698765284465,0,0.0008508310821014044,,
OCHEM,hist_gradient_boosting,source_holdout_ochem_r4_rdkit_descriptors_esol,source_holdout_ochem_r4,OCHEM,esol,chemistry_equation,rdkit_descriptors,3.464699830916146,0,3.3957980274299855,2.0222928787024577,0,0.0014202848221619897,,
OCHEM,hist_gradient_boosting,source_holdout_ochem_r4_rdkit_descriptors_extra_trees,source_holdout_ochem_r4,OCHEM,extra_trees,tree_ensemble,rdkit_descriptors,1.5146733357749094,1,1.4063246580826296,0.032819509355101806,1,0.0017271256015954028,,
OCHEM,hist_gradient_boosting,source_holdout_ochem_r4_rdkit_descriptors_hist_gradient_boosting,source_holdout_ochem_r4,OCHEM,hist_gradient_boosting,tree_ensemble,rdkit_descriptors,1.482801571710474,1,1.4016279959589868,0.02812284723145897,1,0.4437907712896997,,
OCHEM,hist_gradient_boosting,source_holdout_ochem_r4_rdkit_descriptors_knn,source_holdout_ochem_r4,OCHEM,knn,local_similarity,rdkit_descriptors,1.7387094541330455,0,1.630968026357037,0.25746287762950915,0,0.0013134172773193824,,
OCHEM,hist_gradient_boosting,source_holdout_ochem_r4_rdkit_descriptors_mlp,source_holdout_ochem_r4,OCHEM,mlp,neural_network,rdkit_descriptors,1.5814847327814963,0,1.6362428303174406,0.26273768158991273,0,0.000820918961973686,,
OCHEM,hist_gradient_boosting,source_holdout_ochem_r4_rdkit_descriptors_ngboost,source_holdout_ochem_r4,OCHEM,ngboost,probabilistic_boosting,rdkit_descriptors,1.4558640441929265,0,1.4133971071596023,0.03989195843207449,1,0.7107366408037257,,
OCHEM,hist_gradient_boosting,source_holdout_ochem_r4_rdkit_descriptors_random_forest,source_holdout_ochem_r4,OCHEM,random_forest,tree_ensemble,rdkit_descriptors,1.5072999020411884,0,1.4154884779702865,0.041983329242758716,1,0.038164054501172544,,
OCHEM,hist_gradient_boosting,source_holdout_ochem_r4_rdkit_descriptors_ridge,source_holdout_ochem_r4,OCHEM,ridge,linear,rdkit_descriptors,1.6857016668360119,0,1.7303769992817066,0.3568718505541788,0,0.0008508310821014044,,
OCHEM,hist_gradient_boosting,source_holdout_ochem_r4_rdkit_descriptors_svr,source_holdout_ochem_r4,OCHEM,svr,kernel,rdkit_descriptors,1.532136102320556,0,1.4634044914040278,0.08989934267650002,1,0.0068793147616338065,,
OCHEM,hist_gradient_boosting,source_holdout_ochem_r4_rdkit_descriptors_xgboost,source_holdout_ochem_r4,OCHEM,xgboost,tree_ensemble,rdkit_descriptors,1.4290691347121565,1,1.3735051487275278,0.0,1,0.9186712449494611,,
OCHEM,hist_gradient_boosting,source_holdout_ochem_r5_maccs_fingerprints_elastic_net,source_holdout_ochem_r5,OCHEM,elastic_net,linear,maccs_fingerprints,1.619367070665897,0,1.88915405763135,0.517560272829122,0,0.0005517768319148218,,
OCHEM,hist_gradient_boosting,source_holdout_ochem_r5_maccs_fingerprints_extra_trees,source_holdout_ochem_r5,OCHEM,extra_trees,tree_ensemble,maccs_fingerprints,1.4875613855266732,0,1.6419709469990216,0.27037716219679364,0,0.0005283252584966801,,
OCHEM,hist_gradient_boosting,source_holdout_ochem_r5_maccs_fingerprints_knn,source_holdout_ochem_r5,OCHEM,knn,local_similarity,maccs_fingerprints,1.6238171345814731,0,2.03447615913751,0.6628823743352821,0,0.000585065251480545,,
OCHEM,hist_gradient_boosting,source_holdout_ochem_r5_maccs_fingerprints_mlp,source_holdout_ochem_r5,OCHEM,mlp,neural_network,maccs_fingerprints,1.4429211644992757,0,1.7550861191827434,0.38349233438051544,0,0.0005086168332593323,,
OCHEM,hist_gradient_boosting,source_holdout_ochem_r5_maccs_fingerprints_random_forest,source_holdout_ochem_r5,OCHEM,random_forest,tree_ensemble,maccs_fingerprints,1.4780402476840755,0,1.6514437333875143,0.27984994858528633,0,0.0009671498841086446,,
OCHEM,hist_gradient_boosting,source_holdout_ochem_r5_maccs_fingerprints_ridge,source_holdout_ochem_r5,OCHEM,ridge,linear,maccs_fingerprints,1.6167817003800116,0,1.9138099060864073,0.5422161212841794,0,0.0005517768319148218,,
OCHEM,hist_gradient_boosting,source_holdout_ochem_r5_maccs_fingerprints_svr,source_holdout_ochem_r5,OCHEM,svr,kernel,maccs_fingerprints,1.4236736397819607,0,1.6428079049377924,0.27121412013556445,0,0.001167940841904553,,
OCHEM,hist_gradient_boosting,source_holdout_ochem_r5_maccs_fingerprints_xgboost,source_holdout_ochem_r5,OCHEM,xgboost,tree_ensemble,maccs_fingerprints,1.353915541334838,0,1.6927487683149105,0.32115498351268257,0,0.048250330843204056,,
OCHEM,hist_gradient_boosting,source_holdout_ochem_r5_molecular_graph_chemprop,source_holdout_ochem_r5,OCHEM,chemprop,graph_neural_network,molecular_graph,1.2465010020230645,1,1.4048218435240136,0.03322805872178569,1,0.012965828372741262,,
OCHEM,hist_gradient_boosting,source_holdout_ochem_r5_morgan_fingerprints_elastic_net,source_holdout_ochem_r5,OCHEM,elastic_net,linear,morgan_fingerprints,1.8507224020758897,0,1.8993304607147297,0.5277366759125017,0,0.0005131459257642264,,
OCHEM,hist_gradient_boosting,source_holdout_ochem_r5_morgan_fingerprints_extra_trees,source_holdout_ochem_r5,OCHEM,extra_trees,tree_ensemble,morgan_fingerprints,1.5979692128889664,0,1.7595472853247784,0.3879535005225505,0,0.0007473036244046692,,
OCHEM,hist_gradient_boosting,source_holdout_ochem_r5_morgan_fingerprints_knn,source_holdout_ochem_r5,OCHEM,knn,local_similarity,morgan_fingerprints,1.8836912840869613,0,1.974659151987597,0.603065367185369,0,0.0005716003425450956,,
OCHEM,hist_gradient_boosting,source_holdout_ochem_r5_morgan_fingerprints_mlp,source_holdout_ochem_r5,OCHEM,mlp,neural_network,morgan_fingerprints,1.727528212657293,0,1.9159466349481837,0.5443528501459558,0,0.0005131459257642264,,
OCHEM,hist_gradient_boosting,source_holdout_ochem_r5_morgan_fingerprints_random_forest,source_holdout_ochem_r5,OCHEM,random_forest,tree_ensemble,morgan_fingerprints,1.6038598423997508,0,1.7846644323595633,0.41307064755733536,0,0.001660266493361908,,
OCHEM,hist_gradient_boosting,source_holdout_ochem_r5_morgan_fingerprints_ridge,source_holdout_ochem_r5,OCHEM,ridge,linear,morgan_fingerprints,1.7324072104465105,0,1.9521733849605858,0.5805796001583579,0,0.0005131459257642264,,
OCHEM,hist_gradient_boosting,source_holdout_ochem_r5_morgan_fingerprints_svr,source_holdout_ochem_r5,OCHEM,svr,kernel,morgan_fingerprints,1.4631360950012497,0,1.6704445506120462,0.2988507658098183,0,0.0007747280291814799,,
OCHEM,hist_gradient_boosting,source_holdout_ochem_r5_morgan_fingerprints_xgboost,source_holdout_ochem_r5,OCHEM,xgboost,tree_ensemble,morgan_fingerprints,1.6512229836991774,0,1.7624949359114965,0.3909011511092686,0,0.011808429210452444,,
OCHEM,hist_gradient_boosting,source_holdout_ochem_r5_rdkit_descriptors_elastic_net,source_holdout_ochem_r5,OCHEM,elastic_net,linear,rdkit_descriptors,1.5304073366448232,0,1.687075025255979,0.31548124045375103,0,0.000820918961973686,,
OCHEM,hist_gradient_boosting,source_holdout_ochem_r5_rdkit_descriptors_esol,source_holdout_ochem_r5,OCHEM,esol,chemistry_equation,rdkit_descriptors,3.808436926115766,0,3.3957980274299855,2.0242042426277576,0,0.0014202848221619897,,
OCHEM,hist_gradient_boosting,source_holdout_ochem_r5_rdkit_descriptors_extra_trees,source_holdout_ochem_r5,OCHEM,extra_trees,tree_ensemble,rdkit_descriptors,1.3312276623701549,0,1.4450463461400436,0.07345256133781564,1,0.006418825646255609,,
OCHEM,hist_gradient_boosting,source_holdout_ochem_r5_rdkit_descriptors_hist_gradient_boosting,source_holdout_ochem_r5,OCHEM,hist_gradient_boosting,tree_ensemble,rdkit_descriptors,1.294332372410746,1,1.4026256586939407,0.031031873891712802,1,0.8957277177318959,,
OCHEM,hist_gradient_boosting,source_holdout_ochem_r5_rdkit_descriptors_knn,source_holdout_ochem_r5,OCHEM,knn,local_similarity,rdkit_descriptors,1.5755307581568,0,1.6309752801247568,0.25938149532252885,0,0.0014555807521176108,,
OCHEM,hist_gradient_boosting,source_holdout_ochem_r5_rdkit_descriptors_mlp,source_holdout_ochem_r5,OCHEM,mlp,neural_network,rdkit_descriptors,1.3114107429203363,0,1.6627130477322225,0.29111926292999457,0,0.003456938004650104,,
OCHEM,hist_gradient_boosting,source_holdout_ochem_r5_rdkit_descriptors_ngboost,source_holdout_ochem_r5,OCHEM,ngboost,probabilistic_boosting,rdkit_descriptors,1.3280663678127842,0,1.420643385186992,0.049049600384764025,1,0.7774908096239243,,
OCHEM,hist_gradient_boosting,source_holdout_ochem_r5_rdkit_descriptors_random_forest,source_holdout_ochem_r5,OCHEM,random_forest,tree_ensemble,rdkit_descriptors,1.3076921762654288,0,1.4367382963529547,0.06514451155072676,1,0.12868415027685878,,
OCHEM,hist_gradient_boosting,source_holdout_ochem_r5_rdkit_descriptors_ridge,source_holdout_ochem_r5,OCHEM,ridge,linear,rdkit_descriptors,1.5205156974711502,0,1.6589776900665876,0.28738390526435964,0,0.000820918961973686,,
OCHEM,hist_gradient_boosting,source_holdout_ochem_r5_rdkit_descriptors_svr,source_holdout_ochem_r5,OCHEM,svr,kernel,rdkit_descriptors,1.2771626401964924,0,1.4634073133518466,0.09181352854961866,1,0.0350353719616205,,
OCHEM,hist_gradient_boosting,source_holdout_ochem_r5_rdkit_descriptors_xgboost,source_holdout_ochem_r5,OCHEM,xgboost,tree_ensemble,rdkit_descriptors,1.2538240766093485,1,1.371593784802228,0.0,1,0.9328324404531401,,
PHYSPROP,logistic,source_holdout_physprop_r1_maccs_fingerprints_elastic_net,source_holdout_physprop_r1,PHYSPROP,elastic_net,linear,maccs_fingerprints,1.646914564611702,0,1.297023657667516,0.6329072503426915,0,1.9795841593438726e-05,,
PHYSPROP,logistic,source_holdout_physprop_r1_maccs_fingerprints_extra_trees,source_holdout_physprop_r1,PHYSPROP,extra_trees,tree_ensemble,maccs_fingerprints,1.3829419639554577,0,1.0906694041114136,0.426552996786589,0,0.0012590218330902506,,
PHYSPROP,logistic,source_holdout_physprop_r1_maccs_fingerprints_knn,source_holdout_physprop_r1,PHYSPROP,knn,local_similarity,maccs_fingerprints,1.4956097786010731,0,1.440057060690064,0.7759406533652394,0,8.120237484222558e-05,,
PHYSPROP,logistic,source_holdout_physprop_r1_maccs_fingerprints_mlp,source_holdout_physprop_r1,PHYSPROP,mlp,neural_network,maccs_fingerprints,1.3810366705009633,0,1.0877319897856192,0.42361558246079467,0,7.854029284571365e-05,,
PHYSPROP,logistic,source_holdout_physprop_r1_maccs_fingerprints_random_forest,source_holdout_physprop_r1,PHYSPROP,random_forest,tree_ensemble,maccs_fingerprints,1.381288225831906,0,1.1098327650602502,0.4457163577354256,0,0.005794592914261518,,
PHYSPROP,logistic,source_holdout_physprop_r1_maccs_fingerprints_ridge,source_holdout_physprop_r1,PHYSPROP,ridge,linear,maccs_fingerprints,1.643584518819868,0,1.2999056193946876,0.635789212069863,0,3.110339437571136e-05,,
PHYSPROP,logistic,source_holdout_physprop_r1_maccs_fingerprints_svr,source_holdout_physprop_r1,PHYSPROP,svr,kernel,maccs_fingerprints,1.2984487952423234,0,0.9968393775292365,0.3327229702044119,0,0.008566391502173197,,
PHYSPROP,logistic,source_holdout_physprop_r1_maccs_fingerprints_xgboost,source_holdout_physprop_r1,PHYSPROP,xgboost,tree_ensemble,maccs_fingerprints,1.3275261140406516,0,1.0546591828714265,0.3905427755466019,0,0.056469383514299656,,
PHYSPROP,logistic,source_holdout_physprop_r1_molecular_graph_chemprop,source_holdout_physprop_r1,PHYSPROP,chemprop,graph_neural_network,molecular_graph,1.1501394451446298,0,0.7331713368147147,0.06905492948989012,1,0.258025911951225,,
PHYSPROP,logistic,source_holdout_physprop_r1_morgan_fingerprints_elastic_net,source_holdout_physprop_r1,PHYSPROP,elastic_net,linear,morgan_fingerprints,1.6950280682988088,0,1.366570653059746,0.7024542457349213,0,7.428692484050851e-06,,
PHYSPROP,logistic,source_holdout_physprop_r1_morgan_fingerprints_extra_trees,source_holdout_physprop_r1,PHYSPROP,extra_trees,tree_ensemble,morgan_fingerprints,1.4717322022601411,0,1.2402603588476635,0.5761439515228389,0,0.0007244917686478708,,
PHYSPROP,logistic,source_holdout_physprop_r1_morgan_fingerprints_knn,source_holdout_physprop_r1,PHYSPROP,knn,local_similarity,morgan_fingerprints,1.5806550812428284,0,1.4236007030449662,0.7594842957201416,0,1.4178088590739076e-05,,
PHYSPROP,logistic,source_holdout_physprop_r1_morgan_fingerprints_mlp,source_holdout_physprop_r1,PHYSPROP,mlp,neural_network,morgan_fingerprints,1.5194922861616682,0,1.2089146148631205,0.5447982075382959,0,2.155816679857267e-05,,
PHYSPROP,logistic,source_holdout_physprop_r1_morgan_fingerprints_random_forest,source_holdout_physprop_r1,PHYSPROP,random_forest,tree_ensemble,morgan_fingerprints,1.4892200278774683,0,1.2586379174192408,0.5945215100944162,0,0.0017093985188337088,,
PHYSPROP,logistic,source_holdout_physprop_r1_morgan_fingerprints_ridge,source_holdout_physprop_r1,PHYSPROP,ridge,linear,morgan_fingerprints,1.6225434759023971,0,1.3491887062636772,0.6850722989388526,0,9.004144082875043e-06,,
PHYSPROP,logistic,source_holdout_physprop_r1_morgan_fingerprints_svr,source_holdout_physprop_r1,PHYSPROP,svr,kernel,morgan_fingerprints,1.380764797561292,0,1.051371657956546,0.3872552506317214,0,0.0026664693781341293,,
PHYSPROP,logistic,source_holdout_physprop_r1_morgan_fingerprints_xgboost,source_holdout_physprop_r1,PHYSPROP,xgboost,tree_ensemble,morgan_fingerprints,1.51494958465665,0,1.2369562418790307,0.5728398345542062,0,0.012125568680827164,,
PHYSPROP,logistic,source_holdout_physprop_r1_rdkit_descriptors_elastic_net,source_holdout_physprop_r1,PHYSPROP,elastic_net,linear,rdkit_descriptors,1.3798437079193837,0,0.9066807885842592,0.24256438125943458,0,0.002580067736600271,,
PHYSPROP,logistic,source_holdout_physprop_r1_rdkit_descriptors_esol,source_holdout_physprop_r1,PHYSPROP,esol,chemistry_equation,rdkit_descriptors,3.3929082118861356,0,2.69640104095975,2.0322846336349256,0,0.00010034319059622589,,
PHYSPROP,logistic,source_holdout_physprop_r1_rdkit_descriptors_extra_trees,source_holdout_physprop_r1,PHYSPROP,extra_trees,tree_ensemble,rdkit_descriptors,1.1895921843443247,0,0.7566811288556669,0.09256472153084228,1,0.0984084951793225,,
PHYSPROP,logistic,source_holdout_physprop_r1_rdkit_descriptors_hist_gradient_boosting,source_holdout_physprop_r1,PHYSPROP,hist_gradient_boosting,tree_ensemble,rdkit_descriptors,1.1407913832656436,1,0.7020401050365377,0.03792369771171311,1,0.6992856142708886,,
PHYSPROP,logistic,source_holdout_physprop_r1_rdkit_descriptors_knn,source_holdout_physprop_r1,PHYSPROP,knn,local_similarity,rdkit_descriptors,1.3127028234067395,0,0.9544239551067882,0.29030754778196366,0,0.00670519043273149,,
PHYSPROP,logistic,source_holdout_physprop_r1_rdkit_descriptors_mlp,source_holdout_physprop_r1,PHYSPROP,mlp,neural_network,rdkit_descriptors,1.2096857288315706,0,0.816400003308259,0.15228359598343444,0,0.007406197200612367,,
PHYSPROP,logistic,source_holdout_physprop_r1_rdkit_descriptors_ngboost,source_holdout_physprop_r1,PHYSPROP,ngboost,probabilistic_boosting,rdkit_descriptors,1.1922637747784057,0,0.7525956931369886,0.08847928581216402,1,0.29082591820656944,,
PHYSPROP,logistic,source_holdout_physprop_r1_rdkit_descriptors_random_forest,source_holdout_physprop_r1,PHYSPROP,random_forest,tree_ensemble,rdkit_descriptors,1.1928425429037082,0,0.7577310540566935,0.09361464673186892,1,0.3295424346040685,,
PHYSPROP,logistic,source_holdout_physprop_r1_rdkit_descriptors_ridge,source_holdout_physprop_r1,PHYSPROP,ridge,linear,rdkit_descriptors,1.3763099642174108,0,0.8993776004648572,0.23526119314003258,0,0.0023069768205296044,,
PHYSPROP,logistic,source_holdout_physprop_r1_rdkit_descriptors_svr,source_holdout_physprop_r1,PHYSPROP,svr,kernel,rdkit_descriptors,1.1405271537701378,1,0.6641164073248246,0.0,1,0.622115289871878,,
PHYSPROP,logistic,source_holdout_physprop_r1_rdkit_descriptors_xgboost,source_holdout_physprop_r1,PHYSPROP,xgboost,tree_ensemble,rdkit_descriptors,1.128075229685735,1,0.682010701779624,0.017894294454799398,1,0.8799613309769633,,
PHYSPROP,logistic,source_holdout_physprop_r2_maccs_fingerprints_elastic_net,source_holdout_physprop_r2,PHYSPROP,elastic_net,linear,maccs_fingerprints,1.6673190671307065,0,1.297023657667516,0.6329110949208492,0,1.915194034793527e-05,,
PHYSPROP,logistic,source_holdout_physprop_r2_maccs_fingerprints_extra_trees,source_holdout_physprop_r2,PHYSPROP,extra_trees,tree_ensemble,maccs_fingerprints,1.3679437092826987,0,1.153596101380172,0.48948353863350524,0,0.002413101376524666,,
PHYSPROP,logistic,source_holdout_physprop_r2_maccs_fingerprints_knn,source_holdout_physprop_r2,PHYSPROP,knn,local_similarity,maccs_fingerprints,1.5049532269921566,0,1.4433102340109927,0.7791976712643258,0,8.485072352554097e-05,,
PHYSPROP,logistic,source_holdout_physprop_r2_maccs_fingerprints_mlp,source_holdout_physprop_r2,PHYSPROP,mlp,neural_network,maccs_fingerprints,1.4254595249822866,0,1.0937764323184231,0.4296638695717563,0,6.862031149303779e-05,,
PHYSPROP,logistic,source_holdout_physprop_r2_maccs_fingerprints_random_forest,source_holdout_physprop_r2,PHYSPROP,random_forest,tree_ensemble,maccs_fingerprints,1.360831371945711,0,1.13228908651708,0.4681765237704132,0,0.0038043999094445973,,
PHYSPROP,logistic,source_holdout_physprop_r2_maccs_fingerprints_ridge,source_holdout_physprop_r2,PHYSPROP,ridge,linear,maccs_fingerprints,1.6663174922143675,0,1.2947983332163586,0.6306857704696918,0,3.203003568208803e-05,,
PHYSPROP,logistic,source_holdout_physprop_r2_maccs_fingerprints_svr,source_holdout_physprop_r2,PHYSPROP,svr,kernel,maccs_fingerprints,1.3105847550736793,0,1.0006625478383537,0.3365499850916869,0,0.017218987471441606,,
PHYSPROP,logistic,source_holdout_physprop_r2_maccs_fingerprints_xgboost,source_holdout_physprop_r2,PHYSPROP,xgboost,tree_ensemble,maccs_fingerprints,1.3584117130878883,0,1.0544201375212268,0.3903075747745599,0,0.06134516920000448,,
PHYSPROP,logistic,source_holdout_physprop_r2_molecular_graph_chemprop,source_holdout_physprop_r2,PHYSPROP,chemprop,graph_neural_network,molecular_graph,1.1977410206223027,1,0.6949065374660885,0.03079397471942169,1,0.23677756627341556,,
PHYSPROP,logistic,source_holdout_physprop_r2_morgan_fingerprints_elastic_net,source_holdout_physprop_r2,PHYSPROP,elastic_net,linear,morgan_fingerprints,1.716026392113902,0,1.3665706530597457,0.7024580903130788,0,6.410432732070612e-06,,
PHYSPROP,logistic,source_holdout_physprop_r2_morgan_fingerprints_extra_trees,source_holdout_physprop_r2,PHYSPROP,extra_trees,tree_ensemble,morgan_fingerprints,1.3918959943449873,0,1.236778767734442,0.5726662049877751,0,0.0008520064318300981,,
PHYSPROP,logistic,source_holdout_physprop_r2_morgan_fingerprints_knn,source_holdout_physprop_r2,PHYSPROP,knn,local_similarity,morgan_fingerprints,1.5270168558412618,0,1.4266538634900925,0.7625413007434256,0,1.5282129531623685e-05,,
PHYSPROP,logistic,source_holdout_physprop_r2_morgan_fingerprints_mlp,source_holdout_physprop_r2,PHYSPROP,mlp,neural_network,morgan_fingerprints,1.4871309073651893,0,1.2237226880566574,0.5596101253099905,0,2.374873143111716e-05,,
PHYSPROP,logistic,source_holdout_physprop_r2_morgan_fingerprints_random_forest,source_holdout_physprop_r2,PHYSPROP,random_forest,tree_ensemble,morgan_fingerprints,1.445396102326319,0,1.2454689978483517,0.5813564351016849,0,0.001806502388247939,,
PHYSPROP,logistic,source_holdout_physprop_r2_morgan_fingerprints_ridge,source_holdout_physprop_r2,PHYSPROP,ridge,linear,morgan_fingerprints,1.6395626792398112,0,1.3491510174560715,0.6850384547094046,0,7.674950714482933e-06,,
PHYSPROP,logistic,source_holdout_physprop_r2_morgan_fingerprints_svr,source_holdout_physprop_r2,PHYSPROP,svr,kernel,morgan_fingerprints,1.3900598069807757,0,1.0513716573646585,0.3872590946179917,0,0.002302235891666164,,
PHYSPROP,logistic,source_holdout_physprop_r2_morgan_fingerprints_xgboost,source_holdout_physprop_r2,PHYSPROP,xgboost,tree_ensemble,morgan_fingerprints,1.4932972716087067,0,1.229669569654105,0.565557006907438,0,0.012067419645960609,,
PHYSPROP,logistic,source_holdout_physprop_r2_rdkit_descriptors_elastic_net,source_holdout_physprop_r2,PHYSPROP,elastic_net,linear,rdkit_descriptors,1.4996315486157985,0,0.9066807885842595,0.24256822583759263,0,0.0018602962997315506,,
PHYSPROP,logistic,source_holdout_physprop_r2_rdkit_descriptors_esol,source_holdout_physprop_r2,PHYSPROP,esol,chemistry_equation,rdkit_descriptors,3.4356344237372993,0,2.69640104095975,2.0322884782130832,0,6.033077284144117e-05,,
PHYSPROP,logistic,source_holdout_physprop_r2_rdkit_descriptors_extra_trees,source_holdout_physprop_r2,PHYSPROP,extra_trees,tree_ensemble,rdkit_descriptors,1.2456008477979403,0,0.7810951349861742,0.11698257223950737,0,0.14209420036771817,,
PHYSPROP,logistic,source_holdout_physprop_r2_rdkit_descriptors_hist_gradient_boosting,source_holdout_physprop_r2,PHYSPROP,hist_gradient_boosting,tree_ensemble,rdkit_descriptors,1.1789143266383908,0,0.7015879876717831,0.03747542492511624,1,0.6555956123049168,,
PHYSPROP,logistic,source_holdout_physprop_r2_rdkit_descriptors_knn,source_holdout_physprop_r2,PHYSPROP,knn,local_similarity,rdkit_descriptors,1.3495158358796773,0,1.0022263000946008,0.33811373734793393,0,0.0032554246858008604,,
PHYSPROP,logistic,source_holdout_physprop_r2_rdkit_descriptors_mlp,source_holdout_physprop_r2,PHYSPROP,mlp,neural_network,rdkit_descriptors,1.246576890872493,0,0.771976433077086,0.10786387033041911,0,0.006213626336151611,,
PHYSPROP,logistic,source_holdout_physprop_r2_rdkit_descriptors_ngboost,source_holdout_physprop_r2,PHYSPROP,ngboost,probabilistic_boosting,rdkit_descriptors,1.2672102969946817,0,0.7618344134799567,0.09772185073328987,1,0.14472275359933418,,
PHYSPROP,logistic,source_holdout_physprop_r2_rdkit_descriptors_random_forest,source_holdout_physprop_r2,PHYSPROP,random_forest,tree_ensemble,rdkit_descriptors,1.2589934112492427,0,0.7594674979628196,0.09535493521615279,1,0.2731892057108317,,
PHYSPROP,logistic,source_holdout_physprop_r2_rdkit_descriptors_ridge,source_holdout_physprop_r2,PHYSPROP,ridge,linear,rdkit_descriptors,1.499404333053579,0,0.8650477709910508,0.20093520824438393,0,0.0030926068784567153,,
PHYSPROP,logistic,source_holdout_physprop_r2_rdkit_descriptors_svr,source_holdout_physprop_r2,PHYSPROP,svr,kernel,rdkit_descriptors,1.1821149289252546,1,0.6641125627466669,0.0,1,0.5618067957632799,,
PHYSPROP,logistic,source_holdout_physprop_r2_rdkit_descriptors_xgboost,source_holdout_physprop_r2,PHYSPROP,xgboost,tree_ensemble,rdkit_descriptors,1.1667255489026076,1,0.6852985822330309,0.021186019486364005,1,0.8518199322208232,,
PHYSPROP,logistic,source_holdout_physprop_r3_maccs_fingerprints_elastic_net,source_holdout_physprop_r3,PHYSPROP,elastic_net,linear,maccs_fingerprints,1.6678751330370736,0,1.2970236576675154,0.6301598199935193,0,1.778838443684734e-05,,
PHYSPROP,logistic,source_holdout_physprop_r3_maccs_fingerprints_extra_trees,source_holdout_physprop_r3,PHYSPROP,extra_trees,tree_ensemble,maccs_fingerprints,1.4440894858413273,0,1.091954478835592,0.4250906411615959,0,0.0009678839245104905,,
PHYSPROP,logistic,source_holdout_physprop_r3_maccs_fingerprints_knn,source_holdout_physprop_r3,PHYSPROP,knn,local_similarity,maccs_fingerprints,1.5880601340998721,0,1.448530740302734,0.7816669026287381,0,6.27236792413357e-05,,
PHYSPROP,logistic,source_holdout_physprop_r3_maccs_fingerprints_mlp,source_holdout_physprop_r3,PHYSPROP,mlp,neural_network,maccs_fingerprints,1.4869695256718933,0,1.09298487370559,0.426121036031594,0,5.203109464585851e-05,,
PHYSPROP,logistic,source_holdout_physprop_r3_maccs_fingerprints_random_forest,source_holdout_physprop_r3,PHYSPROP,random_forest,tree_ensemble,maccs_fingerprints,1.4609950328488495,0,1.1218975998168612,0.4550337621428652,0,0.004322463457781976,,
PHYSPROP,logistic,source_holdout_physprop_r3_maccs_fingerprints_ridge,source_holdout_physprop_r3,PHYSPROP,ridge,linear,maccs_fingerprints,1.6666681773248884,0,1.29983345676525,0.632969619091254,0,2.751435723374461e-05,,
PHYSPROP,logistic,source_holdout_physprop_r3_maccs_fingerprints_svr,source_holdout_physprop_r3,PHYSPROP,svr,kernel,maccs_fingerprints,1.400652439131853,0,0.9968371682295966,0.3299733305556005,0,0.005887626475547946,,
PHYSPROP,logistic,source_holdout_physprop_r3_maccs_fingerprints_xgboost,source_holdout_physprop_r3,PHYSPROP,xgboost,tree_ensemble,maccs_fingerprints,1.4306749115665574,0,1.05237827541636,0.38551443774236394,0,0.04961807486163166,,
PHYSPROP,logistic,source_holdout_physprop_r3_molecular_graph_chemprop,source_holdout_physprop_r3,PHYSPROP,chemprop,graph_neural_network,molecular_graph,1.2499248632325686,0,0.7317344865918535,0.06487064891785743,1,0.21265358124726652,,
PHYSPROP,logistic,source_holdout_physprop_r3_morgan_fingerprints_elastic_net,source_holdout_physprop_r3,PHYSPROP,elastic_net,linear,morgan_fingerprints,1.7297096007616601,0,1.3665706530597461,0.6997068153857501,0,7.100720576201395e-06,,
PHYSPROP,logistic,source_holdout_physprop_r3_morgan_fingerprints_extra_trees,source_holdout_physprop_r3,PHYSPROP,extra_trees,tree_ensemble,morgan_fingerprints,1.4743576064262542,0,1.2310222474888444,0.5641584098148483,0,0.0007208190739093716,,
PHYSPROP,logistic,source_holdout_physprop_r3_morgan_fingerprints_knn,source_holdout_physprop_r3,PHYSPROP,knn,local_similarity,morgan_fingerprints,1.5704159685674517,0,1.375685395548044,0.7088215578740479,0,2.40909585177329e-05,,
PHYSPROP,logistic,source_holdout_physprop_r3_morgan_fingerprints_mlp,source_holdout_physprop_r3,PHYSPROP,mlp,neural_network,morgan_fingerprints,1.5444125843793566,0,1.2682647569249337,0.6014009192509376,0,1.9847491586908612e-05,,
PHYSPROP,logistic,source_holdout_physprop_r3_morgan_fingerprints_random_forest,source_holdout_physprop_r3,PHYSPROP,random_forest,tree_ensemble,morgan_fingerprints,1.4891276765056063,0,1.2799695022813955,0.6131056646073995,0,0.0017378268735083761,,
PHYSPROP,logistic,source_holdout_physprop_r3_morgan_fingerprints_ridge,source_holdout_physprop_r3,PHYSPROP,ridge,linear,morgan_fingerprints,1.634356618240092,0,1.349181675257875,0.6823178375838789,0,8.701531365728502e-06,,
PHYSPROP,logistic,source_holdout_physprop_r3_morgan_fingerprints_svr,source_holdout_physprop_r3,PHYSPROP,svr,kernel,morgan_fingerprints,1.4136510610442818,0,1.0513716579565615,0.38450782028256547,0,0.0023709684763720076,,
PHYSPROP,logistic,source_holdout_physprop_r3_morgan_fingerprints_xgboost,source_holdout_physprop_r3,PHYSPROP,xgboost,tree_ensemble,morgan_fingerprints,1.5077421165427074,0,1.2423652784563761,0.5755014407823801,0,0.012714482508341342,,
PHYSPROP,logistic,source_holdout_physprop_r3_rdkit_descriptors_elastic_net,source_holdout_physprop_r3,PHYSPROP,elastic_net,linear,rdkit_descriptors,1.4739732216393164,0,0.9066807885842592,0.23981695091026312,0,0.002193507442225206,,
PHYSPROP,logistic,source_holdout_physprop_r3_rdkit_descriptors_esol,source_holdout_physprop_r3,PHYSPROP,esol,chemistry_equation,rdkit_descriptors,3.5605243005087077,0,2.69640104095975,2.029537203285754,0,4.424561603426175e-05,,
PHYSPROP,logistic,source_holdout_physprop_r3_rdkit_descriptors_extra_trees,source_holdout_physprop_r3,PHYSPROP,extra_trees,tree_ensemble,rdkit_descriptors,1.2888731106129085,0,0.7737436014287699,0.10687976375477382,0,0.13460531516559815,,
PHYSPROP,logistic,source_holdout_physprop_r3_rdkit_descriptors_hist_gradient_boosting,source_holdout_physprop_r3,PHYSPROP,hist_gradient_boosting,tree_ensemble,rdkit_descriptors,1.234310933447168,1,0.705026744736356,0.03816290706235992,1,0.703631471049983,,
PHYSPROP,logistic,source_holdout_physprop_r3_rdkit_descriptors_knn,source_holdout_physprop_r3,PHYSPROP,knn,local_similarity,rdkit_descriptors,1.3408439929119005,0,1.0028028785137417,0.3359390408397457,0,0.003354419941951481,,
PHYSPROP,logistic,source_holdout_physprop_r3_rdkit_descriptors_mlp,source_holdout_physprop_r3,PHYSPROP,mlp,neural_network,rdkit_descriptors,1.2940900835160472,0,0.8001539976825204,0.13329016000852434,0,0.005232392476009332,,
PHYSPROP,logistic,source_holdout_physprop_r3_rdkit_descriptors_ngboost,source_holdout_physprop_r3,PHYSPROP,ngboost,probabilistic_boosting,rdkit_descriptors,1.3380617925739606,0,0.7586130752422988,0.09174923756830278,1,0.20711338974562923,,
PHYSPROP,logistic,source_holdout_physprop_r3_rdkit_descriptors_random_forest,source_holdout_physprop_r3,PHYSPROP,random_forest,tree_ensemble,rdkit_descriptors,1.2766137342221011,0,0.7606793529947762,0.09381551532078014,1,0.2705601611054755,,
PHYSPROP,logistic,source_holdout_physprop_r3_rdkit_descriptors_ridge,source_holdout_physprop_r3,PHYSPROP,ridge,linear,rdkit_descriptors,1.4677272281171754,0,0.8994753889518271,0.23261155127783106,0,0.0019891932865165754,,
PHYSPROP,logistic,source_holdout_physprop_r3_rdkit_descriptors_svr,source_holdout_physprop_r3,PHYSPROP,svr,kernel,rdkit_descriptors,1.2616009679926086,1,0.666863837673996,0.0,1,0.30790778659339135,,
PHYSPROP,logistic,source_holdout_physprop_r3_rdkit_descriptors_xgboost,source_holdout_physprop_r3,PHYSPROP,xgboost,tree_ensemble,rdkit_descriptors,1.2374405997259061,1,0.6778402711938357,0.010976433519839679,1,0.7979106441099784,,
PHYSPROP,logistic,source_holdout_physprop_r4_maccs_fingerprints_elastic_net,source_holdout_physprop_r4,PHYSPROP,elastic_net,linear,maccs_fingerprints,1.6623466064520886,0,1.297023657667516,0.6301553218998525,0,1.7432359465642885e-05,,
PHYSPROP,logistic,source_holdout_physprop_r4_maccs_fingerprints_extra_trees,source_holdout_physprop_r4,PHYSPROP,extra_trees,tree_ensemble,maccs_fingerprints,1.466354712777462,0,1.0922197628775572,0.4253514271098936,0,0.0008581356060967571,,
PHYSPROP,logistic,source_holdout_physprop_r4_maccs_fingerprints_knn,source_holdout_physprop_r4,PHYSPROP,knn,local_similarity,maccs_fingerprints,1.584988233756674,0,1.4555190651943233,0.7886507294266597,0,6.0723470211434115e-05,,
PHYSPROP,logistic,source_holdout_physprop_r4_maccs_fingerprints_mlp,source_holdout_physprop_r4,PHYSPROP,mlp,neural_network,maccs_fingerprints,1.4787855415275764,0,1.0877614848187824,0.42089314905111885,0,5.794090059658773e-05,,
PHYSPROP,logistic,source_holdout_physprop_r4_maccs_fingerprints_random_forest,source_holdout_physprop_r4,PHYSPROP,random_forest,tree_ensemble,maccs_fingerprints,1.4538281888701747,0,1.1114238643691334,0.44455552860146985,0,0.0042852973014123235,,
PHYSPROP,logistic,source_holdout_physprop_r4_maccs_fingerprints_ridge,source_holdout_physprop_r4,PHYSPROP,ridge,linear,maccs_fingerprints,1.6626179436073716,0,1.2955516110066203,0.6286832752389567,0,2.8555358276725606e-05,,
PHYSPROP,logistic,source_holdout_physprop_r4_maccs_fingerprints_svr,source_holdout_physprop_r4,PHYSPROP,svr,kernel,maccs_fingerprints,1.3908139377014686,0,1.0006442985665478,0.3337759627988842,0,0.013638536834684876,,
PHYSPROP,logistic,source_holdout_physprop_r4_maccs_fingerprints_xgboost,source_holdout_physprop_r4,PHYSPROP,xgboost,tree_ensemble,maccs_fingerprints,1.4161077479535475,0,1.0524681198568167,0.3855997840891531,0,0.05276230701880301,,
PHYSPROP,logistic,source_holdout_physprop_r4_molecular_graph_chemprop,source_holdout_physprop_r4,PHYSPROP,chemprop,graph_neural_network,molecular_graph,1.2085103369458858,1,0.7039119095090444,0.037043573741380786,1,0.2289304643595587,,
PHYSPROP,logistic,source_holdout_physprop_r4_morgan_fingerprints_elastic_net,source_holdout_physprop_r4,PHYSPROP,elastic_net,linear,morgan_fingerprints,1.75396051751996,0,1.366570653059746,0.6997023172920823,0,5.680407678870308e-06,,
PHYSPROP,logistic,source_holdout_physprop_r4_morgan_fingerprints_extra_trees,source_holdout_physprop_r4,PHYSPROP,extra_trees,tree_ensemble,morgan_fingerprints,1.5060530188451133,0,1.244144007309154,0.5772756715414905,0,0.0006225744238694353,,
PHYSPROP,logistic,source_holdout_physprop_r4_morgan_fingerprints_knn,source_holdout_physprop_r4,PHYSPROP,knn,local_similarity,morgan_fingerprints,1.6606884557922315,0,1.374461080529628,0.7075927447619644,0,1.8736405082711774e-05,,
PHYSPROP,logistic,source_holdout_physprop_r4_morgan_fingerprints_mlp,source_holdout_physprop_r4,PHYSPROP,mlp,neural_network,morgan_fingerprints,1.5859101098475068,0,1.2095782628817615,0.5427099271140979,0,1.6277361818774906e-05,,
PHYSPROP,logistic,source_holdout_physprop_r4_morgan_fingerprints_random_forest,source_holdout_physprop_r4,PHYSPROP,random_forest,tree_ensemble,morgan_fingerprints,1.5226328580617425,0,1.2574095692284266,0.590541233460763,0,0.0013713622894784769,,
PHYSPROP,logistic,source_holdout_physprop_r4_morgan_fingerprints_ridge,source_holdout_physprop_r4,PHYSPROP,ridge,linear,morgan_fingerprints,1.675591903363017,0,1.349181016033552,0.6823126802658884,0,6.7447209356256094e-06,,
PHYSPROP,logistic,source_holdout_physprop_r4_morgan_fingerprints_svr,source_holdout_physprop_r4,PHYSPROP,svr,kernel,morgan_fingerprints,1.4321122983214858,0,1.0513716571367204,0.38450332136905685,0,0.0022088873421414546,,
PHYSPROP,logistic,source_holdout_physprop_r4_morgan_fingerprints_xgboost,source_holdout_physprop_r4,PHYSPROP,xgboost,tree_ensemble,morgan_fingerprints,1.5669385781408023,0,1.24251083448424,0.5756424987165764,0,0.009079783298379333,,
PHYSPROP,logistic,source_holdout_physprop_r4_rdkit_descriptors_elastic_net,source_holdout_physprop_r4,PHYSPROP,elastic_net,linear,rdkit_descriptors,1.5088867227935638,0,0.9066807885842588,0.23981245281659525,0,0.0017578701245051433,,
PHYSPROP,logistic,source_holdout_physprop_r4_rdkit_descriptors_esol,source_holdout_physprop_r4,PHYSPROP,esol,chemistry_equation,rdkit_descriptors,3.6043587174815896,0,2.69640104095975,2.0295327051920866,0,3.798064147191653e-05,,
PHYSPROP,logistic,source_holdout_physprop_r4_rdkit_descriptors_extra_trees,source_holdout_physprop_r4,PHYSPROP,extra_trees,tree_ensemble,rdkit_descriptors,1.2584499338842092,0,0.7517359693649873,0.08486763359732374,1,0.07688999381127087,,
PHYSPROP,logistic,source_holdout_physprop_r4_rdkit_descriptors_hist_gradient_boosting,source_holdout_physprop_r4,PHYSPROP,hist_gradient_boosting,tree_ensemble,rdkit_descriptors,1.259603401664318,0,0.7071644581883346,0.04029612242067104,1,0.6822738384128106,,
PHYSPROP,logistic,source_holdout_physprop_r4_rdkit_descriptors_knn,source_holdout_physprop_r4,PHYSPROP,knn,local_similarity,rdkit_descriptors,1.380408950186441,0,0.9546195675486536,0.28775123178099005,0,0.005503978482905972,,
PHYSPROP,logistic,source_holdout_physprop_r4_rdkit_descriptors_mlp,source_holdout_physprop_r4,PHYSPROP,mlp,neural_network,rdkit_descriptors,1.278794664539311,0,0.749692018284432,0.08282368251676842,1,0.005652819680712066,,
PHYSPROP,logistic,source_holdout_physprop_r4_rdkit_descriptors_ngboost,source_holdout_physprop_r4,PHYSPROP,ngboost,probabilistic_boosting,rdkit_descriptors,1.307347781776048,0,0.7535373124468593,0.08666897667919571,1,0.22687993718931135,,
PHYSPROP,logistic,source_holdout_physprop_r4_rdkit_descriptors_random_forest,source_holdout_physprop_r4,PHYSPROP,random_forest,tree_ensemble,rdkit_descriptors,1.2516779584288502,0,0.7621907386655745,0.09532240289791094,1,0.2906898837780587,,
PHYSPROP,logistic,source_holdout_physprop_r4_rdkit_descriptors_ridge,source_holdout_physprop_r4,PHYSPROP,ridge,linear,rdkit_descriptors,1.5078575954471392,0,0.8644240480931524,0.19755571232548885,0,0.0031230461543953806,,
PHYSPROP,logistic,source_holdout_physprop_r4_rdkit_descriptors_svr,source_holdout_physprop_r4,PHYSPROP,svr,kernel,rdkit_descriptors,1.2378919932813406,1,0.6668683357676636,0.0,1,0.3364244102171389,,
PHYSPROP,logistic,source_holdout_physprop_r4_rdkit_descriptors_xgboost,source_holdout_physprop_r4,PHYSPROP,xgboost,tree_ensemble,rdkit_descriptors,1.2225348183461098,1,0.6870131704083579,0.020144834640694276,1,0.8063728582747938,,
PHYSPROP,logistic,source_holdout_physprop_r5_maccs_fingerprints_elastic_net,source_holdout_physprop_r5,PHYSPROP,elastic_net,linear,maccs_fingerprints,1.6288823552310985,0,1.2970236576675156,0.6329109737564506,0,2.3003525795408833e-05,,
PHYSPROP,logistic,source_holdout_physprop_r5_maccs_fingerprints_extra_trees,source_holdout_physprop_r5,PHYSPROP,extra_trees,tree_ensemble,maccs_fingerprints,1.3996619943078288,0,1.1495659892250434,0.48545330531397834,0,0.0021871937958363136,,
PHYSPROP,logistic,source_holdout_physprop_r5_maccs_fingerprints_knn,source_holdout_physprop_r5,PHYSPROP,knn,local_similarity,maccs_fingerprints,1.505157950176223,0,1.4698777549146809,0.8057650710036158,0,0.0003717513043512281,,
PHYSPROP,logistic,source_holdout_physprop_r5_maccs_fingerprints_mlp,source_holdout_physprop_r5,PHYSPROP,mlp,neural_network,maccs_fingerprints,1.4041214094096348,0,1.064295222921151,0.40018253901008605,0,7.714655719944882e-05,,
PHYSPROP,logistic,source_holdout_physprop_r5_maccs_fingerprints_random_forest,source_holdout_physprop_r5,PHYSPROP,random_forest,tree_ensemble,maccs_fingerprints,1.390116656508672,0,1.1144208402175144,0.4503081563064494,0,0.005536299562287522,,
PHYSPROP,logistic,source_holdout_physprop_r5_maccs_fingerprints_ridge,source_holdout_physprop_r5,PHYSPROP,ridge,linear,maccs_fingerprints,1.626983831334793,0,1.2952347762374732,0.6311220923264081,0,3.7974429273334625e-05,,
PHYSPROP,logistic,source_holdout_physprop_r5_maccs_fingerprints_svr,source_holdout_physprop_r5,PHYSPROP,svr,kernel,maccs_fingerprints,1.3152271396954265,0,0.9968337644496608,0.3327210805385957,0,0.007811099809829208,,
PHYSPROP,logistic,source_holdout_physprop_r5_maccs_fingerprints_xgboost,source_holdout_physprop_r5,PHYSPROP,xgboost,tree_ensemble,maccs_fingerprints,1.363033011779303,0,1.0580609368528873,0.39394825294182223,0,0.06318271857996516,,
PHYSPROP,logistic,source_holdout_physprop_r5_molecular_graph_chemprop,source_holdout_physprop_r5,PHYSPROP,chemprop,graph_neural_network,molecular_graph,1.168852469720152,0,0.6984159446886635,0.03430326077759849,1,0.26096636353649094,,
PHYSPROP,logistic,source_holdout_physprop_r5_morgan_fingerprints_elastic_net,source_holdout_physprop_r5,PHYSPROP,elastic_net,linear,morgan_fingerprints,1.6611456034203844,0,1.366570653059746,0.7024579691486809,0,8.06181416970778e-06,,
PHYSPROP,logistic,source_holdout_physprop_r5_morgan_fingerprints_extra_trees,source_holdout_physprop_r5,PHYSPROP,extra_trees,tree_ensemble,morgan_fingerprints,1.4154221240323033,0,1.2552331657248226,0.5911204818137575,0,0.0008669553683825774,,
PHYSPROP,logistic,source_holdout_physprop_r5_morgan_fingerprints_knn,source_holdout_physprop_r5,PHYSPROP,knn,local_similarity,morgan_fingerprints,1.500620427071051,0,1.3728581734276046,0.7087454895165396,0,3.366030295123644e-05,,
PHYSPROP,logistic,source_holdout_physprop_r5_morgan_fingerprints_mlp,source_holdout_physprop_r5,PHYSPROP,mlp,neural_network,morgan_fingerprints,1.442998378117186,0,1.2638957956250552,0.5997831117139901,0,2.7429791138968144e-05,,
PHYSPROP,logistic,source_holdout_physprop_r5_morgan_fingerprints_random_forest,source_holdout_physprop_r5,PHYSPROP,random_forest,tree_ensemble,morgan_fingerprints,1.4521329050647556,0,1.2616497233210269,0.5975370394099618,0,0.0019028681983716928,,
PHYSPROP,logistic,source_holdout_physprop_r5_morgan_fingerprints_ridge,source_holdout_physprop_r5,PHYSPROP,ridge,linear,morgan_fingerprints,1.5689229102859894,0,1.3491908289677381,0.6850781450566731,0,1.1910675243690558e-05,,
PHYSPROP,logistic,source_holdout_physprop_r5_morgan_fingerprints_svr,source_holdout_physprop_r5,PHYSPROP,svr,kernel,morgan_fingerprints,1.3517951445463678,0,1.051371657728555,0.38725897381748997,0,0.0028701268805982343,,
PHYSPROP,logistic,source_holdout_physprop_r5_morgan_fingerprints_xgboost,source_holdout_physprop_r5,PHYSPROP,xgboost,tree_ensemble,morgan_fingerprints,1.464874824046756,0,1.2343890412655159,0.5702763573544508,0,0.014122350757853818,,
PHYSPROP,logistic,source_holdout_physprop_r5_rdkit_descriptors_elastic_net,source_holdout_physprop_r5,PHYSPROP,elastic_net,linear,rdkit_descriptors,1.4224857419353474,0,0.9066807885842594,0.24256810467319434,0,0.002559775667297109,,
PHYSPROP,logistic,source_holdout_physprop_r5_rdkit_descriptors_esol,source_holdout_physprop_r5,PHYSPROP,esol,chemistry_equation,rdkit_descriptors,3.6836587179507085,0,2.69640104095975,2.032288357048685,0,5.054006645652508e-05,,
PHYSPROP,logistic,source_holdout_physprop_r5_rdkit_descriptors_extra_trees,source_holdout_physprop_r5,PHYSPROP,extra_trees,tree_ensemble,rdkit_descriptors,1.2503646837388152,0,0.74858265530627,0.08446997139520496,1,0.07892244144161827,,
PHYSPROP,logistic,source_holdout_physprop_r5_rdkit_descriptors_hist_gradient_boosting,source_holdout_physprop_r5,PHYSPROP,hist_gradient_boosting,tree_ensemble,rdkit_descriptors,1.1743714802402978,1,0.683744251735613,0.019631567824548002,1,0.733378826777415,,
PHYSPROP,logistic,source_holdout_physprop_r5_rdkit_descriptors_knn,source_holdout_physprop_r5,PHYSPROP,knn,local_similarity,rdkit_descriptors,1.3381501593236749,0,0.9543562291651161,0.29024354525405105,0,0.006671707249672869,,
PHYSPROP,logistic,source_holdout_physprop_r5_rdkit_descriptors_mlp,source_holdout_physprop_r5,PHYSPROP,mlp,neural_network,rdkit_descriptors,1.2262962044257955,0,0.7833067006785647,0.11919401676749963,0,0.006698613291824513,,
PHYSPROP,logistic,source_holdout_physprop_r5_rdkit_descriptors_ngboost,source_holdout_physprop_r5,PHYSPROP,ngboost,probabilistic_boosting,rdkit_descriptors,1.2255583620870347,0,0.7563132909223999,0.09220060701133481,1,0.27395401429128863,,
PHYSPROP,logistic,source_holdout_physprop_r5_rdkit_descriptors_random_forest,source_holdout_physprop_r5,PHYSPROP,random_forest,tree_ensemble,rdkit_descriptors,1.223710710731287,0,0.7473183685942838,0.08320568468321876,1,0.30201907731718514,,
PHYSPROP,logistic,source_holdout_physprop_r5_rdkit_descriptors_ridge,source_holdout_physprop_r5,PHYSPROP,ridge,linear,rdkit_descriptors,1.4202189856499494,0,0.8738323373813852,0.20971965347032018,0,0.004047853360358975,,
PHYSPROP,logistic,source_holdout_physprop_r5_rdkit_descriptors_svr,source_holdout_physprop_r5,PHYSPROP,svr,kernel,rdkit_descriptors,1.1795551893575016,1,0.664112683911065,0.0,1,0.5915522371281546,,
PHYSPROP,logistic,source_holdout_physprop_r5_rdkit_descriptors_xgboost,source_holdout_physprop_r5,PHYSPROP,xgboost,tree_ensemble,rdkit_descriptors,1.1502673928488385,1,0.6887589181172007,0.024646234206135653,1,0.8694593046495813,,
PHYSPROP,bayesian_logistic_laplace,source_holdout_physprop_r1_maccs_fingerprints_elastic_net,source_holdout_physprop_r1,PHYSPROP,elastic_net,linear,maccs_fingerprints,1.646914564611702,0,1.297023657667516,0.6329072503426915,0,0.01033375302451212,2.3546935246815297e-08,0.016370512448465855
PHYSPROP,bayesian_logistic_laplace,source_holdout_physprop_r1_maccs_fingerprints_extra_trees,source_holdout_physprop_r1,PHYSPROP,extra_trees,tree_ensemble,maccs_fingerprints,1.3829419639554577,0,1.0906694041114136,0.426552996786589,0,0.011327357385829047,3.918686204365697e-05,0.03897084653994734
PHYSPROP,bayesian_logistic_laplace,source_holdout_physprop_r1_maccs_fingerprints_knn,source_holdout_physprop_r1,PHYSPROP,knn,local_similarity,maccs_fingerprints,1.4956097786010731,0,1.440057060690064,0.7759406533652394,0,0.015269261569930853,1.4316556401320972e-07,0.04403629466686793
PHYSPROP,bayesian_logistic_laplace,source_holdout_physprop_r1_maccs_fingerprints_mlp,source_holdout_physprop_r1,PHYSPROP,mlp,neural_network,maccs_fingerprints,1.3810366705009633,0,1.0877319897856192,0.42361558246079467,0,0.007470436254470137,4.4447356997969073e-07,0.013690531920991655
PHYSPROP,bayesian_logistic_laplace,source_holdout_physprop_r1_maccs_fingerprints_random_forest,source_holdout_physprop_r1,PHYSPROP,random_forest,tree_ensemble,maccs_fingerprints,1.381288225831906,0,1.1098327650602502,0.4457163577354256,0,0.025810769857193317,0.00025215151356572054,0.11869893304051672
PHYSPROP,bayesian_logistic_laplace,source_holdout_physprop_r1_maccs_fingerprints_ridge,source_holdout_physprop_r1,PHYSPROP,ridge,linear,maccs_fingerprints,1.643584518819868,0,1.2999056193946876,0.635789212069863,0,0.004902090620706797,1.6355364022581597e-07,0.005880589423650662
PHYSPROP,bayesian_logistic_laplace,source_holdout_physprop_r1_maccs_fingerprints_svr,source_holdout_physprop_r1,PHYSPROP,svr,kernel,maccs_fingerprints,1.2984487952423234,0,0.9968393775292365,0.3327229702044119,0,0.03869623347265748,0.0002859263233408487,0.20699738127621742
PHYSPROP,bayesian_logistic_laplace,source_holdout_physprop_r1_maccs_fingerprints_xgboost,source_holdout_physprop_r1,PHYSPROP,xgboost,tree_ensemble,maccs_fingerprints,1.3275261140406516,0,1.0546591828714265,0.3905427755466019,0,0.12443433757358797,0.0023039045652391726,0.6080166686912457
PHYSPROP,bayesian_logistic_laplace,source_holdout_physprop_r1_molecular_graph_chemprop,source_holdout_physprop_r1,PHYSPROP,chemprop,graph_neural_network,molecular_graph,1.1501394451446298,0,0.7331713368147147,0.06905492948989012,1,0.3119909472997474,0.021342386166221052,0.8472221690589516
PHYSPROP,bayesian_logistic_laplace,source_holdout_physprop_r1_morgan_fingerprints_elastic_net,source_holdout_physprop_r1,PHYSPROP,elastic_net,linear,morgan_fingerprints,1.6950280682988088,0,1.366570653059746,0.7024542457349213,0,0.008358688343286309,6.294131379948801e-09,0.00869168853269151
PHYSPROP,bayesian_logistic_laplace,source_holdout_physprop_r1_morgan_fingerprints_extra_trees,source_holdout_physprop_r1,PHYSPROP,extra_trees,tree_ensemble,morgan_fingerprints,1.4717322022601411,0,1.2402603588476635,0.5761439515228389,0,0.011193874983749182,1.3826830682870052e-05,0.03662382310376772
PHYSPROP,bayesian_logistic_laplace,source_holdout_physprop_r1_morgan_fingerprints_knn,source_holdout_physprop_r1,PHYSPROP,knn,local_similarity,morgan_fingerprints,1.5806550812428284,0,1.4236007030449662,0.7594842957201416,0,0.013360360526890394,7.923667585254705e-09,0.024742341936086168
PHYSPROP,bayesian_logistic_laplace,source_holdout_physprop_r1_morgan_fingerprints_mlp,source_holdout_physprop_r1,PHYSPROP,mlp,neural_network,morgan_fingerprints,1.5194922861616682,0,1.2089146148631205,0.5447982075382959,0,0.005533044643169576,7.45066013749031e-08,0.006199360148449303
PHYSPROP,bayesian_logistic_laplace,source_holdout_physprop_r1_morgan_fingerprints_random_forest,source_holdout_physprop_r1,PHYSPROP,random_forest,tree_ensemble,morgan_fingerprints,1.4892200278774683,0,1.2586379174192408,0.5945215100944162,0,0.01801032280888542,3.541291880586212e-05,0.07646276328873317
PHYSPROP,bayesian_logistic_laplace,source_holdout_physprop_r1_morgan_fingerprints_ridge,source_holdout_physprop_r1,PHYSPROP,ridge,linear,morgan_fingerprints,1.6225434759023971,0,1.3491887062636772,0.6850722989388526,0,0.025627764670999854,6.837983719104923e-10,0.10599918906113415
PHYSPROP,bayesian_logistic_laplace,source_holdout_physprop_r1_morgan_fingerprints_svr,source_holdout_physprop_r1,PHYSPROP,svr,kernel,morgan_fingerprints,1.380764797561292,0,1.051371657956546,0.3872552506317214,0,0.02608724515094289,4.6477802988336565e-05,0.1332907511014402
PHYSPROP,bayesian_logistic_laplace,source_holdout_physprop_r1_morgan_fingerprints_xgboost,source_holdout_physprop_r1,PHYSPROP,xgboost,tree_ensemble,morgan_fingerprints,1.51494958465665,0,1.2369562418790307,0.5728398345542062,0,0.05977107703898646,0.0002499366643858584,0.37603185179358384
PHYSPROP,bayesian_logistic_laplace,source_holdout_physprop_r1_rdkit_descriptors_elastic_net,source_holdout_physprop_r1,PHYSPROP,elastic_net,linear,rdkit_descriptors,1.3798437079193837,0,0.9066807885842592,0.24256438125943458,0,0.0696438242278628,3.999483638760603e-06,0.6258909560184153
PHYSPROP,bayesian_logistic_laplace,source_holdout_physprop_r1_rdkit_descriptors_esol,source_holdout_physprop_r1,PHYSPROP,esol,chemistry_equation,rdkit_descriptors,3.3929082118861356,0,2.69640104095975,2.0322846336349256,0,0.08500177354551004,8.258736739127628e-10,0.9242084830045789
PHYSPROP,bayesian_logistic_laplace,source_holdout_physprop_r1_rdkit_descriptors_extra_trees,source_holdout_physprop_r1,PHYSPROP,extra_trees,tree_ensemble,rdkit_descriptors,1.1895921843443247,0,0.7566811288556669,0.09256472153084228,1,0.17208928733172438,0.004848172590623031,0.7097612227769853
PHYSPROP,bayesian_logistic_laplace,source_holdout_physprop_r1_rdkit_descriptors_hist_gradient_boosting,source_holdout_physprop_r1,PHYSPROP,hist_gradient_boosting,tree_ensemble,rdkit_descriptors,1.1407913832656436,1,0.7020401050365377,0.03792369771171311,1,0.6492658191038029,0.11039475982727132,0.9775665190833034
PHYSPROP,bayesian_logistic_laplace,source_holdout_physprop_r1_rdkit_descriptors_knn,source_holdout_physprop_r1,PHYSPROP,knn,local_similarity,rdkit_descriptors,1.3127028234067395,0,0.9544239551067882,0.29030754778196366,0,0.0939788783914822,1.4414596443248885e-05,0.7596868836140286
PHYSPROP,bayesian_logistic_laplace,source_holdout_physprop_r1_rdkit_descriptors_mlp,source_holdout_physprop_r1,PHYSPROP,mlp,neural_network,rdkit_descriptors,1.2096857288315706,0,0.816400003308259,0.15228359598343444,0,0.06901715660450687,5.08581743232499e-05,0.5225871201479287
PHYSPROP,bayesian_logistic_laplace,source_holdout_physprop_r1_rdkit_descriptors_ngboost,source_holdout_physprop_r1,PHYSPROP,ngboost,probabilistic_boosting,rdkit_descriptors,1.1922637747784057,0,0.7525956931369886,0.08847928581216402,1,0.3404231910448765,0.023725395739695503,0.8737406603224737
PHYSPROP,bayesian_logistic_laplace,source_holdout_physprop_r1_rdkit_descriptors_random_forest,source_holdout_physprop_r1,PHYSPROP,random_forest,tree_ensemble,rdkit_descriptors,1.1928425429037082,0,0.7577310540566935,0.09361464673186892,1,0.37028648487940286,0.029632033547735213,0.8877845884361076
PHYSPROP,bayesian_logistic_laplace,source_holdout_physprop_r1_rdkit_descriptors_ridge,source_holdout_physprop_r1,PHYSPROP,ridge,linear,rdkit_descriptors,1.3763099642174108,0,0.8993776004648572,0.23526119314003258,0,0.12157946161768043,2.645527005562529e-07,0.9528538725405377
PHYSPROP,bayesian_logistic_laplace,source_holdout_physprop_r1_rdkit_descriptors_svr,source_holdout_physprop_r1,PHYSPROP,svr,kernel,rdkit_descriptors,1.1405271537701378,1,0.6641164073248246,0.0,1,0.591869621144466,0.09136660912421303,0.9642270293779734
PHYSPROP,bayesian_logistic_laplace,source_holdout_physprop_r1_rdkit_descriptors_xgboost,source_holdout_physprop_r1,PHYSPROP,xgboost,tree_ensemble,rdkit_descriptors,1.128075229685735,1,0.682010701779624,0.017894294454799398,1,0.8109677614427082,0.2835090094485108,0.9926905418863122
PHYSPROP,bayesian_logistic_laplace,source_holdout_physprop_r2_maccs_fingerprints_elastic_net,source_holdout_physprop_r2,PHYSPROP,elastic_net,linear,maccs_fingerprints,1.6673190671307065,0,1.297023657667516,0.6329110949208492,0,0.010242288366691082,2.258008623201143e-08,0.015985205296708174
PHYSPROP,bayesian_logistic_laplace,source_holdout_physprop_r2_maccs_fingerprints_extra_trees,source_holdout_physprop_r2,PHYSPROP,extra_trees,tree_ensemble,maccs_fingerprints,1.3679437092826987,0,1.153596101380172,0.48948353863350524,0,0.015108381504954116,9.375845982626259e-05,0.05873670746253171
PHYSPROP,bayesian_logistic_laplace,source_holdout_physprop_r2_maccs_fingerprints_knn,source_holdout_physprop_r2,PHYSPROP,knn,local_similarity,maccs_fingerprints,1.5049532269921566,0,1.4433102340109927,0.7791976712643258,0,0.01547810073064536,1.512110929687975e-07,0.045456581562568724
PHYSPROP,bayesian_logistic_laplace,source_holdout_physprop_r2_maccs_fingerprints_mlp,source_holdout_physprop_r2,PHYSPROP,mlp,neural_network,maccs_fingerprints,1.4254595249822866,0,1.0937764323184231,0.4296638695717563,0,0.006980034580862442,3.875251606211708e-07,0.012006570036657553
PHYSPROP,bayesian_logistic_laplace,source_holdout_physprop_r2_maccs_fingerprints_random_forest,source_holdout_physprop_r2,PHYSPROP,random_forest,tree_ensemble,maccs_fingerprints,1.360831371945711,0,1.13228908651708,0.4681765237704132,0,0.029543112004471107,7.851494405602636e-05,0.156642124932884
PHYSPROP,bayesian_logistic_laplace,source_holdout_physprop_r2_maccs_fingerprints_ridge,source_holdout_physprop_r2,PHYSPROP,ridge,linear,maccs_fingerprints,1.6663174922143675,0,1.2947983332163586,0.6306857704696918,0,0.005248010197531692,1.5665927241598548e-07,0.0065065608627954295
PHYSPROP,bayesian_logistic_laplace,source_holdout_physprop_r2_maccs_fingerprints_svr,source_holdout_physprop_r2,PHYSPROP,svr,kernel,maccs_fingerprints,1.3105847550736793,0,1.0006625478383537,0.3365499850916869,0,0.05392312379763217,0.0007754895412575803,0.28343076894056213
PHYSPROP,bayesian_logistic_laplace,source_holdout_physprop_r2_maccs_fingerprints_xgboost,source_holdout_physprop_r2,PHYSPROP,xgboost,tree_ensemble,maccs_fingerprints,1.3584117130878883,0,1.0544201375212268,0.3903075747745599,0,0.12435603141035143,0.003073391396808345,0.580793766474702
PHYSPROP,bayesian_logistic_laplace,source_holdout_physprop_r2_molecular_graph_chemprop,source_holdout_physprop_r2,PHYSPROP,chemprop,graph_neural_network,molecular_graph,1.1977410206223027,1,0.6949065374660885,0.03079397471942169,1,0.29380363597142756,0.019174011628773593,0.8311756832233257
PHYSPROP,bayesian_logistic_laplace,source_holdout_physprop_r2_morgan_fingerprints_elastic_net,source_holdout_physprop_r2,PHYSPROP,elastic_net,linear,morgan_fingerprints,1.716026392113902,0,1.3665706530597457,0.7024580903130788,0,0.008060147507750751,5.216830644689116e-09,0.008060147507750751
PHYSPROP,bayesian_logistic_laplace,source_holdout_physprop_r2_morgan_fingerprints_extra_trees,source_holdout_physprop_r2,PHYSPROP,extra_trees,tree_ensemble,morgan_fingerprints,1.3918959943449873,0,1.236778767734442,0.5726662049877751,0,0.012351277161832411,1.6286554028561733e-05,0.042738607831149474
PHYSPROP,bayesian_logistic_laplace,source_holdout_physprop_r2_morgan_fingerprints_knn,source_holdout_physprop_r2,PHYSPROP,knn,local_similarity,morgan_fingerprints,1.5270168558412618,0,1.4266538634900925,0.7625413007434256,0,0.013673624424830189,8.63608649621417e-09,0.02633147401760957
PHYSPROP,bayesian_logistic_laplace,source_holdout_physprop_r2_morgan_fingerprints_mlp,source_holdout_physprop_r2,PHYSPROP,mlp,neural_network,morgan_fingerprints,1.4871309073651893,0,1.2237226880566574,0.5596101253099905,0,0.005775687275877229,8.250254128586998e-08,0.006790083975130384
PHYSPROP,bayesian_logistic_laplace,source_holdout_physprop_r2_morgan_fingerprints_random_forest,source_holdout_physprop_r2,PHYSPROP,random_forest,tree_ensemble,morgan_fingerprints,1.445396102326319,0,1.2454689978483517,0.5813564351016849,0,0.01853218588387876,3.7770763391517364e-05,0.07979235409352953
PHYSPROP,bayesian_logistic_laplace,source_holdout_physprop_r2_morgan_fingerprints_ridge,source_holdout_physprop_r2,PHYSPROP,ridge,linear,morgan_fingerprints,1.6395626792398112,0,1.3491510174560715,0.6850384547094046,0,0.024609739609381658,5.689663827567871e-10,0.09381809995097054
PHYSPROP,bayesian_logistic_laplace,source_holdout_physprop_r2_morgan_fingerprints_svr,source_holdout_physprop_r2,PHYSPROP,svr,kernel,morgan_fingerprints,1.3900598069807757,0,1.0513716573646585,0.3872590946179917,0,0.023743914626508333,4.057517618780606e-05,0.11600422233264134
PHYSPROP,bayesian_logistic_laplace,source_holdout_physprop_r2_morgan_fingerprints_xgboost,source_holdout_physprop_r2,PHYSPROP,xgboost,tree_ensemble,morgan_fingerprints,1.4932972716087067,0,1.229669569654105,0.565557006907438,0,0.059688608623801695,0.0002478133487735158,0.37575077953249647
PHYSPROP,bayesian_logistic_laplace,source_holdout_physprop_r2_rdkit_descriptors_elastic_net,source_holdout_physprop_r2,PHYSPROP,elastic_net,linear,rdkit_descriptors,1.4996315486157985,0,0.9066807885842595,0.24256822583759263,0,0.0613944402263337,2.8171925103034216e-06,0.5521723969296756
PHYSPROP,bayesian_logistic_laplace,source_holdout_physprop_r2_rdkit_descriptors_esol,source_holdout_physprop_r2,PHYSPROP,esol,chemistry_equation,rdkit_descriptors,3.4356344237372993,0,2.69640104095975,2.0322884782130832,0,0.07808494618981136,4.075005678778562e-10,0.8993264457757371
PHYSPROP,bayesian_logistic_laplace,source_holdout_physprop_r2_rdkit_descriptors_extra_trees,source_holdout_physprop_r2,PHYSPROP,extra_trees,tree_ensemble,rdkit_descriptors,1.2456008477979403,0,0.7810951349861742,0.11698257223950737,0,0.21077102809027046,0.009108713904285807,0.7490148687148893
PHYSPROP,bayesian_logistic_laplace,source_holdout_physprop_r2_rdkit_descriptors_hist_gradient_boosting,source_holdout_physprop_r2,PHYSPROP,hist_gradient_boosting,tree_ensemble,rdkit_descriptors,1.1789143266383908,0,0.7015879876717831,0.03747542492511624,1,0.6156282220264817,0.09366320766854118,0.9722711355890605
PHYSPROP,bayesian_logistic_laplace,source_holdout_physprop_r2_rdkit_descriptors_knn,source_holdout_physprop_r2,PHYSPROP,knn,local_similarity,rdkit_descriptors,1.3495158358796773,0,1.0022263000946008,0.33811373734793393,0,0.0874342677705621,3.0893426579870312e-06,0.7754256937015271
PHYSPROP,bayesian_logistic_laplace,source_holdout_physprop_r2_rdkit_descriptors_mlp,source_holdout_physprop_r2,PHYSPROP,mlp,neural_network,rdkit_descriptors,1.246576890872493,0,0.771976433077086,0.10786387033041911,0,0.06254368588607415,4.3897499487006975e-05,0.4710459590906518
PHYSPROP,bayesian_logistic_laplace,source_holdout_physprop_r2_rdkit_descriptors_ngboost,source_holdout_physprop_r2,PHYSPROP,ngboost,probabilistic_boosting,rdkit_descriptors,1.2672102969946817,0,0.7618344134799567,0.09772185073328987,1,0.22433527834267425,0.00680785718424307,0.8068444541966704
PHYSPROP,bayesian_logistic_laplace,source_holdout_physprop_r2_rdkit_descriptors_random_forest,source_holdout_physprop_r2,PHYSPROP,random_forest,tree_ensemble,rdkit_descriptors,1.2589934112492427,0,0.7594674979628196,0.09535493521615279,1,0.3246102298791126,0.023038202935080347,0.8569628975641337
PHYSPROP,bayesian_logistic_laplace,source_holdout_physprop_r2_rdkit_descriptors_ridge,source_holdout_physprop_r2,PHYSPROP,ridge,linear,rdkit_descriptors,1.499404333053579,0,0.8650477709910508,0.20093520824438393,0,0.044336986799623335,2.1264952398241708e-05,0.31155533381468886
PHYSPROP,bayesian_logistic_laplace,source_holdout_physprop_r2_rdkit_descriptors_svr,source_holdout_physprop_r2,PHYSPROP,svr,kernel,rdkit_descriptors,1.1821149289252546,1,0.6641125627466669,0.0,1,0.5464376632572269,0.07496625551943989,0.953014376455968
PHYSPROP,bayesian_logistic_laplace,source_holdout_physprop_r2_rdkit_descriptors_xgboost,source_holdout_physprop_r2,PHYSPROP,xgboost,tree_ensemble,rdkit_descriptors,1.1667255489026076,1,0.6852985822330309,0.021186019486364005,1,0.7833330282656369,0.24271456213802678,0.9903943148303904
PHYSPROP,bayesian_logistic_laplace,source_holdout_physprop_r3_maccs_fingerprints_elastic_net,source_holdout_physprop_r3,PHYSPROP,elastic_net,linear,maccs_fingerprints,1.6678751330370736,0,1.2970236576675154,0.6301598199935193,0,0.010046153249762683,2.054477498449006e-08,0.015168718822068373
PHYSPROP,bayesian_logistic_laplace,source_holdout_physprop_r3_maccs_fingerprints_extra_trees,source_holdout_physprop_r3,PHYSPROP,extra_trees,tree_ensemble,maccs_fingerprints,1.4440894858413273,0,1.091954478835592,0.4250906411615959,0,0.009694517407908545,2.9352980900030952e-05,0.03098511706410165
PHYSPROP,bayesian_logistic_laplace,source_holdout_physprop_r3_maccs_fingerprints_knn,source_holdout_physprop_r3,PHYSPROP,knn,local_similarity,maccs_fingerprints,1.5880601340998721,0,1.448530740302734,0.7816669026287381,0,0.01392237392466581,1.0646600176178546e-07,0.03564063590202106
PHYSPROP,bayesian_logistic_laplace,source_holdout_physprop_r3_maccs_fingerprints_mlp,source_holdout_physprop_r3,PHYSPROP,mlp,neural_network,maccs_fingerprints,1.4869695256718933,0,1.09298487370559,0.426121036031594,0,0.00618153220991366,2.8544805431235096e-07,0.00939602097260772
PHYSPROP,bayesian_logistic_laplace,source_holdout_physprop_r3_maccs_fingerprints_random_forest,source_holdout_physprop_r3,PHYSPROP,random_forest,tree_ensemble,maccs_fingerprints,1.4609950328488495,0,1.1218975998168612,0.4550337621428652,0,0.021593424329694175,0.00018025717370493126,0.09464019033211474
PHYSPROP,bayesian_logistic_laplace,source_holdout_physprop_r3_maccs_fingerprints_ridge,source_holdout_physprop_r3,PHYSPROP,ridge,linear,maccs_fingerprints,1.6666681773248884,0,1.29983345676525,0.632969619091254,0,0.004766002500764079,1.3819544441205797e-07,0.005448489730799999
PHYSPROP,bayesian_logistic_laplace,source_holdout_physprop_r3_maccs_fingerprints_svr,source_holdout_physprop_r3,PHYSPROP,svr,kernel,maccs_fingerprints,1.400652439131853,0,0.9968371682295966,0.3299733305556005,0,0.03011677249084283,0.0001974883816784193,0.15079730395798627
PHYSPROP,bayesian_logistic_laplace,source_holdout_physprop_r3_maccs_fingerprints_xgboost,source_holdout_physprop_r3,PHYSPROP,xgboost,tree_ensemble,maccs_fingerprints,1.4306749115665574,0,1.05237827541636,0.38551443774236394,0,0.1091490356785636,0.002363640673142931,0.5349848022906171
PHYSPROP,bayesian_logistic_laplace,source_holdout_physprop_r3_molecular_graph_chemprop,source_holdout_physprop_r3,PHYSPROP,chemprop,graph_neural_network,molecular_graph,1.2499248632325686,0,0.7317344865918535,0.06487064891785743,1,0.2731232963287819,0.016526086729181044,0.812775003027156
PHYSPROP,bayesian_logistic_laplace,source_holdout_physprop_r3_morgan_fingerprints_elastic_net,source_holdout_physprop_r3,PHYSPROP,elastic_net,linear,morgan_fingerprints,1.7297096007616601,0,1.3665706530597461,0.6997068153857501,0,0.008379338899619964,5.799214745211923e-09,0.008619502324060597
PHYSPROP,bayesian_logistic_laplace,source_holdout_physprop_r3_morgan_fingerprints_extra_trees,source_holdout_physprop_r3,PHYSPROP,extra_trees,tree_ensemble,morgan_fingerprints,1.4743576064262542,0,1.2310222474888444,0.5641584098148483,0,0.011157354222744177,1.3759692817894663e-05,0.03643713337552032
PHYSPROP,bayesian_logistic_laplace,source_holdout_physprop_r3_morgan_fingerprints_knn,source_holdout_physprop_r3,PHYSPROP,knn,local_similarity,morgan_fingerprints,1.5704159685674517,0,1.375685395548044,0.7088215578740479,0,0.011294354842599528,2.828390530351331e-08,0.02010795615866924
PHYSPROP,bayesian_logistic_laplace,source_holdout_physprop_r3_morgan_fingerprints_mlp,source_holdout_physprop_r3,PHYSPROP,mlp,neural_network,morgan_fingerprints,1.5444125843793566,0,1.2682647569249337,0.6014009192509376,0,0.005423177225967186,6.669717926670163e-08,0.005871694289276396
PHYSPROP,bayesian_logistic_laplace,source_holdout_physprop_r3_morgan_fingerprints_random_forest,source_holdout_physprop_r3,PHYSPROP,random_forest,tree_ensemble,morgan_fingerprints,1.4891276765056063,0,1.2799695022813955,0.6131056646073995,0,0.01809813698641441,3.631700347833224e-05,0.07701783674145278
PHYSPROP,bayesian_logistic_laplace,source_holdout_physprop_r3_morgan_fingerprints_ridge,source_holdout_physprop_r3,PHYSPROP,ridge,linear,morgan_fingerprints,1.634356618240092,0,1.349181675257875,0.6823178375838789,0,0.02548159024260197,6.516598894808221e-10,0.10409715559903682
PHYSPROP,bayesian_logistic_laplace,source_holdout_physprop_r3_morgan_fingerprints_svr,source_holdout_physprop_r3,PHYSPROP,svr,kernel,morgan_fingerprints,1.4136510610442818,0,1.0513716579565615,0.38450782028256547,0,0.024183543070721923,4.1734795285671055e-05,0.11919952599185284
PHYSPROP,bayesian_logistic_laplace,source_holdout_physprop_r3_morgan_fingerprints_xgboost,source_holdout_physprop_r3,PHYSPROP,xgboost,tree_ensemble,morgan_fingerprints,1.5077421165427074,0,1.2423652784563761,0.5755014407823801,0,0.06147194867740041,0.00026235399792946134,0.3872511460495285
PHYSPROP,bayesian_logistic_laplace,source_holdout_physprop_r3_rdkit_descriptors_elastic_net,source_holdout_physprop_r3,PHYSPROP,elastic_net,linear,rdkit_descriptors,1.4739732216393164,0,0.9066807885842592,0.23981695091026312,0,0.06538654867313799,3.3669442696387436e-06,0.5893760365725045
PHYSPROP,bayesian_logistic_laplace,source_holdout_physprop_r3_rdkit_descriptors_esol,source_holdout_physprop_r3,PHYSPROP,esol,chemistry_equation,rdkit_descriptors,3.5605243005087077,0,2.69640104095975,2.029537203285754,0,0.07911642618690751,1.845857563316837e-10,0.9138429488484349
PHYSPROP,bayesian_logistic_laplace,source_holdout_physprop_r3_rdkit_descriptors_extra_trees,source_holdout_physprop_r3,PHYSPROP,extra_trees,tree_ensemble,rdkit_descriptors,1.2888731106129085,0,0.7737436014287699,0.10687976375477382,0,0.20353745577148616,0.008477470324421116,0.7388793362730571
PHYSPROP,bayesian_logistic_laplace,source_holdout_physprop_r3_rdkit_descriptors_hist_gradient_boosting,source_holdout_physprop_r3,PHYSPROP,hist_gradient_boosting,tree_ensemble,rdkit_descriptors,1.234310933447168,1,0.705026744736356,0.03816290706235992,1,0.6504814115519798,0.10302859382782392,0.9800293629341726
PHYSPROP,bayesian_logistic_laplace,source_holdout_physprop_r3_rdkit_descriptors_knn,source_holdout_physprop_r3,PHYSPROP,knn,local_similarity,rdkit_descriptors,1.3408439929119005,0,1.0028028785137417,0.3359390408397457,0,0.08847188991544076,3.1765228042700076e-06,0.7809972810967645
PHYSPROP,bayesian_logistic_laplace,source_holdout_physprop_r3_rdkit_descriptors_mlp,source_holdout_physprop_r3,PHYSPROP,mlp,neural_network,rdkit_descriptors,1.2940900835160472,0,0.8001539976825204,0.13329016000852434,0,0.05768852936467121,3.6361389809466776e-05,0.4320936101233936
PHYSPROP,bayesian_logistic_laplace,source_holdout_physprop_r3_rdkit_descriptors_ngboost,source_holdout_physprop_r3,PHYSPROP,ngboost,probabilistic_boosting,rdkit_descriptors,1.3380617925739606,0,0.7586130752422988,0.09174923756830278,1,0.2709594849755186,0.014654463320947223,0.8210415144467345
PHYSPROP,bayesian_logistic_laplace,source_holdout_physprop_r3_rdkit_descriptors_random_forest,source_holdout_physprop_r3,PHYSPROP,random_forest,tree_ensemble,rdkit_descriptors,1.2766137342221011,0,0.7606793529947762,0.09381551532078014,1,0.3226566857937466,0.022549574952228733,0.8563951579717765
PHYSPROP,bayesian_logistic_laplace,source_holdout_physprop_r3_rdkit_descriptors_ridge,source_holdout_physprop_r3,PHYSPROP,ridge,linear,rdkit_descriptors,1.4677272281171754,0,0.8994753889518271,0.23261155127783106,0,0.116605652714674,2.269245985001441e-07,0.9459652230519107
PHYSPROP,bayesian_logistic_laplace,source_holdout_physprop_r3_rdkit_descriptors_svr,source_holdout_physprop_r3,PHYSPROP,svr,kernel,rdkit_descriptors,1.2616009679926086,1,0.666863837673996,0.0,1,0.35948689165488484,0.02014578573364736,0.9059000069472715
PHYSPROP,bayesian_logistic_laplace,source_holdout_physprop_r3_rdkit_descriptors_xgboost,source_holdout_physprop_r3,PHYSPROP,xgboost,tree_ensemble,rdkit_descriptors,1.2374405997259061,1,0.6778402711938357,0.010976433519839679,1,0.7234125708132674,0.13983951003665024,0.9896789684185222
PHYSPROP,bayesian_logistic_laplace,source_holdout_physprop_r4_maccs_fingerprints_elastic_net,source_holdout_physprop_r4,PHYSPROP,elastic_net,linear,maccs_fingerprints,1.6623466064520886,0,1.297023657667516,0.6301553218998525,0,0.01003940296391015,1.985450329367807e-08,0.015075488632704985
PHYSPROP,bayesian_logistic_laplace,source_holdout_physprop_r4_maccs_fingerprints_extra_trees,source_holdout_physprop_r4,PHYSPROP,extra_trees,tree_ensemble,maccs_fingerprints,1.466354712777462,0,1.0922197628775572,0.4253514271098936,0,0.009225105336141324,2.498786310771628e-05,0.0286736340907784
PHYSPROP,bayesian_logistic_laplace,source_holdout_physprop_r4_maccs_fingerprints_knn,source_holdout_physprop_r4,PHYSPROP,knn,local_similarity,maccs_fingerprints,1.584988233756674,0,1.4555190651943233,0.7886507294266597,0,0.013866984664928191,1.0113387680918506e-07,0.035181537606583976
PHYSPROP,bayesian_logistic_laplace,source_holdout_physprop_r4_maccs_fingerprints_mlp,source_holdout_physprop_r4,PHYSPROP,mlp,neural_network,maccs_fingerprints,1.4787855415275764,0,1.0877614848187824,0.42089314905111885,0,0.0065536967317009805,3.163383909880163e-07,0.010502279456552063
PHYSPROP,bayesian_logistic_laplace,source_holdout_physprop_r4_maccs_fingerprints_random_forest,source_holdout_physprop_r4,PHYSPROP,random_forest,tree_ensemble,maccs_fingerprints,1.4538281888701747,0,1.1114238643691334,0.44455552860146985,0,0.021649942852864274,0.00017615484414614094,0.09512795207891288
PHYSPROP,bayesian_logistic_laplace,source_holdout_physprop_r4_maccs_fingerprints_ridge,source_holdout_physprop_r4,PHYSPROP,ridge,linear,maccs_fingerprints,1.6626179436073716,0,1.2955516110066203,0.6286832752389567,0,0.005103418789316642,1.3407445042235035e-07,0.0060453370865822895
PHYSPROP,bayesian_logistic_laplace,source_holdout_physprop_r4_maccs_fingerprints_svr,source_holdout_physprop_r4,PHYSPROP,svr,kernel,maccs_fingerprints,1.3908139377014686,0,1.0006442985665478,0.3337759627988842,0,0.046456174358658994,0.0005986228899342904,0.24195938383296509
PHYSPROP,bayesian_logistic_laplace,source_holdout_physprop_r4_maccs_fingerprints_xgboost,source_holdout_physprop_r4,PHYSPROP,xgboost,tree_ensemble,maccs_fingerprints,1.4161077479535475,0,1.0524681198568167,0.3855997840891531,0,0.11350292911570617,0.0025369805207447714,0.549520736605778
PHYSPROP,bayesian_logistic_laplace,source_holdout_physprop_r4_molecular_graph_chemprop,source_holdout_physprop_r4,PHYSPROP,chemprop,graph_neural_network,molecular_graph,1.2085103369458858,1,0.7039119095090444,0.037043573741380786,1,0.2872211795723009,0.0182429317029325,0.825900264277325
PHYSPROP,bayesian_logistic_laplace,source_holdout_physprop_r4_morgan_fingerprints_elastic_net,source_holdout_physprop_r4,PHYSPROP,elastic_net,linear,morgan_fingerprints,1.75396051751996,0,1.366570653059746,0.6997023172920823,0,0.007828269493195716,4.469478221531061e-09,0.007828269493195716
PHYSPROP,bayesian_logistic_laplace,source_holdout_physprop_r4_morgan_fingerprints_extra_trees,source_holdout_physprop_r4,PHYSPROP,extra_trees,tree_ensemble,morgan_fingerprints,1.5060530188451133,0,1.244144007309154,0.5772756715414905,0,0.010364892734572539,1.1611532806072038e-05,0.03234084001949273
PHYSPROP,bayesian_logistic_laplace,source_holdout_physprop_r4_morgan_fingerprints_knn,source_holdout_physprop_r4,PHYSPROP,knn,local_similarity,morgan_fingerprints,1.6606884557922315,0,1.374461080529628,0.7075927447619644,0,0.010563996721419971,2.0535073410426908e-08,0.016808564580927537
PHYSPROP,bayesian_logistic_laplace,source_holdout_physprop_r4_morgan_fingerprints_mlp,source_holdout_physprop_r4,PHYSPROP,mlp,neural_network,morgan_fingerprints,1.5859101098475068,0,1.2095782628817615,0.5427099271140979,0,0.004992435336547044,5.376895703246027e-08,0.004992435336547044
PHYSPROP,bayesian_logistic_laplace,source_holdout_physprop_r4_morgan_fingerprints_random_forest,source_holdout_physprop_r4,PHYSPROP,random_forest,tree_ensemble,morgan_fingerprints,1.5226328580617425,0,1.2574095692284266,0.590541233460763,0,0.01593012488745681,2.780457681271823e-05,0.063513977103315
PHYSPROP,bayesian_logistic_laplace,source_holdout_physprop_r4_morgan_fingerprints_ridge,source_holdout_physprop_r4,PHYSPROP,ridge,linear,morgan_fingerprints,1.675591903363017,0,1.349181016033552,0.6823126802658884,0,0.023916560037744016,4.845041727338261e-10,0.08583436499966504
PHYSPROP,bayesian_logistic_laplace,source_holdout_physprop_r4_morgan_fingerprints_svr,source_holdout_physprop_r4,PHYSPROP,svr,kernel,morgan_fingerprints,1.4321122983214858,0,1.0513716571367204,0.38450332136905685,0,0.023139333389278503,3.8994896641155346e-05,0.11164281546160265
PHYSPROP,bayesian_logistic_laplace,source_holdout_physprop_r4_morgan_fingerprints_xgboost,source_holdout_physprop_r4,PHYSPROP,xgboost,tree_ensemble,morgan_fingerprints,1.5669385781408023,0,1.24251083448424,0.5756424987165764,0,0.05256133492995928,0.00016827210760110827,0.3328312341660724
PHYSPROP,bayesian_logistic_laplace,source_holdout_physprop_r4_rdkit_descriptors_elastic_net,source_holdout_physprop_r4,PHYSPROP,elastic_net,linear,rdkit_descriptors,1.5088867227935638,0,0.9066807885842588,0.23981245281659525,0,0.0602605776205658,2.6251002664940675e-06,0.5415546656520143
PHYSPROP,bayesian_logistic_laplace,source_holdout_physprop_r4_rdkit_descriptors_esol,source_holdout_physprop_r4,PHYSPROP,esol,chemistry_equation,rdkit_descriptors,3.6043587174815896,0,2.69640104095975,2.0295327051920866,0,0.08039140552010031,1.1787171941893285e-10,0.9244659200808732
PHYSPROP,bayesian_logistic_laplace,source_holdout_physprop_r4_rdkit_descriptors_extra_trees,source_holdout_physprop_r4,PHYSPROP,extra_trees,tree_ensemble,rdkit_descriptors,1.2584499338842092,0,0.7517359693649873,0.08486763359732374,1,0.1465088066542397,0.0036992227809708104,0.6513959976743356
PHYSPROP,bayesian_logistic_laplace,source_holdout_physprop_r4_rdkit_descriptors_hist_gradient_boosting,source_holdout_physprop_r4,PHYSPROP,hist_gradient_boosting,tree_ensemble,rdkit_descriptors,1.259603401664318,0,0.7071644581883346,0.04029612242067104,1,0.633837107057123,0.09381233211512076,0.9780422460672349
PHYSPROP,bayesian_logistic_laplace,source_holdout_physprop_r4_rdkit_descriptors_knn,source_holdout_physprop_r4,PHYSPROP,knn,local_similarity,rdkit_descriptors,1.380408950186441,0,0.9546195675486536,0.28775123178099005,0,0.08686541811372984,1.1682089657900776e-05,0.7239044070677129
PHYSPROP,bayesian_logistic_laplace,source_holdout_physprop_r4_rdkit_descriptors_mlp,source_holdout_physprop_r4,PHYSPROP,mlp,neural_network,rdkit_descriptors,1.278794664539311,0,0.749692018284432,0.08282368251676842,1,0.059615687971922474,3.9943479428699696e-05,0.4472325429438019
PHYSPROP,bayesian_logistic_laplace,source_holdout_physprop_r4_rdkit_descriptors_ngboost,source_holdout_physprop_r4,PHYSPROP,ngboost,probabilistic_boosting,rdkit_descriptors,1.307347781776048,0,0.7535373124468593,0.08666897667919571,1,0.2877675046176931,0.016695277503165008,0.8353139059790543
PHYSPROP,bayesian_logistic_laplace,source_holdout_physprop_r4_rdkit_descriptors_random_forest,source_holdout_physprop_r4,PHYSPROP,random_forest,tree_ensemble,rdkit_descriptors,1.2516779584288502,0,0.7621907386655745,0.09532240289791094,1,0.33907491593777156,0.02495094458250896,0.8677838358930537
PHYSPROP,bayesian_logistic_laplace,source_holdout_physprop_r4_rdkit_descriptors_ridge,source_holdout_physprop_r4,PHYSPROP,ridge,linear,rdkit_descriptors,1.5078575954471392,0,0.8644240480931524,0.19755571232548885,0,0.04486983110495572,2.112286069124525e-05,0.3172359668858434
PHYSPROP,bayesian_logistic_laplace,source_holdout_physprop_r4_rdkit_descriptors_svr,source_holdout_physprop_r4,PHYSPROP,svr,kernel,rdkit_descriptors,1.2378919932813406,1,0.6668683357676636,0.0,1,0.3812800748184572,0.02280633219572856,0.9167592637123421
PHYSPROP,bayesian_logistic_laplace,source_holdout_physprop_r4_rdkit_descriptors_xgboost,source_holdout_physprop_r4,PHYSPROP,xgboost,tree_ensemble,rdkit_descriptors,1.2225348183461098,1,0.6870131704083579,0.020144834640694276,1,0.7307884203296818,0.14625258799324173,0.9902193830804018
PHYSPROP,bayesian_logistic_laplace,source_holdout_physprop_r5_maccs_fingerprints_elastic_net,source_holdout_physprop_r5,PHYSPROP,elastic_net,linear,maccs_fingerprints,1.6288823552310985,0,1.2970236576675156,0.6329109737564506,0,0.010814421665338773,2.82351298554443e-08,0.01839732684823287
PHYSPROP,bayesian_logistic_laplace,source_holdout_physprop_r5_maccs_fingerprints_extra_trees,source_holdout_physprop_r5,PHYSPROP,extra_trees,tree_ensemble,maccs_fingerprints,1.3996619943078288,0,1.1495659892250434,0.48545330531397834,0,0.014251189087475665,8.38372116318235e-05,0.05420037413609685
PHYSPROP,bayesian_logistic_laplace,source_holdout_physprop_r5_maccs_fingerprints_knn,source_holdout_physprop_r5,PHYSPROP,knn,local_similarity,maccs_fingerprints,1.505157950176223,0,1.4698777549146809,0.8057650710036158,0,0.18439730602005955,3.054645124078698e-11,0.9997791807702097
PHYSPROP,bayesian_logistic_laplace,source_holdout_physprop_r5_maccs_fingerprints_mlp,source_holdout_physprop_r5,PHYSPROP,mlp,neural_network,maccs_fingerprints,1.4041214094096348,0,1.064295222921151,0.40018253901008605,0,0.007408332704724312,4.3604927658728803e-07,0.013467156260039694
PHYSPROP,bayesian_logistic_laplace,source_holdout_physprop_r5_maccs_fingerprints_random_forest,source_holdout_physprop_r5,PHYSPROP,random_forest,tree_ensemble,maccs_fingerprints,1.390116656508672,0,1.1144208402175144,0.4503081563064494,0,0.025055483777093816,0.00024007670595088505,0.11431105097798705
PHYSPROP,bayesian_logistic_laplace,source_holdout_physprop_r5_maccs_fingerprints_ridge,source_holdout_physprop_r5,PHYSPROP,ridge,linear,maccs_fingerprints,1.626983831334793,0,1.2952347762374732,0.6311220923264081,0,0.0054616984316550555,1.9792761242616863e-07,0.007233626528766512
PHYSPROP,bayesian_logistic_laplace,source_holdout_physprop_r5_maccs_fingerprints_svr,source_holdout_physprop_r5,PHYSPROP,svr,kernel,maccs_fingerprints,1.3152271396954265,0,0.9968337644496608,0.3327210805385957,0,0.03632109417372816,0.0002619697322252854,0.19127977325622042
PHYSPROP,bayesian_logistic_laplace,source_holdout_physprop_r5_maccs_fingerprints_xgboost,source_holdout_physprop_r5,PHYSPROP,xgboost,tree_ensemble,maccs_fingerprints,1.363033011779303,0,1.0580609368528873,0.39394825294182223,0,0.12693825305174364,0.0031612535574286537,0.5892112054928157
PHYSPROP,bayesian_logistic_laplace,source_holdout_physprop_r5_molecular_graph_chemprop,source_holdout_physprop_r5,PHYSPROP,chemprop,graph_neural_network,molecular_graph,1.168852469720152,0,0.6984159446886635,0.03430326077759849,1,0.3144642496235296,0.021657414552674944,0.8492343080008473
PHYSPROP,bayesian_logistic_laplace,source_holdout_physprop_r5_morgan_fingerprints_elastic_net,source_holdout_physprop_r5,PHYSPROP,elastic_net,linear,morgan_fingerprints,1.6611456034203844,0,1.366570653059746,0.7024579691486809,0,0.008618786127254316,6.857040093374703e-09,0.00938942156333795
PHYSPROP,bayesian_logistic_laplace,source_holdout_physprop_r5_morgan_fingerprints_extra_trees,source_holdout_physprop_r5,PHYSPROP,extra_trees,tree_ensemble,morgan_fingerprints,1.4154221240323033,0,1.2552331657248226,0.5911204818137575,0,0.012551771389148194,1.643860204363169e-05,0.043795124708856596
PHYSPROP,bayesian_logistic_laplace,source_holdout_physprop_r5_morgan_fingerprints_knn,source_holdout_physprop_r5,PHYSPROP,knn,local_similarity,morgan_fingerprints,1.500620427071051,0,1.3728581734276046,0.7087454895165396,0,0.012760244361377012,4.0818853352036904e-08,0.027009289129122413
PHYSPROP,bayesian_logistic_laplace,source_holdout_physprop_r5_morgan_fingerprints_mlp,source_holdout_physprop_r5,PHYSPROP,mlp,neural_network,morgan_fingerprints,1.442998378117186,0,1.2638957956250552,0.5997831117139901,0,0.006192808142145092,9.522477140636887e-08,0.007839722355944677
PHYSPROP,bayesian_logistic_laplace,source_holdout_physprop_r5_morgan_fingerprints_random_forest,source_holdout_physprop_r5,PHYSPROP,random_forest,tree_ensemble,morgan_fingerprints,1.4521329050647556,0,1.2616497233210269,0.5975370394099618,0,0.019210365956902207,3.953772111229223e-05,0.08418784614347738
PHYSPROP,bayesian_logistic_laplace,source_holdout_physprop_r5_morgan_fingerprints_ridge,source_holdout_physprop_r5,PHYSPROP,ridge,linear,morgan_fingerprints,1.5689229102859894,0,1.3491908289677381,0.6850781450566731,0,0.02777240860739633,9.181020052616675e-10,0.1338411669444437
PHYSPROP,bayesian_logistic_laplace,source_holdout_physprop_r5_morgan_fingerprints_svr,source_holdout_physprop_r5,PHYSPROP,svr,kernel,morgan_fingerprints,1.3517951445463678,0,1.051371657728555,0.38725897381748997,0,0.027443308331631968,4.9409699347565726e-05,0.14359639976488509
PHYSPROP,bayesian_logistic_laplace,source_holdout_physprop_r5_morgan_fingerprints_xgboost,source_holdout_physprop_r5,PHYSPROP,xgboost,tree_ensemble,morgan_fingerprints,1.464874824046756,0,1.2343890412655159,0.5702763573544508,0,0.06501250079906727,0.00029668320463496187,0.4087831137819778
PHYSPROP,bayesian_logistic_laplace,source_holdout_physprop_r5_rdkit_descriptors_elastic_net,source_holdout_physprop_r5,PHYSPROP,elastic_net,linear,rdkit_descriptors,1.4224857419353474,0,0.9066807885842594,0.24256810467319434,0,0.06942097017974187,3.967946934903897e-06,0.6240355109337643
PHYSPROP,bayesian_logistic_laplace,source_holdout_physprop_r5_rdkit_descriptors_esol,source_holdout_physprop_r5,PHYSPROP,esol,chemistry_equation,rdkit_descriptors,3.6836587179507085,0,2.69640104095975,2.032288357048685,0,0.09379805779673248,8.647106495862745e-11,0.9672585529708799
PHYSPROP,bayesian_logistic_laplace,source_holdout_physprop_r5_rdkit_descriptors_extra_trees,source_holdout_physprop_r5,PHYSPROP,extra_trees,tree_ensemble,rdkit_descriptors,1.2503646837388152,0,0.74858265530627,0.08446997139520496,1,0.14886978219626112,0.0038227799078713867,0.656737748227495
PHYSPROP,bayesian_logistic_laplace,source_holdout_physprop_r5_rdkit_descriptors_hist_gradient_boosting,source_holdout_physprop_r5,PHYSPROP,hist_gradient_boosting,tree_ensemble,rdkit_descriptors,1.1743714802402978,1,0.683744251735613,0.019631567824548002,1,0.6738218080574071,0.11622978694730081,0.9829145515656355
PHYSPROP,bayesian_logistic_laplace,source_holdout_physprop_r5_rdkit_descriptors_knn,source_holdout_physprop_r5,PHYSPROP,knn,local_similarity,rdkit_descriptors,1.3381501593236749,0,0.9543562291651161,0.29024354525405105,0,0.09382255484347655,1.4320241159411143e-05,0.7590450925193684
PHYSPROP,bayesian_logistic_laplace,source_holdout_physprop_r5_rdkit_descriptors_mlp,source_holdout_physprop_r5,PHYSPROP,mlp,neural_network,rdkit_descriptors,1.2262962044257955,0,0.7833067006785647,0.11919401676749963,0,0.06544840770224275,4.6352551096878357e-05,0.49523031534836315
PHYSPROP,bayesian_logistic_laplace,source_holdout_physprop_r5_rdkit_descriptors_ngboost,source_holdout_physprop_r5,PHYSPROP,ngboost,probabilistic_boosting,rdkit_descriptors,1.2255583620870347,0,0.7563132909223999,0.09220060701133481,1,0.3265952598998116,0.02195004823293633,0.8638315687530652
PHYSPROP,bayesian_logistic_laplace,source_holdout_physprop_r5_rdkit_descriptors_random_forest,source_holdout_physprop_r5,PHYSPROP,random_forest,tree_ensemble,rdkit_descriptors,1.223710710731287,0,0.7473183685942838,0.08320568468321876,1,0.3481927534317069,0.02636574407315121,0.8736437030197922
PHYSPROP,bayesian_logistic_laplace,source_holdout_physprop_r5_rdkit_descriptors_ridge,source_holdout_physprop_r5,PHYSPROP,ridge,linear,rdkit_descriptors,1.4202189856499494,0,0.8738323373813852,0.20971965347032018,0,0.048946439531803956,3.0593307068353895e-05,0.35061743591977407
PHYSPROP,bayesian_logistic_laplace,source_holdout_physprop_r5_rdkit_descriptors_svr,source_holdout_physprop_r5,PHYSPROP,svr,kernel,rdkit_descriptors,1.1795551893575016,1,0.664112683911065,0.0,1,0.5688456205357743,0.0829685011426014,0.95864996394712
PHYSPROP,bayesian_logistic_laplace,source_holdout_physprop_r5_rdkit_descriptors_xgboost,source_holdout_physprop_r5,PHYSPROP,xgboost,tree_ensemble,rdkit_descriptors,1.1502673928488385,1,0.6887589181172007,0.024646234206135653,1,0.8007165728841005,0.2684695871288271,0.9917950119519376
PHYSPROP,random_forest,source_holdout_physprop_r1_maccs_fingerprints_elastic_net,source_holdout_physprop_r1,PHYSPROP,elastic_net,linear,maccs_fingerprints,1.646914564611702,0,1.297023657667516,0.6329072503426915,0,0.0,,
PHYSPROP,random_forest,source_holdout_physprop_r1_maccs_fingerprints_extra_trees,source_holdout_physprop_r1,PHYSPROP,extra_trees,tree_ensemble,maccs_fingerprints,1.3829419639554577,0,1.0906694041114136,0.426552996786589,0,0.01195413567717993,,
PHYSPROP,random_forest,source_holdout_physprop_r1_maccs_fingerprints_knn,source_holdout_physprop_r1,PHYSPROP,knn,local_similarity,maccs_fingerprints,1.4956097786010731,0,1.440057060690064,0.7759406533652394,0,0.0023895104895104895,,
PHYSPROP,random_forest,source_holdout_physprop_r1_maccs_fingerprints_mlp,source_holdout_physprop_r1,PHYSPROP,mlp,neural_network,maccs_fingerprints,1.3810366705009633,0,1.0877319897856192,0.42361558246079467,0,0.004607800307800308,,
PHYSPROP,random_forest,source_holdout_physprop_r1_maccs_fingerprints_random_forest,source_holdout_physprop_r1,PHYSPROP,random_forest,tree_ensemble,maccs_fingerprints,1.381288225831906,0,1.1098327650602502,0.4457163577354256,0,0.013461432138888152,,
PHYSPROP,random_forest,source_holdout_physprop_r1_maccs_fingerprints_ridge,source_holdout_physprop_r1,PHYSPROP,ridge,linear,maccs_fingerprints,1.643584518819868,0,1.2999056193946876,0.635789212069863,0,0.0,,
PHYSPROP,random_forest,source_holdout_physprop_r1_maccs_fingerprints_svr,source_holdout_physprop_r1,PHYSPROP,svr,kernel,maccs_fingerprints,1.2984487952423234,0,0.9968393775292365,0.3327229702044119,0,0.07283536884801468,,
PHYSPROP,random_forest,source_holdout_physprop_r1_maccs_fingerprints_xgboost,source_holdout_physprop_r1,PHYSPROP,xgboost,tree_ensemble,maccs_fingerprints,1.3275261140406516,0,1.0546591828714265,0.3905427755466019,0,0.10290578899944232,,
PHYSPROP,random_forest,source_holdout_physprop_r1_molecular_graph_chemprop,source_holdout_physprop_r1,PHYSPROP,chemprop,graph_neural_network,molecular_graph,1.1501394451446298,0,0.7331713368147147,0.06905492948989012,1,0.30786509172029775,,
PHYSPROP,random_forest,source_holdout_physprop_r1_morgan_fingerprints_elastic_net,source_holdout_physprop_r1,PHYSPROP,elastic_net,linear,morgan_fingerprints,1.6950280682988088,0,1.366570653059746,0.7024542457349213,0,0.00016666666666666666,,
PHYSPROP,random_forest,source_holdout_physprop_r1_morgan_fingerprints_extra_trees,source_holdout_physprop_r1,PHYSPROP,extra_trees,tree_ensemble,morgan_fingerprints,1.4717322022601411,0,1.2402603588476635,0.5761439515228389,0,0.008334430050606521,,
PHYSPROP,random_forest,source_holdout_physprop_r1_morgan_fingerprints_knn,source_holdout_physprop_r1,PHYSPROP,knn,local_similarity,morgan_fingerprints,1.5806550812428284,0,1.4236007030449662,0.7594842957201416,0,0.00076007326007326,,
PHYSPROP,random_forest,source_holdout_physprop_r1_morgan_fingerprints_mlp,source_holdout_physprop_r1,PHYSPROP,mlp,neural_network,morgan_fingerprints,1.5194922861616682,0,1.2089146148631205,0.5447982075382959,0,0.0006818181818181819,,
PHYSPROP,random_forest,source_holdout_physprop_r1_morgan_fingerprints_random_forest,source_holdout_physprop_r1,PHYSPROP,random_forest,tree_ensemble,morgan_fingerprints,1.4892200278774683,0,1.2586379174192408,0.5945215100944162,0,0.004974606765783237,,
PHYSPROP,random_forest,source_holdout_physprop_r1_morgan_fingerprints_ridge,source_holdout_physprop_r1,PHYSPROP,ridge,linear,morgan_fingerprints,1.6225434759023971,0,1.3491887062636772,0.6850722989388526,0,0.00016666666666666666,,
PHYSPROP,random_forest,source_holdout_physprop_r1_morgan_fingerprints_svr,source_holdout_physprop_r1,PHYSPROP,svr,kernel,morgan_fingerprints,1.380764797561292,0,1.051371657956546,0.3872552506317214,0,0.01999628171881446,,
PHYSPROP,random_forest,source_holdout_physprop_r1_morgan_fingerprints_xgboost,source_holdout_physprop_r1,PHYSPROP,xgboost,tree_ensemble,morgan_fingerprints,1.51494958465665,0,1.2369562418790307,0.5728398345542062,0,0.021881261239620364,,
PHYSPROP,random_forest,source_holdout_physprop_r1_rdkit_descriptors_elastic_net,source_holdout_physprop_r1,PHYSPROP,elastic_net,linear,rdkit_descriptors,1.3798437079193837,0,0.9066807885842592,0.24256438125943458,0,0.012063567394743867,,
PHYSPROP,random_forest,source_holdout_physprop_r1_rdkit_descriptors_esol,source_holdout_physprop_r1,PHYSPROP,esol,chemistry_equation,rdkit_descriptors,3.3929082118861356,0,2.69640104095975,2.0322846336349256,0,0.005918715141068082,,
PHYSPROP,random_forest,source_holdout_physprop_r1_rdkit_descriptors_extra_trees,source_holdout_physprop_r1,PHYSPROP,extra_trees,tree_ensemble,rdkit_descriptors,1.1895921843443247,0,0.7566811288556669,0.09256472153084228,1,0.2633874698730476,,
PHYSPROP,random_forest,source_holdout_physprop_r1_rdkit_descriptors_hist_gradient_boosting,source_holdout_physprop_r1,PHYSPROP,hist_gradient_boosting,tree_ensemble,rdkit_descriptors,1.1407913832656436,1,0.7020401050365377,0.03792369771171311,1,0.5881518697483097,,
PHYSPROP,random_forest,source_holdout_physprop_r1_rdkit_descriptors_knn,source_holdout_physprop_r1,PHYSPROP,knn,local_similarity,rdkit_descriptors,1.3127028234067395,0,0.9544239551067882,0.29030754778196366,0,0.032992779139646905,,
PHYSPROP,random_forest,source_holdout_physprop_r1_rdkit_descriptors_mlp,source_holdout_physprop_r1,PHYSPROP,mlp,neural_network,rdkit_descriptors,1.2096857288315706,0,0.816400003308259,0.15228359598343444,0,0.23550821478411732,,
PHYSPROP,random_forest,source_holdout_physprop_r1_rdkit_descriptors_ngboost,source_holdout_physprop_r1,PHYSPROP,ngboost,probabilistic_boosting,rdkit_descriptors,1.1922637747784057,0,0.7525956931369886,0.08847928581216402,1,0.3620516728584579,,
PHYSPROP,random_forest,source_holdout_physprop_r1_rdkit_descriptors_random_forest,source_holdout_physprop_r1,PHYSPROP,random_forest,tree_ensemble,rdkit_descriptors,1.1928425429037082,0,0.7577310540566935,0.09361464673186892,1,0.3127143398031951,,
PHYSPROP,random_forest,source_holdout_physprop_r1_rdkit_descriptors_ridge,source_holdout_physprop_r1,PHYSPROP,ridge,linear,rdkit_descriptors,1.3763099642174108,0,0.8993776004648572,0.23526119314003258,0,0.011989493320669791,,
PHYSPROP,random_forest,source_holdout_physprop_r1_rdkit_descriptors_svr,source_holdout_physprop_r1,PHYSPROP,svr,kernel,rdkit_descriptors,1.1405271537701378,1,0.6641164073248246,0.0,1,0.6640398323499388,,
PHYSPROP,random_forest,source_holdout_physprop_r1_rdkit_descriptors_xgboost,source_holdout_physprop_r1,PHYSPROP,xgboost,tree_ensemble,rdkit_descriptors,1.128075229685735,1,0.682010701779624,0.017894294454799398,1,0.8402538260747645,,
PHYSPROP,random_forest,source_holdout_physprop_r2_maccs_fingerprints_elastic_net,source_holdout_physprop_r2,PHYSPROP,elastic_net,linear,maccs_fingerprints,1.6673190671307065,0,1.297023657667516,0.6329110949208492,0,0.0,,
PHYSPROP,random_forest,source_holdout_physprop_r2_maccs_fingerprints_extra_trees,source_holdout_physprop_r2,PHYSPROP,extra_trees,tree_ensemble,maccs_fingerprints,1.3679437092826987,0,1.153596101380172,0.48948353863350524,0,0.01021691809437411,,
PHYSPROP,random_forest,source_holdout_physprop_r2_maccs_fingerprints_knn,source_holdout_physprop_r2,PHYSPROP,knn,local_similarity,maccs_fingerprints,1.5049532269921566,0,1.4433102340109927,0.7791976712643258,0,0.0008895104895104895,,
PHYSPROP,random_forest,source_holdout_physprop_r2_maccs_fingerprints_mlp,source_holdout_physprop_r2,PHYSPROP,mlp,neural_network,maccs_fingerprints,1.4254595249822866,0,1.0937764323184231,0.4296638695717563,0,0.0016549198549198549,,
PHYSPROP,random_forest,source_holdout_physprop_r2_maccs_fingerprints_random_forest,source_holdout_physprop_r2,PHYSPROP,random_forest,tree_ensemble,maccs_fingerprints,1.360831371945711,0,1.13228908651708,0.4681765237704132,0,0.015331079158535175,,
PHYSPROP,random_forest,source_holdout_physprop_r2_maccs_fingerprints_ridge,source_holdout_physprop_r2,PHYSPROP,ridge,linear,maccs_fingerprints,1.6663174922143675,0,1.2947983332163586,0.6306857704696918,0,0.0,,
PHYSPROP,random_forest,source_holdout_physprop_r2_maccs_fingerprints_svr,source_holdout_physprop_r2,PHYSPROP,svr,kernel,maccs_fingerprints,1.3105847550736793,0,1.0006625478383537,0.3365499850916869,0,0.061055503286627365,,
PHYSPROP,random_forest,source_holdout_physprop_r2_maccs_fingerprints_xgboost,source_holdout_physprop_r2,PHYSPROP,xgboost,tree_ensemble,maccs_fingerprints,1.3584117130878883,0,1.0544201375212268,0.3903075747745599,0,0.06104856902979462,,
PHYSPROP,random_forest,source_holdout_physprop_r2_molecular_graph_chemprop,source_holdout_physprop_r2,PHYSPROP,chemprop,graph_neural_network,molecular_graph,1.1977410206223027,1,0.6949065374660885,0.03079397471942169,1,0.2698015087722521,,
PHYSPROP,random_forest,source_holdout_physprop_r2_morgan_fingerprints_elastic_net,source_holdout_physprop_r2,PHYSPROP,elastic_net,linear,morgan_fingerprints,1.716026392113902,0,1.3665706530597457,0.7024580903130788,0,0.00016666666666666666,,
PHYSPROP,random_forest,source_holdout_physprop_r2_morgan_fingerprints_extra_trees,source_holdout_physprop_r2,PHYSPROP,extra_trees,tree_ensemble,morgan_fingerprints,1.3918959943449873,0,1.236778767734442,0.5726662049877751,0,0.010292946534123004,,
PHYSPROP,random_forest,source_holdout_physprop_r2_morgan_fingerprints_knn,source_holdout_physprop_r2,PHYSPROP,knn,local_similarity,morgan_fingerprints,1.5270168558412618,0,1.4266538634900925,0.7625413007434256,0,0.00076007326007326,,
PHYSPROP,random_forest,source_holdout_physprop_r2_morgan_fingerprints_mlp,source_holdout_physprop_r2,PHYSPROP,mlp,neural_network,morgan_fingerprints,1.4871309073651893,0,1.2237226880566574,0.5596101253099905,0,0.0011341991341991342,,
PHYSPROP,random_forest,source_holdout_physprop_r2_morgan_fingerprints_random_forest,source_holdout_physprop_r2,PHYSPROP,random_forest,tree_ensemble,morgan_fingerprints,1.445396102326319,0,1.2454689978483517,0.5813564351016849,0,0.005894448035624507,,
PHYSPROP,random_forest,source_holdout_physprop_r2_morgan_fingerprints_ridge,source_holdout_physprop_r2,PHYSPROP,ridge,linear,morgan_fingerprints,1.6395626792398112,0,1.3491510174560715,0.6850384547094046,0,0.00016666666666666666,,
PHYSPROP,random_forest,source_holdout_physprop_r2_morgan_fingerprints_svr,source_holdout_physprop_r2,PHYSPROP,svr,kernel,morgan_fingerprints,1.3900598069807757,0,1.0513716573646585,0.3872590946179917,0,0.017563865450871876,,
PHYSPROP,random_forest,source_holdout_physprop_r2_morgan_fingerprints_xgboost,source_holdout_physprop_r2,PHYSPROP,xgboost,tree_ensemble,morgan_fingerprints,1.4932972716087067,0,1.229669569654105,0.565557006907438,0,0.020597927906287034,,
PHYSPROP,random_forest,source_holdout_physprop_r2_rdkit_descriptors_elastic_net,source_holdout_physprop_r2,PHYSPROP,elastic_net,linear,rdkit_descriptors,1.4996315486157985,0,0.9066807885842595,0.24256822583759263,0,0.0062478971790736505,,
PHYSPROP,random_forest,source_holdout_physprop_r2_rdkit_descriptors_esol,source_holdout_physprop_r2,PHYSPROP,esol,chemistry_equation,rdkit_descriptors,3.4356344237372993,0,2.69640104095975,2.0322884782130832,0,0.005874270696623638,,
PHYSPROP,random_forest,source_holdout_physprop_r2_rdkit_descriptors_extra_trees,source_holdout_physprop_r2,PHYSPROP,extra_trees,tree_ensemble,rdkit_descriptors,1.2456008477979403,0,0.7810951349861742,0.11698257223950737,0,0.24805216699546412,,
PHYSPROP,random_forest,source_holdout_physprop_r2_rdkit_descriptors_hist_gradient_boosting,source_holdout_physprop_r2,PHYSPROP,hist_gradient_boosting,tree_ensemble,rdkit_descriptors,1.1789143266383908,0,0.7015879876717831,0.03747542492511624,1,0.5788537207838599,,
PHYSPROP,random_forest,source_holdout_physprop_r2_rdkit_descriptors_knn,source_holdout_physprop_r2,PHYSPROP,knn,local_similarity,rdkit_descriptors,1.3495158358796773,0,1.0022263000946008,0.33811373734793393,0,0.01781382998422717,,
PHYSPROP,random_forest,source_holdout_physprop_r2_rdkit_descriptors_mlp,source_holdout_physprop_r2,PHYSPROP,mlp,neural_network,rdkit_descriptors,1.246576890872493,0,0.771976433077086,0.10786387033041911,0,0.12339296770375721,,
PHYSPROP,random_forest,source_holdout_physprop_r2_rdkit_descriptors_ngboost,source_holdout_physprop_r2,PHYSPROP,ngboost,probabilistic_boosting,rdkit_descriptors,1.2672102969946817,0,0.7618344134799567,0.09772185073328987,1,0.1288733821777269,,
PHYSPROP,random_forest,source_holdout_physprop_r2_rdkit_descriptors_random_forest,source_holdout_physprop_r2,PHYSPROP,random_forest,tree_ensemble,rdkit_descriptors,1.2589934112492427,0,0.7594674979628196,0.09535493521615279,1,0.12596658262307905,,
PHYSPROP,random_forest,source_holdout_physprop_r2_rdkit_descriptors_ridge,source_holdout_physprop_r2,PHYSPROP,ridge,linear,rdkit_descriptors,1.499404333053579,0,0.8650477709910508,0.20093520824438393,0,0.006573823104999576,,
PHYSPROP,random_forest,source_holdout_physprop_r2_rdkit_descriptors_svr,source_holdout_physprop_r2,PHYSPROP,svr,kernel,rdkit_descriptors,1.1821149289252546,1,0.6641125627466669,0.0,1,0.6575831654235151,,
PHYSPROP,random_forest,source_holdout_physprop_r2_rdkit_descriptors_xgboost,source_holdout_physprop_r2,PHYSPROP,xgboost,tree_ensemble,rdkit_descriptors,1.1667255489026076,1,0.6852985822330309,0.021186019486364005,1,0.8370730945211297,,
PHYSPROP,random_forest,source_holdout_physprop_r3_maccs_fingerprints_elastic_net,source_holdout_physprop_r3,PHYSPROP,elastic_net,linear,maccs_fingerprints,1.6678751330370736,0,1.2970236576675154,0.6301598199935193,0,0.0,,
PHYSPROP,random_forest,source_holdout_physprop_r3_maccs_fingerprints_extra_trees,source_holdout_physprop_r3,PHYSPROP,extra_trees,tree_ensemble,maccs_fingerprints,1.4440894858413273,0,1.091954478835592,0.4250906411615959,0,0.008199087840264312,,
PHYSPROP,random_forest,source_holdout_physprop_r3_maccs_fingerprints_knn,source_holdout_physprop_r3,PHYSPROP,knn,local_similarity,maccs_fingerprints,1.5880601340998721,0,1.448530740302734,0.7816669026287381,0,0.0007076923076923077,,
PHYSPROP,random_forest,source_holdout_physprop_r3_maccs_fingerprints_mlp,source_holdout_physprop_r3,PHYSPROP,mlp,neural_network,maccs_fingerprints,1.4869695256718933,0,1.09298487370559,0.426121036031594,0,0.002381818181818182,,
PHYSPROP,random_forest,source_holdout_physprop_r3_maccs_fingerprints_random_forest,source_holdout_physprop_r3,PHYSPROP,random_forest,tree_ensemble,maccs_fingerprints,1.4609950328488495,0,1.1218975998168612,0.4550337621428652,0,0.01009332149136574,,
PHYSPROP,random_forest,source_holdout_physprop_r3_maccs_fingerprints_ridge,source_holdout_physprop_r3,PHYSPROP,ridge,linear,maccs_fingerprints,1.6666681773248884,0,1.29983345676525,0.632969619091254,0,0.0,,
PHYSPROP,random_forest,source_holdout_physprop_r3_maccs_fingerprints_svr,source_holdout_physprop_r3,PHYSPROP,svr,kernel,maccs_fingerprints,1.400652439131853,0,0.9968371682295966,0.3299733305556005,0,0.018003930605875115,,
PHYSPROP,random_forest,source_holdout_physprop_r3_maccs_fingerprints_xgboost,source_holdout_physprop_r3,PHYSPROP,xgboost,tree_ensemble,maccs_fingerprints,1.4306749115665574,0,1.05237827541636,0.38551443774236394,0,0.045121283570156205,,
PHYSPROP,random_forest,source_holdout_physprop_r3_molecular_graph_chemprop,source_holdout_physprop_r3,PHYSPROP,chemprop,graph_neural_network,molecular_graph,1.2499248632325686,0,0.7317344865918535,0.06487064891785743,1,0.1913034128423288,,
PHYSPROP,random_forest,source_holdout_physprop_r3_morgan_fingerprints_elastic_net,source_holdout_physprop_r3,PHYSPROP,elastic_net,linear,morgan_fingerprints,1.7297096007616601,0,1.3665706530597461,0.6997068153857501,0,0.00016666666666666666,,
PHYSPROP,random_forest,source_holdout_physprop_r3_morgan_fingerprints_extra_trees,source_holdout_physprop_r3,PHYSPROP,extra_trees,tree_ensemble,morgan_fingerprints,1.4743576064262542,0,1.2310222474888444,0.5641584098148483,0,0.00809358755976403,,
PHYSPROP,random_forest,source_holdout_physprop_r3_morgan_fingerprints_knn,source_holdout_physprop_r3,PHYSPROP,knn,local_similarity,morgan_fingerprints,1.5704159685674517,0,1.375685395548044,0.7088215578740479,0,0.00076007326007326,,
PHYSPROP,random_forest,source_holdout_physprop_r3_morgan_fingerprints_mlp,source_holdout_physprop_r3,PHYSPROP,mlp,neural_network,morgan_fingerprints,1.5444125843793566,0,1.2682647569249337,0.6014009192509376,0,0.0006818181818181819,,
PHYSPROP,random_forest,source_holdout_physprop_r3_morgan_fingerprints_random_forest,source_holdout_physprop_r3,PHYSPROP,random_forest,tree_ensemble,morgan_fingerprints,1.4891276765056063,0,1.2799695022813955,0.6131056646073995,0,0.006960717876894347,,
PHYSPROP,random_forest,source_holdout_physprop_r3_morgan_fingerprints_ridge,source_holdout_physprop_r3,PHYSPROP,ridge,linear,morgan_fingerprints,1.634356618240092,0,1.349181675257875,0.6823178375838789,0,0.00016666666666666666,,
PHYSPROP,random_forest,source_holdout_physprop_r3_morgan_fingerprints_svr,source_holdout_physprop_r3,PHYSPROP,svr,kernel,morgan_fingerprints,1.4136510610442818,0,1.0513716579565615,0.38450782028256547,0,0.017554615052147792,,
PHYSPROP,random_forest,source_holdout_physprop_r3_morgan_fingerprints_xgboost,source_holdout_physprop_r3,PHYSPROP,xgboost,tree_ensemble,morgan_fingerprints,1.5077421165427074,0,1.2423652784563761,0.5755014407823801,0,0.02186697552533465,,
PHYSPROP,random_forest,source_holdout_physprop_r3_rdkit_descriptors_elastic_net,source_holdout_physprop_r3,PHYSPROP,elastic_net,linear,rdkit_descriptors,1.4739732216393164,0,0.9066807885842592,0.23981695091026312,0,0.008708733339909812,,
PHYSPROP,random_forest,source_holdout_physprop_r3_rdkit_descriptors_esol,source_holdout_physprop_r3,PHYSPROP,esol,chemistry_equation,rdkit_descriptors,3.5605243005087077,0,2.69640104095975,2.029537203285754,0,0.005918715141068082,,
PHYSPROP,random_forest,source_holdout_physprop_r3_rdkit_descriptors_extra_trees,source_holdout_physprop_r3,PHYSPROP,extra_trees,tree_ensemble,rdkit_descriptors,1.2888731106129085,0,0.7737436014287699,0.10687976375477382,0,0.15119950308106606,,
PHYSPROP,random_forest,source_holdout_physprop_r3_rdkit_descriptors_hist_gradient_boosting,source_holdout_physprop_r3,PHYSPROP,hist_gradient_boosting,tree_ensemble,rdkit_descriptors,1.234310933447168,1,0.705026744736356,0.03816290706235992,1,0.6112156240546068,,
PHYSPROP,random_forest,source_holdout_physprop_r3_rdkit_descriptors_knn,source_holdout_physprop_r3,PHYSPROP,knn,local_similarity,rdkit_descriptors,1.3408439929119005,0,1.0028028785137417,0.3359390408397457,0,0.02185601231170362,,
PHYSPROP,random_forest,source_holdout_physprop_r3_rdkit_descriptors_mlp,source_holdout_physprop_r3,PHYSPROP,mlp,neural_network,rdkit_descriptors,1.2940900835160472,0,0.8001539976825204,0.13329016000852434,0,0.030359356911683597,,
PHYSPROP,random_forest,source_holdout_physprop_r3_rdkit_descriptors_ngboost,source_holdout_physprop_r3,PHYSPROP,ngboost,probabilistic_boosting,rdkit_descriptors,1.3380617925739606,0,0.7586130752422988,0.09174923756830278,1,0.16069903009877717,,
PHYSPROP,random_forest,source_holdout_physprop_r3_rdkit_descriptors_random_forest,source_holdout_physprop_r3,PHYSPROP,random_forest,tree_ensemble,rdkit_descriptors,1.2766137342221011,0,0.7606793529947762,0.09381551532078014,1,0.15398073281786856,,
PHYSPROP,random_forest,source_holdout_physprop_r3_rdkit_descriptors_ridge,source_holdout_physprop_r3,PHYSPROP,ridge,linear,rdkit_descriptors,1.4677272281171754,0,0.8994753889518271,0.23261155127783106,0,0.010015611646788119,,
PHYSPROP,random_forest,source_holdout_physprop_r3_rdkit_descriptors_svr,source_holdout_physprop_r3,PHYSPROP,svr,kernel,rdkit_descriptors,1.2616009679926086,1,0.666863837673996,0.0,1,0.4542051507705983,,
PHYSPROP,random_forest,source_holdout_physprop_r3_rdkit_descriptors_xgboost,source_holdout_physprop_r3,PHYSPROP,xgboost,tree_ensemble,rdkit_descriptors,1.2374405997259061,1,0.6778402711938357,0.010976433519839679,1,0.709976115319523,,
PHYSPROP,random_forest,source_holdout_physprop_r4_maccs_fingerprints_elastic_net,source_holdout_physprop_r4,PHYSPROP,elastic_net,linear,maccs_fingerprints,1.6623466064520886,0,1.297023657667516,0.6301553218998525,0,0.0,,
PHYSPROP,random_forest,source_holdout_physprop_r4_maccs_fingerprints_extra_trees,source_holdout_physprop_r4,PHYSPROP,extra_trees,tree_ensemble,maccs_fingerprints,1.466354712777462,0,1.0922197628775572,0.4253514271098936,0,0.008171310062486533,,
PHYSPROP,random_forest,source_holdout_physprop_r4_maccs_fingerprints_knn,source_holdout_physprop_r4,PHYSPROP,knn,local_similarity,maccs_fingerprints,1.584988233756674,0,1.4555190651943233,0.7886507294266597,0,0.0007076923076923077,,
PHYSPROP,random_forest,source_holdout_physprop_r4_maccs_fingerprints_mlp,source_holdout_physprop_r4,PHYSPROP,mlp,neural_network,maccs_fingerprints,1.4787855415275764,0,1.0877614848187824,0.42089314905111885,0,0.0015818181818181816,,
PHYSPROP,random_forest,source_holdout_physprop_r4_maccs_fingerprints_random_forest,source_holdout_physprop_r4,PHYSPROP,random_forest,tree_ensemble,maccs_fingerprints,1.4538281888701747,0,1.1114238643691334,0.44455552860146985,0,0.009479685127729379,,
PHYSPROP,random_forest,source_holdout_physprop_r4_maccs_fingerprints_ridge,source_holdout_physprop_r4,PHYSPROP,ridge,linear,maccs_fingerprints,1.6626179436073716,0,1.2955516110066203,0.6286832752389567,0,0.0,,
PHYSPROP,random_forest,source_holdout_physprop_r4_maccs_fingerprints_svr,source_holdout_physprop_r4,PHYSPROP,svr,kernel,maccs_fingerprints,1.3908139377014686,0,1.0006442985665478,0.3337759627988842,0,0.027848988112774704,,
PHYSPROP,random_forest,source_holdout_physprop_r4_maccs_fingerprints_xgboost,source_holdout_physprop_r4,PHYSPROP,xgboost,tree_ensemble,maccs_fingerprints,1.4161077479535475,0,1.0524681198568167,0.3855997840891531,0,0.049851238582464166,,
PHYSPROP,random_forest,source_holdout_physprop_r4_molecular_graph_chemprop,source_holdout_physprop_r4,PHYSPROP,chemprop,graph_neural_network,molecular_graph,1.2085103369458858,1,0.7039119095090444,0.037043573741380786,1,0.27851831753482414,,
PHYSPROP,random_forest,source_holdout_physprop_r4_morgan_fingerprints_elastic_net,source_holdout_physprop_r4,PHYSPROP,elastic_net,linear,morgan_fingerprints,1.75396051751996,0,1.366570653059746,0.6997023172920823,0,0.00016666666666666666,,
PHYSPROP,random_forest,source_holdout_physprop_r4_morgan_fingerprints_extra_trees,source_holdout_physprop_r4,PHYSPROP,extra_trees,tree_ensemble,morgan_fingerprints,1.5060530188451133,0,1.244144007309154,0.5772756715414905,0,0.006830375996552467,,
PHYSPROP,random_forest,source_holdout_physprop_r4_morgan_fingerprints_knn,source_holdout_physprop_r4,PHYSPROP,knn,local_similarity,morgan_fingerprints,1.6606884557922315,0,1.374461080529628,0.7075927447619644,0,0.00076007326007326,,
PHYSPROP,random_forest,source_holdout_physprop_r4_morgan_fingerprints_mlp,source_holdout_physprop_r4,PHYSPROP,mlp,neural_network,morgan_fingerprints,1.5859101098475068,0,1.2095782628817615,0.5427099271140979,0,0.00016666666666666666,,
PHYSPROP,random_forest,source_holdout_physprop_r4_morgan_fingerprints_random_forest,source_holdout_physprop_r4,PHYSPROP,random_forest,tree_ensemble,morgan_fingerprints,1.5226328580617425,0,1.2574095692284266,0.590541233460763,0,0.0031150008544531867,,
PHYSPROP,random_forest,source_holdout_physprop_r4_morgan_fingerprints_ridge,source_holdout_physprop_r4,PHYSPROP,ridge,linear,morgan_fingerprints,1.675591903363017,0,1.349181016033552,0.6823126802658884,0,0.00016666666666666666,,
PHYSPROP,random_forest,source_holdout_physprop_r4_morgan_fingerprints_svr,source_holdout_physprop_r4,PHYSPROP,svr,kernel,morgan_fingerprints,1.4321122983214858,0,1.0513716571367204,0.38450332136905685,0,0.017584918082450822,,
PHYSPROP,random_forest,source_holdout_physprop_r4_morgan_fingerprints_xgboost,source_holdout_physprop_r4,PHYSPROP,xgboost,tree_ensemble,morgan_fingerprints,1.5669385781408023,0,1.24251083448424,0.5756424987165764,0,0.018861419969779098,,
PHYSPROP,random_forest,source_holdout_physprop_r4_rdkit_descriptors_elastic_net,source_holdout_physprop_r4,PHYSPROP,elastic_net,linear,rdkit_descriptors,1.5088867227935638,0,0.9066807885842588,0.23981245281659525,0,0.008783250714427185,,
PHYSPROP,random_forest,source_holdout_physprop_r4_rdkit_descriptors_esol,source_holdout_physprop_r4,PHYSPROP,esol,chemistry_equation,rdkit_descriptors,3.6043587174815896,0,2.69640104095975,2.0295327051920866,0,0.005918715141068082,,
PHYSPROP,random_forest,source_holdout_physprop_r4_rdkit_descriptors_extra_trees,source_holdout_physprop_r4,PHYSPROP,extra_trees,tree_ensemble,rdkit_descriptors,1.2584499338842092,0,0.7517359693649873,0.08486763359732374,1,0.11557360438043057,,
PHYSPROP,random_forest,source_holdout_physprop_r4_rdkit_descriptors_hist_gradient_boosting,source_holdout_physprop_r4,PHYSPROP,hist_gradient_boosting,tree_ensemble,rdkit_descriptors,1.259603401664318,0,0.7071644581883346,0.04029612242067104,1,0.5240735078996835,,
PHYSPROP,random_forest,source_holdout_physprop_r4_rdkit_descriptors_knn,source_holdout_physprop_r4,PHYSPROP,knn,local_similarity,rdkit_descriptors,1.380408950186441,0,0.9546195675486536,0.28775123178099005,0,0.017293223793032744,,
PHYSPROP,random_forest,source_holdout_physprop_r4_rdkit_descriptors_mlp,source_holdout_physprop_r4,PHYSPROP,mlp,neural_network,rdkit_descriptors,1.278794664539311,0,0.749692018284432,0.08282368251676842,1,0.037508746118967554,,
PHYSPROP,random_forest,source_holdout_physprop_r4_rdkit_descriptors_ngboost,source_holdout_physprop_r4,PHYSPROP,ngboost,probabilistic_boosting,rdkit_descriptors,1.307347781776048,0,0.7535373124468593,0.08666897667919571,1,0.15406647902412085,,
PHYSPROP,random_forest,source_holdout_physprop_r4_rdkit_descriptors_random_forest,source_holdout_physprop_r4,PHYSPROP,random_forest,tree_ensemble,rdkit_descriptors,1.2516779584288502,0,0.7621907386655745,0.09532240289791094,1,0.23928488720665123,,
PHYSPROP,random_forest,source_holdout_physprop_r4_rdkit_descriptors_ridge,source_holdout_physprop_r4,PHYSPROP,ridge,linear,rdkit_descriptors,1.5078575954471392,0,0.8644240480931524,0.19755571232548885,0,0.00870917664035311,,
PHYSPROP,random_forest,source_holdout_physprop_r4_rdkit_descriptors_svr,source_holdout_physprop_r4,PHYSPROP,svr,kernel,rdkit_descriptors,1.2378919932813406,1,0.6668683357676636,0.0,1,0.579966163963035,,
PHYSPROP,random_forest,source_holdout_physprop_r4_rdkit_descriptors_xgboost,source_holdout_physprop_r4,PHYSPROP,xgboost,tree_ensemble,rdkit_descriptors,1.2225348183461098,1,0.6870131704083579,0.020144834640694276,1,0.7122786092472759,,
PHYSPROP,random_forest,source_holdout_physprop_r5_maccs_fingerprints_elastic_net,source_holdout_physprop_r5,PHYSPROP,elastic_net,linear,maccs_fingerprints,1.6288823552310985,0,1.2970236576675156,0.6329109737564506,0,0.0,,
PHYSPROP,random_forest,source_holdout_physprop_r5_maccs_fingerprints_extra_trees,source_holdout_physprop_r5,PHYSPROP,extra_trees,tree_ensemble,maccs_fingerprints,1.3996619943078288,0,1.1495659892250434,0.48545330531397834,0,0.01081937119682721,,
PHYSPROP,random_forest,source_holdout_physprop_r5_maccs_fingerprints_knn,source_holdout_physprop_r5,PHYSPROP,knn,local_similarity,maccs_fingerprints,1.505157950176223,0,1.4698777549146809,0.8057650710036158,0,0.001222843822843823,,
PHYSPROP,random_forest,source_holdout_physprop_r5_maccs_fingerprints_mlp,source_holdout_physprop_r5,PHYSPROP,mlp,neural_network,maccs_fingerprints,1.4041214094096348,0,1.064295222921151,0.40018253901008605,0,0.0034497916497916495,,
PHYSPROP,random_forest,source_holdout_physprop_r5_maccs_fingerprints_random_forest,source_holdout_physprop_r5,PHYSPROP,random_forest,tree_ensemble,maccs_fingerprints,1.390116656508672,0,1.1144208402175144,0.4503081563064494,0,0.013361432138888152,,
PHYSPROP,random_forest,source_holdout_physprop_r5_maccs_fingerprints_ridge,source_holdout_physprop_r5,PHYSPROP,ridge,linear,maccs_fingerprints,1.626983831334793,0,1.2952347762374732,0.6311220923264081,0,0.0,,
PHYSPROP,random_forest,source_holdout_physprop_r5_maccs_fingerprints_svr,source_holdout_physprop_r5,PHYSPROP,svr,kernel,maccs_fingerprints,1.3152271396954265,0,0.9968337644496608,0.3327210805385957,0,0.05118474647902844,,
PHYSPROP,random_forest,source_holdout_physprop_r5_maccs_fingerprints_xgboost,source_holdout_physprop_r5,PHYSPROP,xgboost,tree_ensemble,maccs_fingerprints,1.363033011779303,0,1.0580609368528873,0.39394825294182223,0,0.06754039909515408,,
PHYSPROP,random_forest,source_holdout_physprop_r5_molecular_graph_chemprop,source_holdout_physprop_r5,PHYSPROP,chemprop,graph_neural_network,molecular_graph,1.168852469720152,0,0.6984159446886635,0.03430326077759849,1,0.30518076327546995,,
PHYSPROP,random_forest,source_holdout_physprop_r5_morgan_fingerprints_elastic_net,source_holdout_physprop_r5,PHYSPROP,elastic_net,linear,morgan_fingerprints,1.6611456034203844,0,1.366570653059746,0.7024579691486809,0,0.00016666666666666666,,
PHYSPROP,random_forest,source_holdout_physprop_r5_morgan_fingerprints_extra_trees,source_holdout_physprop_r5,PHYSPROP,extra_trees,tree_ensemble,morgan_fingerprints,1.4154221240323033,0,1.2552331657248226,0.5911204818137575,0,0.012731041772218244,,
PHYSPROP,random_forest,source_holdout_physprop_r5_morgan_fingerprints_knn,source_holdout_physprop_r5,PHYSPROP,knn,local_similarity,morgan_fingerprints,1.500620427071051,0,1.3728581734276046,0.7087454895165396,0,0.002905383505383505,,
PHYSPROP,random_forest,source_holdout_physprop_r5_morgan_fingerprints_mlp,source_holdout_physprop_r5,PHYSPROP,mlp,neural_network,morgan_fingerprints,1.442998378117186,0,1.2638957956250552,0.5997831117139901,0,0.0021073008073008073,,
PHYSPROP,random_forest,source_holdout_physprop_r5_morgan_fingerprints_random_forest,source_holdout_physprop_r5,PHYSPROP,random_forest,tree_ensemble,morgan_fingerprints,1.4521329050647556,0,1.2616497233210269,0.5975370394099618,0,0.006688495654672125,,
PHYSPROP,random_forest,source_holdout_physprop_r5_morgan_fingerprints_ridge,source_holdout_physprop_r5,PHYSPROP,ridge,linear,morgan_fingerprints,1.5689229102859894,0,1.3491908289677381,0.6850781450566731,0,0.00016666666666666666,,
PHYSPROP,random_forest,source_holdout_physprop_r5_morgan_fingerprints_svr,source_holdout_physprop_r5,PHYSPROP,svr,kernel,morgan_fingerprints,1.3517951445463678,0,1.051371657728555,0.38725897381748997,0,0.030559454167281026,,
PHYSPROP,random_forest,source_holdout_physprop_r5_morgan_fingerprints_xgboost,source_holdout_physprop_r5,PHYSPROP,xgboost,tree_ensemble,morgan_fingerprints,1.464874824046756,0,1.2343890412655159,0.5702763573544508,0,0.030733735562682912,,
PHYSPROP,random_forest,source_holdout_physprop_r5_rdkit_descriptors_elastic_net,source_holdout_physprop_r5,PHYSPROP,elastic_net,linear,rdkit_descriptors,1.4224857419353474,0,0.9066807885842594,0.24256810467319434,0,0.010636938468114941,,
PHYSPROP,random_forest,source_holdout_physprop_r5_rdkit_descriptors_esol,source_holdout_physprop_r5,PHYSPROP,esol,chemistry_equation,rdkit_descriptors,3.6836587179507085,0,2.69640104095975,2.032288357048685,0,0.005918715141068082,,
PHYSPROP,random_forest,source_holdout_physprop_r5_rdkit_descriptors_extra_trees,source_holdout_physprop_r5,PHYSPROP,extra_trees,tree_ensemble,rdkit_descriptors,1.2503646837388152,0,0.74858265530627,0.08446997139520496,1,0.13444654989896432,,
PHYSPROP,random_forest,source_holdout_physprop_r5_rdkit_descriptors_hist_gradient_boosting,source_holdout_physprop_r5,PHYSPROP,hist_gradient_boosting,tree_ensemble,rdkit_descriptors,1.1743714802402978,1,0.683744251735613,0.019631567824548002,1,0.5645542857533572,,
PHYSPROP,random_forest,source_holdout_physprop_r5_rdkit_descriptors_knn,source_holdout_physprop_r5,PHYSPROP,knn,local_similarity,rdkit_descriptors,1.3381501593236749,0,0.9543562291651161,0.29024354525405105,0,0.029044179699870998,,
PHYSPROP,random_forest,source_holdout_physprop_r5_rdkit_descriptors_mlp,source_holdout_physprop_r5,PHYSPROP,mlp,neural_network,rdkit_descriptors,1.2262962044257955,0,0.7833067006785647,0.11919401676749963,0,0.1783140868961815,,
PHYSPROP,random_forest,source_holdout_physprop_r5_rdkit_descriptors_ngboost,source_holdout_physprop_r5,PHYSPROP,ngboost,probabilistic_boosting,rdkit_descriptors,1.2255583620870347,0,0.7563132909223999,0.09220060701133481,1,0.33617938764453187,,
PHYSPROP,random_forest,source_holdout_physprop_r5_rdkit_descriptors_random_forest,source_holdout_physprop_r5,PHYSPROP,random_forest,tree_ensemble,rdkit_descriptors,1.223710710731287,0,0.7473183685942838,0.08320568468321876,1,0.32144167316889166,,
PHYSPROP,random_forest,source_holdout_physprop_r5_rdkit_descriptors_ridge,source_holdout_physprop_r5,PHYSPROP,ridge,linear,rdkit_descriptors,1.4202189856499494,0,0.8738323373813852,0.20971965347032018,0,0.012539054870231343,,
PHYSPROP,random_forest,source_holdout_physprop_r5_rdkit_descriptors_svr,source_holdout_physprop_r5,PHYSPROP,svr,kernel,rdkit_descriptors,1.1795551893575016,1,0.664112683911065,0.0,1,0.6597571293632111,,
PHYSPROP,random_forest,source_holdout_physprop_r5_rdkit_descriptors_xgboost,source_holdout_physprop_r5,PHYSPROP,xgboost,tree_ensemble,rdkit_descriptors,1.1502673928488385,1,0.6887589181172007,0.024646234206135653,1,0.8426256320465706,,
PHYSPROP,hist_gradient_boosting,source_holdout_physprop_r1_maccs_fingerprints_elastic_net,source_holdout_physprop_r1,PHYSPROP,elastic_net,linear,maccs_fingerprints,1.646914564611702,0,1.297023657667516,0.6329072503426915,0,0.0001661272721485008,,
PHYSPROP,hist_gradient_boosting,source_holdout_physprop_r1_maccs_fingerprints_extra_trees,source_holdout_physprop_r1,PHYSPROP,extra_trees,tree_ensemble,maccs_fingerprints,1.3829419639554577,0,1.0906694041114136,0.426552996786589,0,0.0006588465888106282,,
PHYSPROP,hist_gradient_boosting,source_holdout_physprop_r1_maccs_fingerprints_knn,source_holdout_physprop_r1,PHYSPROP,knn,local_similarity,maccs_fingerprints,1.4956097786010731,0,1.440057060690064,0.7759406533652394,0,0.00037526401428398983,,
PHYSPROP,hist_gradient_boosting,source_holdout_physprop_r1_maccs_fingerprints_mlp,source_holdout_physprop_r1,PHYSPROP,mlp,neural_network,maccs_fingerprints,1.3810366705009633,0,1.0877319897856192,0.42361558246079467,0,0.00018226949661095777,,
PHYSPROP,hist_gradient_boosting,source_holdout_physprop_r1_maccs_fingerprints_random_forest,source_holdout_physprop_r1,PHYSPROP,random_forest,tree_ensemble,maccs_fingerprints,1.381288225831906,0,1.1098327650602502,0.4457163577354256,0,0.0014042395802980315,,
PHYSPROP,hist_gradient_boosting,source_holdout_physprop_r1_maccs_fingerprints_ridge,source_holdout_physprop_r1,PHYSPROP,ridge,linear,maccs_fingerprints,1.643584518819868,0,1.2999056193946876,0.635789212069863,0,0.0001661272721485008,,
PHYSPROP,hist_gradient_boosting,source_holdout_physprop_r1_maccs_fingerprints_svr,source_holdout_physprop_r1,PHYSPROP,svr,kernel,maccs_fingerprints,1.2984487952423234,0,0.9968393775292365,0.3327229702044119,0,0.0005245152373657008,,
PHYSPROP,hist_gradient_boosting,source_holdout_physprop_r1_maccs_fingerprints_xgboost,source_holdout_physprop_r1,PHYSPROP,xgboost,tree_ensemble,maccs_fingerprints,1.3275261140406516,0,1.0546591828714265,0.3905427755466019,0,0.0013804368255893036,,
PHYSPROP,hist_gradient_boosting,source_holdout_physprop_r1_molecular_graph_chemprop,source_holdout_physprop_r1,PHYSPROP,chemprop,graph_neural_network,molecular_graph,1.1501394451446298,0,0.7331713368147147,0.06905492948989012,1,0.02190712362601078,,
PHYSPROP,hist_gradient_boosting,source_holdout_physprop_r1_morgan_fingerprints_elastic_net,source_holdout_physprop_r1,PHYSPROP,elastic_net,linear,morgan_fingerprints,1.6950280682988088,0,1.366570653059746,0.7024542457349213,0,0.00016848943957769466,,
PHYSPROP,hist_gradient_boosting,source_holdout_physprop_r1_morgan_fingerprints_extra_trees,source_holdout_physprop_r1,PHYSPROP,extra_trees,tree_ensemble,morgan_fingerprints,1.4717322022601411,0,1.2402603588476635,0.5761439515228389,0,0.00022366332109503977,,
PHYSPROP,hist_gradient_boosting,source_holdout_physprop_r1_morgan_fingerprints_knn,source_holdout_physprop_r1,PHYSPROP,knn,local_similarity,morgan_fingerprints,1.5806550812428284,0,1.4236007030449662,0.7594842957201416,0,0.0001916994167294342,,
PHYSPROP,hist_gradient_boosting,source_holdout_physprop_r1_morgan_fingerprints_mlp,source_holdout_physprop_r1,PHYSPROP,mlp,neural_network,morgan_fingerprints,1.5194922861616682,0,1.2089146148631205,0.5447982075382959,0,0.00018852346012333335,,
PHYSPROP,hist_gradient_boosting,source_holdout_physprop_r1_morgan_fingerprints_random_forest,source_holdout_physprop_r1,PHYSPROP,random_forest,tree_ensemble,morgan_fingerprints,1.4892200278774683,0,1.2586379174192408,0.5945215100944162,0,0.0006072835543918998,,
PHYSPROP,hist_gradient_boosting,source_holdout_physprop_r1_morgan_fingerprints_ridge,source_holdout_physprop_r1,PHYSPROP,ridge,linear,morgan_fingerprints,1.6225434759023971,0,1.3491887062636772,0.6850722989388526,0,0.00016848943957769466,,
PHYSPROP,hist_gradient_boosting,source_holdout_physprop_r1_morgan_fingerprints_svr,source_holdout_physprop_r1,PHYSPROP,svr,kernel,morgan_fingerprints,1.380764797561292,0,1.051371657956546,0.3872552506317214,0,0.0007306097269367155,,
PHYSPROP,hist_gradient_boosting,source_holdout_physprop_r1_morgan_fingerprints_xgboost,source_holdout_physprop_r1,PHYSPROP,xgboost,tree_ensemble,morgan_fingerprints,1.51494958465665,0,1.2369562418790307,0.5728398345542062,0,0.0025007339760351297,,
PHYSPROP,hist_gradient_boosting,source_holdout_physprop_r1_rdkit_descriptors_elastic_net,source_holdout_physprop_r1,PHYSPROP,elastic_net,linear,rdkit_descriptors,1.3798437079193837,0,0.9066807885842592,0.24256438125943458,0,0.00047603786858664164,,
PHYSPROP,hist_gradient_boosting,source_holdout_physprop_r1_rdkit_descriptors_esol,source_holdout_physprop_r1,PHYSPROP,esol,chemistry_equation,rdkit_descriptors,3.3929082118861356,0,2.69640104095975,2.0322846336349256,0,0.0003741398402972747,,
PHYSPROP,hist_gradient_boosting,source_holdout_physprop_r1_rdkit_descriptors_extra_trees,source_holdout_physprop_r1,PHYSPROP,extra_trees,tree_ensemble,rdkit_descriptors,1.1895921843443247,0,0.7566811288556669,0.09256472153084228,1,0.0840450382204378,,
PHYSPROP,hist_gradient_boosting,source_holdout_physprop_r1_rdkit_descriptors_hist_gradient_boosting,source_holdout_physprop_r1,PHYSPROP,hist_gradient_boosting,tree_ensemble,rdkit_descriptors,1.1407913832656436,1,0.7020401050365377,0.03792369771171311,1,0.5731099807908178,,
PHYSPROP,hist_gradient_boosting,source_holdout_physprop_r1_rdkit_descriptors_knn,source_holdout_physprop_r1,PHYSPROP,knn,local_similarity,rdkit_descriptors,1.3127028234067395,0,0.9544239551067882,0.29030754778196366,0,0.0029781194081353927,,
PHYSPROP,hist_gradient_boosting,source_holdout_physprop_r1_rdkit_descriptors_mlp,source_holdout_physprop_r1,PHYSPROP,mlp,neural_network,rdkit_descriptors,1.2096857288315706,0,0.816400003308259,0.15228359598343444,0,0.035778139907134535,,
PHYSPROP,hist_gradient_boosting,source_holdout_physprop_r1_rdkit_descriptors_ngboost,source_holdout_physprop_r1,PHYSPROP,ngboost,probabilistic_boosting,rdkit_descriptors,1.1922637747784057,0,0.7525956931369886,0.08847928581216402,1,0.22400912794021888,,
PHYSPROP,hist_gradient_boosting,source_holdout_physprop_r1_rdkit_descriptors_random_forest,source_holdout_physprop_r1,PHYSPROP,random_forest,tree_ensemble,rdkit_descriptors,1.1928425429037082,0,0.7577310540566935,0.09361464673186892,1,0.18966438875092015,,
PHYSPROP,hist_gradient_boosting,source_holdout_physprop_r1_rdkit_descriptors_ridge,source_holdout_physprop_r1,PHYSPROP,ridge,linear,rdkit_descriptors,1.3763099642174108,0,0.8993776004648572,0.23526119314003258,0,0.00047603786858664164,,
PHYSPROP,hist_gradient_boosting,source_holdout_physprop_r1_rdkit_descriptors_svr,source_holdout_physprop_r1,PHYSPROP,svr,kernel,rdkit_descriptors,1.1405271537701378,1,0.6641164073248246,0.0,1,0.9129029943069584,,
PHYSPROP,hist_gradient_boosting,source_holdout_physprop_r1_rdkit_descriptors_xgboost,source_holdout_physprop_r1,PHYSPROP,xgboost,tree_ensemble,rdkit_descriptors,1.128075229685735,1,0.682010701779624,0.017894294454799398,1,0.9686665898669523,,
PHYSPROP,hist_gradient_boosting,source_holdout_physprop_r2_maccs_fingerprints_elastic_net,source_holdout_physprop_r2,PHYSPROP,elastic_net,linear,maccs_fingerprints,1.6673190671307065,0,1.297023657667516,0.6329110949208492,0,0.0001661272721485008,,
PHYSPROP,hist_gradient_boosting,source_holdout_physprop_r2_maccs_fingerprints_extra_trees,source_holdout_physprop_r2,PHYSPROP,extra_trees,tree_ensemble,maccs_fingerprints,1.3679437092826987,0,1.153596101380172,0.48948353863350524,0,0.000543189073615884,,
PHYSPROP,hist_gradient_boosting,source_holdout_physprop_r2_maccs_fingerprints_knn,source_holdout_physprop_r2,PHYSPROP,knn,local_similarity,maccs_fingerprints,1.5049532269921566,0,1.4433102340109927,0.7791976712643258,0,0.00033424661696689555,,
PHYSPROP,hist_gradient_boosting,source_holdout_physprop_r2_maccs_fingerprints_mlp,source_holdout_physprop_r2,PHYSPROP,mlp,neural_network,maccs_fingerprints,1.4254595249822866,0,1.0937764323184231,0.4296638695717563,0,0.00011869193923757817,,
PHYSPROP,hist_gradient_boosting,source_holdout_physprop_r2_maccs_fingerprints_random_forest,source_holdout_physprop_r2,PHYSPROP,random_forest,tree_ensemble,maccs_fingerprints,1.360831371945711,0,1.13228908651708,0.4681765237704132,0,0.001006510081672031,,
PHYSPROP,hist_gradient_boosting,source_holdout_physprop_r2_maccs_fingerprints_ridge,source_holdout_physprop_r2,PHYSPROP,ridge,linear,maccs_fingerprints,1.6663174922143675,0,1.2947983332163586,0.6306857704696918,0,0.0001661272721485008,,
PHYSPROP,hist_gradient_boosting,source_holdout_physprop_r2_maccs_fingerprints_svr,source_holdout_physprop_r2,PHYSPROP,svr,kernel,maccs_fingerprints,1.3105847550736793,0,1.0006625478383537,0.3365499850916869,0,0.0004561743354338071,,
PHYSPROP,hist_gradient_boosting,source_holdout_physprop_r2_maccs_fingerprints_xgboost,source_holdout_physprop_r2,PHYSPROP,xgboost,tree_ensemble,maccs_fingerprints,1.3584117130878883,0,1.0544201375212268,0.3903075747745599,0,0.0005121670039055884,,
PHYSPROP,hist_gradient_boosting,source_holdout_physprop_r2_molecular_graph_chemprop,source_holdout_physprop_r2,PHYSPROP,chemprop,graph_neural_network,molecular_graph,1.1977410206223027,1,0.6949065374660885,0.03079397471942169,1,0.01732670243390942,,
PHYSPROP,hist_gradient_boosting,source_holdout_physprop_r2_morgan_fingerprints_elastic_net,source_holdout_physprop_r2,PHYSPROP,elastic_net,linear,morgan_fingerprints,1.716026392113902,0,1.3665706530597457,0.7024580903130788,0,0.00016848943957769466,,
PHYSPROP,hist_gradient_boosting,source_holdout_physprop_r2_morgan_fingerprints_extra_trees,source_holdout_physprop_r2,PHYSPROP,extra_trees,tree_ensemble,morgan_fingerprints,1.3918959943449873,0,1.236778767734442,0.5726662049877751,0,0.00034747484701760543,,
PHYSPROP,hist_gradient_boosting,source_holdout_physprop_r2_morgan_fingerprints_knn,source_holdout_physprop_r2,PHYSPROP,knn,local_similarity,morgan_fingerprints,1.5270168558412618,0,1.4266538634900925,0.7625413007434256,0,0.00019736759774744832,,
PHYSPROP,hist_gradient_boosting,source_holdout_physprop_r2_morgan_fingerprints_mlp,source_holdout_physprop_r2,PHYSPROP,mlp,neural_network,morgan_fingerprints,1.4871309073651893,0,1.2237226880566574,0.5596101253099905,0,0.00021850691009447982,,
PHYSPROP,hist_gradient_boosting,source_holdout_physprop_r2_morgan_fingerprints_random_forest,source_holdout_physprop_r2,PHYSPROP,random_forest,tree_ensemble,morgan_fingerprints,1.445396102326319,0,1.2454689978483517,0.5813564351016849,0,0.0003464140126391303,,
PHYSPROP,hist_gradient_boosting,source_holdout_physprop_r2_morgan_fingerprints_ridge,source_holdout_physprop_r2,PHYSPROP,ridge,linear,morgan_fingerprints,1.6395626792398112,0,1.3491510174560715,0.6850384547094046,0,0.00016848943957769466,,
PHYSPROP,hist_gradient_boosting,source_holdout_physprop_r2_morgan_fingerprints_svr,source_holdout_physprop_r2,PHYSPROP,svr,kernel,morgan_fingerprints,1.3900598069807757,0,1.0513716573646585,0.3872590946179917,0,0.0006282744942546262,,
PHYSPROP,hist_gradient_boosting,source_holdout_physprop_r2_morgan_fingerprints_xgboost,source_holdout_physprop_r2,PHYSPROP,xgboost,tree_ensemble,morgan_fingerprints,1.4932972716087067,0,1.229669569654105,0.565557006907438,0,0.0025007339760351297,,
PHYSPROP,hist_gradient_boosting,source_holdout_physprop_r2_rdkit_descriptors_elastic_net,source_holdout_physprop_r2,PHYSPROP,elastic_net,linear,rdkit_descriptors,1.4996315486157985,0,0.9066807885842595,0.24256822583759263,0,0.0003455059909090754,,
PHYSPROP,hist_gradient_boosting,source_holdout_physprop_r2_rdkit_descriptors_esol,source_holdout_physprop_r2,PHYSPROP,esol,chemistry_equation,rdkit_descriptors,3.4356344237372993,0,2.69640104095975,2.0322884782130832,0,0.0003741398402972747,,
PHYSPROP,hist_gradient_boosting,source_holdout_physprop_r2_rdkit_descriptors_extra_trees,source_holdout_physprop_r2,PHYSPROP,extra_trees,tree_ensemble,rdkit_descriptors,1.2456008477979403,0,0.7810951349861742,0.11698257223950737,0,0.3312494956146413,,
PHYSPROP,hist_gradient_boosting,source_holdout_physprop_r2_rdkit_descriptors_hist_gradient_boosting,source_holdout_physprop_r2,PHYSPROP,hist_gradient_boosting,tree_ensemble,rdkit_descriptors,1.1789143266383908,0,0.7015879876717831,0.03747542492511624,1,0.3441282907839665,,
PHYSPROP,hist_gradient_boosting,source_holdout_physprop_r2_rdkit_descriptors_knn,source_holdout_physprop_r2,PHYSPROP,knn,local_similarity,rdkit_descriptors,1.3495158358796773,0,1.0022263000946008,0.33811373734793393,0,0.005903090401193871,,
PHYSPROP,hist_gradient_boosting,source_holdout_physprop_r2_rdkit_descriptors_mlp,source_holdout_physprop_r2,PHYSPROP,mlp,neural_network,rdkit_descriptors,1.246576890872493,0,0.771976433077086,0.10786387033041911,0,0.005344061186218792,,
PHYSPROP,hist_gradient_boosting,source_holdout_physprop_r2_rdkit_descriptors_ngboost,source_holdout_physprop_r2,PHYSPROP,ngboost,probabilistic_boosting,rdkit_descriptors,1.2672102969946817,0,0.7618344134799567,0.09772185073328987,1,0.014741318196089868,,
PHYSPROP,hist_gradient_boosting,source_holdout_physprop_r2_rdkit_descriptors_random_forest,source_holdout_physprop_r2,PHYSPROP,random_forest,tree_ensemble,rdkit_descriptors,1.2589934112492427,0,0.7594674979628196,0.09535493521615279,1,0.03627845900238586,,
PHYSPROP,hist_gradient_boosting,source_holdout_physprop_r2_rdkit_descriptors_ridge,source_holdout_physprop_r2,PHYSPROP,ridge,linear,rdkit_descriptors,1.499404333053579,0,0.8650477709910508,0.20093520824438393,0,0.0003455059909090754,,
PHYSPROP,hist_gradient_boosting,source_holdout_physprop_r2_rdkit_descriptors_svr,source_holdout_physprop_r2,PHYSPROP,svr,kernel,rdkit_descriptors,1.1821149289252546,1,0.6641125627466669,0.0,1,0.8818018887086007,,
PHYSPROP,hist_gradient_boosting,source_holdout_physprop_r2_rdkit_descriptors_xgboost,source_holdout_physprop_r2,PHYSPROP,xgboost,tree_ensemble,rdkit_descriptors,1.1667255489026076,1,0.6852985822330309,0.021186019486364005,1,0.9819940511343782,,
PHYSPROP,hist_gradient_boosting,source_holdout_physprop_r3_maccs_fingerprints_elastic_net,source_holdout_physprop_r3,PHYSPROP,elastic_net,linear,maccs_fingerprints,1.6678751330370736,0,1.2970236576675154,0.6301598199935193,0,0.0001661272721485008,,
PHYSPROP,hist_gradient_boosting,source_holdout_physprop_r3_maccs_fingerprints_extra_trees,source_holdout_physprop_r3,PHYSPROP,extra_trees,tree_ensemble,maccs_fingerprints,1.4440894858413273,0,1.091954478835592,0.4250906411615959,0,0.000238991631493208,,
PHYSPROP,hist_gradient_boosting,source_holdout_physprop_r3_maccs_fingerprints_knn,source_holdout_physprop_r3,PHYSPROP,knn,local_similarity,maccs_fingerprints,1.5880601340998721,0,1.448530740302734,0.7816669026287381,0,0.0001800807783138534,,
PHYSPROP,hist_gradient_boosting,source_holdout_physprop_r3_maccs_fingerprints_mlp,source_holdout_physprop_r3,PHYSPROP,mlp,neural_network,maccs_fingerprints,1.4869695256718933,0,1.09298487370559,0.426121036031594,0,0.0001998236794902148,,
PHYSPROP,hist_gradient_boosting,source_holdout_physprop_r3_maccs_fingerprints_random_forest,source_holdout_physprop_r3,PHYSPROP,random_forest,tree_ensemble,maccs_fingerprints,1.4609950328488495,0,1.1218975998168612,0.4550337621428652,0,0.002529433978987431,,
PHYSPROP,hist_gradient_boosting,source_holdout_physprop_r3_maccs_fingerprints_ridge,source_holdout_physprop_r3,PHYSPROP,ridge,linear,maccs_fingerprints,1.6666681773248884,0,1.29983345676525,0.632969619091254,0,0.0001661272721485008,,
PHYSPROP,hist_gradient_boosting,source_holdout_physprop_r3_maccs_fingerprints_svr,source_holdout_physprop_r3,PHYSPROP,svr,kernel,maccs_fingerprints,1.400652439131853,0,0.9968371682295966,0.3299733305556005,0,0.0003635466752632236,,
PHYSPROP,hist_gradient_boosting,source_holdout_physprop_r3_maccs_fingerprints_xgboost,source_holdout_physprop_r3,PHYSPROP,xgboost,tree_ensemble,maccs_fingerprints,1.4306749115665574,0,1.05237827541636,0.38551443774236394,0,0.0005294178617939054,,
PHYSPROP,hist_gradient_boosting,source_holdout_physprop_r3_molecular_graph_chemprop,source_holdout_physprop_r3,PHYSPROP,chemprop,graph_neural_network,molecular_graph,1.2499248632325686,0,0.7317344865918535,0.06487064891785743,1,0.003231276646335369,,
PHYSPROP,hist_gradient_boosting,source_holdout_physprop_r3_morgan_fingerprints_elastic_net,source_holdout_physprop_r3,PHYSPROP,elastic_net,linear,morgan_fingerprints,1.7297096007616601,0,1.3665706530597461,0.6997068153857501,0,0.00016848943957769466,,
PHYSPROP,hist_gradient_boosting,source_holdout_physprop_r3_morgan_fingerprints_extra_trees,source_holdout_physprop_r3,PHYSPROP,extra_trees,tree_ensemble,morgan_fingerprints,1.4743576064262542,0,1.2310222474888444,0.5641584098148483,0,0.0005666384755610618,,
PHYSPROP,hist_gradient_boosting,source_holdout_physprop_r3_morgan_fingerprints_knn,source_holdout_physprop_r3,PHYSPROP,knn,local_similarity,morgan_fingerprints,1.5704159685674517,0,1.375685395548044,0.7088215578740479,0,0.0001916994167294342,,
PHYSPROP,hist_gradient_boosting,source_holdout_physprop_r3_morgan_fingerprints_mlp,source_holdout_physprop_r3,PHYSPROP,mlp,neural_network,morgan_fingerprints,1.5444125843793566,0,1.2682647569249337,0.6014009192509376,0,0.00018310922652356023,,
PHYSPROP,hist_gradient_boosting,source_holdout_physprop_r3_morgan_fingerprints_random_forest,source_holdout_physprop_r3,PHYSPROP,random_forest,tree_ensemble,morgan_fingerprints,1.4891276765056063,0,1.2799695022813955,0.6131056646073995,0,0.0006072835543918998,,
PHYSPROP,hist_gradient_boosting,source_holdout_physprop_r3_morgan_fingerprints_ridge,source_holdout_physprop_r3,PHYSPROP,ridge,linear,morgan_fingerprints,1.634356618240092,0,1.349181675257875,0.6823178375838789,0,0.00016848943957769466,,
PHYSPROP,hist_gradient_boosting,source_holdout_physprop_r3_morgan_fingerprints_svr,source_holdout_physprop_r3,PHYSPROP,svr,kernel,morgan_fingerprints,1.4136510610442818,0,1.0513716579565615,0.38450782028256547,0,0.0005197852806469961,,
PHYSPROP,hist_gradient_boosting,source_holdout_physprop_r3_morgan_fingerprints_xgboost,source_holdout_physprop_r3,PHYSPROP,xgboost,tree_ensemble,morgan_fingerprints,1.5077421165427074,0,1.2423652784563761,0.5755014407823801,0,0.0025007339760351297,,
PHYSPROP,hist_gradient_boosting,source_holdout_physprop_r3_rdkit_descriptors_elastic_net,source_holdout_physprop_r3,PHYSPROP,elastic_net,linear,rdkit_descriptors,1.4739732216393164,0,0.9066807885842592,0.23981695091026312,0,0.00018393856847503205,,
PHYSPROP,hist_gradient_boosting,source_holdout_physprop_r3_rdkit_descriptors_esol,source_holdout_physprop_r3,PHYSPROP,esol,chemistry_equation,rdkit_descriptors,3.5605243005087077,0,2.69640104095975,2.029537203285754,0,0.0003741398402972747,,
PHYSPROP,hist_gradient_boosting,source_holdout_physprop_r3_rdkit_descriptors_extra_trees,source_holdout_physprop_r3,PHYSPROP,extra_trees,tree_ensemble,rdkit_descriptors,1.2888731106129085,0,0.7737436014287699,0.10687976375477382,0,0.08327431991282336,,
PHYSPROP,hist_gradient_boosting,source_holdout_physprop_r3_rdkit_descriptors_hist_gradient_boosting,source_holdout_physprop_r3,PHYSPROP,hist_gradient_boosting,tree_ensemble,rdkit_descriptors,1.234310933447168,1,0.705026744736356,0.03816290706235992,1,0.9726883183225921,,
PHYSPROP,hist_gradient_boosting,source_holdout_physprop_r3_rdkit_descriptors_knn,source_holdout_physprop_r3,PHYSPROP,knn,local_similarity,rdkit_descriptors,1.3408439929119005,0,1.0028028785137417,0.3359390408397457,0,0.0014880210243546736,,
PHYSPROP,hist_gradient_boosting,source_holdout_physprop_r3_rdkit_descriptors_mlp,source_holdout_physprop_r3,PHYSPROP,mlp,neural_network,rdkit_descriptors,1.2940900835160472,0,0.8001539976825204,0.13329016000852434,0,0.0019804246912441584,,
PHYSPROP,hist_gradient_boosting,source_holdout_physprop_r3_rdkit_descriptors_ngboost,source_holdout_physprop_r3,PHYSPROP,ngboost,probabilistic_boosting,rdkit_descriptors,1.3380617925739606,0,0.7586130752422988,0.09174923756830278,1,0.06504765625182699,,
PHYSPROP,hist_gradient_boosting,source_holdout_physprop_r3_rdkit_descriptors_random_forest,source_holdout_physprop_r3,PHYSPROP,random_forest,tree_ensemble,rdkit_descriptors,1.2766137342221011,0,0.7606793529947762,0.09381551532078014,1,0.2158937329798226,,
PHYSPROP,hist_gradient_boosting,source_holdout_physprop_r3_rdkit_descriptors_ridge,source_holdout_physprop_r3,PHYSPROP,ridge,linear,rdkit_descriptors,1.4677272281171754,0,0.8994753889518271,0.23261155127783106,0,0.00026424192474680536,,
PHYSPROP,hist_gradient_boosting,source_holdout_physprop_r3_rdkit_descriptors_svr,source_holdout_physprop_r3,PHYSPROP,svr,kernel,rdkit_descriptors,1.2616009679926086,1,0.666863837673996,0.0,1,0.9640295778403681,,
PHYSPROP,hist_gradient_boosting,source_holdout_physprop_r3_rdkit_descriptors_xgboost,source_holdout_physprop_r3,PHYSPROP,xgboost,tree_ensemble,rdkit_descriptors,1.2374405997259061,1,0.6778402711938357,0.010976433519839679,1,0.9949479876179571,,
PHYSPROP,hist_gradient_boosting,source_holdout_physprop_r4_maccs_fingerprints_elastic_net,source_holdout_physprop_r4,PHYSPROP,elastic_net,linear,maccs_fingerprints,1.6623466064520886,0,1.297023657667516,0.6301553218998525,0,0.0001661272721485008,,
PHYSPROP,hist_gradient_boosting,source_holdout_physprop_r4_maccs_fingerprints_extra_trees,source_holdout_physprop_r4,PHYSPROP,extra_trees,tree_ensemble,maccs_fingerprints,1.466354712777462,0,1.0922197628775572,0.4253514271098936,0,0.0002652703168880036,,
PHYSPROP,hist_gradient_boosting,source_holdout_physprop_r4_maccs_fingerprints_knn,source_holdout_physprop_r4,PHYSPROP,knn,local_similarity,maccs_fingerprints,1.584988233756674,0,1.4555190651943233,0.7886507294266597,0,0.0001800807783138534,,
PHYSPROP,hist_gradient_boosting,source_holdout_physprop_r4_maccs_fingerprints_mlp,source_holdout_physprop_r4,PHYSPROP,mlp,neural_network,maccs_fingerprints,1.4787855415275764,0,1.0877614848187824,0.42089314905111885,0,0.000136019781173807,,
PHYSPROP,hist_gradient_boosting,source_holdout_physprop_r4_maccs_fingerprints_random_forest,source_holdout_physprop_r4,PHYSPROP,random_forest,tree_ensemble,maccs_fingerprints,1.4538281888701747,0,1.1114238643691334,0.44455552860146985,0,0.0022846230735689963,,
PHYSPROP,hist_gradient_boosting,source_holdout_physprop_r4_maccs_fingerprints_ridge,source_holdout_physprop_r4,PHYSPROP,ridge,linear,maccs_fingerprints,1.6626179436073716,0,1.2955516110066203,0.6286832752389567,0,0.0001661272721485008,,
PHYSPROP,hist_gradient_boosting,source_holdout_physprop_r4_maccs_fingerprints_svr,source_holdout_physprop_r4,PHYSPROP,svr,kernel,maccs_fingerprints,1.3908139377014686,0,1.0006442985665478,0.3337759627988842,0,0.00036157420396379933,,
PHYSPROP,hist_gradient_boosting,source_holdout_physprop_r4_maccs_fingerprints_xgboost,source_holdout_physprop_r4,PHYSPROP,xgboost,tree_ensemble,maccs_fingerprints,1.4161077479535475,0,1.0524681198568167,0.3855997840891531,0,0.0005682481337957482,,
PHYSPROP,hist_gradient_boosting,source_holdout_physprop_r4_molecular_graph_chemprop,source_holdout_physprop_r4,PHYSPROP,chemprop,graph_neural_network,molecular_graph,1.2085103369458858,1,0.7039119095090444,0.037043573741380786,1,0.05645952132185358,,
PHYSPROP,hist_gradient_boosting,source_holdout_physprop_r4_morgan_fingerprints_elastic_net,source_holdout_physprop_r4,PHYSPROP,elastic_net,linear,morgan_fingerprints,1.75396051751996,0,1.366570653059746,0.6997023172920823,0,0.00016848943957769466,,
PHYSPROP,hist_gradient_boosting,source_holdout_physprop_r4_morgan_fingerprints_extra_trees,source_holdout_physprop_r4,PHYSPROP,extra_trees,tree_ensemble,morgan_fingerprints,1.5060530188451133,0,1.244144007309154,0.5772756715414905,0,0.0010888618260888124,,
PHYSPROP,hist_gradient_boosting,source_holdout_physprop_r4_morgan_fingerprints_knn,source_holdout_physprop_r4,PHYSPROP,knn,local_similarity,morgan_fingerprints,1.6606884557922315,0,1.374461080529628,0.7075927447619644,0,0.0001916994167294342,,
PHYSPROP,hist_gradient_boosting,source_holdout_physprop_r4_morgan_fingerprints_mlp,source_holdout_physprop_r4,PHYSPROP,mlp,neural_network,morgan_fingerprints,1.5859101098475068,0,1.2095782628817615,0.5427099271140979,0,0.00016848943957769466,,
PHYSPROP,hist_gradient_boosting,source_holdout_physprop_r4_morgan_fingerprints_random_forest,source_holdout_physprop_r4,PHYSPROP,random_forest,tree_ensemble,morgan_fingerprints,1.5226328580617425,0,1.2574095692284266,0.590541233460763,0,0.00043367617639916884,,
PHYSPROP,hist_gradient_boosting,source_holdout_physprop_r4_morgan_fingerprints_ridge,source_holdout_physprop_r4,PHYSPROP,ridge,linear,morgan_fingerprints,1.675591903363017,0,1.349181016033552,0.6823126802658884,0,0.00016848943957769466,,
PHYSPROP,hist_gradient_boosting,source_holdout_physprop_r4_morgan_fingerprints_svr,source_holdout_physprop_r4,PHYSPROP,svr,kernel,morgan_fingerprints,1.4321122983214858,0,1.0513716571367204,0.38450332136905685,0,0.0006779622770486453,,
PHYSPROP,hist_gradient_boosting,source_holdout_physprop_r4_morgan_fingerprints_xgboost,source_holdout_physprop_r4,PHYSPROP,xgboost,tree_ensemble,morgan_fingerprints,1.5669385781408023,0,1.24251083448424,0.5756424987165764,0,0.0012494701590147889,,
PHYSPROP,hist_gradient_boosting,source_holdout_physprop_r4_rdkit_descriptors_elastic_net,source_holdout_physprop_r4,PHYSPROP,elastic_net,linear,rdkit_descriptors,1.5088867227935638,0,0.9066807885842588,0.23981245281659525,0,0.0005759329247123676,,
PHYSPROP,hist_gradient_boosting,source_holdout_physprop_r4_rdkit_descriptors_esol,source_holdout_physprop_r4,PHYSPROP,esol,chemistry_equation,rdkit_descriptors,3.6043587174815896,0,2.69640104095975,2.0295327051920866,0,0.0003741398402972747,,
PHYSPROP,hist_gradient_boosting,source_holdout_physprop_r4_rdkit_descriptors_extra_trees,source_holdout_physprop_r4,PHYSPROP,extra_trees,tree_ensemble,rdkit_descriptors,1.2584499338842092,0,0.7517359693649873,0.08486763359732374,1,0.004155958608128064,,
PHYSPROP,hist_gradient_boosting,source_holdout_physprop_r4_rdkit_descriptors_hist_gradient_boosting,source_holdout_physprop_r4,PHYSPROP,hist_gradient_boosting,tree_ensemble,rdkit_descriptors,1.259603401664318,0,0.7071644581883346,0.04029612242067104,1,0.9430225187751914,,
PHYSPROP,hist_gradient_boosting,source_holdout_physprop_r4_rdkit_descriptors_knn,source_holdout_physprop_r4,PHYSPROP,knn,local_similarity,rdkit_descriptors,1.380408950186441,0,0.9546195675486536,0.28775123178099005,0,0.0025100801812205312,,
PHYSPROP,hist_gradient_boosting,source_holdout_physprop_r4_rdkit_descriptors_mlp,source_holdout_physprop_r4,PHYSPROP,mlp,neural_network,rdkit_descriptors,1.278794664539311,0,0.749692018284432,0.08282368251676842,1,0.0026271887425138303,,
PHYSPROP,hist_gradient_boosting,source_holdout_physprop_r4_rdkit_descriptors_ngboost,source_holdout_physprop_r4,PHYSPROP,ngboost,probabilistic_boosting,rdkit_descriptors,1.307347781776048,0,0.7535373124468593,0.08666897667919571,1,0.007551035929366163,,
PHYSPROP,hist_gradient_boosting,source_holdout_physprop_r4_rdkit_descriptors_random_forest,source_holdout_physprop_r4,PHYSPROP,random_forest,tree_ensemble,rdkit_descriptors,1.2516779584288502,0,0.7621907386655745,0.09532240289791094,1,0.6294927042188402,,
PHYSPROP,hist_gradient_boosting,source_holdout_physprop_r4_rdkit_descriptors_ridge,source_holdout_physprop_r4,PHYSPROP,ridge,linear,rdkit_descriptors,1.5078575954471392,0,0.8644240480931524,0.19755571232548885,0,0.0005759329247123676,,
PHYSPROP,hist_gradient_boosting,source_holdout_physprop_r4_rdkit_descriptors_svr,source_holdout_physprop_r4,PHYSPROP,svr,kernel,rdkit_descriptors,1.2378919932813406,1,0.6668683357676636,0.0,1,0.9885247893434793,,
PHYSPROP,hist_gradient_boosting,source_holdout_physprop_r4_rdkit_descriptors_xgboost,source_holdout_physprop_r4,PHYSPROP,xgboost,tree_ensemble,rdkit_descriptors,1.2225348183461098,1,0.6870131704083579,0.020144834640694276,1,0.994636442503037,,
PHYSPROP,hist_gradient_boosting,source_holdout_physprop_r5_maccs_fingerprints_elastic_net,source_holdout_physprop_r5,PHYSPROP,elastic_net,linear,maccs_fingerprints,1.6288823552310985,0,1.2970236576675156,0.6329109737564506,0,0.0001661272721485008,,
PHYSPROP,hist_gradient_boosting,source_holdout_physprop_r5_maccs_fingerprints_extra_trees,source_holdout_physprop_r5,PHYSPROP,extra_trees,tree_ensemble,maccs_fingerprints,1.3996619943078288,0,1.1495659892250434,0.48545330531397834,0,0.0006502835466765672,,
PHYSPROP,hist_gradient_boosting,source_holdout_physprop_r5_maccs_fingerprints_knn,source_holdout_physprop_r5,PHYSPROP,knn,local_similarity,maccs_fingerprints,1.505157950176223,0,1.4698777549146809,0.8057650710036158,0,0.0003250363136962342,,
PHYSPROP,hist_gradient_boosting,source_holdout_physprop_r5_maccs_fingerprints_mlp,source_holdout_physprop_r5,PHYSPROP,mlp,neural_network,maccs_fingerprints,1.4041214094096348,0,1.064295222921151,0.40018253901008605,0,0.00015972791020957066,,
PHYSPROP,hist_gradient_boosting,source_holdout_physprop_r5_maccs_fingerprints_random_forest,source_holdout_physprop_r5,PHYSPROP,random_forest,tree_ensemble,maccs_fingerprints,1.390116656508672,0,1.1144208402175144,0.4503081563064494,0,0.0012136293433971227,,
PHYSPROP,hist_gradient_boosting,source_holdout_physprop_r5_maccs_fingerprints_ridge,source_holdout_physprop_r5,PHYSPROP,ridge,linear,maccs_fingerprints,1.626983831334793,0,1.2952347762374732,0.6311220923264081,0,0.0001661272721485008,,
PHYSPROP,hist_gradient_boosting,source_holdout_physprop_r5_maccs_fingerprints_svr,source_holdout_physprop_r5,PHYSPROP,svr,kernel,maccs_fingerprints,1.3152271396954265,0,0.9968337644496608,0.3327210805385957,0,0.000339096652562771,,
PHYSPROP,hist_gradient_boosting,source_holdout_physprop_r5_maccs_fingerprints_xgboost,source_holdout_physprop_r5,PHYSPROP,xgboost,tree_ensemble,maccs_fingerprints,1.363033011779303,0,1.0580609368528873,0.39394825294182223,0,0.0005188489312225465,,
PHYSPROP,hist_gradient_boosting,source_holdout_physprop_r5_molecular_graph_chemprop,source_holdout_physprop_r5,PHYSPROP,chemprop,graph_neural_network,molecular_graph,1.168852469720152,0,0.6984159446886635,0.03430326077759849,1,0.021086721588008166,,
PHYSPROP,hist_gradient_boosting,source_holdout_physprop_r5_morgan_fingerprints_elastic_net,source_holdout_physprop_r5,PHYSPROP,elastic_net,linear,morgan_fingerprints,1.6611456034203844,0,1.366570653059746,0.7024579691486809,0,0.00016848943957769466,,
PHYSPROP,hist_gradient_boosting,source_holdout_physprop_r5_morgan_fingerprints_extra_trees,source_holdout_physprop_r5,PHYSPROP,extra_trees,tree_ensemble,morgan_fingerprints,1.4154221240323033,0,1.2552331657248226,0.5911204818137575,0,0.00036682381831664,,
PHYSPROP,hist_gradient_boosting,source_holdout_physprop_r5_morgan_fingerprints_knn,source_holdout_physprop_r5,PHYSPROP,knn,local_similarity,morgan_fingerprints,1.500620427071051,0,1.3728581734276046,0.7087454895165396,0,0.0002892731880587605,,
PHYSPROP,hist_gradient_boosting,source_holdout_physprop_r5_morgan_fingerprints_mlp,source_holdout_physprop_r5,PHYSPROP,mlp,neural_network,morgan_fingerprints,1.442998378117186,0,1.2638957956250552,0.5997831117139901,0,0.00010137321513712274,,
PHYSPROP,hist_gradient_boosting,source_holdout_physprop_r5_morgan_fingerprints_random_forest,source_holdout_physprop_r5,PHYSPROP,random_forest,tree_ensemble,morgan_fingerprints,1.4521329050647556,0,1.2616497233210269,0.5975370394099618,0,0.0003464140126391303,,
PHYSPROP,hist_gradient_boosting,source_holdout_physprop_r5_morgan_fingerprints_ridge,source_holdout_physprop_r5,PHYSPROP,ridge,linear,morgan_fingerprints,1.5689229102859894,0,1.3491908289677381,0.6850781450566731,0,0.00016848943957769466,,
PHYSPROP,hist_gradient_boosting,source_holdout_physprop_r5_morgan_fingerprints_svr,source_holdout_physprop_r5,PHYSPROP,svr,kernel,morgan_fingerprints,1.3517951445463678,0,1.051371657728555,0.38725897381748997,0,0.00061694373882342,,
PHYSPROP,hist_gradient_boosting,source_holdout_physprop_r5_morgan_fingerprints_xgboost,source_holdout_physprop_r5,PHYSPROP,xgboost,tree_ensemble,morgan_fingerprints,1.464874824046756,0,1.2343890412655159,0.5702763573544508,0,0.0006071065279337794,,
PHYSPROP,hist_gradient_boosting,source_holdout_physprop_r5_rdkit_descriptors_elastic_net,source_holdout_physprop_r5,PHYSPROP,elastic_net,linear,rdkit_descriptors,1.4224857419353474,0,0.9066807885842594,0.24256810467319434,0,0.00038359384718599486,,
PHYSPROP,hist_gradient_boosting,source_holdout_physprop_r5_rdkit_descriptors_esol,source_holdout_physprop_r5,PHYSPROP,esol,chemistry_equation,rdkit_descriptors,3.6836587179507085,0,2.69640104095975,2.032288357048685,0,0.0003741398402972747,,
PHYSPROP,hist_gradient_boosting,source_holdout_physprop_r5_rdkit_descriptors_extra_trees,source_holdout_physprop_r5,PHYSPROP,extra_trees,tree_ensemble,rdkit_descriptors,1.2503646837388152,0,0.74858265530627,0.08446997139520496,1,0.0038481462468729923,,
PHYSPROP,hist_gradient_boosting,source_holdout_physprop_r5_rdkit_descriptors_hist_gradient_boosting,source_holdout_physprop_r5,PHYSPROP,hist_gradient_boosting,tree_ensemble,rdkit_descriptors,1.1743714802402978,1,0.683744251735613,0.019631567824548002,1,0.2194228408319518,,
PHYSPROP,hist_gradient_boosting,source_holdout_physprop_r5_rdkit_descriptors_knn,source_holdout_physprop_r5,PHYSPROP,knn,local_similarity,rdkit_descriptors,1.3381501593236749,0,0.9543562291651161,0.29024354525405105,0,0.003295397162447744,,
PHYSPROP,hist_gradient_boosting,source_holdout_physprop_r5_rdkit_descriptors_mlp,source_holdout_physprop_r5,PHYSPROP,mlp,neural_network,rdkit_descriptors,1.2262962044257955,0,0.7833067006785647,0.11919401676749963,0,0.004961063904607629,,
PHYSPROP,hist_gradient_boosting,source_holdout_physprop_r5_rdkit_descriptors_ngboost,source_holdout_physprop_r5,PHYSPROP,ngboost,probabilistic_boosting,rdkit_descriptors,1.2255583620870347,0,0.7563132909223999,0.09220060701133481,1,0.1819969925440527,,
PHYSPROP,hist_gradient_boosting,source_holdout_physprop_r5_rdkit_descriptors_random_forest,source_holdout_physprop_r5,PHYSPROP,random_forest,tree_ensemble,rdkit_descriptors,1.223710710731287,0,0.7473183685942838,0.08320568468321876,1,0.8790439837809308,,
PHYSPROP,hist_gradient_boosting,source_holdout_physprop_r5_rdkit_descriptors_ridge,source_holdout_physprop_r5,PHYSPROP,ridge,linear,rdkit_descriptors,1.4202189856499494,0,0.8738323373813852,0.20971965347032018,0,0.00042483798447467855,,
PHYSPROP,hist_gradient_boosting,source_holdout_physprop_r5_rdkit_descriptors_svr,source_holdout_physprop_r5,PHYSPROP,svr,kernel,rdkit_descriptors,1.1795551893575016,1,0.664112683911065,0.0,1,0.8793384789319646,,
PHYSPROP,hist_gradient_boosting,source_holdout_physprop_r5_rdkit_descriptors_xgboost,source_holdout_physprop_r5,PHYSPROP,xgboost,tree_ensemble,rdkit_descriptors,1.1502673928488385,1,0.6887589181172007,0.024646234206135653,1,0.9843834873524647,,
