run_id,model,feature_type,split_strategy,repeat,seed,n_test_predictions,mean_residual,residual_sd,rmse,mae,median_absolute_error,p90_absolute_error,p95_absolute_error,maximum_absolute_error,underprediction_rate,overprediction_rate,failure_rate_gt_0p5,failure_rate_gt_1p0,failure_rate_gt_2p0
low_similarity_r1_maccs_fingerprints_dummy,dummy,maccs_fingerprints,low_similarity,1,13,897,0.2693636805549605,2.3679947032008015,2.381953909282914,1.9720438256905237,1.8146004716500004,3.8202565651699993,4.447239717009999,6.70460047165,0.5696767001114827,0.43032329988851725,0.8483835005574136,0.7290969899665551,0.463768115942029
low_similarity_r1_maccs_fingerprints_elastic_net,elastic_net,maccs_fingerprints,low_similarity,1,13,897,0.21501961365676867,1.8504995741094314,1.8619249584734534,1.4108321718833599,1.1036308638691676,3.082096971570403,3.710949854425634,7.748653870839599,0.5529542920847269,0.44704570791527315,0.7447045707915273,0.5462653288740246,0.2329988851727982
low_similarity_r1_maccs_fingerprints_extra_trees,extra_trees,maccs_fingerprints,low_similarity,1,13,897,0.09624044062835616,1.7121067129129834,1.713856387029581,1.2368800291867839,0.9069240289613338,2.8435442384008005,3.7127810296165977,8.24307802045001,0.5540691192865106,0.44481605351170567,0.68561872909699,0.4492753623188406,0.19843924191750278
low_similarity_r1_maccs_fingerprints_knn,knn,maccs_fingerprints,low_similarity,1,13,897,0.19818746079238703,1.916146620244081,1.9253059290439563,1.4006872141067142,1.0096695168136165,3.1836803327002596,4.085580149692488,8.754260665412287,0.5652173913043478,0.43032329988851725,0.7424749163879598,0.5016722408026756,0.23857302118171683
low_similarity_r1_maccs_fingerprints_mlp,mlp,maccs_fingerprints,low_similarity,1,13,897,0.1297725551847043,1.774527998516446,1.7782800676235715,1.3075447040853703,0.9560237456344254,2.8525007697572744,3.7700264874353233,8.374739527956535,0.5284280936454849,0.47157190635451507,0.7190635451505016,0.48049052396878483,0.2129319955406912
low_similarity_r1_maccs_fingerprints_random_forest,random_forest,maccs_fingerprints,low_similarity,1,13,897,0.11238623716468149,1.7032420060794258,1.7059981965718831,1.252334094221617,0.9444043979248802,2.820165577097877,3.6612672545005323,8.063333096428131,0.5618729096989966,0.43812709030100333,0.7068004459308808,0.4738015607580825,0.19509476031215162
low_similarity_r1_maccs_fingerprints_ridge,ridge,maccs_fingerprints,low_similarity,1,13,897,0.2042467960330723,1.838815774793953,1.849105379674966,1.4034590499582977,1.0825705969227024,3.0373344110227376,3.693063041942684,7.652576162180658,0.5540691192865106,0.4459308807134894,0.7547380156075808,0.5395763656633222,0.22965440356744704
low_similarity_r1_maccs_fingerprints_svr,svr,maccs_fingerprints,low_similarity,1,13,897,0.04675277567414953,1.7092785479506907,1.7089651431212416,1.216211287620769,0.8072354769151209,2.8835125950815073,3.752628973068464,6.960706699542621,0.5128205128205128,0.48717948717948717,0.6610925306577481,0.42474916387959866,0.19509476031215162
low_similarity_r1_maccs_fingerprints_xgboost,xgboost,maccs_fingerprints,low_similarity,1,13,897,0.10175428766951829,1.6817167565879045,1.6838563662639257,1.2097290668309575,0.8499900595336918,2.822863155088251,3.6161072181358755,8.070008298147119,0.5429208472686734,0.45707915273132665,0.6767001114827201,0.4414715719063545,0.18171683389074694
low_similarity_r1_molecular_graph_chemprop,chemprop,molecular_graph,low_similarity,1,13,897,0.1201310550119844,1.425668459314126,1.429928706582692,0.9948918043750835,0.6833657,2.3462025599999996,3.088220227699998,6.9514036060999995,0.5217391304347826,0.4782608695652174,0.6098104793756968,0.3355629877369008,0.12931995540691194
low_similarity_r1_morgan_fingerprints_dummy,dummy,morgan_fingerprints,low_similarity,1,13,897,0.2693636805549605,2.3679947032008015,2.381953909282914,1.9720438256905237,1.8146004716500004,3.8202565651699993,4.447239717009999,6.70460047165,0.5696767001114827,0.43032329988851725,0.8483835005574136,0.7290969899665551,0.463768115942029
low_similarity_r1_morgan_fingerprints_elastic_net,elastic_net,morgan_fingerprints,low_similarity,1,13,897,0.034285884373700344,1.9702047888268364,1.9694047322302644,1.551054497569344,1.2790351978549268,3.26307661385385,3.9467382550367596,6.857426480766632,0.5250836120401338,0.47491638795986624,0.7971014492753623,0.6053511705685619,0.29208472686733555
low_similarity_r1_morgan_fingerprints_extra_trees,extra_trees,morgan_fingerprints,low_similarity,1,13,897,-0.010590835825935162,1.7540276476371974,1.7530816474511492,1.3390635460951823,1.0440093967744997,2.9854994676536015,3.7139659737219977,5.840568949196,0.5328874024526199,0.46711259754738016,0.7536231884057971,0.5228539576365663,0.20958751393534003
low_similarity_r1_morgan_fingerprints_knn,knn,morgan_fingerprints,low_similarity,1,13,897,-0.1367837042781976,1.925569692527159,1.9293508870745055,1.4175703228821617,0.9962605321083036,3.1912720120643097,4.089719350058215,6.5942853846223874,0.483835005574136,0.5161649944258639,0.7290969899665551,0.49944258639910816,0.2564102564102564
low_similarity_r1_morgan_fingerprints_mlp,mlp,morgan_fingerprints,low_similarity,1,13,897,0.006750853538398024,1.7997710700434937,1.7987802414912242,1.3702113199813288,1.0627013646061751,2.9285521897154516,3.618876538116712,7.504376767350329,0.5128205128205128,0.48717948717948717,0.7424749163879598,0.5206243032329989,0.23634336677814938
low_similarity_r1_morgan_fingerprints_random_forest,random_forest,morgan_fingerprints,low_similarity,1,13,897,0.012159986208159883,1.7888226636864317,1.7878666244564567,1.3683140835841543,1.0711314224279977,3.0856967043956005,3.8102853776640995,6.014697758467499,0.5462653288740246,0.4537346711259755,0.7614269788182831,0.5328874024526199,0.22073578595317725
low_similarity_r1_morgan_fingerprints_ridge,ridge,morgan_fingerprints,low_similarity,1,13,897,0.04533781893073307,1.8751261103162895,1.8746289248273247,1.4668242996176641,1.1763399708564344,3.0897277793146762,3.7324271109284197,6.419932500942601,0.5261984392419174,0.4738015607580825,0.798216276477146,0.5663322185061316,0.2653288740245262
low_similarity_r1_morgan_fingerprints_svr,svr,morgan_fingerprints,low_similarity,1,13,897,-0.02119912455534475,1.6599931207045646,1.659202992792905,1.2513856326107575,0.9249228002121708,2.814096295749731,3.343662831551296,5.722446116227413,0.49052396878483834,0.5094760312151616,0.7279821627647715,0.4738015607580825,0.2084726867335563
low_similarity_r1_morgan_fingerprints_xgboost,xgboost,morgan_fingerprints,low_similarity,1,13,897,0.07743262672862677,1.7968422360900256,1.7975089582888932,1.3904793078878035,1.1268131714280274,2.9896628932539064,3.674082502521089,6.6289608192443845,0.5607580824972129,0.43924191750278707,0.7491638795986622,0.5596432552954292,0.23968784838350055
low_similarity_r1_rdkit_descriptors_dummy,dummy,rdkit_descriptors,low_similarity,1,13,897,0.2693636805549605,2.3679947032008015,2.381953909282914,1.9720438256905237,1.8146004716500004,3.8202565651699993,4.447239717009999,6.70460047165,0.5696767001114827,0.43032329988851725,0.8483835005574136,0.7290969899665551,0.463768115942029
low_similarity_r1_rdkit_descriptors_elastic_net,elastic_net,rdkit_descriptors,low_similarity,1,13,897,0.08847067363441465,1.6522293248265363,1.6536763521872087,1.200566294055109,0.8889045574485919,2.7236543423056663,3.543910263628288,7.205846262640628,0.5105908584169454,0.48940914158305465,0.6845039018952063,0.45484949832775917,0.17391304347826086
low_similarity_r1_rdkit_descriptors_esol,esol,rdkit_descriptors,low_similarity,1,13,897,1.5049436663789086,3.416211083452445,3.7312656052421027,2.758867766084849,2.177895,5.626197909828572,7.695606749747268,23.373559558363624,0.7268673355629878,0.2731326644370123,0.8885172798216276,0.7658862876254181,0.5373467112597548
low_similarity_r1_rdkit_descriptors_extra_trees,extra_trees,rdkit_descriptors,low_similarity,1,13,897,0.10162000156010645,1.5201536156101432,1.5227007001908097,1.0641734844276185,0.6954684559280004,2.6123571468242,3.4356005861105987,7.555130531447993,0.5027870680044593,0.4972129319955407,0.6053511705685619,0.39241917502787066,0.15830546265328874
low_similarity_r1_rdkit_descriptors_hist_gradient_boosting,hist_gradient_boosting,rdkit_descriptors,low_similarity,1,13,897,0.06057063472335889,1.4604590587425093,1.4609009561855195,1.0132146222341747,0.6560406026427623,2.439660143147308,3.2436079293829874,7.330524411967135,0.496098104793757,0.5039018952062431,0.5819397993311036,0.3612040133779264,0.14492753623188406
low_similarity_r1_rdkit_descriptors_knn,knn,rdkit_descriptors,low_similarity,1,13,897,-0.020302138409544118,1.653812453602033,1.653015017930415,1.2048780528947385,0.8872360040438001,2.684602764707158,3.419160536855457,8.406482996560666,0.4882943143812709,0.5072463768115942,0.6911928651059086,0.463768115942029,0.189520624303233
low_similarity_r1_rdkit_descriptors_mlp,mlp,rdkit_descriptors,low_similarity,1,13,897,0.11976850940810685,1.5217384908370286,1.5255985508413075,1.0785834016050295,0.7563262525561938,2.508342219532025,3.2733013764340098,7.659761905920563,0.5217391304347826,0.4782608695652174,0.6243032329988851,0.39464882943143814,0.15607580824972128
low_similarity_r1_rdkit_descriptors_ngboost,ngboost,rdkit_descriptors,low_similarity,1,13,897,0.06256982488453995,1.5189868984568702,1.5194288124934563,1.0691560806838056,0.7215591475560572,2.469594129165071,3.4070792283159927,7.149262902306399,0.48717948717948717,0.5128205128205128,0.620958751393534,0.38684503901895206,0.15719063545150502
low_similarity_r1_rdkit_descriptors_random_forest,random_forest,rdkit_descriptors,low_similarity,1,13,897,0.09546910429053548,1.5213862809491527,1.5235321357343272,1.0722065884420915,0.705860045706872,2.673802858659567,3.4200660298335506,6.848805558129364,0.5027870680044593,0.4972129319955407,0.6231884057971014,0.3756967670011148,0.1605351170568562
low_similarity_r1_rdkit_descriptors_ridge,ridge,rdkit_descriptors,low_similarity,1,13,897,0.08640140420950379,1.6782924131111847,1.6795804628903739,1.2145071504522715,0.8787696348823311,2.703288535025503,3.547808656888044,8.727115165954544,0.4972129319955407,0.5027870680044593,0.6811594202898551,0.44481605351170567,0.18729096989966554
low_similarity_r1_rdkit_descriptors_svr,svr,rdkit_descriptors,low_similarity,1,13,897,0.10708916568329002,1.5124619673733621,1.5154072320665548,1.0415648208853387,0.6310179975657411,2.682402131707766,3.4157485555804197,7.677575575271037,0.5172798216276477,0.48272017837235226,0.5730211817168339,0.3534002229654404,0.16387959866220736
low_similarity_r1_rdkit_descriptors_xgboost,xgboost,rdkit_descriptors,low_similarity,1,13,897,0.0663393524077783,1.4473342747582918,1.4480476852441408,0.9930532717116798,0.6496542144176756,2.358998922015952,3.2835873581322907,7.498715420949853,0.4927536231884058,0.5072463768115942,0.5785953177257525,0.3433667781493868,0.1426978818283166
low_similarity_r2_maccs_fingerprints_dummy,dummy,maccs_fingerprints,low_similarity,2,37,897,0.21357542708584137,2.4050439982897602,2.4131727398641987,1.9710396484112598,1.7716393842500002,3.816360615749998,4.643970844229999,7.58635655915,0.5730211817168339,0.4269788182831661,0.8494983277591973,0.6945373467112598,0.44816053511705684
low_similarity_r2_maccs_fingerprints_elastic_net,elastic_net,maccs_fingerprints,low_similarity,2,37,897,0.0783373333411871,1.790869788112663,1.7915847302580816,1.3806510180031237,1.1295091269680775,2.8980195070526498,3.5754175057317648,8.823578342064879,0.5540691192865106,0.4459308807134894,0.7670011148272018,0.5518394648829431,0.2229654403567447
low_similarity_r2_maccs_fingerprints_extra_trees,extra_trees,maccs_fingerprints,low_similarity,2,37,897,0.00042480608072743126,1.7478577119178287,1.746883212219003,1.2776702274497433,0.9280027549025001,2.853938356906,3.589800087637196,7.814067525871335,0.5261984392419174,0.4738015607580825,0.7123745819397993,0.4782608695652174,0.20178372352285395
low_similarity_r2_maccs_fingerprints_knn,knn,maccs_fingerprints,low_similarity,2,37,897,0.15823050108690603,1.9014988086712274,1.9070143504130537,1.4146758948250162,1.0869884064128177,3.1557855134561517,4.030020646233898,8.725900532209529,0.5574136008918618,0.43478260869565216,0.7391304347826086,0.5228539576365663,0.2552954292084727
low_similarity_r2_maccs_fingerprints_mlp,mlp,maccs_fingerprints,low_similarity,2,37,897,-0.08601175632332658,1.7346928157346722,1.7358578555560686,1.285242039992101,1.0035685221764363,2.8115143637338473,3.5950092017362207,7.847843108742236,0.47157190635451507,0.5284280936454849,0.717948717948718,0.5039018952062431,0.19509476031215162
low_similarity_r2_maccs_fingerprints_random_forest,random_forest,maccs_fingerprints,low_similarity,2,37,897,0.02747709296796364,1.7351565254059005,1.7344067204796794,1.2858658824367704,0.9341564565243319,2.850882182854799,3.6668784967910764,7.655017901059167,0.5351170568561873,0.46488294314381273,0.7224080267558528,0.46265328874024525,0.20066889632107024
low_similarity_r2_maccs_fingerprints_ridge,ridge,maccs_fingerprints,low_similarity,2,37,897,0.062359512374396395,1.799843200893665,1.7999202331546833,1.3810696084718928,1.1139863919673232,2.869050034141782,3.633703711148152,8.81865636932456,0.5429208472686734,0.45707915273132665,0.7614269788182831,0.5529542920847269,0.22408026755852842
low_similarity_r2_maccs_fingerprints_svr,svr,maccs_fingerprints,low_similarity,2,37,897,0.008084427555807901,1.61277279763683,1.6118938392377775,1.1522050188864807,0.8183730633960367,2.6537609762031025,3.4458867032920906,8.090207530189478,0.5027870680044593,0.4972129319955407,0.6510590858416946,0.43032329988851725,0.1705685618729097
low_similarity_r2_maccs_fingerprints_xgboost,xgboost,maccs_fingerprints,low_similarity,2,37,897,0.008914116975687923,1.616467882117119,1.6155911819307585,1.164527384850828,0.8179695710487366,2.669519132232666,3.434692808914184,7.536308345794678,0.5083612040133779,0.4916387959866221,0.6644370122630993,0.4269788182831661,0.1705685618729097
low_similarity_r2_molecular_graph_chemprop,chemprop,molecular_graph,low_similarity,2,37,897,-0.16960620318674466,1.4601248777528535,1.4691338096298525,1.0342691513444928,0.7133268000000004,2.3907995519999994,3.099444959999999,9.0516320365,0.43701226309921964,0.5629877369007804,0.6243032329988851,0.36789297658862874,0.14381270903010032
low_similarity_r2_morgan_fingerprints_dummy,dummy,morgan_fingerprints,low_similarity,2,37,897,0.21357542708584137,2.4050439982897602,2.4131727398641987,1.9710396484112598,1.7716393842500002,3.816360615749998,4.643970844229999,7.58635655915,0.5730211817168339,0.4269788182831661,0.8494983277591973,0.6945373467112598,0.44816053511705684
low_similarity_r2_morgan_fingerprints_elastic_net,elastic_net,morgan_fingerprints,low_similarity,2,37,897,0.017942423651293407,1.988906727042933,1.9878787492637362,1.516815601053213,1.1453359917167893,3.327293286814607,3.964036397614986,8.38605360541294,0.5540691192865106,0.4459308807134894,0.7848383500557413,0.5540691192865106,0.28205128205128205
low_similarity_r2_morgan_fingerprints_extra_trees,extra_trees,morgan_fingerprints,low_similarity,2,37,897,-0.09807907661506562,1.7979491536010326,1.7996213074431222,1.3608027456838192,1.048501004607,3.031110020259999,3.6555971965019975,7.998318313621501,0.5094760312151616,0.49052396878483834,0.7235228539576366,0.5161649944258639,0.23745819397993312
low_similarity_r2_morgan_fingerprints_knn,knn,morgan_fingerprints,low_similarity,2,37,897,-0.2390007412875042,2.0382734253878216,2.0511090405163332,1.5146051332814852,1.113649549866393,3.323652711130982,4.089719350058215,8.993347173469537,0.4782608695652174,0.5217391304347826,0.7346711259754738,0.5317725752508361,0.27759197324414714
low_similarity_r2_morgan_fingerprints_mlp,mlp,morgan_fingerprints,low_similarity,2,37,897,-0.12983485277298548,1.8632103362459413,1.8666921719025504,1.3895576801551608,1.0353395565071666,2.993778195671048,3.9435916693567643,8.263527265721159,0.5117056856187291,0.4882943143812709,0.7402452619843924,0.5094760312151616,0.23857302118171683
low_similarity_r2_morgan_fingerprints_random_forest,random_forest,morgan_fingerprints,low_similarity,2,37,897,-0.11218835209382222,1.829355278216028,1.8317740432816214,1.3858866009678805,1.0278640808289987,3.0492769544185636,3.7462664615805985,7.909091388499001,0.5206243032329989,0.4793756967670011,0.7447045707915273,0.5128205128205128,0.24303232998885171
low_similarity_r2_morgan_fingerprints_ridge,ridge,morgan_fingerprints,low_similarity,2,37,897,-0.023377226983271025,1.8869435411536424,1.8860363245816407,1.417100166500977,1.0981216188977614,3.2059883396509306,3.9026510606250193,8.152902432406021,0.5351170568561873,0.46488294314381273,0.7447045707915273,0.5261984392419174,0.2463768115942029
low_similarity_r2_morgan_fingerprints_svr,svr,morgan_fingerprints,low_similarity,2,37,897,-0.10998018292950869,1.7303391759838846,1.732867978184457,1.289219357440808,0.9236026778118556,2.8747120037380833,3.5565913845211474,8.099290042146828,0.4816053511705686,0.5183946488294314,0.7268673355629878,0.47157190635451507,0.21850613154960982
low_similarity_r2_morgan_fingerprints_xgboost,xgboost,morgan_fingerprints,low_similarity,2,37,897,-0.03301234980891505,1.8544691404638727,1.8537291213190528,1.390354329638359,1.0303497657541991,3.149781429897846,3.8458298994942806,8.272836624386866,0.5317725752508361,0.4682274247491639,0.7402452619843924,0.5139353400222966,0.2463768115942029
low_similarity_r2_rdkit_descriptors_dummy,dummy,rdkit_descriptors,low_similarity,2,37,897,0.21357542708584137,2.4050439982897602,2.4131727398641987,1.9710396484112598,1.7716393842500002,3.816360615749998,4.643970844229999,7.58635655915,0.5730211817168339,0.4269788182831661,0.8494983277591973,0.6945373467112598,0.44816053511705684
low_similarity_r2_rdkit_descriptors_elastic_net,elastic_net,rdkit_descriptors,low_similarity,2,37,897,0.029701149247507528,1.6173252207065845,1.6166963007089648,1.1734559859008555,0.8550848786072389,2.7184285815811395,3.366316975650021,7.657803000741955,0.5050167224080268,0.49498327759197325,0.6800445930880713,0.44258639910813824,0.15719063545150502
low_similarity_r2_rdkit_descriptors_esol,esol,rdkit_descriptors,low_similarity,2,37,897,1.386795497544701,3.1873114985733317,3.4743101274973425,2.655536147394148,2.1188778231999983,5.244195999999999,7.183127794407318,17.644868383036325,0.7168338907469343,0.2831661092530658,0.887402452619844,0.7725752508361204,0.5328874024526199
low_similarity_r2_rdkit_descriptors_extra_trees,extra_trees,rdkit_descriptors,low_similarity,2,37,897,0.004495794110388317,1.521887049724925,1.5210451368042301,1.0566983962665086,0.7029196564270013,2.537422038923699,3.416576887308802,8.096276415939002,0.48272017837235226,0.5172798216276477,0.600891861761427,0.3857302118171683,0.1516164994425864
low_similarity_r2_rdkit_descriptors_hist_gradient_boosting,hist_gradient_boosting,rdkit_descriptors,low_similarity,2,37,897,0.006471622559748126,1.432999220575512,1.432214846021068,1.0059290722798695,0.6547308931725331,2.467766925177491,3.155168744014337,7.287957711667488,0.4738015607580825,0.5261984392419174,0.6020066889632107,0.36454849498327757,0.14492753623188406
low_similarity_r2_rdkit_descriptors_knn,knn,rdkit_descriptors,low_similarity,2,37,897,-0.13804028658659695,1.6681937481828244,1.672968344768323,1.2182483786033074,0.8953385083104306,2.6958588780238335,3.419364627452687,7.990158337320435,0.4682274247491639,0.5261984392419174,0.6833890746934225,0.4537346711259755,0.18729096989966554
low_similarity_r2_rdkit_descriptors_mlp,mlp,rdkit_descriptors,low_similarity,2,37,897,-0.06025967018267879,1.5879540648941068,1.5882122634889775,1.1349788964060916,0.7784509437589217,2.5904805221221894,3.4912157124502987,8.31009869240298,0.44481605351170567,0.5551839464882943,0.6789297658862876,0.4035674470457079,0.15830546265328874
low_similarity_r2_rdkit_descriptors_ngboost,ngboost,rdkit_descriptors,low_similarity,2,37,897,-0.003920655226605962,1.457403425616759,1.4565960991207834,1.0344766405235646,0.7109455508030327,2.384441238660725,3.1833346363584476,7.766183802403383,0.48049052396878483,0.5195094760312151,0.6276477146042363,0.3734671125975474,0.14604236343366778
low_similarity_r2_rdkit_descriptors_random_forest,random_forest,rdkit_descriptors,low_similarity,2,37,897,-0.014199275771382124,1.4815091734239791,1.4807512114551382,1.0377289133105017,0.7085452181896665,2.5114430273179997,3.203633094532196,8.0630721759605,0.47491638795986624,0.5250836120401338,0.6187290969899666,0.36789297658862874,0.1516164994425864
low_similarity_r2_rdkit_descriptors_ridge,ridge,rdkit_descriptors,low_similarity,2,37,897,0.030543550399045098,1.6229199332635107,1.622302594871096,1.1743190791643252,0.8490286247323455,2.738526088143451,3.400402069837287,7.992651448969441,0.5005574136008919,0.49944258639910816,0.6744704570791528,0.44258639910813824,0.1616499442586399
low_similarity_r2_rdkit_descriptors_svr,svr,rdkit_descriptors,low_similarity,2,37,897,0.03657298436405683,1.492329110059962,1.491945369061703,1.0177079542190237,0.6236085312575745,2.569670508132375,3.3151771766807294,7.677097253848085,0.4927536231884058,0.5072463768115942,0.5730211817168339,0.35674470457079155,0.15607580824972128
low_similarity_r2_rdkit_descriptors_xgboost,xgboost,rdkit_descriptors,low_similarity,2,37,897,-0.025449737403983493,1.4175374670932457,1.4169756568357919,0.980008760272412,0.6432287883758541,2.355306351676298,3.144647100689536,7.859503615796875,0.46265328874024525,0.5373467112597548,0.5886287625418061,0.3511705685618729,0.13600891861761427
low_similarity_r3_maccs_fingerprints_dummy,dummy,maccs_fingerprints,low_similarity,3,73,897,0.22672199951075803,2.3795603274573405,2.3890160574617667,1.952004726627146,1.8199999999999998,3.7864303832999995,4.4884865286999975,7.5847171749,0.5797101449275363,0.4180602006688963,0.8439241917502787,0.6945373467112598,0.45707915273132665
low_similarity_r3_maccs_fingerprints_elastic_net,elastic_net,maccs_fingerprints,low_similarity,3,73,897,0.16344805977866067,1.7760633811058728,1.7825823374423526,1.3403757032480532,1.0357150729093547,2.825801813465921,3.5907184016596343,9.057402165524653,0.5596432552954292,0.4403567447045708,0.7614269788182831,0.5128205128205128,0.20958751393534003
low_similarity_r3_maccs_fingerprints_extra_trees,extra_trees,maccs_fingerprints,low_similarity,3,73,897,-0.0179645505531743,1.6446770183248953,1.6438581611300451,1.2033012720870158,0.906148848012334,2.7682871261650135,3.6406762826240935,6.862472053974668,0.5317725752508361,0.46711259754738016,0.7034559643255296,0.4503901895206243,0.17614269788182832
low_similarity_r3_maccs_fingerprints_knn,knn,maccs_fingerprints,low_similarity,3,73,897,0.05890551833063194,1.8583259643627803,1.8582237037267906,1.3612930727392862,1.0155966604099995,3.03734439734274,3.954030046367341,7.522907848503088,0.5295429208472687,0.46488294314381273,0.7279821627647715,0.5050167224080268,0.22073578595317725
low_similarity_r3_maccs_fingerprints_mlp,mlp,maccs_fingerprints,low_similarity,3,73,897,-0.053362396308737126,1.6808160326032302,1.6807261927656245,1.2204858550173423,0.9092452553303678,2.812534108143612,3.6795493812676536,7.8174710633701725,0.5039018952062431,0.496098104793757,0.6889632107023411,0.4559643255295429,0.18171683389074694
low_similarity_r3_maccs_fingerprints_random_forest,random_forest,maccs_fingerprints,low_similarity,3,73,897,0.00369857252743457,1.6533466625545832,1.652428946835398,1.211449037180912,0.9002591154918334,2.8709300989021718,3.6817545951935307,7.624233749885249,0.5462653288740246,0.4537346711259755,0.6967670011148273,0.4537346711259755,0.1850613154960981
low_similarity_r3_maccs_fingerprints_ridge,ridge,maccs_fingerprints,low_similarity,3,73,897,0.15765824473425522,1.7878839714990482,1.7938287655428236,1.3485015632717505,1.0297566866181915,2.8151752690510086,3.649936989199576,9.107714776470326,0.5574136008918618,0.44258639910813824,0.7614269788182831,0.5183946488294314,0.21181716833890746
low_similarity_r3_maccs_fingerprints_svr,svr,maccs_fingerprints,low_similarity,3,73,897,-0.04199706484101172,1.5659856984005098,1.5656759108476845,1.1159329994024327,0.7670175048134353,2.56479829713366,3.3870444619424145,7.385725550339329,0.5150501672240803,0.48494983277591974,0.6465997770345596,0.40022296544035674,0.16722408026755853
low_similarity_r3_maccs_fingerprints_xgboost,xgboost,maccs_fingerprints,low_similarity,3,73,897,-0.013454662689725708,1.5632456560909693,1.5624319712469517,1.1238809563506225,0.764674310684204,2.6818598632577144,3.3189491502604818,6.809864565265601,0.5317725752508361,0.4682274247491639,0.6510590858416946,0.4035674470457079,0.1605351170568562
low_similarity_r3_molecular_graph_chemprop,chemprop,molecular_graph,low_similarity,3,73,897,-0.0836901393976031,1.429726415696425,1.4313779463307186,1.013639786315775,0.7105188999999998,2.28479760734,3.065103517339999,6.4827221602,0.49052396878483834,0.5094760312151616,0.633221850613155,0.3433667781493868,0.13935340022296544
low_similarity_r3_morgan_fingerprints_dummy,dummy,morgan_fingerprints,low_similarity,3,73,897,0.22672199951075803,2.3795603274573405,2.3890160574617667,1.952004726627146,1.8199999999999998,3.7864303832999995,4.4884865286999975,7.5847171749,0.5797101449275363,0.4180602006688963,0.8439241917502787,0.6945373467112598,0.45707915273132665
low_similarity_r3_morgan_fingerprints_elastic_net,elastic_net,morgan_fingerprints,low_similarity,3,73,897,-0.09064971892980518,2.0324341827921772,2.033322641222575,1.5451363295442522,1.16257238976247,3.2914452416583493,4.043733364749697,8.130430842936388,0.5139353400222966,0.48606465997770343,0.7792642140468228,0.5752508361204013,0.2753623188405797
low_similarity_r3_morgan_fingerprints_extra_trees,extra_trees,morgan_fingerprints,low_similarity,3,73,897,-0.11983765418576775,1.7770692498812095,1.78011673371974,1.3571004723941282,1.0582019928570001,3.011695631797598,3.622270777720199,6.427094783807999,0.5105908584169454,0.48940914158305465,0.745819397993311,0.5206243032329989,0.22853957636566333
low_similarity_r3_morgan_fingerprints_knn,knn,morgan_fingerprints,low_similarity,3,73,897,-0.26445958173443296,1.9692356482929418,1.9858259573017085,1.455766679029773,1.0895104739209365,3.3150322001343646,4.108873927308916,8.664028242049058,0.4604236343366778,0.5395763656633222,0.7513935340022296,0.5317725752508361,0.2408026755852843
low_similarity_r3_morgan_fingerprints_mlp,mlp,morgan_fingerprints,low_similarity,3,73,897,-0.24023080238024364,1.8607567185590703,1.8751710346041757,1.3849227473537693,1.0542087124526138,2.940700467583952,3.909505333702512,7.271756779000046,0.4782608695652174,0.5217391304347826,0.7402452619843924,0.5206243032329989,0.22630992196209587
low_similarity_r3_morgan_fingerprints_random_forest,random_forest,morgan_fingerprints,low_similarity,3,73,897,-0.13104523790807787,1.814980743668074,1.8186961100063013,1.3828895186628603,1.0432974335290002,3.1135606519236005,3.803750585565133,6.748807482220333,0.5117056856187291,0.4882943143812709,0.7435897435897436,0.5206243032329989,0.23857302118171683
low_similarity_r3_morgan_fingerprints_ridge,ridge,morgan_fingerprints,low_similarity,3,73,897,-0.07009241893814927,1.9248591173892826,1.9250623475871147,1.4569043070996917,1.1364791734209314,3.1059986110602944,3.9961451134322896,8.090931094874362,0.5284280936454849,0.47157190635451507,0.7625418060200669,0.5574136008918618,0.2463768115942029
low_similarity_r3_morgan_fingerprints_svr,svr,morgan_fingerprints,low_similarity,3,73,897,-0.11277920914515245,1.6864091713629907,1.6892378463631443,1.255863280046237,0.9471558763977979,2.711201470170253,3.5617936860690964,6.867329612321746,0.4916387959866221,0.5083612040133779,0.717948717948718,0.47045707915273133,0.18729096989966554
low_similarity_r3_morgan_fingerprints_xgboost,xgboost,morgan_fingerprints,low_similarity,3,73,897,-0.046339018460935424,1.8635835576787805,1.8631208358562934,1.3890060683175642,1.029433685751819,3.09671026179542,3.732946479797363,8.444362460377771,0.5395763656633222,0.4604236343366778,0.7447045707915273,0.5183946488294314,0.24303232998885171
low_similarity_r3_rdkit_descriptors_dummy,dummy,rdkit_descriptors,low_similarity,3,73,897,0.22672199951075803,2.3795603274573405,2.3890160574617667,1.952004726627146,1.8199999999999998,3.7864303832999995,4.4884865286999975,7.5847171749,0.5797101449275363,0.4180602006688963,0.8439241917502787,0.6945373467112598,0.45707915273132665
low_similarity_r3_rdkit_descriptors_elastic_net,elastic_net,rdkit_descriptors,low_similarity,3,73,897,0.040329218405339234,1.6362279757638014,1.6358128781540275,1.172739266319646,0.8677694047250633,2.6283143724950864,3.4631689776628214,7.574271274564452,0.5050167224080268,0.49498327759197325,0.6878483835005574,0.4269788182831661,0.16945373467112598
low_similarity_r3_rdkit_descriptors_esol,esol,rdkit_descriptors,low_similarity,3,73,897,1.4799051692210603,3.422491757397812,3.7269975404937647,2.7358273357047045,2.109052243100001,5.872489636363638,7.232915557945357,28.768057527021995,0.7369007803790413,0.2630992196209587,0.8818283166109253,0.7480490523968785,0.5284280936454849
low_similarity_r3_rdkit_descriptors_extra_trees,extra_trees,rdkit_descriptors,low_similarity,3,73,897,-0.0009521276686316762,1.4805436428921197,1.4797184439149755,1.0567954616076196,0.7278863262228572,2.524671845867955,3.2843247619934983,5.985780122571613,0.483835005574136,0.5161649944258639,0.6265328874024526,0.379041248606466,0.15830546265328874
low_similarity_r3_rdkit_descriptors_hist_gradient_boosting,hist_gradient_boosting,rdkit_descriptors,low_similarity,3,73,897,0.010454168582581455,1.4053472555347748,1.4046025820648977,0.9753431834275689,0.6610024677607735,2.268862396104779,3.247399801549457,6.157950830415486,0.49052396878483834,0.5094760312151616,0.5930880713489409,0.3311036789297659,0.12374581939799331
low_similarity_r3_rdkit_descriptors_knn,knn,rdkit_descriptors,low_similarity,3,73,897,-0.1598443295201741,1.6286376646390228,1.6355591756596528,1.198103671966431,0.8719593822334559,2.6053998566383414,3.5238104761628026,7.730376645838106,0.451505016722408,0.5462653288740246,0.68561872909699,0.451505016722408,0.18617614269788182
low_similarity_r3_rdkit_descriptors_mlp,mlp,rdkit_descriptors,low_similarity,3,73,897,-0.06077287107976939,1.5033285805116692,1.5037189421266635,1.0658736671644518,0.7210615054346818,2.43262287266957,3.315952283533518,6.544276474826763,0.4793756967670011,0.5206243032329989,0.6231884057971014,0.3701226309921962,0.15719063545150502
low_similarity_r3_rdkit_descriptors_ngboost,ngboost,rdkit_descriptors,low_similarity,3,73,897,0.02844982948675506,1.4581694913095655,1.4576341268067077,1.027500189688255,0.6823300066933893,2.3940802716373843,3.264211681803037,5.933909185893207,0.5128205128205128,0.48717948717948717,0.620958751393534,0.3634336677814939,0.1415830546265329
low_similarity_r3_rdkit_descriptors_random_forest,random_forest,rdkit_descriptors,low_similarity,3,73,897,-0.004240985545613631,1.463767457697547,1.4629574534134713,1.0272503348984794,0.6714973903520001,2.530274259217067,3.2614675310999943,7.0653900165050025,0.48940914158305465,0.5105908584169454,0.620958751393534,0.3600891861761427,0.14492753623188406
low_similarity_r3_rdkit_descriptors_ridge,ridge,rdkit_descriptors,low_similarity,3,73,897,0.03642021018345204,1.6388029217595523,1.6382940470239324,1.1756978418178448,0.873049101660909,2.698035705077296,3.5216765542976782,7.689781514489634,0.5061315496098104,0.4938684503901895,0.6845039018952063,0.43032329988851725,0.16499442586399107
low_similarity_r3_rdkit_descriptors_svr,svr,rdkit_descriptors,low_similarity,3,73,897,0.010725346834630122,1.4021204661558615,1.401379730579935,0.9746138896604064,0.6373196961834497,2.303549089766023,3.1166364426363264,6.1565562655783355,0.5072463768115942,0.4927536231884058,0.5674470457079153,0.3433667781493868,0.12931995540691194
low_similarity_r3_rdkit_descriptors_xgboost,xgboost,rdkit_descriptors,low_similarity,3,73,897,-0.010041793938164676,1.3810782799698327,1.3803447602052656,0.9502425531215376,0.6278093297481537,2.187630716872099,2.9776308980474755,7.025390564206202,0.5083612040133779,0.4916387959866221,0.5663322185061316,0.3377926421404682,0.11482720178372352
low_similarity_r4_maccs_fingerprints_dummy,dummy,maccs_fingerprints,low_similarity,4,101,897,0.24608980103372347,2.3694076342242205,2.3808389244590074,1.9664907645360648,1.8174594517,3.7563624577399994,4.398328590819999,6.7074594517,0.568561872909699,0.431438127090301,0.8472686733556298,0.7146042363433668,0.451505016722408
low_similarity_r4_maccs_fingerprints_elastic_net,elastic_net,maccs_fingerprints,low_similarity,4,101,897,0.11494496540300835,1.8174884696624434,1.820108269716245,1.3911376761455894,1.090877562271804,2.9218577542506603,3.7325613844767735,7.466475952507332,0.5507246376811594,0.4492753623188406,0.7636566332218506,0.5429208472686734,0.2408026755852843
low_similarity_r4_maccs_fingerprints_extra_trees,extra_trees,maccs_fingerprints,low_similarity,4,101,897,0.09573660179491972,1.6667509132565526,1.6685703606566114,1.2444725221273572,0.9592880652726985,2.801365658310139,3.5573459728179673,7.4516882513672416,0.5652173913043478,0.43478260869565216,0.7112597547380156,0.48049052396878483,0.19620958751393533
low_similarity_r4_maccs_fingerprints_knn,knn,maccs_fingerprints,low_similarity,4,101,897,0.20930350140870446,1.808087743795768,1.8191604307310503,1.3543964073291488,1.0289899176428206,3.100813702298079,3.8980375681653423,8.444594678832697,0.5875139353400223,0.4080267558528428,0.7268673355629878,0.5061315496098104,0.23522853957636566
low_similarity_r4_maccs_fingerprints_mlp,mlp,maccs_fingerprints,low_similarity,4,101,897,0.03523496144907717,1.7098247406955787,1.7092346089290305,1.2722185849454497,0.9548391420519742,2.697998543362632,3.6448231862893796,7.244057137749899,0.5261984392419174,0.4738015607580825,0.7190635451505016,0.48606465997770343,0.20735785953177258
low_similarity_r4_maccs_fingerprints_random_forest,random_forest,maccs_fingerprints,low_similarity,4,101,897,0.08268305078080151,1.6764341575954516,1.6775383233092591,1.2312096612583883,0.8957828711930809,2.8506726295762856,3.594410982762329,7.559021681474575,0.5551839464882943,0.44481605351170567,0.6822742474916388,0.4682274247491639,0.19732441471571907
low_similarity_r4_maccs_fingerprints_ridge,ridge,maccs_fingerprints,low_similarity,4,101,897,0.11310209532297422,1.8254550431041745,1.8279396256869256,1.403172562182376,1.1040800735785348,2.940012856957285,3.686446612673542,7.558348983331003,0.5473801560758083,0.45261984392419174,0.7681159420289855,0.5429208472686734,0.23634336677814938
low_similarity_r4_maccs_fingerprints_svr,svr,maccs_fingerprints,low_similarity,4,101,897,0.017816748227766948,1.6588394063209684,1.6580102197398217,1.1847629009767042,0.8346667933828154,2.7418396740741264,3.651029193888771,7.640142743998851,0.5094760312151616,0.49052396878483834,0.6700111482720178,0.4236343366778149,0.1794871794871795
low_similarity_r4_maccs_fingerprints_xgboost,xgboost,maccs_fingerprints,low_similarity,4,101,897,0.07807387903390679,1.6009245870208353,1.6019356438104524,1.1693477281273397,0.8344086742401124,2.641978074808818,3.4972595273561713,6.33527933448584,0.5273132664437012,0.47268673355629875,0.6755852842809364,0.43924191750278707,0.1716833890746934
low_similarity_r4_molecular_graph_chemprop,chemprop,molecular_graph,low_similarity,4,101,897,-0.044740205551672234,1.450617884697935,1.4504992282522615,1.0156685345699554,0.7013354191000001,2.34762442,3.1672716762000004,6.6418739865,0.47157190635451507,0.5284280936454849,0.6142697881828316,0.35228539576365664,0.13600891861761427
low_similarity_r4_morgan_fingerprints_dummy,dummy,morgan_fingerprints,low_similarity,4,101,897,0.24608980103372347,2.3694076342242205,2.3808389244590074,1.9664907645360648,1.8174594517,3.7563624577399994,4.398328590819999,6.7074594517,0.568561872909699,0.431438127090301,0.8472686733556298,0.7146042363433668,0.451505016722408
low_similarity_r4_morgan_fingerprints_elastic_net,elastic_net,morgan_fingerprints,low_similarity,4,101,897,0.05731924203856674,2.148985705928887,2.148552217700713,1.6455494332450815,1.2737385571585156,3.490293860586146,4.246438280126286,7.862920109790819,0.5306577480490524,0.4693422519509476,0.7915273132664437,0.600891861761427,0.31215161649944256
low_similarity_r4_morgan_fingerprints_extra_trees,extra_trees,morgan_fingerprints,low_similarity,4,101,897,-0.047760791037075666,1.841534987845596,1.841127791771346,1.401773109269635,1.0598215619739995,3.057152821542001,3.780895216326837,8.54556353110549,0.5195094760312151,0.48049052396878483,0.7513935340022296,0.5261984392419174,0.2463768115942029
low_similarity_r4_morgan_fingerprints_knn,knn,morgan_fingerprints,low_similarity,4,101,897,-0.1686328608516917,1.982453881005559,1.9885117609939198,1.4880874121863241,1.1017633849323716,3.297642733780531,4.142443471690005,9.09767865569433,0.48940914158305465,0.5105908584169454,0.7647714604236343,0.5284280936454849,0.27201783723522854
low_similarity_r4_morgan_fingerprints_mlp,mlp,morgan_fingerprints,low_similarity,4,101,897,-0.019482453267816276,1.8897387949450484,1.8887856166099088,1.4145039632952336,1.0698664392418873,3.011243641485554,3.9829191416513923,8.600292309312369,0.5172798216276477,0.48272017837235226,0.7536231884057971,0.5195094760312151,0.24749163879598662
low_similarity_r4_morgan_fingerprints_random_forest,random_forest,morgan_fingerprints,low_similarity,4,101,897,-0.056104515746677894,1.8311285973219973,1.8309673960511998,1.4116244114793066,1.126497877558,3.0840792476548,3.7275829912431337,8.177309274943,0.5228539576365663,0.47714604236343366,0.7591973244147158,0.5473801560758083,0.24303232998885171
low_similarity_r4_morgan_fingerprints_ridge,ridge,morgan_fingerprints,low_similarity,4,101,897,0.08965860827105222,1.9032553874763762,1.9043060171734316,1.4741321712278326,1.2025718845200464,3.185695250124914,3.76254587735279,7.658197849720592,0.5618729096989966,0.43812709030100333,0.7591973244147158,0.5696767001114827,0.2787068004459309
low_similarity_r4_morgan_fingerprints_svr,svr,morgan_fingerprints,low_similarity,4,101,897,-0.013202691039357882,1.7453316396178495,1.7444084602389602,1.3113420152038888,0.9598300692855832,2.8724714202361405,3.62982994979297,8.13270804953722,0.48940914158305465,0.5105908584169454,0.7424749163879598,0.4782608695652174,0.22853957636566333
low_similarity_r4_morgan_fingerprints_xgboost,xgboost,morgan_fingerprints,low_similarity,4,101,897,0.04813518340814446,1.845620159583659,1.845219043390481,1.416414095595743,1.16003586769104,2.99988489364299,3.693556745529169,7.819945681989502,0.5496098104793757,0.4503901895206243,0.7525083612040134,0.5529542920847269,0.2508361204013378
low_similarity_r4_rdkit_descriptors_dummy,dummy,rdkit_descriptors,low_similarity,4,101,897,0.24608980103372347,2.3694076342242205,2.3808389244590074,1.9664907645360648,1.8174594517,3.7563624577399994,4.398328590819999,6.7074594517,0.568561872909699,0.431438127090301,0.8472686733556298,0.7146042363433668,0.451505016722408
low_similarity_r4_rdkit_descriptors_elastic_net,elastic_net,rdkit_descriptors,low_similarity,4,101,897,0.05572873862513674,1.6244651864256128,1.6245155988938096,1.1886788825972097,0.8700875157846664,2.663073487484789,3.507190510140544,7.765951422219102,0.5072463768115942,0.4927536231884058,0.68561872909699,0.4492753623188406,0.16945373467112598
low_similarity_r4_rdkit_descriptors_esol,esol,rdkit_descriptors,low_similarity,4,101,897,1.5312499603078085,3.506874253815177,3.8248115171698314,2.828443644043298,2.2354300000000005,5.6704247733428605,7.251867714,23.373559558363624,0.738015607580825,0.26198439241917504,0.8862876254180602,0.7670011148272018,0.5440356744704571
low_similarity_r4_rdkit_descriptors_extra_trees,extra_trees,rdkit_descriptors,low_similarity,4,101,897,0.05008582328720232,1.4588936829468715,1.4589402325652991,1.0212119969191178,0.6846636709149982,2.4276224251186003,3.2686972090357984,6.967441899844499,0.48717948717948717,0.5128205128205128,0.6053511705685619,0.3801560758082497,0.14715719063545152
low_similarity_r4_rdkit_descriptors_hist_gradient_boosting,hist_gradient_boosting,rdkit_descriptors,low_similarity,4,101,897,0.053855390028158055,1.4458101313631384,1.4460072410141906,1.0157314515473337,0.6863220097241423,2.3643635483415477,3.1845569557944655,6.43349036909642,0.496098104793757,0.5039018952062431,0.6142697881828316,0.34782608695652173,0.14492753623188406
low_similarity_r4_rdkit_descriptors_knn,knn,rdkit_descriptors,low_similarity,4,101,897,-0.11536118796671896,1.6587352811538774,1.66181936383711,1.218558433851697,0.9008951347953376,2.732998587781249,3.528401003276651,8.85848529005045,0.4693422519509476,0.5284280936454849,0.693422519509476,0.45819397993311034,0.1939799331103679
low_similarity_r4_rdkit_descriptors_mlp,mlp,rdkit_descriptors,low_similarity,4,101,897,-0.01758270426409547,1.5232384246377613,1.5224906456397518,1.0785033411662863,0.7405178766624829,2.5169493326588577,3.2043641911143745,6.823280209700882,0.463768115942029,0.5362318840579711,0.6231884057971014,0.4035674470457079,0.15607580824972128
low_similarity_r4_rdkit_descriptors_ngboost,ngboost,rdkit_descriptors,low_similarity,4,101,897,0.0452705378813263,1.4882141040206869,1.4880730972155791,1.0442959324016605,0.7147008708772868,2.4071165165775734,3.1784968129524165,7.786882657269041,0.4972129319955407,0.5027870680044593,0.6321070234113713,0.3712374581939799,0.14604236343366778
low_similarity_r4_rdkit_descriptors_random_forest,random_forest,rdkit_descriptors,low_similarity,4,101,897,0.03584911413053248,1.4668751803945452,1.4664955351923403,1.0208960591073672,0.6868403763960005,2.484533871179866,3.1368601239381317,7.8391524093475,0.48494983277591974,0.5150501672240803,0.5875139353400223,0.3701226309921962,0.13935340022296544
low_similarity_r4_rdkit_descriptors_ridge,ridge,rdkit_descriptors,low_similarity,4,101,897,0.008118569208534734,1.6490332127319465,1.6481337586805982,1.1917978082630976,0.8569616459241312,2.674629506880941,3.520836153283328,8.680235401353045,0.47714604236343366,0.5228539576365663,0.6822742474916388,0.44258639910813824,0.1806020066889632
low_similarity_r4_rdkit_descriptors_svr,svr,rdkit_descriptors,low_similarity,4,101,897,0.07710101502685532,1.4844426696575905,1.4856170456067255,1.0222002547698854,0.673614096336034,2.318179863276862,3.2896956362887777,7.4743507008423755,0.4983277591973244,0.5016722408026756,0.5774804905239688,0.3600891861761427,0.1505016722408027
low_similarity_r4_rdkit_descriptors_xgboost,xgboost,rdkit_descriptors,low_similarity,4,101,897,0.029297592368830686,1.4362792147557901,1.4357773354084038,0.9920073996019025,0.6588946905631459,2.369098201751709,3.273121009409443,7.030937541425537,0.4972129319955407,0.5027870680044593,0.5886287625418061,0.34448160535117056,0.13377926421404682
low_similarity_r5_maccs_fingerprints_dummy,dummy,maccs_fingerprints,low_similarity,5,137,897,0.22654350327547393,2.3702477686650525,2.3797338635823575,1.9590191138817168,1.7855032448999997,3.7539999999999996,4.40474857118,7.3427617991,0.5574136008918618,0.44258639910813824,0.8528428093645485,0.7068004459308808,0.44816053511705684
low_similarity_r5_maccs_fingerprints_elastic_net,elastic_net,maccs_fingerprints,low_similarity,5,137,897,0.16242142457850753,1.7715595642427013,1.7780059643229202,1.3763843046565356,1.1298289706759292,2.8718086953867283,3.5831971817368338,7.150759072251779,0.5819397993311036,0.4180602006688963,0.7647714604236343,0.5585284280936454,0.22630992196209587
low_similarity_r5_maccs_fingerprints_extra_trees,extra_trees,maccs_fingerprints,low_similarity,5,137,897,0.06469534476290355,1.6658752805670851,1.6662029096048219,1.2316227419757924,0.9221756837693231,2.82947350769863,3.3765052522398236,7.677070889590092,0.5719063545150501,0.4280936454849498,0.717948717948718,0.46265328874024525,0.18729096989966554
low_similarity_r5_maccs_fingerprints_knn,knn,maccs_fingerprints,low_similarity,5,137,897,0.15004825177438455,1.8369680800818733,1.8420652199429854,1.3708398847400987,0.9953289050662719,3.1836059830499988,3.819917386192282,9.443345109869293,0.5719063545150501,0.42028985507246375,0.7290969899665551,0.496098104793757,0.22965440356744704
low_similarity_r5_maccs_fingerprints_mlp,mlp,maccs_fingerprints,low_similarity,5,137,897,-0.01461746956391968,1.6641453667125283,1.6632817235911623,1.2211512136538858,0.8952915290066825,2.877876266075101,3.4637601528818207,7.5824361277841135,0.5128205128205128,0.48717948717948717,0.6945373467112598,0.4604236343366778,0.19843924191750278
low_similarity_r5_maccs_fingerprints_random_forest,random_forest,maccs_fingerprints,low_similarity,5,137,897,0.0207499589986846,1.6703239529734053,1.6695215843854185,1.2003944691426693,0.8761042166587749,2.819828257866533,3.415157262509331,8.049117065798097,0.5496098104793757,0.4503901895206243,0.6711259754738016,0.44816053511705684,0.18171683389074694
low_similarity_r5_maccs_fingerprints_ridge,ridge,maccs_fingerprints,low_similarity,5,137,897,0.15137995994189746,1.7747794014441278,1.780237705084472,1.3758860873204795,1.128475791885358,2.8434783435940836,3.577485689766699,7.038417632382718,0.5707915273132664,0.42920847268673357,0.7569676700111483,0.5429208472686734,0.22965440356744704
low_similarity_r5_maccs_fingerprints_svr,svr,maccs_fingerprints,low_similarity,5,137,897,-0.028604378633503735,1.6237459678125765,1.6230926898136802,1.1479420928364248,0.7635362812945896,2.7092973522388193,3.5224924412433327,7.499775978700902,0.5061315496098104,0.4938684503901895,0.6298773690078038,0.4236343366778149,0.17614269788182832
low_similarity_r5_maccs_fingerprints_xgboost,xgboost,maccs_fingerprints,low_similarity,5,137,897,0.0629352856129028,1.5834304781274327,1.5837985277233275,1.1399270964796762,0.8230690765380859,2.6931257387478835,3.2909535312652567,7.054318448293603,0.5518394648829431,0.44816053511705684,0.6633221850613155,0.43032329988851725,0.16945373467112598
low_similarity_r5_molecular_graph_chemprop,chemprop,molecular_graph,low_similarity,5,137,897,-0.068612916241806,1.4030595855823518,1.4039548819931527,0.9851127228142699,0.6955988000000002,2.1290327544200003,3.0427229,8.8931296865,0.47157190635451507,0.5284280936454849,0.6031215161649944,0.35785953177257523,0.11928651059085842
low_similarity_r5_morgan_fingerprints_dummy,dummy,morgan_fingerprints,low_similarity,5,137,897,0.22654350327547393,2.3702477686650525,2.3797338635823575,1.9590191138817168,1.7855032448999997,3.7539999999999996,4.40474857118,7.3427617991,0.5574136008918618,0.44258639910813824,0.8528428093645485,0.7068004459308808,0.44816053511705684
low_similarity_r5_morgan_fingerprints_elastic_net,elastic_net,morgan_fingerprints,low_similarity,5,137,897,0.046972716868423386,2.076938645822434,2.076312012528821,1.5808761926393142,1.212542435348759,3.4839897821368924,4.298951787686558,8.08404718546044,0.5473801560758083,0.45261984392419174,0.7959866220735786,0.5596432552954292,0.2831661092530658
low_similarity_r5_morgan_fingerprints_extra_trees,extra_trees,morgan_fingerprints,low_similarity,5,137,897,-0.10437789087946357,1.8010086507253675,1.803028234589664,1.3344123572146847,0.9780787156309962,3.0989494775878015,3.760113179520198,9.189231712280986,0.5105908584169454,0.48940914158305465,0.717948717948718,0.49052396878483834,0.22853957636566333
low_similarity_r5_morgan_fingerprints_knn,knn,morgan_fingerprints,low_similarity,5,137,897,-0.17640447468538867,2.0229262303316413,2.029479475663218,1.4683752611863556,1.0203784668173785,3.3937072115740126,4.209506889430546,9.50654629129166,0.483835005574136,0.5161649944258639,0.7357859531772575,0.5094760312151616,0.2508361204013378
low_similarity_r5_morgan_fingerprints_mlp,mlp,morgan_fingerprints,low_similarity,5,137,897,-0.050882858880816874,1.823386540227322,1.8230800946527854,1.3777113824865546,1.058649596808488,3.0446152856293804,3.9007742068649702,7.697541253978596,0.5239687848383501,0.4760312151616499,0.7402452619843924,0.5183946488294314,0.23076923076923078
low_similarity_r5_morgan_fingerprints_random_forest,random_forest,morgan_fingerprints,low_similarity,5,137,897,-0.10014822266462826,1.8230839807588162,1.824817686365278,1.3676025226738593,1.0344187186740008,3.2002501209738003,3.7322937400730956,8.4950060831935,0.5217391304347826,0.4782608695652174,0.7190635451505016,0.5128205128205128,0.23745819397993312
low_similarity_r5_morgan_fingerprints_ridge,ridge,morgan_fingerprints,low_similarity,5,137,897,0.042984959694702805,1.9567999359311694,1.9561812158125667,1.4826196621979282,1.1164347098982201,3.239533963287461,4.102529038117571,7.958303492349932,0.5473801560758083,0.45261984392419174,0.7681159420289855,0.5484949832775919,0.24526198439241917
low_similarity_r5_morgan_fingerprints_svr,svr,morgan_fingerprints,low_similarity,5,137,897,-0.04003482254599766,1.7132645489686156,1.7127772408844735,1.2736949107079458,0.9320989246868634,2.78453429112841,3.5576742529090533,8.068971807970783,0.5039018952062431,0.496098104793757,0.7146042363433668,0.4738015607580825,0.21739130434782608
low_similarity_r5_morgan_fingerprints_xgboost,xgboost,morgan_fingerprints,low_similarity,5,137,897,-0.0031761794882275004,1.8422166428257818,1.841192219419005,1.384698521609476,1.061670742034912,3.1227042308608537,3.8095431220458087,8.202216683629114,0.5418060200668896,0.45819397993311034,0.7402452619843924,0.5128205128205128,0.23522853957636566
low_similarity_r5_rdkit_descriptors_dummy,dummy,rdkit_descriptors,low_similarity,5,137,897,0.22654350327547393,2.3702477686650525,2.3797338635823575,1.9590191138817168,1.7855032448999997,3.7539999999999996,4.40474857118,7.3427617991,0.5574136008918618,0.44258639910813824,0.8528428093645485,0.7068004459308808,0.44816053511705684
low_similarity_r5_rdkit_descriptors_elastic_net,elastic_net,rdkit_descriptors,low_similarity,5,137,897,0.06493205127588797,1.592392932974712,1.5928290994110736,1.1669654589661413,0.8697237823297113,2.572561294778343,3.3562325827201396,7.414695686209509,0.5306577480490524,0.4693422519509476,0.693422519509476,0.44481605351170567,0.15607580824972128
low_similarity_r5_rdkit_descriptors_esol,esol,rdkit_descriptors,low_similarity,5,137,897,1.5795903858327414,3.1877027212856195,3.5560126781205885,2.6876211111459027,2.109828461538463,5.558338000000003,7.0199109999999925,16.814361720699985,0.7536231884057971,0.2463768115942029,0.8851727982162765,0.7759197324414716,0.5250836120401338
low_similarity_r5_rdkit_descriptors_extra_trees,extra_trees,rdkit_descriptors,low_similarity,5,137,897,-0.02594809598950495,1.4806461973160834,1.480048112381705,1.0197888379213977,0.6832317124520002,2.382780420363599,3.1462351800511996,8.240535072533167,0.48494983277591974,0.5139353400222966,0.5986622073578596,0.3745819397993311,0.13935340022296544
low_similarity_r5_rdkit_descriptors_hist_gradient_boosting,hist_gradient_boosting,rdkit_descriptors,low_similarity,5,137,897,-0.023884943136551928,1.4192038160784073,1.4186135994727584,0.9759422685847047,0.6534723214200877,2.1843219986788314,3.0191051747132676,7.79498846825865,0.49052396878483834,0.5094760312151616,0.5908584169453734,0.346711259754738,0.11705685618729098
low_similarity_r5_rdkit_descriptors_knn,knn,rdkit_descriptors,low_similarity,5,137,897,-0.1602239272102157,1.5807881523363703,1.5880104085153464,1.1636790180807883,0.8508845471674289,2.5772668980551545,3.1857281675275524,9.111419302800703,0.46153846153846156,0.5340022296544036,0.6711259754738016,0.4414715719063545,0.18394648829431437
low_similarity_r5_rdkit_descriptors_mlp,mlp,rdkit_descriptors,low_similarity,5,137,897,-0.0663656468343557,1.4555799776974152,1.4562813847565645,1.0124773523875865,0.7118908269572234,2.2955713787594707,3.1403343182940966,6.936594298561895,0.47157190635451507,0.5284280936454849,0.6109253065774805,0.3690078037904125,0.12486064659977704
low_similarity_r5_rdkit_descriptors_ngboost,ngboost,rdkit_descriptors,low_similarity,5,137,897,0.027092729882035954,1.4436112583934944,1.4430606939671116,1.0146147845694242,0.7218184117937225,2.268441689811117,2.9913812698590574,7.748900605071295,0.5128205128205128,0.48717948717948717,0.6187290969899666,0.3690078037904125,0.13377926421404682
low_similarity_r5_rdkit_descriptors_random_forest,random_forest,rdkit_descriptors,low_similarity,5,137,897,-0.014491837680933676,1.4363981212989225,1.4356703732549332,1.0039442510364334,0.6862049263524435,2.3144748737359233,3.0672843002041104,8.42688944953371,0.48606465997770343,0.5139353400222966,0.6075808249721293,0.36231884057971014,0.1326644370122631
low_similarity_r5_rdkit_descriptors_ridge,ridge,rdkit_descriptors,low_similarity,5,137,897,0.049343969118136,1.5805299438250842,1.5804191876719709,1.1518826646424696,0.8393971233546802,2.461993850322543,3.330055081692085,8.191421968108035,0.5161649944258639,0.483835005574136,0.6989966555183946,0.43701226309921964,0.16610925306577481
low_similarity_r5_rdkit_descriptors_svr,svr,rdkit_descriptors,low_similarity,5,137,897,0.05248156152027597,1.4402718313760232,1.4404251747373824,0.9896474762738084,0.6599757812386864,2.2860871104105187,3.0559974630984565,7.710850413604937,0.5128205128205128,0.48717948717948717,0.5942028985507246,0.3455964325529543,0.13489409141583056
low_similarity_r5_rdkit_descriptors_xgboost,xgboost,rdkit_descriptors,low_similarity,5,137,897,-0.042984355802309894,1.4314636826018485,1.4313111297353889,0.9746530036030914,0.6348003578186034,2.204442130111737,3.06258801460266,8.540393639505218,0.4983277591973244,0.5016722408026756,0.5863991081382386,0.3500557413600892,0.11817168338907469
random_r1_maccs_fingerprints_dummy,dummy,maccs_fingerprints,random,1,13,897,-0.008392841294448129,2.396706144553609,2.3953845186797813,1.9381789456587297,1.6710686092318503,3.8089313907681497,4.600369014591847,9.041068609231852,0.5239687848383501,0.4760312151616499,0.8405797101449275,0.7045707915273133,0.43032329988851725
random_r1_maccs_fingerprints_elastic_net,elastic_net,maccs_fingerprints,random,1,13,897,-0.05239987012977045,1.6708442632897713,1.6707345727393745,1.270637315207798,1.0163362396738287,2.6781545304389884,3.3752256604874016,7.67360763653147,0.5105908584169454,0.48940914158305465,0.7614269788182831,0.5050167224080268,0.17725752508361203
random_r1_maccs_fingerprints_extra_trees,extra_trees,maccs_fingerprints,random,1,13,897,-0.03681977758454932,1.4449903384401306,1.444653944121807,1.026066195904493,0.7489866614476219,2.367173151920785,3.087423405897235,7.457388374180848,0.5061315496098104,0.4938684503901895,0.6432552954292085,0.36789297658862874,0.1326644370122631
random_r1_maccs_fingerprints_knn,knn,maccs_fingerprints,random,1,13,897,0.06974810831583235,1.5645615324070576,1.565243960035229,1.0581902459874617,0.6901672625950583,2.625934648069761,3.5138319726005456,8.318089510348623,0.5027870680044593,0.4760312151616499,0.6053511705685619,0.3857302118171683,0.15942028985507245
random_r1_maccs_fingerprints_mlp,mlp,maccs_fingerprints,random,1,13,897,-0.07811761514105399,1.5298730905215,1.531014294125912,1.0706622589316264,0.7228525313002301,2.49605280443554,3.242386267640418,8.356734909513747,0.46153846153846156,0.5384615384615384,0.6499442586399108,0.38127090301003347,0.14492753623188406
random_r1_maccs_fingerprints_random_forest,random_forest,maccs_fingerprints,random,1,13,897,-0.029361547940308045,1.4402502545086648,1.4397466398160303,0.9928944142852788,0.6401273197853338,2.3338757582705996,3.1183958996445305,8.018898469641845,0.5105908584169454,0.48940914158305465,0.5752508361204013,0.36231884057971014,0.12709030100334448
random_r1_maccs_fingerprints_ridge,ridge,maccs_fingerprints,random,1,13,897,-0.05889737971529299,1.6566345995316691,1.656758136647549,1.2661384663160173,1.0021670293733673,2.6681486018588183,3.380857089264465,7.674175124978854,0.5083612040133779,0.4916387959866221,0.758082497212932,0.5016722408026756,0.18171683389074694
random_r1_maccs_fingerprints_svr,svr,maccs_fingerprints,random,1,13,897,-0.06238586621815025,1.3890761009167896,1.389702599558616,0.9252355774658212,0.5767566115331657,2.2517257282304617,3.089339985591451,7.13613378476532,0.47491638795986624,0.5250836120401338,0.5451505016722408,0.3132664437012263,0.12709030100334448
random_r1_maccs_fingerprints_xgboost,xgboost,maccs_fingerprints,random,1,13,897,-0.05156888371493435,1.4333113600868637,1.4334401014318097,0.9963994689448179,0.6605914592742921,2.3321041767597457,3.115979228114587,8.4871649944667,0.4738015607580825,0.5261984392419174,0.6109253065774805,0.3455964325529543,0.12486064659977704
random_r1_molecular_graph_chemprop,chemprop,molecular_graph,random,1,13,897,-0.1764781433116499,1.2509028999253857,1.2625997644754048,0.8690476524801004,0.608122,1.9572247521000001,2.51941091504,6.9794411061,0.41471571906354515,0.5852842809364549,0.5696767001114827,0.29988851727982163,0.09364548494983277
random_r1_morgan_fingerprints_dummy,dummy,morgan_fingerprints,random,1,13,897,-0.008392841294448129,2.396706144553609,2.3953845186797813,1.9381789456587297,1.6710686092318503,3.8089313907681497,4.600369014591847,9.041068609231852,0.5239687848383501,0.4760312151616499,0.8405797101449275,0.7045707915273133,0.43032329988851725
random_r1_morgan_fingerprints_elastic_net,elastic_net,morgan_fingerprints,random,1,13,897,-0.0937997712069298,1.6387411654724815,1.640511251585977,1.2632600675675991,0.9608184018523969,2.7402940066921317,3.3410836117113987,5.966126035331923,0.483835005574136,0.5161649944258639,0.750278706800446,0.483835005574136,0.20958751393534003
random_r1_morgan_fingerprints_extra_trees,extra_trees,morgan_fingerprints,random,1,13,897,-0.046954432388165275,1.4433356056974875,1.4432948283938813,1.0336538862857432,0.7268303664359981,2.417579266540499,3.0494654436701985,6.063890656158499,0.5105908584169454,0.48940914158305465,0.6231884057971014,0.37681159420289856,0.13935340022296544
random_r1_morgan_fingerprints_knn,knn,morgan_fingerprints,random,1,13,897,-0.016203772873953175,1.51188181379033,1.5111257141697707,1.0975270703636884,0.811449086211477,2.4617087011313594,3.254008638960465,5.719433152887593,0.5039018952062431,0.49498327759197325,0.6432552954292085,0.411371237458194,0.16387959866220736
random_r1_morgan_fingerprints_mlp,mlp,morgan_fingerprints,random,1,13,897,-0.11111592533331091,1.4547904484453311,1.4582189686260139,1.0635372007201496,0.7924766105064629,2.3889004831840093,3.0313185730346044,7.111100720998564,0.4593088071348941,0.5406911928651059,0.6421404682274248,0.3979933110367893,0.15607580824972128
random_r1_morgan_fingerprints_random_forest,random_forest,morgan_fingerprints,random,1,13,897,-0.074186115137182,1.4872455345099536,1.488266432502623,1.0859908263855451,0.8145253753840003,2.4385528034628,3.202834152072498,6.007861078148,0.5094760312151616,0.49052396878483834,0.6443701226309922,0.4013377926421405,0.15384615384615385
random_r1_morgan_fingerprints_ridge,ridge,morgan_fingerprints,random,1,13,897,-0.08980813377489776,1.578250334176144,1.5799249108729898,1.207200824222977,0.90905223381393,2.6136865411476484,3.2501109560210493,5.65947475976128,0.49052396878483834,0.5094760312151616,0.7335562987736901,0.4604236343366778,0.19175027870680045
random_r1_morgan_fingerprints_svr,svr,morgan_fingerprints,random,1,13,897,-0.07032680933396518,1.3330912589049555,1.334202746678927,0.934673439105387,0.6014677228065382,2.203055385036393,2.7414512160531164,5.921564268366998,0.4793756967670011,0.5206243032329989,0.5808249721293199,0.33444816053511706,0.1282051282051282
random_r1_morgan_fingerprints_xgboost,xgboost,morgan_fingerprints,random,1,13,897,-0.05200952188098149,1.4964393107189553,1.496508982382917,1.1059064146831474,0.8183786010742189,2.4227983551025387,3.089636672401426,5.757852585175513,0.5195094760312151,0.48049052396878483,0.6722408026755853,0.41917502787068006,0.1505016722408027
random_r1_rdkit_descriptors_dummy,dummy,rdkit_descriptors,random,1,13,897,-0.008392841294448129,2.396706144553609,2.3953845186797813,1.9381789456587297,1.6710686092318503,3.8089313907681497,4.600369014591847,9.041068609231852,0.5239687848383501,0.4760312151616499,0.8405797101449275,0.7045707915273133,0.43032329988851725
random_r1_rdkit_descriptors_elastic_net,elastic_net,rdkit_descriptors,random,1,13,897,-0.06356163176925873,1.4373420679173912,1.4379461469420693,1.0315590180876661,0.7264823410898091,2.2744218792777375,2.9758251149357666,6.916010961352527,0.4816053511705686,0.5183946488294314,0.6477146042363434,0.38127090301003347,0.1282051282051282
random_r1_rdkit_descriptors_esol,esol,rdkit_descriptors,random,1,13,897,1.281277678043566,3.2162304732319402,3.4603871197118456,2.595465181066259,1.948326818181818,5.576109538461538,7.022255076923069,14.84887635831919,0.7112597547380156,0.2887402452619844,0.855072463768116,0.7469342251950948,0.48940914158305465
random_r1_rdkit_descriptors_extra_trees,extra_trees,rdkit_descriptors,random,1,13,897,-0.022377573189730257,1.282056252795745,1.2815368059697203,0.8203386983769146,0.47787183930200006,2.043377531401499,2.996905447363864,7.242139218169997,0.4693422519509476,0.5306577480490524,0.483835005574136,0.27424749163879597,0.10702341137123746
random_r1_rdkit_descriptors_hist_gradient_boosting,hist_gradient_boosting,rdkit_descriptors,random,1,13,897,-0.041255866404677655,1.268852102087537,1.268815529413117,0.8554741725815865,0.553372385499089,1.9285186961633014,2.690318877277989,7.697203245753335,0.463768115942029,0.5362318840579711,0.5395763656633222,0.27647714604236345,0.09364548494983277
random_r1_rdkit_descriptors_knn,knn,rdkit_descriptors,random,1,13,897,-0.0653897564541168,1.374000845869527,1.3747907064675517,0.9401862299022368,0.6130138909246265,2.27008534037023,3.001224980442744,8.405410083069823,0.47045707915273133,0.5161649944258639,0.5574136008918618,0.3556298773690078,0.1282051282051282
random_r1_rdkit_descriptors_mlp,mlp,rdkit_descriptors,random,1,13,897,0.045041412031300285,1.254754413143472,1.2548634079154604,0.8553976947598265,0.5683361350435296,1.9714516544571068,2.655601729226305,7.78799685495174,0.496098104793757,0.5039018952062431,0.5507246376811594,0.28762541806020064,0.09587513935340022
random_r1_rdkit_descriptors_ngboost,ngboost,rdkit_descriptors,random,1,13,897,-0.026212151869085695,1.329890588826965,1.3294075228303273,0.9186962262918789,0.6213889026308133,2.0823788507195746,2.770906847070715,7.275964587061745,0.4738015607580825,0.5261984392419174,0.5774804905239688,0.3177257525083612,0.10925306577480491
random_r1_rdkit_descriptors_random_forest,random_forest,rdkit_descriptors,random,1,13,897,-0.02683299708870947,1.2533500900328796,1.2529386221897862,0.8214743205072412,0.5063920363286685,1.9256570948106853,3.0730003394489347,7.4260059921524935,0.45819397993311034,0.5418060200668896,0.5050167224080268,0.26755852842809363,0.09364548494983277
random_r1_rdkit_descriptors_ridge,ridge,rdkit_descriptors,random,1,13,897,-0.06387311487616808,1.4654591963075485,1.4660341949153985,1.039951348615054,0.7322384901994927,2.2527930108219376,2.968796474888215,8.648882798956821,0.4682274247491639,0.5317725752508361,0.6321070234113713,0.39241917502787066,0.12374581939799331
random_r1_rdkit_descriptors_svr,svr,rdkit_descriptors,random,1,13,897,0.03743594526224137,1.2464541322702993,1.2463215094453646,0.798882472549618,0.472933945050952,1.9612059653224427,2.8746274867214012,7.785965449972196,0.49052396878483834,0.5094760312151616,0.4816053511705686,0.25863991081382387,0.09921962095875139
random_r1_rdkit_descriptors_xgboost,xgboost,rdkit_descriptors,random,1,13,897,-0.023027321780599488,1.2126607275242334,1.2122033216012216,0.8035711999447088,0.5117389488220212,1.9378530444145752,2.6343394479751576,7.342435380208887,0.46711259754738016,0.5328874024526199,0.5094760312151616,0.2564102564102564,0.09364548494983277
random_r2_maccs_fingerprints_dummy,dummy,maccs_fingerprints,random,2,37,897,0.02663551509898526,2.368568998009423,2.3673981996317988,1.9201441727174218,1.6674346169566774,3.805611033728664,4.7039794872659915,7.220327182143323,0.5273132664437012,0.47268673355629875,0.8461538461538461,0.6822742474916388,0.4136008918617614
random_r2_maccs_fingerprints_elastic_net,elastic_net,maccs_fingerprints,random,2,37,897,0.012504137199301444,1.655747488439305,1.6548715359296713,1.2595434000993058,0.9824315962533969,2.6801768646880397,3.5078089781130855,6.106930139916877,0.5206243032329989,0.4793756967670011,0.7447045707915273,0.49052396878483834,0.1939799331103679
random_r2_maccs_fingerprints_extra_trees,extra_trees,maccs_fingerprints,random,2,37,897,-0.00044681147745387584,1.477557779735925,1.4767340068547048,0.9710037821643742,0.5629203005829988,2.5134398516202867,3.4224839154778013,7.422478051222492,0.4938684503901895,0.5005574136008919,0.5373467112597548,0.3277591973244147,0.13377926421404682
random_r2_maccs_fingerprints_knn,knn,maccs_fingerprints,random,2,37,897,0.08768251543646728,1.597914357490357,1.599428646523607,1.0732412540994838,0.727750066104784,2.7165503721393445,3.8204659249222486,6.795132119992599,0.5139353400222966,0.46153846153846156,0.5908584169453734,0.379041248606466,0.15719063545150502
random_r2_maccs_fingerprints_mlp,mlp,maccs_fingerprints,random,2,37,897,0.12616206823441245,1.4780140349075193,1.4825677004469187,1.0611024118849577,0.7551779188064445,2.411000115933898,3.144130805622669,8.478225038250462,0.5183946488294314,0.4816053511705686,0.6610925306577481,0.379041248606466,0.14715719063545152
random_r2_maccs_fingerprints_random_forest,random_forest,maccs_fingerprints,random,2,37,897,-0.014703031523805227,1.442052921540333,1.4413238726791977,0.9873880224798348,0.6411540156123336,2.497025378274722,3.4122311023364333,5.830243165370718,0.5083612040133779,0.49052396878483834,0.5763656633221851,0.3366778149386845,0.13489409141583056
random_r2_maccs_fingerprints_ridge,ridge,maccs_fingerprints,random,2,37,897,0.012017592789525307,1.654682281651059,1.6538033463695159,1.2574965647874856,0.9711265471558472,2.6752770276870974,3.5673328639776587,6.026421707087494,0.5161649944258639,0.483835005574136,0.7435897435897436,0.4882943143812709,0.19286510590858416
random_r2_maccs_fingerprints_svr,svr,maccs_fingerprints,random,2,37,897,0.0162198887109269,1.414880863672775,1.41418498936234,0.9483981431210354,0.5920522104793808,2.2614228799467204,3.1540412425777835,8.005422610826749,0.48717948717948717,0.5128205128205128,0.5484949832775919,0.3177257525083612,0.13377926421404682
random_r2_maccs_fingerprints_xgboost,xgboost,maccs_fingerprints,random,2,37,897,0.023134417697507407,1.4148634269396312,1.4142637710630048,0.9994917410297312,0.6927506606537106,2.2638353780895923,3.0979594997405995,6.615964374542236,0.5016722408026756,0.4983277591973244,0.6053511705685619,0.358974358974359,0.12486064659977704
random_r2_molecular_graph_chemprop,chemprop,molecular_graph,random,2,37,897,-0.05321047737943144,1.2162822515432075,1.2167681204917462,0.8364496698324971,0.5637643454000001,1.867429079,2.4874600815799983,7.0339302916,0.43924191750278707,0.5607580824972129,0.5529542920847269,0.27759197324414714,0.08695652173913043
random_r2_morgan_fingerprints_dummy,dummy,morgan_fingerprints,random,2,37,897,0.02663551509898526,2.368568998009423,2.3673981996317988,1.9201441727174218,1.6674346169566774,3.805611033728664,4.7039794872659915,7.220327182143323,0.5273132664437012,0.47268673355629875,0.8461538461538461,0.6822742474916388,0.4136008918617614
random_r2_morgan_fingerprints_elastic_net,elastic_net,morgan_fingerprints,random,2,37,897,-0.05412465264314457,1.760212348694382,1.760063313756759,1.3011958670084784,0.9754360598679841,2.9538884585901695,3.7647638970590815,8.148674460369907,0.4983277591973244,0.5016722408026756,0.7123745819397993,0.48494983277591974,0.20512820512820512
random_r2_morgan_fingerprints_extra_trees,extra_trees,morgan_fingerprints,random,2,37,897,-0.04631161794523124,1.5188285138063653,1.518687950918556,1.0693326895818436,0.6924886923660014,2.5840319925891992,3.2117877884948025,8.512753535823007,0.49498327759197325,0.5050167224080268,0.6086956521739131,0.38684503901895206,0.16610925306577481
random_r2_morgan_fingerprints_knn,knn,morgan_fingerprints,random,2,37,897,-0.03115472097153952,1.6524012401477226,1.651773748914116,1.1775320019675157,0.8489343016314304,2.6761269065491797,3.5763119673440396,8.59722327401261,0.49052396878483834,0.5083612040133779,0.6477146042363434,0.42028985507246375,0.17725752508361203
random_r2_morgan_fingerprints_mlp,mlp,morgan_fingerprints,random,2,37,897,-0.1931192350510157,1.5666007024696749,1.5775920730371285,1.1140363838575391,0.7748754350486755,2.5720717044747423,3.4267813485802168,8.475134856043528,0.43812709030100333,0.5618729096989966,0.6666666666666666,0.4124860646599777,0.14938684503901895
random_r2_morgan_fingerprints_random_forest,random_forest,morgan_fingerprints,random,2,37,897,-0.0416085121357645,1.5144889406206008,1.514216287823459,1.0861763464526015,0.7435056293299982,2.5163510709910004,3.1884044903020565,6.9303430343216705,0.5061315496098104,0.4938684503901895,0.6298773690078038,0.39018952062430323,0.16945373467112598
random_r2_morgan_fingerprints_ridge,ridge,morgan_fingerprints,random,2,37,897,-0.006751593729247247,1.6648412968318511,1.6639267306443237,1.2332297694685885,0.9021940809894167,2.730825984423765,3.4901270208046897,8.18100642947298,0.5150501672240803,0.48494983277591974,0.7246376811594203,0.4492753623188406,0.18617614269788182
random_r2_morgan_fingerprints_svr,svr,morgan_fingerprints,random,2,37,897,-0.041595018655886724,1.4499272421151452,1.44971564937167,1.0049528214427967,0.6469606609367236,2.3571380124968924,3.049460318085844,8.115738026235977,0.48606465997770343,0.5139353400222966,0.6031215161649944,0.34782608695652173,0.14046822742474915
random_r2_morgan_fingerprints_xgboost,xgboost,morgan_fingerprints,random,2,37,897,-0.022495718030510873,1.582039047930363,1.5813169713806206,1.1327056534524618,0.7757787039761108,2.6637192120143753,3.4212544669290823,8.238713561299402,0.5183946488294314,0.4816053511705686,0.6577480490523969,0.4035674470457079,0.16945373467112598
random_r2_rdkit_descriptors_dummy,dummy,rdkit_descriptors,random,2,37,897,0.02663551509898526,2.368568998009423,2.3673981996317988,1.9201441727174218,1.6674346169566774,3.805611033728664,4.7039794872659915,7.220327182143323,0.5273132664437012,0.47268673355629875,0.8461538461538461,0.6822742474916388,0.4136008918617614
random_r2_rdkit_descriptors_elastic_net,elastic_net,rdkit_descriptors,random,2,37,897,0.008977454742859233,1.4563988989198553,1.4556145403217813,1.0630743066596957,0.7512208043175335,2.32361436660172,3.1626270616960017,6.4386979799187625,0.483835005574136,0.5161649944258639,0.6454849498327759,0.40468227424749165,0.13043478260869565
random_r2_rdkit_descriptors_esol,esol,rdkit_descriptors,random,2,37,897,1.4796334043921067,3.325836134090242,3.6384295638622364,2.8223465085291437,2.2560000000000002,5.7563225945945975,6.850800874430773,18.112761563300015,0.7134894091415831,0.28651059085841696,0.9007803790412486,0.802675585284281,0.5641025641025641
random_r2_rdkit_descriptors_extra_trees,extra_trees,rdkit_descriptors,random,2,37,897,0.00897181645617294,1.291214377991347,1.2905256235239153,0.8327339973872562,0.48190069880950004,2.1674677397917987,2.7996588018521975,8.333835511268003,0.4983277591973244,0.4972129319955407,0.48717948717948717,0.2909698996655518,0.11705685618729098
random_r2_rdkit_descriptors_hist_gradient_boosting,hist_gradient_boosting,rdkit_descriptors,random,2,37,897,0.017847579667924558,1.2298324088564287,1.2292762616609931,0.8445938297944066,0.5663062670474042,1.941061192603152,2.6667910953049727,5.580499739660376,0.48494983277591974,0.5150501672240803,0.5362318840579711,0.2987736900780379,0.09587513935340022
random_r2_rdkit_descriptors_knn,knn,rdkit_descriptors,random,2,37,897,-0.03495575441615566,1.3583065239948016,1.3579991404570662,0.9084615231642983,0.6038395110410455,2.097151930189717,3.047588613602064,6.532334485865084,0.4738015607580825,0.5027870680044593,0.5440356744704571,0.3377926421404682,0.11036789297658862
random_r2_rdkit_descriptors_mlp,mlp,rdkit_descriptors,random,2,37,897,0.04492689411566612,1.297380175270333,1.2974348820159023,0.9091725371942527,0.6205297329606605,2.0530066116164543,2.8852712192221355,5.938717537462026,0.5027870680044593,0.4972129319955407,0.5696767001114827,0.326644370122631,0.10925306577480491
random_r2_rdkit_descriptors_ngboost,ngboost,rdkit_descriptors,random,2,37,897,-0.00038398483687111974,1.2979779942547658,1.2972543387367046,0.9186182290071047,0.6565342768458713,2.0861832659720614,2.762865039930164,6.539334512029287,0.45484949832775917,0.5451505016722408,0.5908584169453734,0.31995540691192864,0.10925306577480491
random_r2_rdkit_descriptors_random_forest,random_forest,rdkit_descriptors,random,2,37,897,-0.000718400759362851,1.2719933786839799,1.2712843575373243,0.843998697559532,0.5198021432330002,2.146077630140934,2.715381311611866,7.325481037841001,0.4682274247491639,0.5317725752508361,0.5128205128205128,0.2853957636566332,0.11594202898550725
random_r2_rdkit_descriptors_ridge,ridge,rdkit_descriptors,random,2,37,897,0.009761436265224598,1.4561434829070246,1.4553643187563676,1.0625500097905465,0.7511592325634457,2.3282522925812,3.164738487037966,6.388374011268057,0.48049052396878483,0.5195094760312151,0.6432552954292085,0.40468227424749165,0.13154960981047936
random_r2_rdkit_descriptors_svr,svr,rdkit_descriptors,random,2,37,897,0.07777071183749643,1.278701481101275,1.280352659442336,0.8188211195544913,0.4583957844692077,2.2505090615138115,3.027818083699328,6.084872965104091,0.49944258639910816,0.5005574136008919,0.4738015607580825,0.2552954292084727,0.11371237458193979
random_r2_rdkit_descriptors_xgboost,xgboost,rdkit_descriptors,random,2,37,897,0.006124438108565302,1.217058120622351,1.2163949447839846,0.8165424743928829,0.5260268020629884,1.891281077773896,2.607243360979031,7.899167238476831,0.4659977703455964,0.5340022296544036,0.5117056856187291,0.2798216276477146,0.08918617614269789
random_r3_maccs_fingerprints_dummy,dummy,maccs_fingerprints,random,3,73,897,-0.004194002220965769,2.3791453668419336,2.377822527730168,1.9263210950137037,1.619351321490517,3.853809298241896,4.5916107928943095,7.840648678509483,0.5239687848383501,0.4760312151616499,0.8528428093645485,0.693422519509476,0.4180602006688963
random_r3_maccs_fingerprints_elastic_net,elastic_net,maccs_fingerprints,random,3,73,897,-0.024707227324763624,1.5612164209389134,1.5605415354722818,1.1679910565018814,0.8814137800441939,2.568924013508468,3.2249582785261586,6.9149397372619905,0.5228539576365663,0.47714604236343366,0.693422519509476,0.4459308807134894,0.18171683389074694
random_r3_maccs_fingerprints_extra_trees,extra_trees,maccs_fingerprints,random,3,73,897,-0.03340506119056246,1.352473267921841,1.352131877644506,0.9672343810908489,0.6842749125444869,2.3414911460991386,3.079327890071928,5.773435968849563,0.5306577480490524,0.4693422519509476,0.5942028985507246,0.3600891861761427,0.13043478260869565
random_r3_maccs_fingerprints_knn,knn,maccs_fingerprints,random,3,73,897,0.08173547813910893,1.471109004229553,1.472558903533942,1.0195665744777531,0.691378096910493,2.5943045519256063,3.139324372051253,5.759920993553731,0.5406911928651059,0.4280936454849498,0.5841694537346711,0.3734671125975474,0.15830546265328874
random_r3_maccs_fingerprints_mlp,mlp,maccs_fingerprints,random,3,73,897,-0.09972682081796201,1.2887452123469092,1.2918816062333252,0.953863938203817,0.71641849461485,2.1523345751349634,2.701921071827057,5.632365311001433,0.4738015607580825,0.5261984392419174,0.6287625418060201,0.35451505016722407,0.11482720178372352
random_r3_maccs_fingerprints_random_forest,random_forest,maccs_fingerprints,random,3,73,897,-0.006314077148665945,1.308871160541707,1.308156612663064,0.9193218704454149,0.6099164322778177,2.18417021401759,2.97004287315816,5.808685713525,0.5273132664437012,0.47268673355629875,0.5730211817168339,0.3355629877369008,0.12040133779264214
random_r3_maccs_fingerprints_ridge,ridge,maccs_fingerprints,random,3,73,897,-0.02205665968358523,1.562205128220246,1.5614898782776732,1.170396880658124,0.8896067882562599,2.59004229991764,3.2146172934470205,6.955903899425005,0.5273132664437012,0.47268673355629875,0.7001114827201784,0.45484949832775917,0.18283166109253066
random_r3_maccs_fingerprints_svr,svr,maccs_fingerprints,random,3,73,897,-0.03331195745588229,1.2161077869188,1.2158861368285747,0.8301778449621448,0.5516848309258289,2.0977883837032576,2.6311667043740714,5.787826773546053,0.5284280936454849,0.47157190635451507,0.5217391304347826,0.29654403567447046,0.10702341137123746
random_r3_maccs_fingerprints_xgboost,xgboost,maccs_fingerprints,random,3,73,897,-0.0605676357399284,1.2640250119744418,1.2647713010436343,0.9165491060185257,0.6408214616775512,2.11328476066,2.7446502848756427,5.061594753875854,0.5117056856187291,0.4882943143812709,0.5841694537346711,0.3355629877369008,0.11705685618729098
random_r3_molecular_graph_chemprop,chemprop,molecular_graph,random,3,73,897,-0.07997958822240801,1.071366528712358,1.0737519943932154,0.7812077000269789,0.5552416999999998,1.7420565199999996,2.2529880327999985,5.1758551021,0.45819397993311034,0.5418060200668896,0.5473801560758083,0.2608695652173913,0.07357859531772576
random_r3_morgan_fingerprints_dummy,dummy,morgan_fingerprints,random,3,73,897,-0.004194002220965769,2.3791453668419336,2.377822527730168,1.9263210950137037,1.619351321490517,3.853809298241896,4.5916107928943095,7.840648678509483,0.5239687848383501,0.4760312151616499,0.8528428093645485,0.693422519509476,0.4180602006688963
random_r3_morgan_fingerprints_elastic_net,elastic_net,morgan_fingerprints,random,3,73,897,-0.00783646355915498,1.6232177048717717,1.6223315755542385,1.2293021862719837,0.9841594768285589,2.640379426698578,3.2793562635234377,7.212948123553343,0.5239687848383501,0.4760312151616499,0.7101449275362319,0.48940914158305465,0.18617614269788182
random_r3_morgan_fingerprints_extra_trees,extra_trees,morgan_fingerprints,random,3,73,897,-0.00980168370826355,1.33089046462274,1.3301845144514008,0.9628301513801903,0.677451873857001,2.2507984575516007,2.963241455726101,5.52711696517075,0.5295429208472687,0.4693422519509476,0.6086956521739131,0.3600891861761427,0.13823857302118173
random_r3_morgan_fingerprints_knn,knn,morgan_fingerprints,random,3,73,897,-0.021046064930724095,1.4559484879335203,1.4552888858473263,1.0243370013647295,0.723599178990078,2.4203517101980365,3.026984482379835,8.908711340946995,0.5139353400222966,0.4782608695652174,0.6164994425863991,0.379041248606466,0.14492753623188406
random_r3_morgan_fingerprints_mlp,mlp,morgan_fingerprints,random,3,73,897,-0.059720847281429706,1.3968868189966668,1.3973847037989144,1.02311926755355,0.7584406843855329,2.250285389547923,2.8347958500111936,7.596306437583805,0.5050167224080268,0.49498327759197325,0.6321070234113713,0.3957636566332218,0.13154960981047936
random_r3_morgan_fingerprints_random_forest,random_forest,morgan_fingerprints,random,3,73,897,-0.03876337013911516,1.3757846669846012,1.3755638561322505,1.0075544070416478,0.7312450232410006,2.2905975687749,2.9600754616982,5.721390109939734,0.5273132664437012,0.47268673355629875,0.6187290969899666,0.37681159420289856,0.14381270903010032
random_r3_morgan_fingerprints_ridge,ridge,morgan_fingerprints,random,3,73,897,-0.0010436488141830158,1.5423850964826702,1.5415254635886178,1.1649802124062798,0.9049290800777231,2.570160332936088,3.122503690233971,7.121496234265836,0.5261984392419174,0.4738015607580825,0.7045707915273133,0.45707915273132665,0.17391304347826086
random_r3_morgan_fingerprints_svr,svr,morgan_fingerprints,random,3,73,897,-0.0033923127460390046,1.2806940594326341,1.2799844793633839,0.9226107575240498,0.6489768261738753,2.185791481526281,2.78066698024533,5.9777488261521015,0.5128205128205128,0.48717948717948717,0.5942028985507246,0.33221850613154963,0.11928651059085842
random_r3_morgan_fingerprints_xgboost,xgboost,morgan_fingerprints,random,3,73,897,0.008166768044586123,1.4474239673906089,1.4466399808514687,1.0585519340200817,0.7316533029079437,2.412088839092852,2.956269933700561,7.0412085966550535,0.5317725752508361,0.4682274247491639,0.6432552954292085,0.40245261984392416,0.15607580824972128
random_r3_rdkit_descriptors_dummy,dummy,rdkit_descriptors,random,3,73,897,-0.004194002220965769,2.3791453668419336,2.377822527730168,1.9263210950137037,1.619351321490517,3.853809298241896,4.5916107928943095,7.840648678509483,0.5239687848383501,0.4760312151616499,0.8528428093645485,0.693422519509476,0.4180602006688963
random_r3_rdkit_descriptors_elastic_net,elastic_net,rdkit_descriptors,random,3,73,897,-0.056353869904746785,1.3496197024817334,1.3500438777876398,0.9979640439477949,0.7611638026581016,2.2020960257860764,2.7142965243566697,6.086838544560573,0.4782608695652174,0.5217391304347826,0.6287625418060201,0.3957636566332218,0.11928651059085842
random_r3_rdkit_descriptors_esol,esol,rdkit_descriptors,random,3,73,897,1.3302714342949642,3.1992901550879846,3.463187667295023,2.640865728953667,2.0717,5.561340497819991,6.802506828163169,14.948023080012888,0.7134894091415831,0.28651059085841696,0.89520624303233,0.7480490523968785,0.5128205128205128
random_r3_rdkit_descriptors_extra_trees,extra_trees,rdkit_descriptors,random,3,73,897,-0.04169245570576044,1.1551566686433694,1.1552651553335043,0.8078994038288867,0.5501382224583169,1.8526377301902055,2.5457345745045834,4.914192776093493,0.4782608695652174,0.5217391304347826,0.5317725752508361,0.2831661092530658,0.09253065774804906
random_r3_rdkit_descriptors_hist_gradient_boosting,hist_gradient_boosting,rdkit_descriptors,random,3,73,897,-0.05380661907599139,1.0345057666888178,1.0353280847468942,0.7273170176129083,0.4903085420127642,1.6569146749827879,2.0928558090547167,4.951675094449088,0.4816053511705686,0.5183946488294314,0.49498327759197325,0.24972129319955408,0.056856187290969896
random_r3_rdkit_descriptors_knn,knn,rdkit_descriptors,random,3,73,897,-0.11936529527739488,1.2672114440082252,1.2721174082312035,0.8799233258374208,0.579687843762642,2.1625493545156464,2.7485477121090955,5.662386473494226,0.46711259754738016,0.5016722408026756,0.5551839464882943,0.31995540691192864,0.12040133779264214
random_r3_rdkit_descriptors_mlp,mlp,rdkit_descriptors,random,3,73,897,-0.035938691296992585,1.0954553252283281,1.095434225101122,0.7914599438747764,0.5837216935768926,1.8121359899233802,2.4010301721226686,4.071046953068023,0.47491638795986624,0.5250836120401338,0.5496098104793757,0.2653288740245262,0.08138238573021182
random_r3_rdkit_descriptors_ngboost,ngboost,rdkit_descriptors,random,3,73,897,-0.030952730750754078,1.1446797401903435,1.1444601479760028,0.8346327365478285,0.6211389874510467,1.805090336807391,2.389422521039525,5.270296856671444,0.483835005574136,0.5161649944258639,0.5719063545150501,0.3110367892976589,0.07469342251950947
random_r3_rdkit_descriptors_random_forest,random_forest,rdkit_descriptors,random,3,73,897,-0.03857401640077337,1.1227646795137587,1.1228014644399247,0.786952641854147,0.5322580554303777,1.828744778778039,2.424842084617616,5.190852877350656,0.4782608695652174,0.5217391304347826,0.5195094760312151,0.2809364548494983,0.0802675585284281
random_r3_rdkit_descriptors_ridge,ridge,rdkit_descriptors,random,3,73,897,-0.059402825754907386,1.3277954899669455,1.3283840080986007,0.9837418649660606,0.7242380384839793,2.1245370116167384,2.730620699463908,5.824672788797676,0.48494983277591974,0.5150501672240803,0.6443701226309922,0.3835005574136009,0.11817168338907469
random_r3_rdkit_descriptors_svr,svr,rdkit_descriptors,random,3,73,897,0.014565559090572671,1.0466622380736232,1.0461800518406914,0.7054832559902905,0.42152804159333845,1.7627866646784143,2.39588768198343,4.468649882486074,0.4972129319955407,0.5027870680044593,0.45707915273132665,0.2318840579710145,0.07469342251950947
random_r3_rdkit_descriptors_xgboost,xgboost,rdkit_descriptors,random,3,73,897,-0.0434213461909412,0.9956587093592265,0.996050455646196,0.703953952975007,0.4842912709712982,1.6202387621542036,2.055053729891775,4.892452807851953,0.48717948717948717,0.5128205128205128,0.48494983277591974,0.23634336677814938,0.054626532887402456
random_r4_maccs_fingerprints_dummy,dummy,maccs_fingerprints,random,4,101,897,-0.004909346418649193,2.38687525534551,2.3855494591999262,1.9311456508818567,1.7019100509950074,3.804144044180998,4.656120506904989,7.940720220904992,0.5250836120401338,0.47491638795986624,0.8472686733556298,0.6867335562987736,0.4236343366778149
random_r4_maccs_fingerprints_elastic_net,elastic_net,maccs_fingerprints,random,4,101,897,0.03397539147441249,1.6908890588687093,1.6902877647603822,1.2698524857894944,0.9688872845802972,2.7871417037543433,3.5995989907960753,7.659692062005345,0.5384615384615384,0.46153846153846156,0.7224080267558528,0.48940914158305465,0.19286510590858416
random_r4_maccs_fingerprints_extra_trees,extra_trees,maccs_fingerprints,random,4,101,897,0.017978132684450893,1.4408377908720567,1.4401466440938107,0.951085206301841,0.5808906423905,2.3774886867509997,3.2009532290293503,7.5280280853449995,0.5195094760312151,0.47714604236343366,0.5484949832775919,0.3355629877369008,0.13712374581939799
random_r4_maccs_fingerprints_knn,knn,maccs_fingerprints,random,4,101,897,0.1001294317704837,1.5044401794861222,1.5069316253490905,1.010781805175327,0.6417993013913597,2.5049658527546974,3.3400360632884993,8.430409925713548,0.5429208472686734,0.4280936454849498,0.5719063545150501,0.3734671125975474,0.14604236343366778
random_r4_maccs_fingerprints_mlp,mlp,maccs_fingerprints,random,4,101,897,0.04893157378873784,1.4759593589461046,1.475947738280299,1.0492248150136712,0.7376593761681443,2.350660275493522,3.1870742204260387,6.84062272963455,0.5239687848383501,0.4760312151616499,0.6465997770345596,0.3690078037904125,0.14715719063545152
random_r4_maccs_fingerprints_random_forest,random_forest,maccs_fingerprints,random,4,101,897,0.007405661408156616,1.4060760194339719,1.4053115481567044,0.957450834719918,0.6005316308364166,2.335379600090601,3.147450891781157,7.317994321027552,0.5172798216276477,0.48272017837235226,0.5607580824972129,0.34002229654403565,0.13154960981047936
random_r4_maccs_fingerprints_ridge,ridge,maccs_fingerprints,random,4,101,897,0.03335904535339588,1.6930345915949871,1.6924194076274217,1.2749155376073649,0.9800264096982494,2.760435613165831,3.5894876213568065,7.728554945170969,0.5373467112597548,0.46265328874024525,0.7224080267558528,0.4927536231884058,0.19286510590858416
random_r4_maccs_fingerprints_svr,svr,maccs_fingerprints,random,4,101,897,0.010999344591099337,1.3682805864053247,1.3675619102660896,0.9174095013747754,0.5583432726368529,2.1070023994669076,2.9924331269441393,7.060284032627237,0.5105908584169454,0.48940914158305465,0.5395763656633222,0.3177257525083612,0.11259754738015608
random_r4_maccs_fingerprints_xgboost,xgboost,maccs_fingerprints,random,4,101,897,0.024621726365204752,1.382829953126029,1.3822782336680044,0.96465156483096,0.6464793205261232,2.2048762919616696,2.8736323267744996,6.71190606445105,0.5273132664437012,0.47268673355629875,0.6053511705685619,0.326644370122631,0.12486064659977704
random_r4_molecular_graph_chemprop,chemprop,molecular_graph,random,4,101,897,-0.01624318437755852,1.2377019453916474,1.2371184810145959,0.8352414657266778,0.5232729999999997,1.9028709919999998,2.698545147159998,6.1004992865,0.463768115942029,0.5362318840579711,0.5239687848383501,0.2709030100334448,0.09141583054626533
random_r4_morgan_fingerprints_dummy,dummy,morgan_fingerprints,random,4,101,897,-0.004909346418649193,2.38687525534551,2.3855494591999262,1.9311456508818567,1.7019100509950074,3.804144044180998,4.656120506904989,7.940720220904992,0.5250836120401338,0.47491638795986624,0.8472686733556298,0.6867335562987736,0.4236343366778149
random_r4_morgan_fingerprints_elastic_net,elastic_net,morgan_fingerprints,random,4,101,897,0.059645466010261196,1.72857941879929,1.7286449316562815,1.3241728706236382,1.0562198819910276,2.895371513980127,3.4570584487180214,7.569639424740829,0.5362318840579711,0.463768115942029,0.7357859531772575,0.5206243032329989,0.22073578595317725
random_r4_morgan_fingerprints_extra_trees,extra_trees,morgan_fingerprints,random,4,101,897,0.024075330910671947,1.4465392963549033,1.445933196370074,1.0313444195671833,0.7493912075614944,2.398651636941001,3.1475401475521996,7.989898206862001,0.5328874024526199,0.4659977703455964,0.620958751393534,0.3857302118171683,0.14046822742474915
random_r4_morgan_fingerprints_knn,knn,morgan_fingerprints,random,4,101,897,0.018776202436036133,1.5369692913099766,1.5362270731317489,1.11502348718278,0.8270254306160016,2.4778589549156447,3.2399583459909467,8.592428264031641,0.5328874024526199,0.46488294314381273,0.6577480490523969,0.4169453734671126,0.16499442586399107
random_r4_morgan_fingerprints_mlp,mlp,morgan_fingerprints,random,4,101,897,0.09705165181447868,1.5160949066314742,1.518354474396241,1.0939122548364153,0.7971974601276557,2.441932596689113,3.0416989270432877,7.820378121163486,0.5484949832775919,0.451505016722408,0.6566332218506131,0.41025641025641024,0.15607580824972128
random_r4_morgan_fingerprints_random_forest,random_forest,morgan_fingerprints,random,4,101,897,-0.000930274432311032,1.4950408090423903,1.4942075101584718,1.0834615179348155,0.7780135318220006,2.43145765179497,3.2236174902538126,8.126938814899,0.5317725752508361,0.4682274247491639,0.6477146042363434,0.40914158305462656,0.16610925306577481
random_r4_morgan_fingerprints_ridge,ridge,morgan_fingerprints,random,4,101,897,0.06438525026056291,1.63067049748494,1.6310325901439513,1.223636634302265,0.9501888703866568,2.6616036757762664,3.35466023214042,7.613877368927232,0.5451505016722408,0.45484949832775917,0.7001114827201784,0.47714604236343366,0.1850613154960981
random_r4_morgan_fingerprints_svr,svr,morgan_fingerprints,random,4,101,897,0.021901369863420443,1.3742005598746174,1.373608961376613,0.96739550537427,0.66247845378787,2.2387046579996324,2.8821855023968337,7.824710420333082,0.5039018952062431,0.496098104793757,0.6120401337792643,0.3433667781493868,0.13043478260869565
random_r4_morgan_fingerprints_xgboost,xgboost,morgan_fingerprints,random,4,101,897,0.047450234652934256,1.4913054730979405,1.4912290810156,1.0796291062102232,0.7629969024658205,2.5346401042938234,3.134688481624619,7.896997440755676,0.5228539576365663,0.47714604236343366,0.6465997770345596,0.3957636566332218,0.1516164994425864
random_r4_rdkit_descriptors_dummy,dummy,rdkit_descriptors,random,4,101,897,-0.004909346418649193,2.38687525534551,2.3855494591999262,1.9311456508818567,1.7019100509950074,3.804144044180998,4.656120506904989,7.940720220904992,0.5250836120401338,0.47491638795986624,0.8472686733556298,0.6867335562987736,0.4236343366778149
random_r4_rdkit_descriptors_elastic_net,elastic_net,rdkit_descriptors,random,4,101,897,0.041891828266128195,1.482659229168212,1.4824245729773475,1.0604018316338888,0.7394041983055109,2.4121526588261295,3.178305382837677,7.419317629892429,0.4983277591973244,0.5016722408026756,0.6287625418060201,0.38238573021181715,0.13600891861761427
random_r4_rdkit_descriptors_esol,esol,rdkit_descriptors,random,4,101,897,1.5691357238118608,3.6018794479277805,3.9269911162115463,2.736729648842423,2.1425800000000006,5.717791470400005,6.926776033797295,51.97060785714339,0.7335562987736901,0.26644370122630995,0.8684503901895206,0.750278706800446,0.5306577480490524
random_r4_rdkit_descriptors_extra_trees,extra_trees,rdkit_descriptors,random,4,101,897,0.04017506781318423,1.2649527852078022,1.2648856642745372,0.7941996667455078,0.4505465976774996,2.101125200120199,2.9695658276708,6.873060316685,0.48606465997770343,0.5105908584169454,0.4682274247491639,0.2653288740245262,0.10813823857302118
random_r4_rdkit_descriptors_hist_gradient_boosting,hist_gradient_boosting,rdkit_descriptors,random,4,101,897,0.03405411998899473,1.2491155328464851,1.2488834389893204,0.8254175331488891,0.5345835019851866,1.9031564724471872,2.731193281688318,7.532591552642278,0.47268673355629875,0.5273132664437012,0.5206243032329989,0.25863991081382387,0.08807134894091416
random_r4_rdkit_descriptors_knn,knn,rdkit_descriptors,random,4,101,897,-0.058799545499234884,1.3218738339789857,1.3224446399435816,0.8855562009456371,0.5653716821965435,2.139741142570227,2.802569811868426,8.862949426762457,0.45707915273132665,0.5183946488294314,0.5328874024526199,0.3366778149386845,0.11928651059085842
random_r4_rdkit_descriptors_mlp,mlp,rdkit_descriptors,random,4,101,897,-0.016436041184503217,1.3132567169730955,1.3126273915193254,0.8939572140755142,0.5881332445532426,2.113885080111559,2.8141183346037093,7.359215094550241,0.4559643255295429,0.5440356744704571,0.5507246376811594,0.3088071348940914,0.11036789297658862
random_r4_rdkit_descriptors_ngboost,ngboost,rdkit_descriptors,random,4,101,897,0.046330843726322395,1.324985799539643,1.3250572589545146,0.894508009218743,0.5955835037060757,2.037639020852088,2.728842098254097,7.364893545020039,0.5016722408026756,0.4983277591973244,0.5618729096989966,0.3010033444816054,0.10590858416945373
random_r4_rdkit_descriptors_random_forest,random_forest,rdkit_descriptors,random,4,101,897,0.030412828267156293,1.276320885656194,1.2759717455117587,0.8353453750968024,0.4852962834450001,2.0548465471263335,2.810607812186603,6.922277525901999,0.4682274247491639,0.5317725752508361,0.48940914158305465,0.2731326644370123,0.10702341137123746
random_r4_rdkit_descriptors_ridge,ridge,rdkit_descriptors,random,4,101,897,0.01883609717996159,1.4899404813576518,1.4892288630034536,1.054291588478451,0.7197907706723035,2.366976464309262,3.179849616327015,7.849436153866328,0.4882943143812709,0.5117056856187291,0.6265328874024526,0.3879598662207358,0.13712374581939799
random_r4_rdkit_descriptors_svr,svr,rdkit_descriptors,random,4,101,897,0.09645432687702271,1.2668884647914558,1.2698505875184745,0.7994646909230652,0.4258250238712624,2.0671678756700875,2.7887304881027584,7.821259348938652,0.4972129319955407,0.5027870680044593,0.46265328874024525,0.26198439241917504,0.10702341137123746
random_r4_rdkit_descriptors_xgboost,xgboost,rdkit_descriptors,random,4,101,897,0.030509871426574436,1.2091652722028359,1.2088761476966405,0.785168277128452,0.47858387947082504,1.842304573535919,2.5684165826596668,7.550932038724731,0.4782608695652174,0.5217391304347826,0.49052396878483834,0.25195094760312153,0.0802675585284281
random_r5_maccs_fingerprints_dummy,dummy,maccs_fingerprints,random,5,137,897,0.014056699529642586,2.3712401563873167,2.369959713182139,1.9283290390318608,1.7040508431520507,3.8367890978579497,4.506005157387948,7.221585203947949,0.5351170568561873,0.46488294314381273,0.8416945373467113,0.6923076923076923,0.4214046822742475
random_r5_maccs_fingerprints_elastic_net,elastic_net,maccs_fingerprints,random,5,137,897,0.016988885427026913,1.6575721318667174,1.6567350289801943,1.2543939965419804,0.9603079237382051,2.714535555552224,3.5281454236288132,5.887711837579786,0.5429208472686734,0.45707915273132665,0.7302118171683389,0.4793756967670011,0.19509476031215162
random_r5_maccs_fingerprints_extra_trees,extra_trees,maccs_fingerprints,random,5,137,897,-0.017751587556907603,1.4001458299244531,1.3994777409326506,0.9885500224673226,0.6907385091043481,2.3665731482010397,3.2039083626178737,5.628144164812633,0.5183946488294314,0.4816053511705686,0.6231884057971014,0.34782608695652173,0.13154960981047936
random_r5_maccs_fingerprints_knn,knn,maccs_fingerprints,random,5,137,897,0.08774876938740811,1.4686607428127205,1.4704623699527046,1.008835382294758,0.6647798447648667,2.478458527776494,3.296192305163396,5.360974217933037,0.5373467112597548,0.43255295429208473,0.5797101449275363,0.3690078037904125,0.1516164994425864
random_r5_maccs_fingerprints_mlp,mlp,maccs_fingerprints,random,5,137,897,0.0418690606035346,1.4316204179661784,1.4314346508839484,1.0266097437465254,0.7429932048220742,2.3261431267438732,3.0633966184953065,7.10984891083719,0.5295429208472687,0.47045707915273133,0.6454849498327759,0.36454849498327757,0.13712374581939799
random_r5_maccs_fingerprints_random_forest,random_forest,maccs_fingerprints,random,5,137,897,-0.02418587395238166,1.3559213213800807,1.3553811092210113,0.94126484076001,0.6164952298853335,2.3048655804065397,3.116493055244997,5.852867606603332,0.4983277591973244,0.5016722408026756,0.5819397993311036,0.32441471571906355,0.13489409141583056
random_r5_maccs_fingerprints_ridge,ridge,maccs_fingerprints,random,5,137,897,0.011651234062397833,1.6580285268476096,1.6571450213525944,1.2517307660049652,0.9470100184357197,2.7111816092313514,3.5564898647697722,5.996047233696498,0.5484949832775919,0.451505016722408,0.7212931995540691,0.4693422519509476,0.19175027870680045
random_r5_maccs_fingerprints_svr,svr,maccs_fingerprints,random,5,137,897,-0.0074561742193806,1.3388572151219862,1.3381314831433049,0.8927617793314806,0.5231273347921652,2.2993256855893156,3.0644143285216985,7.606314553115586,0.5061315496098104,0.4938684503901895,0.5094760312151616,0.31215161649944256,0.12486064659977704
random_r5_maccs_fingerprints_xgboost,xgboost,maccs_fingerprints,random,5,137,897,-0.004266113267444428,1.3597113864925299,1.3589599497284532,0.9477356565178914,0.6336786357879638,2.1558691993407124,3.1252687206268304,5.996189079284668,0.5094760312151616,0.49052396878483834,0.5785953177257525,0.3355629877369008,0.12040133779264214
random_r5_molecular_graph_chemprop,chemprop,molecular_graph,random,5,137,897,0.01121762885440357,1.1589137428115242,1.1583218875472348,0.7994466194639911,0.5643311,1.8033622895599999,2.3684235240000002,6.1412098692,0.5050167224080268,0.49498327759197325,0.5462653288740246,0.2787068004459309,0.07023411371237458
random_r5_morgan_fingerprints_dummy,dummy,morgan_fingerprints,random,5,137,897,0.014056699529642586,2.3712401563873167,2.369959713182139,1.9283290390318608,1.7040508431520507,3.8367890978579497,4.506005157387948,7.221585203947949,0.5351170568561873,0.46488294314381273,0.8416945373467113,0.6923076923076923,0.4214046822742475
random_r5_morgan_fingerprints_elastic_net,elastic_net,morgan_fingerprints,random,5,137,897,-0.031027428001075486,1.685579427394258,1.6849253054117435,1.2533737272196468,0.9799189010653226,2.732510725252641,3.6139440307629775,8.092637283250548,0.5340022296544036,0.4659977703455964,0.7212931995540691,0.49498327759197325,0.19286510590858416
random_r5_morgan_fingerprints_extra_trees,extra_trees,morgan_fingerprints,random,5,137,897,-0.07858180048969998,1.434743271849713,1.4360948773614333,1.0143578966883893,0.6861855000000019,2.332598824134199,3.1291357531465986,7.024535943527999,0.49944258639910816,0.5005574136008919,0.6109253065774805,0.37235228539576365,0.13600891861761427
random_r5_morgan_fingerprints_knn,knn,morgan_fingerprints,random,5,137,897,-0.06358176143248967,1.5705293228832093,1.5709408657284571,1.1150591988941803,0.7647759262295049,2.4899781439722153,3.3653953882158434,8.431146538533763,0.4938684503901895,0.5050167224080268,0.6432552954292085,0.4124860646599777,0.15942028985507245
random_r5_morgan_fingerprints_mlp,mlp,morgan_fingerprints,random,5,137,897,-0.07362110344039177,1.4871051304843679,1.4880982212420444,1.0874184617921774,0.7837118895500161,2.2858327524324658,3.1767421246567076,8.398670086796663,0.5217391304347826,0.4782608695652174,0.6822742474916388,0.4080267558528428,0.1326644370122631
random_r5_morgan_fingerprints_random_forest,random_forest,morgan_fingerprints,random,5,137,897,-0.0702423500161494,1.4458078445599627,1.4467079596714985,1.0469532018570789,0.7332429314130002,2.3659355765839045,3.1190244441034043,6.586838412249999,0.5072463768115942,0.4927536231884058,0.6376811594202898,0.38684503901895206,0.14381270903010032
random_r5_morgan_fingerprints_ridge,ridge,morgan_fingerprints,random,5,137,897,-0.024370058575413557,1.6175634120821158,1.61684517928836,1.2157190472496053,0.9322482520655426,2.6073492608949116,3.3418247912136296,8.046924562748796,0.5451505016722408,0.45484949832775917,0.7268673355629878,0.47045707915273133,0.18394648829431437
random_r5_morgan_fingerprints_svr,svr,morgan_fingerprints,random,5,137,897,-0.051994017643667415,1.3850828068151453,1.3852866181680639,0.9674444726136714,0.651757780533686,2.2800516455875197,2.965701604577099,7.42471839510728,0.5139353400222966,0.48606465997770343,0.5863991081382386,0.3366778149386845,0.12486064659977704
random_r5_morgan_fingerprints_xgboost,xgboost,morgan_fingerprints,random,5,137,897,-0.007943186301729434,1.5032379508618712,1.502420789579504,1.094300022012467,0.7877086544036864,2.4171736826900387,3.203050002019707,8.053677736523706,0.5295429208472687,0.47045707915273133,0.673355629877369,0.40022296544035674,0.14381270903010032
random_r5_rdkit_descriptors_dummy,dummy,rdkit_descriptors,random,5,137,897,0.014056699529642586,2.3712401563873167,2.369959713182139,1.9283290390318608,1.7040508431520507,3.8367890978579497,4.506005157387948,7.221585203947949,0.5351170568561873,0.46488294314381273,0.8416945373467113,0.6923076923076923,0.4214046822742475
random_r5_rdkit_descriptors_elastic_net,elastic_net,rdkit_descriptors,random,5,137,897,-0.0035282257531795615,1.4057123034460117,1.4049329520287244,1.0264559478849589,0.7433349408820786,2.1903459214122942,2.9089209271769283,6.118592609744409,0.5027870680044593,0.4972129319955407,0.6376811594202898,0.39687848383500557,0.12151616499442586
random_r5_rdkit_descriptors_esol,esol,rdkit_descriptors,random,5,137,897,1.4108967924403937,3.2858857464322835,3.5743024575301447,2.7021701529782893,2.1085948275862116,5.716905776029097,6.863053577982474,18.04831999999999,0.7068004459308808,0.2931995540691193,0.8818283166109253,0.7547380156075808,0.5217391304347826
random_r5_rdkit_descriptors_extra_trees,extra_trees,rdkit_descriptors,random,5,137,897,-0.04481071774578676,1.2052635317989913,1.205424703755755,0.7645019151327026,0.42808165807399984,1.865702380138001,2.6733919738813987,7.789322665496003,0.46488294314381273,0.5317725752508361,0.46265328874024525,0.2653288740245262,0.0903010033444816
random_r5_rdkit_descriptors_hist_gradient_boosting,hist_gradient_boosting,rdkit_descriptors,random,5,137,897,-0.020217970239256637,1.1622320550118341,1.1617599691828204,0.7871670592330005,0.5264451396742162,1.6899136731141937,2.4926168162710614,6.718790115724669,0.4782608695652174,0.5217391304347826,0.5183946488294314,0.26421404682274247,0.07469342251950947
random_r5_rdkit_descriptors_knn,knn,rdkit_descriptors,random,5,137,897,-0.08876763096988978,1.3102963766175628,1.3125708613843978,0.9119884626968968,0.6118028776157431,2.233643686678778,2.7976203188544826,6.292525933923307,0.46488294314381273,0.5239687848383501,0.5607580824972129,0.32441471571906355,0.12709030100334448
random_r5_rdkit_descriptors_mlp,mlp,rdkit_descriptors,random,5,137,897,-0.10386301004195178,1.1900997602692063,1.1939623079241057,0.8269022406157175,0.5411600010239601,1.9080652511094462,2.4956022410569334,5.980590738400927,0.4180602006688963,0.5819397993311036,0.5340022296544036,0.27647714604236345,0.0903010033444816
random_r5_rdkit_descriptors_ngboost,ngboost,rdkit_descriptors,random,5,137,897,-0.015058484577108493,1.2474153801645647,1.246810798473445,0.8590420936385451,0.5912571798920383,1.9088385500145943,2.6376502057533084,7.397466774887107,0.4738015607580825,0.5261984392419174,0.5663322185061316,0.2931995540691193,0.09253065774804906
random_r5_rdkit_descriptors_random_forest,random_forest,rdkit_descriptors,random,5,137,897,-0.04943479141969535,1.1806721349580374,1.1810488705332414,0.7778975142908908,0.4913809214009994,1.8342904519881997,2.6137064182295333,7.639755263634001,0.45819397993311034,0.5418060200668896,0.4938684503901895,0.25752508361204013,0.08249721293199554
random_r5_rdkit_descriptors_ridge,ridge,rdkit_descriptors,random,5,137,897,-0.0008968754753071365,1.3728045238671907,1.3720393836983276,1.0024949705532213,0.7332861953880192,2.1246178823292854,2.852454263626381,5.444361641729795,0.49944258639910816,0.5005574136008919,0.6488294314381271,0.379041248606466,0.11371237458193979
random_r5_rdkit_descriptors_svr,svr,rdkit_descriptors,random,5,137,897,0.044322346524736496,1.0998156702307484,1.1000956731236522,0.7227373266125077,0.42942219381982516,1.7692720941500166,2.4140521307982317,5.188746183670322,0.4816053511705686,0.5183946488294314,0.4559643255295429,0.22742474916387959,0.0858416945373467
random_r5_rdkit_descriptors_xgboost,xgboost,rdkit_descriptors,random,5,137,897,-0.03652857755894101,1.1231502751269493,1.123118230767675,0.736558111899574,0.46930589389801025,1.6535744413883338,2.4117954688573247,8.071411906483728,0.463768115942029,0.5362318840579711,0.47045707915273133,0.23411371237458195,0.0713489409141583
scaffold_r1_maccs_fingerprints_dummy,dummy,maccs_fingerprints,scaffold,1,13,897,-0.3118734953447475,2.8688902909135443,2.8842019620674564,2.3605541704259774,2.125568515601016,4.740500251378983,5.379420058298981,10.171420058298985,0.5284280936454849,0.47157190635451507,0.8807134894091416,0.7480490523968785,0.5317725752508361
scaffold_r1_maccs_fingerprints_elastic_net,elastic_net,maccs_fingerprints,scaffold,1,13,897,-0.2912816122873314,1.8876991671609282,1.908999879262669,1.4895521280103383,1.2493456373085219,3.140508538030101,3.852211247243112,7.384191949795776,0.4816053511705686,0.5183946488294314,0.7993311036789298,0.5785953177257525,0.24860646599777034
scaffold_r1_maccs_fingerprints_extra_trees,extra_trees,maccs_fingerprints,scaffold,1,13,897,-0.13422898615632448,1.640137374817525,1.6447094233953907,1.1978125301322347,0.8916430011789998,2.7278913008326002,3.6423459607618027,6.735629510492995,0.5039018952062431,0.4938684503901895,0.6911928651059086,0.4492753623188406,0.1716833890746934
scaffold_r1_maccs_fingerprints_knn,knn,maccs_fingerprints,scaffold,1,13,897,-0.2606100627896852,2.322580879620433,2.335869376373493,1.7101043784133967,1.2167934103064562,4.134394616153008,4.892394616153005,9.684394616153009,0.5362318840579711,0.45261984392419174,0.7491638795986622,0.5774804905239688,0.3177257525083612
scaffold_r1_maccs_fingerprints_mlp,mlp,maccs_fingerprints,scaffold,1,13,897,-0.23306632991068327,1.6250582512855907,1.640789499774588,1.2166748020293514,0.8954457237471936,2.610694285745808,3.4773118455023133,7.309190906044141,0.4269788182831661,0.5730211817168339,0.7001114827201784,0.4537346711259755,0.1850613154960981
scaffold_r1_maccs_fingerprints_random_forest,random_forest,maccs_fingerprints,scaffold,1,13,897,-0.19153282909719677,1.68594299633206,1.695853714930339,1.2684492593894954,0.9876076908820011,2.7739135248963978,3.388534358720531,7.135724654610334,0.5117056856187291,0.4882943143812709,0.7101449275362319,0.4983277591973244,0.21070234113712374
scaffold_r1_maccs_fingerprints_ridge,ridge,maccs_fingerprints,scaffold,1,13,897,-0.30473870509487466,1.8817903791376673,1.9052697855527498,1.4833342502984506,1.2262348037497999,3.11854081673417,3.840956441696695,7.65202379978245,0.4738015607580825,0.5261984392419174,0.7993311036789298,0.5797101449275363,0.24303232998885171
scaffold_r1_maccs_fingerprints_svr,svr,maccs_fingerprints,scaffold,1,13,897,-0.22081270463878572,1.5620860420620333,1.5767532302827023,1.1339175348448065,0.8289138917765866,2.6396788335945804,3.3182945348358213,6.371112193858873,0.431438127090301,0.568561872909699,0.6421404682274248,0.4214046822742475,0.16722408026755853
scaffold_r1_maccs_fingerprints_xgboost,xgboost,maccs_fingerprints,scaffold,1,13,897,-0.12604700933399196,1.5295047705326494,1.5338398488061482,1.1067092728349899,0.8022688102722166,2.598276247043657,3.1879661146954,6.392765350341797,0.4916387959866221,0.5083612040133779,0.6354515050167224,0.4013377926421405,0.16499442586399107
scaffold_r1_molecular_graph_chemprop,chemprop,molecular_graph,scaffold,1,13,897,0.09995599348072463,1.2111619485708465,1.214606566542198,0.8609665195779822,0.61984203,1.8714962851599997,2.566834820479997,6.1888377999,0.5351170568561873,0.46488294314381273,0.5841694537346711,0.31438127090301005,0.08361204013377926
scaffold_r1_morgan_fingerprints_dummy,dummy,morgan_fingerprints,scaffold,1,13,897,-0.3118734953447475,2.8688902909135443,2.8842019620674564,2.3605541704259774,2.125568515601016,4.740500251378983,5.379420058298981,10.171420058298985,0.5284280936454849,0.47157190635451507,0.8807134894091416,0.7480490523968785,0.5317725752508361
scaffold_r1_morgan_fingerprints_elastic_net,elastic_net,morgan_fingerprints,scaffold,1,13,897,-0.07172167767479144,2.0419565344048647,2.04207789249327,1.6115173669290783,1.319489819589077,3.260768149494562,4.036881735151277,8.99465605227611,0.5295429208472687,0.47045707915273133,0.8115942028985508,0.6075808249721293,0.3177257525083612
scaffold_r1_morgan_fingerprints_extra_trees,extra_trees,morgan_fingerprints,scaffold,1,13,897,-0.24359845902912283,1.9666863727928479,1.9806270491644284,1.4995870520887398,1.168141903368,3.3229969908345987,3.927141518710599,9.775902774384,0.5005574136008919,0.49944258639910816,0.750278706800446,0.5484949832775919,0.28205128205128205
scaffold_r1_morgan_fingerprints_knn,knn,morgan_fingerprints,scaffold,1,13,897,-0.24185210122529371,2.0833177587884566,2.096155226972883,1.5203100979965127,1.038892022365349,3.5569623797994403,4.523387440942948,9.219206740023468,0.4816053511705686,0.5161649944258639,0.7268673355629878,0.5094760312151616,0.2853957636566332
scaffold_r1_morgan_fingerprints_mlp,mlp,morgan_fingerprints,scaffold,1,13,897,-0.008161642957058462,1.700688047101467,1.6997593908686934,1.2871167529317011,0.9692523275611947,2.811902036393897,3.523889420887499,6.107861500321262,0.5061315496098104,0.4938684503901895,0.7101449275362319,0.4938684503901895,0.21516164994425863
scaffold_r1_morgan_fingerprints_random_forest,random_forest,morgan_fingerprints,scaffold,1,13,897,-0.2386034983490158,1.9399052005187272,1.9534503993742194,1.4932812682466605,1.1413228678339982,3.2348490060092985,3.800351881078795,9.519055144184,0.5027870680044593,0.4972129319955407,0.7692307692307693,0.5574136008918618,0.2887402452619844
scaffold_r1_morgan_fingerprints_ridge,ridge,morgan_fingerprints,scaffold,1,13,897,-0.12998180021683828,1.8584231500137909,1.8619295242785883,1.454535201879214,1.1887466819425452,3.029042486303585,3.6926124752031892,8.748882273578035,0.5083612040133779,0.4916387959866221,0.7759197324414716,0.5607580824972129,0.2608695652173913
scaffold_r1_morgan_fingerprints_svr,svr,morgan_fingerprints,scaffold,1,13,897,-0.04280800454512983,1.5232344385059882,1.5229868711581962,1.1474631532570592,0.9003965442514237,2.4366442640319916,3.038245666455369,6.236649089531028,0.49052396878483834,0.5094760312151616,0.7012263099219621,0.451505016722408,0.16722408026755853
scaffold_r1_morgan_fingerprints_xgboost,xgboost,morgan_fingerprints,scaffold,1,13,897,-0.07317718533805999,1.7578047903090475,1.7583480604245159,1.354355296735016,1.0607768494275147,2.863944395446777,3.526962637242651,7.394477653503419,0.5083612040133779,0.4916387959866221,0.7480490523968785,0.5250836120401338,0.24303232998885171
scaffold_r1_rdkit_descriptors_dummy,dummy,rdkit_descriptors,scaffold,1,13,897,-0.3118734953447475,2.8688902909135443,2.8842019620674564,2.3605541704259774,2.125568515601016,4.740500251378983,5.379420058298981,10.171420058298985,0.5284280936454849,0.47157190635451507,0.8807134894091416,0.7480490523968785,0.5317725752508361
scaffold_r1_rdkit_descriptors_elastic_net,elastic_net,rdkit_descriptors,scaffold,1,13,897,-0.010863429608011113,1.4964688820857595,1.4956739496989968,1.093529153561716,0.8439177403577955,2.2922852017225566,3.0064701317660965,7.094619459599781,0.48940914158305465,0.5105908584169454,0.6677814938684504,0.41917502787068006,0.14604236343366778
scaffold_r1_rdkit_descriptors_esol,esol,rdkit_descriptors,scaffold,1,13,897,2.0679141828055876,3.2877252138470126,3.8824419930202856,3.0909592824919634,2.5799439239,6.223128421052635,7.125938823529413,15.246450000000022,0.7591973244147158,0.2408026755852843,0.8963210702341137,0.7937569676700111,0.6053511705685619
scaffold_r1_rdkit_descriptors_extra_trees,extra_trees,rdkit_descriptors,scaffold,1,13,897,-0.025043358777034706,1.3290567916415836,1.3285518068282298,0.9232915212189609,0.6289760193470858,2.2992840599004647,2.8868066059368496,5.873223623271363,0.48717948717948717,0.5128205128205128,0.5607580824972129,0.33890746934225197,0.12263099219620958
scaffold_r1_rdkit_descriptors_hist_gradient_boosting,hist_gradient_boosting,rdkit_descriptors,scaffold,1,13,897,0.0290329185203361,1.2474245851886938,1.2470670627717029,0.8303601595202177,0.5408565940285444,1.9145140767730833,2.7654607125291526,7.358450793630127,0.5295429208472687,0.47045707915273133,0.5228539576365663,0.26755852842809363,0.09587513935340022
scaffold_r1_rdkit_descriptors_knn,knn,rdkit_descriptors,scaffold,1,13,897,-0.01696183715699513,1.3536013779562894,1.3529529803442306,0.9594000108158565,0.6743174373550129,2.1826134634418297,2.772121383340644,7.071657422456103,0.5195094760312151,0.4693422519509476,0.6109253065774805,0.36454849498327757,0.12597547380156077
scaffold_r1_rdkit_descriptors_mlp,mlp,rdkit_descriptors,scaffold,1,13,897,-0.04019580712007716,1.3021562589266453,1.3020508102188815,0.8890635799786959,0.5715624337691897,2.061344918892141,2.951804764381629,6.534132683796896,0.48049052396878483,0.5195094760312151,0.5473801560758083,0.3032329988851728,0.10702341137123746
scaffold_r1_rdkit_descriptors_ngboost,ngboost,rdkit_descriptors,scaffold,1,13,897,0.021629678508504925,1.2714591725780933,1.2709343143828105,0.8815560954879522,0.6112466803196122,2.0618040717920567,2.859626038495863,6.813711549161779,0.5050167224080268,0.49498327759197325,0.5763656633221851,0.3010033444816054,0.10479375696767002
scaffold_r1_rdkit_descriptors_random_forest,random_forest,rdkit_descriptors,scaffold,1,13,897,0.003977846037177136,1.2872509163392103,1.2865393346364709,0.8857439631552485,0.6214892492614297,2.136433870192242,2.8907615299284406,6.731163514635829,0.4927536231884058,0.5072463768115942,0.5596432552954292,0.30657748049052397,0.11036789297658862
scaffold_r1_rdkit_descriptors_ridge,ridge,rdkit_descriptors,scaffold,1,13,897,-0.024761395567458218,1.4824039832698324,1.4817843431155566,1.0797523526496222,0.8039630481538151,2.3336457854517896,3.049067700555317,6.9726673662248615,0.4782608695652174,0.5217391304347826,0.673355629877369,0.4057971014492754,0.13377926421404682
scaffold_r1_rdkit_descriptors_svr,svr,rdkit_descriptors,scaffold,1,13,897,-0.001235928218490912,1.2439564007442496,1.2432634234832591,0.8267240466203558,0.5059390995578585,1.962388147793482,2.6600852002025612,6.877785176001998,0.4882943143812709,0.5117056856187291,0.5050167224080268,0.27424749163879597,0.09810479375696766
scaffold_r1_rdkit_descriptors_xgboost,xgboost,rdkit_descriptors,scaffold,1,13,897,0.04704661369293941,1.2235681091950827,1.2237905346934541,0.8098323117622405,0.5147568511962888,1.922054934527832,2.745054542589547,6.9145114135742185,0.5139353400222966,0.48606465997770343,0.5094760312151616,0.25418060200668896,0.0903010033444816
scaffold_r2_maccs_fingerprints_dummy,dummy,maccs_fingerprints,scaffold,2,37,897,-0.35143223510202937,2.8243496009680316,2.8445671661545573,2.297253062636462,2.0456236266645256,4.6864763424470945,5.319376373335472,10.175376373335475,0.4983277591973244,0.5016722408026756,0.8584169453734671,0.7346711259754738,0.5050167224080268
scaffold_r2_maccs_fingerprints_elastic_net,elastic_net,maccs_fingerprints,scaffold,2,37,897,-0.10045624713473822,1.8715147219469526,1.8731668518019795,1.4247553791942529,1.1230490633403258,2.9592958668555083,3.792791098113933,7.431367048730516,0.4983277591973244,0.5016722408026756,0.7658862876254181,0.5429208472686734,0.23076923076923078
scaffold_r2_maccs_fingerprints_extra_trees,extra_trees,maccs_fingerprints,scaffold,2,37,897,-0.11939313577133275,1.7114776035433472,1.7146850457074228,1.2474387035362513,0.9118920336330099,2.78347689228216,3.7711388867820936,7.577990242817603,0.4782608695652174,0.5217391304347826,0.6811594202898551,0.4782608695652174,0.19286510590858416
scaffold_r2_maccs_fingerprints_knn,knn,maccs_fingerprints,scaffold,2,37,897,-0.23916459396956694,2.241747314664397,2.253226184520487,1.5887533842484038,1.0448874999999822,4.029389336288461,4.854232241717421,9.454131231594907,0.5050167224080268,0.47045707915273133,0.693422519509476,0.5139353400222966,0.29431438127090304
scaffold_r2_maccs_fingerprints_mlp,mlp,maccs_fingerprints,scaffold,2,37,897,-0.19317994295872887,1.595512590558524,1.6062817142401258,1.1601635039884928,0.8179085802695951,2.7489545368789825,3.501712538188218,6.73249873969465,0.4358974358974359,0.5641025641025641,0.6711259754738016,0.4358974358974359,0.1605351170568562
scaffold_r2_maccs_fingerprints_random_forest,random_forest,maccs_fingerprints,scaffold,2,37,897,-0.12816861314678785,1.7228621671357744,1.7266650369977399,1.219440520134708,0.8042447520452161,2.8819116097920423,3.7375799759563955,7.580409115458367,0.48940914158305465,0.5105908584169454,0.6510590858416946,0.44481605351170567,0.20178372352285395
scaffold_r2_maccs_fingerprints_ridge,ridge,maccs_fingerprints,scaffold,2,37,897,-0.1040270760528179,1.8679046518154052,1.869759266094567,1.4187879761864628,1.1307242395557688,2.9478306761290556,3.7236928011799226,7.812021449134759,0.4882943143812709,0.5117056856187291,0.7636566332218506,0.5518394648829431,0.2318840579710145
scaffold_r2_maccs_fingerprints_svr,svr,maccs_fingerprints,scaffold,2,37,897,-0.17580635572800982,1.5767935457995648,1.5856903829471054,1.1076738010867944,0.7306165186120126,2.7501475718370862,3.5950021017539577,7.017941515381098,0.4537346711259755,0.5462653288740246,0.6231884057971014,0.39018952062430323,0.16833890746934224
scaffold_r2_maccs_fingerprints_xgboost,xgboost,maccs_fingerprints,scaffold,2,37,897,-0.0218810318529581,1.4906602886742846,1.4899898166858585,1.0476364848248854,0.7177043314606033,2.4034103208026023,3.3328566657455623,6.358711861279101,0.48717948717948717,0.5128205128205128,0.6198439241917503,0.3779264214046823,0.13712374581939799
scaffold_r2_molecular_graph_chemprop,chemprop,molecular_graph,scaffold,2,37,897,0.07244347269312487,1.2843371296640924,1.285663637009011,0.8828309444320702,0.5557060009999999,2.0607208687000003,2.85319035816,5.7442622836,0.4882943143812709,0.5117056856187291,0.5451505016722408,0.30434782608695654,0.11036789297658862
scaffold_r2_morgan_fingerprints_dummy,dummy,morgan_fingerprints,scaffold,2,37,897,-0.35143223510202937,2.8243496009680316,2.8445671661545573,2.297253062636462,2.0456236266645256,4.6864763424470945,5.319376373335472,10.175376373335475,0.4983277591973244,0.5016722408026756,0.8584169453734671,0.7346711259754738,0.5050167224080268
scaffold_r2_morgan_fingerprints_elastic_net,elastic_net,morgan_fingerprints,scaffold,2,37,897,-0.11157023846836694,2.0323612667323423,2.0342899133192254,1.571779316327222,1.227812979848415,3.3733191227151598,3.95923853753048,8.93064725407455,0.5005574136008919,0.49944258639910816,0.770345596432553,0.5997770345596433,0.3110367892976589
scaffold_r2_morgan_fingerprints_extra_trees,extra_trees,morgan_fingerprints,scaffold,2,37,897,-0.2175505843490159,1.9423411996615583,1.953410273331682,1.4500232618520934,1.0518415775714998,3.3648490920394,3.9217909956915986,9.652794500224,0.4927536231884058,0.5072463768115942,0.738015607580825,0.5239687848383501,0.2697881828316611
scaffold_r2_morgan_fingerprints_knn,knn,morgan_fingerprints,scaffold,2,37,897,-0.2637598218338156,2.05378588201057,2.0695176517701217,1.5576363916201021,1.1201998458734215,3.50465328427445,4.121729325578478,9.008294087558506,0.48272017837235226,0.5172798216276477,0.7525083612040134,0.5462653288740246,0.3032329988851728
scaffold_r2_morgan_fingerprints_mlp,mlp,morgan_fingerprints,scaffold,2,37,897,-0.08173276089644331,1.7630792341564785,1.7639907163308972,1.351148515923403,1.078875994526797,2.9892096418859255,3.5040208290216897,8.188460669708421,0.5050167224080268,0.49498327759197325,0.7391304347826086,0.5284280936454849,0.2229654403567447
scaffold_r2_morgan_fingerprints_random_forest,random_forest,morgan_fingerprints,scaffold,2,37,897,-0.20392278810839928,1.9257977778085578,1.9354965843765246,1.4558979056346837,1.0988161710475,3.238490808667999,3.834808290546281,9.149059188266998,0.47714604236343366,0.5228539576365663,0.7402452619843924,0.5395763656633222,0.2709030100334448
scaffold_r2_morgan_fingerprints_ridge,ridge,morgan_fingerprints,scaffold,2,37,897,-0.09364682193870598,1.8614940859715225,1.862811559036738,1.415947933218513,1.1038105034644707,3.044430490319189,3.874734509562721,8.66854796966723,0.5005574136008919,0.49944258639910816,0.738015607580825,0.5395763656633222,0.25752508361204013
scaffold_r2_morgan_fingerprints_svr,svr,morgan_fingerprints,scaffold,2,37,897,-0.0034923362347089298,1.6160284437806967,1.615131172025441,1.1995603805625588,0.8695799086684739,2.631786358308152,3.3539200241646614,8.202206743640879,0.4938684503901895,0.5061315496098104,0.7045707915273133,0.44816053511705684,0.18394648829431437
scaffold_r2_morgan_fingerprints_xgboost,xgboost,morgan_fingerprints,scaffold,2,37,897,-0.10386381769933269,1.8324610592113302,1.8343821119942754,1.3803357708170392,1.0526281025409698,3.062680071830749,3.543650077819822,7.878787422180176,0.483835005574136,0.5161649944258639,0.7190635451505016,0.5128205128205128,0.26755852842809363
scaffold_r2_rdkit_descriptors_dummy,dummy,rdkit_descriptors,scaffold,2,37,897,-0.35143223510202937,2.8243496009680316,2.8445671661545573,2.297253062636462,2.0456236266645256,4.6864763424470945,5.319376373335472,10.175376373335475,0.4983277591973244,0.5016722408026756,0.8584169453734671,0.7346711259754738,0.5050167224080268
scaffold_r2_rdkit_descriptors_elastic_net,elastic_net,rdkit_descriptors,scaffold,2,37,897,0.1220051213540752,1.523191561101351,1.527223381462362,1.081419209011925,0.757188318774041,2.4275351958843006,3.4560844160010356,6.670544007138474,0.5139353400222966,0.48606465997770343,0.6700111482720178,0.3734671125975474,0.14046822742474915
scaffold_r2_rdkit_descriptors_esol,esol,rdkit_descriptors,scaffold,2,37,897,2.1296396048561608,3.4803765830948956,4.078588246102085,3.209078945212049,2.6345946305999934,6.531128421052634,7.850163652280006,14.84887635831919,0.7625418060200669,0.23745819397993312,0.9041248606465998,0.7926421404682275,0.6120401337792643
scaffold_r2_rdkit_descriptors_extra_trees,extra_trees,rdkit_descriptors,scaffold,2,37,897,0.05603028299066554,1.3928963461912307,1.39324681246479,0.9058667836785446,0.5515752529664999,2.3314483128432,3.102335656802326,6.470461981926,0.47491638795986624,0.5250836120401338,0.5273132664437012,0.30434782608695654,0.12263099219620958
scaffold_r2_rdkit_descriptors_hist_gradient_boosting,hist_gradient_boosting,rdkit_descriptors,scaffold,2,37,897,0.10283165674228836,1.320068914274891,1.323334277617318,0.8643320859365026,0.5436305086927367,2.043262175970666,3.179068233027933,7.344094056171261,0.4972129319955407,0.5027870680044593,0.5250836120401338,0.2731326644370123,0.11036789297658862
scaffold_r2_rdkit_descriptors_knn,knn,rdkit_descriptors,scaffold,2,37,897,0.012369137219385986,1.4897088405944003,1.4889296036485082,1.0261944414052484,0.6709767381673248,2.466807147960339,3.2624561071365465,6.922609316532462,0.5239687848383501,0.46711259754738016,0.600891861761427,0.36677814938684505,0.15496098104793757
scaffold_r2_rdkit_descriptors_mlp,mlp,rdkit_descriptors,scaffold,2,37,897,0.059489048729364134,1.299182431943538,1.2998200834868452,0.8721243778561502,0.5819520124629367,2.0414229333424583,2.8728324228234117,7.455579276195758,0.5005574136008919,0.49944258639910816,0.5585284280936454,0.2842809364548495,0.10144927536231885
scaffold_r2_rdkit_descriptors_ngboost,ngboost,rdkit_descriptors,scaffold,2,37,897,0.0949937287944111,1.3579390948736887,1.3605023535862037,0.9178338221538566,0.6174775866456836,2.0276822009064,3.0650556250305803,7.7804976188833805,0.4927536231884058,0.5072463768115942,0.5663322185061316,0.3032329988851728,0.10256410256410256
scaffold_r2_rdkit_descriptors_random_forest,random_forest,rdkit_descriptors,scaffold,2,37,897,0.07549627137201866,1.3545745307958041,1.3559226678083696,0.8963453956523099,0.5729988289096193,2.1632927479927875,3.1007150044053144,7.129643249858276,0.4938684503901895,0.5061315496098104,0.5384615384615384,0.2931995540691193,0.11482720178372352
scaffold_r2_rdkit_descriptors_ridge,ridge,rdkit_descriptors,scaffold,2,37,897,0.14500508800763243,1.4987359700164453,1.5049026041272613,1.0636593763187168,0.746779156569656,2.345291040307642,3.4689247623071138,6.596129061702735,0.5128205128205128,0.48717948717948717,0.653288740245262,0.3712374581939799,0.12486064659977704
scaffold_r2_rdkit_descriptors_svr,svr,rdkit_descriptors,scaffold,2,37,897,0.05189954212781462,1.3052473833907925,1.3055516059684658,0.8487227445767199,0.5162664397290512,2.106903107527702,2.998555114969426,6.674783043068877,0.47714604236343366,0.5228539576365663,0.5094760312151616,0.2731326644370123,0.10813823857302118
scaffold_r2_rdkit_descriptors_xgboost,xgboost,rdkit_descriptors,scaffold,2,37,897,0.12777105880147002,1.264652691314644,1.270389262474999,0.838946237784484,0.5381079168095457,1.9461054833561204,2.9638963073730453,6.757221939755835,0.5183946488294314,0.4816053511705686,0.5206243032329989,0.24303232998885171,0.09810479375696766
scaffold_r3_maccs_fingerprints_dummy,dummy,maccs_fingerprints,scaffold,3,73,897,-0.28269362037424917,2.853453031566817,2.865838925476805,2.344930828555911,2.142498254539519,4.645682584560481,5.423074717400479,10.168501745460482,0.4972129319955407,0.5027870680044593,0.8795986622073578,0.7525083612040134,0.5295429208472687
scaffold_r3_maccs_fingerprints_elastic_net,elastic_net,maccs_fingerprints,scaffold,3,73,897,-0.21754054108578577,1.8382186848954318,1.8500283149082317,1.4243023141241016,1.100926565336303,3.027998521508738,3.775860125987923,7.203828462345341,0.47045707915273133,0.5295429208472687,0.7848383500557413,0.5496098104793757,0.22965440356744704
scaffold_r3_maccs_fingerprints_extra_trees,extra_trees,maccs_fingerprints,scaffold,3,73,897,-0.07517286118216235,1.6602449590879174,1.6610211794802623,1.1719320868710434,0.8186624816013341,2.773007411984202,3.6368827701067072,6.955341948371002,0.5027870680044593,0.496098104793757,0.6399108138238573,0.4214046822742475,0.18729096989966554
scaffold_r3_maccs_fingerprints_knn,knn,maccs_fingerprints,scaffold,3,73,897,-0.2522281450210138,2.328228097065954,2.3405601947858177,1.6662461289665957,1.1248622893259623,4.2424863069182255,5.0431485897964485,9.89914858979645,0.5172798216276477,0.4738015607580825,0.7134894091415831,0.5362318840579711,0.3088071348940914
scaffold_r3_maccs_fingerprints_mlp,mlp,maccs_fingerprints,scaffold,3,73,897,-0.03662436774151007,1.5911256648599137,1.5906601896620078,1.1604740125548625,0.8473884443347606,2.5789924006080294,3.4079688057635105,6.611696666431731,0.4938684503901895,0.5061315496098104,0.6845039018952063,0.4258639910813824,0.16276477146042365
scaffold_r3_maccs_fingerprints_random_forest,random_forest,maccs_fingerprints,scaffold,3,73,897,-0.06574211526712409,1.6507464024135905,1.6511353206691466,1.2016551159675153,0.8853035790749997,2.7471272062039316,3.626064405746459,7.041081845020652,0.5195094760312151,0.48049052396878483,0.673355629877369,0.4593088071348941,0.18729096989966554
scaffold_r3_maccs_fingerprints_ridge,ridge,maccs_fingerprints,scaffold,3,73,897,-0.22448473163195165,1.8335648711389274,1.8462409178649744,1.4228746199519142,1.1227828788718153,2.9790424072183983,3.7560318554603334,7.265001291170864,0.47157190635451507,0.5284280936454849,0.7792642140468228,0.5507246376811594,0.2318840579710145
scaffold_r3_maccs_fingerprints_svr,svr,maccs_fingerprints,scaffold,3,73,897,-0.15523467399882274,1.580475303423052,1.5872035973493688,1.1240154600773573,0.7647113908522679,2.719951624315207,3.3782766161664357,6.602440550557402,0.463768115942029,0.5362318840579711,0.6265328874024526,0.399108138238573,0.1806020066889632
scaffold_r3_maccs_fingerprints_xgboost,xgboost,maccs_fingerprints,scaffold,3,73,897,-0.018221106299585017,1.4932614495346566,1.4925400800357245,1.0494064669993328,0.7027959686339844,2.50514348444794,3.3390275478981666,6.3784135055541995,0.5105908584169454,0.48940914158305465,0.6142697881828316,0.3712374581939799,0.14827201783723523
scaffold_r3_molecular_graph_chemprop,chemprop,molecular_graph,scaffold,3,73,897,0.14187528895133777,1.2312302227342966,1.2386954675680255,0.8389294751925863,0.5454996999999997,1.9440681269999993,2.7533757383199964,6.2232674,0.5462653288740246,0.4537346711259755,0.5496098104793757,0.27201783723522854,0.09364548494983277
scaffold_r3_morgan_fingerprints_dummy,dummy,morgan_fingerprints,scaffold,3,73,897,-0.28269362037424917,2.853453031566817,2.865838925476805,2.344930828555911,2.142498254539519,4.645682584560481,5.423074717400479,10.168501745460482,0.4972129319955407,0.5027870680044593,0.8795986622073578,0.7525083612040134,0.5295429208472687
scaffold_r3_morgan_fingerprints_elastic_net,elastic_net,morgan_fingerprints,scaffold,3,73,897,-0.09085852089673725,2.085721788642606,2.0865380153984,1.6250734341425501,1.3700819033061107,3.314947336566559,4.04426655380233,9.232216578712368,0.5284280936454849,0.47157190635451507,0.79041248606466,0.600891861761427,0.33221850613154963
scaffold_r3_morgan_fingerprints_extra_trees,extra_trees,morgan_fingerprints,scaffold,3,73,897,-0.16705660899127817,1.9419402052850099,1.9480337551596703,1.4463274739108851,1.070219828463,3.236800099304842,3.852279620303202,9.743195484700998,0.49498327759197325,0.5039018952062431,0.7090301003344481,0.5228539576365663,0.29208472686733555
scaffold_r3_morgan_fingerprints_knn,knn,morgan_fingerprints,scaffold,3,73,897,-0.22270894638604147,2.081282136401288,2.0920099114787254,1.5733145607190708,1.2028861518438072,3.5256473164976803,4.2675912326940315,8.799627266476001,0.5083612040133779,0.49052396878483834,0.7558528428093646,0.5641025641025641,0.3110367892976589
scaffold_r3_morgan_fingerprints_mlp,mlp,morgan_fingerprints,scaffold,3,73,897,-0.04269394578114432,1.7428721718281504,1.7424235356056836,1.2924442238884968,0.9572329575475615,2.819653889363857,3.5658280909296747,7.090036852085328,0.4760312151616499,0.5239687848383501,0.7034559643255296,0.483835005574136,0.21516164994425863
scaffold_r3_morgan_fingerprints_random_forest,random_forest,morgan_fingerprints,scaffold,3,73,897,-0.19592857419753304,1.9875736805975666,1.9961044746794638,1.4866401093664285,1.0889920872589993,3.3792444416901994,3.9557258239765005,9.664419255675,0.5172798216276477,0.48272017837235226,0.7302118171683389,0.5328874024526199,0.2798216276477146
scaffold_r3_morgan_fingerprints_ridge,ridge,morgan_fingerprints,scaffold,3,73,897,-0.11153125078264253,1.919838295046676,1.9220065796587928,1.4605202563267488,1.189186927942906,3.0542812165489104,3.945756143019129,8.681812061268575,0.5094760312151616,0.49052396878483834,0.7369007803790413,0.5562987736900781,0.2686733556298774
scaffold_r3_morgan_fingerprints_svr,svr,morgan_fingerprints,scaffold,3,73,897,-0.06161182008937816,1.6290653023014103,1.6293223091754563,1.1930008559395129,0.8249646503931929,2.665234459311614,3.515335339158706,6.674729730234538,0.46265328874024525,0.5373467112597548,0.693422519509476,0.4358974358974359,0.18729096989966554
scaffold_r3_morgan_fingerprints_xgboost,xgboost,morgan_fingerprints,scaffold,3,73,897,-0.0801431116893647,1.8818519960295963,1.8825094531293167,1.4174266777178344,1.0944540023803713,3.119700937217988,3.721811538696288,8.419370555877686,0.5295429208472687,0.47045707915273133,0.717948717948718,0.5295429208472687,0.27647714604236345
scaffold_r3_rdkit_descriptors_dummy,dummy,rdkit_descriptors,scaffold,3,73,897,-0.28269362037424917,2.853453031566817,2.865838925476805,2.344930828555911,2.142498254539519,4.645682584560481,5.423074717400479,10.168501745460482,0.4972129319955407,0.5027870680044593,0.8795986622073578,0.7525083612040134,0.5295429208472687
scaffold_r3_rdkit_descriptors_elastic_net,elastic_net,rdkit_descriptors,scaffold,3,73,897,0.1006129754004658,1.5243685396540307,1.5268372186176857,1.0850859497516556,0.7575472517837696,2.3838177521312067,3.2782365225221697,7.381553315490882,0.47157190635451507,0.5284280936454849,0.6421404682274248,0.3756967670011148,0.14604236343366778
scaffold_r3_rdkit_descriptors_esol,esol,rdkit_descriptors,scaffold,3,73,897,2.1612132477527917,3.3871116153498813,4.016289072520973,3.1139634545456865,2.5567220767999883,6.408309999999999,7.816566217600007,23.373559558363624,0.7591973244147158,0.2408026755852843,0.8807134894091416,0.778149386845039,0.5930880713489409
scaffold_r3_rdkit_descriptors_extra_trees,extra_trees,rdkit_descriptors,scaffold,3,73,897,0.050045756516368334,1.3637417358900477,1.3638998327498584,0.9310153948745066,0.6084921809176915,2.262957026354619,3.2494911209604296,6.091597464980137,0.47157190635451507,0.5284280936454849,0.5719063545150501,0.31215161649944256,0.11259754738015608
scaffold_r3_rdkit_descriptors_hist_gradient_boosting,hist_gradient_boosting,rdkit_descriptors,scaffold,3,73,897,0.10123701005701018,1.233293445572937,1.2367562365885645,0.83640371567883,0.5664715041918198,1.95805189957471,2.7916414570200963,7.14965629500943,0.5340022296544036,0.4659977703455964,0.5440356744704571,0.2709030100334448,0.09587513935340022
scaffold_r3_rdkit_descriptors_knn,knn,rdkit_descriptors,scaffold,3,73,897,0.025241808272938843,1.364340196780873,1.3638130939154898,0.9784594492635624,0.6791180648344453,2.2541940391763076,3.032258952471632,5.556332330904183,0.5206243032329989,0.47157190635451507,0.6120401337792643,0.36789297658862874,0.1282051282051282
scaffold_r3_rdkit_descriptors_mlp,mlp,rdkit_descriptors,scaffold,3,73,897,0.008869223049080393,1.3485983947043398,1.3478756387108224,0.9114068159133759,0.5840996896942601,2.132488122140966,3.059369585705847,6.503943794274211,0.5027870680044593,0.4972129319955407,0.5585284280936454,0.3255295429208473,0.11036789297658862
scaffold_r3_rdkit_descriptors_ngboost,ngboost,rdkit_descriptors,scaffold,3,73,897,0.06645166039130485,1.2905233026167255,1.2915144321154233,0.8935440985929805,0.6378956167636165,1.9545460735169655,2.9632749337245015,7.062453431427976,0.48940914158305465,0.5105908584169454,0.5841694537346711,0.2931995540691193,0.09587513935340022
scaffold_r3_rdkit_descriptors_random_forest,random_forest,rdkit_descriptors,scaffold,3,73,897,0.0800358576649696,1.3062191539404842,1.307941928760539,0.8813539620306148,0.5609232792064125,2.0642743485367063,3.067216083591326,6.935189168437953,0.4916387959866221,0.5083612040133779,0.5451505016722408,0.29431438127090304,0.10479375696767002
scaffold_r3_rdkit_descriptors_ridge,ridge,rdkit_descriptors,scaffold,3,73,897,0.10687144007488128,1.5251824200197202,1.5280738296050693,1.0831262346211148,0.7487063050035889,2.378728455680685,3.320690454336773,7.465810880334887,0.47491638795986624,0.5250836120401338,0.653288740245262,0.3801560758082497,0.14604236343366778
scaffold_r3_rdkit_descriptors_svr,svr,rdkit_descriptors,scaffold,3,73,897,0.004473815189666207,1.2946377315635178,1.2939236159026832,0.8511860805407149,0.5122000453225981,2.132758521160845,2.8683874298231427,6.183741378115668,0.4682274247491639,0.5317725752508361,0.5050167224080268,0.27759197324414714,0.11036789297658862
scaffold_r3_rdkit_descriptors_xgboost,xgboost,rdkit_descriptors,scaffold,3,73,897,0.08845189529739736,1.244080478217238,1.246528987069912,0.8414994926227144,0.5456522941589359,1.9053945808410642,2.916270299148559,6.3038217735290525,0.5139353400222966,0.48606465997770343,0.5317725752508361,0.27201783723522854,0.09141583054626533
scaffold_r4_maccs_fingerprints_dummy,dummy,maccs_fingerprints,scaffold,4,101,897,-0.3790382534054636,2.817163166771291,2.8409911266829146,2.321572331958574,2.1398627170404674,4.624372543408093,5.4241372829595305,10.178137282959533,0.47714604236343366,0.5228539576365663,0.8740245261984393,0.7647714604236343,0.5261984392419174
scaffold_r4_maccs_fingerprints_elastic_net,elastic_net,maccs_fingerprints,scaffold,4,101,897,-0.1794146359563888,1.8082095432581204,1.8160854331930707,1.3821317299728315,1.0812113999786264,2.867727934650337,3.468572693928053,7.246983273098412,0.4882943143812709,0.5117056856187291,0.7658862876254181,0.5273132664437012,0.2318840579710145
scaffold_r4_maccs_fingerprints_extra_trees,extra_trees,maccs_fingerprints,scaffold,4,101,897,-0.11329127156818086,1.5711189795568998,1.5743245866465077,1.1569635977853523,0.8863264169734988,2.566148638623744,3.423583998801854,6.776326416973499,0.5172798216276477,0.48272017837235226,0.6789297658862876,0.451505016722408,0.16610925306577481
scaffold_r4_maccs_fingerprints_knn,knn,maccs_fingerprints,scaffold,4,101,897,-0.33087421366833314,2.2646691869861044,2.2874629238334565,1.5829799385647039,1.0445859753928106,4.22585535757308,5.0297004640621195,9.873855357573081,0.5005574136008919,0.4816053511705686,0.6767001114827201,0.5139353400222966,0.2853957636566332
scaffold_r4_maccs_fingerprints_mlp,mlp,maccs_fingerprints,scaffold,4,101,897,-0.19143727890193543,1.4949501703526054,1.5063308876273007,1.0939193796817888,0.7833982912709181,2.5141873031486823,3.0981916385741055,6.345128583686728,0.43255295429208473,0.5674470457079153,0.6555183946488294,0.4080267558528428,0.1605351170568562
scaffold_r4_maccs_fingerprints_random_forest,random_forest,maccs_fingerprints,scaffold,4,101,897,-0.1705239610010222,1.6018773849116907,1.610040036312725,1.1580231224233866,0.8478797554579987,2.651760210019068,3.3933449094661237,7.141124563760447,0.496098104793757,0.5039018952062431,0.6443701226309922,0.44816053511705684,0.17725752508361203
scaffold_r4_maccs_fingerprints_ridge,ridge,maccs_fingerprints,scaffold,4,101,897,-0.1631071865541113,1.8192524789892788,1.8255393218955018,1.3952094563053556,1.1142806731117618,2.8356075016683504,3.507555167599972,7.244280673111763,0.4983277591973244,0.5016722408026756,0.7748049052396878,0.5451505016722408,0.23634336677814938
scaffold_r4_maccs_fingerprints_svr,svr,maccs_fingerprints,scaffold,4,101,897,-0.21848502042701842,1.5167379366691203,1.5315564042596135,1.0873866793320162,0.7667803991956641,2.511167081647294,3.2833137543748143,7.007803013019858,0.46711259754738016,0.5328874024526199,0.6187290969899666,0.399108138238573,0.16722408026755853
scaffold_r4_maccs_fingerprints_xgboost,xgboost,maccs_fingerprints,scaffold,4,101,897,-0.020530657091919913,1.4105070871560932,1.4098701246443293,0.9876649305948544,0.703216562271118,2.2191289551599938,2.9679487067413315,8.257101593017579,0.5250836120401338,0.47491638795986624,0.6064659977703456,0.358974358974359,0.13043478260869565
scaffold_r4_molecular_graph_chemprop,chemprop,molecular_graph,scaffold,4,101,897,-0.055604918619620976,1.211591537433962,1.21219200024022,0.8214624079576365,0.5113802999999999,1.8842358159999997,2.687229402479998,5.864635600000001,0.47045707915273133,0.5295429208472687,0.5094760312151616,0.2809364548494983,0.09364548494983277
scaffold_r4_morgan_fingerprints_dummy,dummy,morgan_fingerprints,scaffold,4,101,897,-0.3790382534054636,2.817163166771291,2.8409911266829146,2.321572331958574,2.1398627170404674,4.624372543408093,5.4241372829595305,10.178137282959533,0.47714604236343366,0.5228539576365663,0.8740245261984393,0.7647714604236343,0.5261984392419174
scaffold_r4_morgan_fingerprints_elastic_net,elastic_net,morgan_fingerprints,scaffold,4,101,897,-0.12790396039066307,1.9872796524867014,1.99028567673958,1.5405217555916728,1.2321298191047585,3.2219687532409917,3.8665328565710078,9.217709616559478,0.5228539576365663,0.47714604236343366,0.7658862876254181,0.5930880713489409,0.3032329988851728
scaffold_r4_morgan_fingerprints_extra_trees,extra_trees,morgan_fingerprints,scaffold,4,101,897,-0.24468745162565683,1.835831530986821,1.8510516152214838,1.357853738790784,0.9588470366539985,3.1634841816002006,3.7982380071047945,9.196569551822998,0.5016722408026756,0.4972129319955407,0.7123745819397993,0.48717948717948717,0.25195094760312153
scaffold_r4_morgan_fingerprints_knn,knn,morgan_fingerprints,scaffold,4,101,897,-0.2625635277185942,1.9677307217528108,1.9840834731459294,1.4591534458351416,0.9741411586647211,3.4056367681800235,3.9946400184210074,8.119473694031676,0.49498327759197325,0.5027870680044593,0.7168338907469343,0.4927536231884058,0.2853957636566332
scaffold_r4_morgan_fingerprints_mlp,mlp,morgan_fingerprints,scaffold,4,101,897,-0.14478238230217616,1.6560553461525085,1.6614523202962304,1.2583127493756323,0.9913360849248205,2.6817406987215007,3.3165840891954983,7.621126773674496,0.46265328874024525,0.5373467112597548,0.725752508361204,0.49944258639910816,0.19843924191750278
scaffold_r4_morgan_fingerprints_random_forest,random_forest,morgan_fingerprints,scaffold,4,101,897,-0.2712758421067843,1.8872251637035247,1.9055809642954755,1.4079621590848557,1.0204778107664991,3.283095389154599,3.8953667319584335,9.515539836329499,0.5050167224080268,0.49498327759197325,0.7112597547380156,0.5072463768115942,0.25975473801560756
scaffold_r4_morgan_fingerprints_ridge,ridge,morgan_fingerprints,scaffold,4,101,897,-0.13080575329229335,1.8339604720982963,1.837599394924001,1.4051227506489075,1.1180451143989276,2.9946890568873976,3.6381735134994324,8.779352323328474,0.5105908584169454,0.48940914158305465,0.745819397993311,0.5496098104793757,0.2608695652173913
scaffold_r4_morgan_fingerprints_svr,svr,morgan_fingerprints,scaffold,4,101,897,-0.07216326725709267,1.5065537473512873,1.5074420064547533,1.1294664038775772,0.8768161796335956,2.3576918354144705,3.0509020692927478,6.385266626708681,0.4738015607580825,0.5261984392419174,0.6967670011148273,0.45261984392419174,0.1527313266443701
scaffold_r4_morgan_fingerprints_xgboost,xgboost,morgan_fingerprints,scaffold,4,101,897,-0.1152985565754079,1.7524475961203354,1.7552614104596096,1.3464446255144076,1.0707896528244019,2.936685171848877,3.418958826065063,7.94890251159668,0.5016722408026756,0.4983277591973244,0.7369007803790413,0.5261984392419174,0.24414715719063546
scaffold_r4_rdkit_descriptors_dummy,dummy,rdkit_descriptors,scaffold,4,101,897,-0.3790382534054636,2.817163166771291,2.8409911266829146,2.321572331958574,2.1398627170404674,4.624372543408093,5.4241372829595305,10.178137282959533,0.47714604236343366,0.5228539576365663,0.8740245261984393,0.7647714604236343,0.5261984392419174
scaffold_r4_rdkit_descriptors_elastic_net,elastic_net,rdkit_descriptors,scaffold,4,101,897,0.017967970208926654,1.4769014392514037,1.4761873207404947,1.063681285680631,0.7755955904973288,2.2677936478795155,3.0503538578132114,6.39130732967193,0.47268673355629875,0.5273132664437012,0.6688963210702341,0.3712374581939799,0.13823857302118173
scaffold_r4_rdkit_descriptors_esol,esol,rdkit_descriptors,scaffold,4,101,897,2.0885009347338412,3.371221552688678,3.964126732373399,3.0873000684536542,2.5266400000000004,6.159928818810819,7.205519999999988,18.78786133146464,0.758082497212932,0.241917502787068,0.8862876254180602,0.7915273132664437,0.5863991081382386
scaffold_r4_rdkit_descriptors_extra_trees,extra_trees,rdkit_descriptors,scaffold,4,101,897,-0.0020362147829346543,1.2562846272454953,1.2555858129199595,0.8491380748226304,0.5850606812462928,1.8943607998462828,2.6533126254357824,6.0915609527829275,0.4916387959866221,0.5083612040133779,0.5529542920847269,0.2909698996655518,0.0858416945373467
scaffold_r4_rdkit_descriptors_hist_gradient_boosting,hist_gradient_boosting,rdkit_descriptors,scaffold,4,101,897,0.07111981561848668,1.1945870916189965,1.1960373934371011,0.7928928023234671,0.5315985294238383,1.7320385586541873,2.507903244674042,6.576892270374512,0.5228539576365663,0.47714604236343366,0.5195094760312151,0.24972129319955408,0.0802675585284281
scaffold_r4_rdkit_descriptors_knn,knn,rdkit_descriptors,scaffold,4,101,897,-0.05249803981700412,1.353801840941779,1.354065078334359,0.9503126446512681,0.6853903096795451,2.097228361059127,2.768321873951797,6.524706439235853,0.5061315496098104,0.4938684503901895,0.6053511705685619,0.35228539576365664,0.11148272017837235
scaffold_r4_rdkit_descriptors_mlp,mlp,rdkit_descriptors,scaffold,4,101,897,-0.0601262261534779,1.253075719277328,1.2538195328778208,0.8305609686332199,0.5357594440030518,1.9241810831917814,2.758010101720577,6.4551675824987385,0.4682274247491639,0.5317725752508361,0.5284280936454849,0.25975473801560756,0.09364548494983277
scaffold_r4_rdkit_descriptors_ngboost,ngboost,rdkit_descriptors,scaffold,4,101,897,0.025132510321083795,1.2470249843680987,1.2465830573669643,0.8477774433287292,0.5928772552210533,1.8114594472975403,2.7723203585014398,6.512784086808591,0.4938684503901895,0.5061315496098104,0.5719063545150501,0.2787068004459309,0.08695652173913043
scaffold_r4_rdkit_descriptors_random_forest,random_forest,rdkit_descriptors,scaffold,4,101,897,-0.03599542266270527,1.2406964420889592,1.2405270039444802,0.8358590142716227,0.5844145844514999,1.913295397529398,2.7761180920309996,6.417243854172665,0.46711259754738016,0.5328874024526199,0.5451505016722408,0.27759197324414714,0.09253065774804906
scaffold_r4_rdkit_descriptors_ridge,ridge,rdkit_descriptors,scaffold,4,101,897,0.025851026188033983,1.4743435348124727,1.4737482304418492,1.0590044159475356,0.749399632869048,2.247169007604799,3.0635383698483065,6.432145387705122,0.47268673355629875,0.5273132664437012,0.6610925306577481,0.3712374581939799,0.13935340022296544
scaffold_r4_rdkit_descriptors_svr,svr,rdkit_descriptors,scaffold,4,101,897,0.007861470596397168,1.2290961286478694,1.2284359779969223,0.7842007219724635,0.48593760931134566,1.8827831173557312,2.794834940853869,6.844065966416409,0.48717948717948717,0.5128205128205128,0.48940914158305465,0.23411371237458195,0.0858416945373467
scaffold_r4_rdkit_descriptors_xgboost,xgboost,rdkit_descriptors,scaffold,4,101,897,0.0367176288752494,1.19345040040544,1.1933499769626779,0.7882805975365738,0.5202179288864135,1.7439320558562645,2.7637433886718745,6.724182338714599,0.5183946488294314,0.4816053511705686,0.5150501672240803,0.23745819397993312,0.07915273132664437
scaffold_r5_maccs_fingerprints_dummy,dummy,maccs_fingerprints,scaffold,5,137,897,-0.4336826615459405,2.885586897672545,2.916403549180756,2.388401027769438,2.1936023330322283,4.769784683906445,5.493602333032224,10.183602333032228,0.4760312151616499,0.5239687848383501,0.8695652173913043,0.7591973244147158,0.5328874024526199
scaffold_r5_maccs_fingerprints_elastic_net,elastic_net,maccs_fingerprints,scaffold,5,137,897,-0.2559010902064406,1.885847979008123,1.902089159645895,1.4412743157364996,1.1007543611573554,3.1105954330895496,3.9593886474638103,7.485364270251787,0.4927536231884058,0.5072463768115942,0.7736900780379041,0.5496098104793757,0.2408026755852843
scaffold_r5_maccs_fingerprints_extra_trees,extra_trees,maccs_fingerprints,scaffold,5,137,897,-0.16259684137866756,1.705342824757076,1.712130178704391,1.261502740391079,0.9448676908585711,2.827936548966899,3.603401928906258,7.363503725479278,0.4938684503901895,0.5061315496098104,0.7212931995540691,0.47714604236343366,0.19843924191750278
scaffold_r5_maccs_fingerprints_knn,knn,maccs_fingerprints,scaffold,5,137,897,-0.34268538929579156,2.376238931353108,2.399510335536279,1.6964520043960705,1.1886037386000001,4.30402995074463,5.033855357573081,9.873855357573081,0.5128205128205128,0.4682274247491639,0.7001114827201784,0.5507246376811594,0.31438127090301005
scaffold_r5_maccs_fingerprints_mlp,mlp,maccs_fingerprints,scaffold,5,137,897,-0.16060395955167658,1.6192984005402382,1.6263448966821679,1.1698188174863888,0.8350188026677854,2.735285366951147,3.4736789587727133,7.057753354314876,0.463768115942029,0.5362318840579711,0.6599777034559643,0.43478260869565216,0.17837235228539577
scaffold_r5_maccs_fingerprints_random_forest,random_forest,maccs_fingerprints,scaffold,5,137,897,-0.22078878479289538,1.7779657705070782,1.790638383059219,1.2923920774175366,0.9156566666666652,2.939420479390316,3.982709106303074,7.525744317242098,0.47491638795986624,0.5250836120401338,0.6800445930880713,0.4693422519509476,0.21181716833890746
scaffold_r5_maccs_fingerprints_ridge,ridge,maccs_fingerprints,scaffold,5,137,897,-0.2607658978029633,1.8878957194507962,1.904777070769817,1.4402502449551144,1.1187096533225915,3.077227140165206,3.9915898983030442,7.455179473062509,0.483835005574136,0.5161649944258639,0.7670011148272018,0.5473801560758083,0.2408026755852843
scaffold_r5_maccs_fingerprints_svr,svr,maccs_fingerprints,scaffold,5,137,897,-0.21152039529288336,1.655580156736686,1.6681219536442466,1.17440434351876,0.7944770712512934,2.7802282738985147,3.65739583014426,7.114876898657773,0.44816053511705684,0.5518394648829431,0.6365663322185061,0.4169453734671126,0.1850613154960981
scaffold_r5_maccs_fingerprints_xgboost,xgboost,maccs_fingerprints,scaffold,5,137,897,-0.045989500437266136,1.5456777305843972,1.5455003155627003,1.0945691657002659,0.7495458364486693,2.5266253376512697,3.3734712859376565,7.4626978944330205,0.5228539576365663,0.47714604236343366,0.6421404682274248,0.39464882943143814,0.15830546265328874
scaffold_r5_molecular_graph_chemprop,chemprop,molecular_graph,scaffold,5,137,897,0.07623265998818284,1.2955810129151184,1.2971007317831995,0.8974980802490524,0.5831735,1.9971443808599998,2.8357503026999975,6.217874,0.5261984392419174,0.4738015607580825,0.5562987736900781,0.3221850613154961,0.09921962095875139
scaffold_r5_morgan_fingerprints_dummy,dummy,morgan_fingerprints,scaffold,5,137,897,-0.4336826615459405,2.885586897672545,2.916403549180756,2.388401027769438,2.1936023330322283,4.769784683906445,5.493602333032224,10.183602333032228,0.4760312151616499,0.5239687848383501,0.8695652173913043,0.7591973244147158,0.5328874024526199
scaffold_r5_morgan_fingerprints_elastic_net,elastic_net,morgan_fingerprints,scaffold,5,137,897,-0.2523549357016227,2.0784290191363914,2.092542543345873,1.620650868043587,1.317314121682685,3.3986042085317334,4.225596016095658,9.280338483650304,0.49944258639910816,0.5005574136008919,0.7803790412486065,0.5942028985507246,0.31549609810479373
scaffold_r5_morgan_fingerprints_extra_trees,extra_trees,morgan_fingerprints,scaffold,5,137,897,-0.3128748581978767,1.9632643968866839,1.9869576671640927,1.4781343046085447,1.0602114770620001,3.3318662927938,3.975291719917998,9.256490925926,0.4782608695652174,0.5217391304347826,0.7268673355629878,0.5239687848383501,0.2909698996655518
scaffold_r5_morgan_fingerprints_knn,knn,morgan_fingerprints,scaffold,5,137,897,-0.3540055274928092,2.072544545781752,2.101421455442146,1.5056848006919081,0.979866277767656,3.7384427920391787,4.639743841744275,9.219206740023468,0.4604236343366778,0.5351170568561873,0.7034559643255296,0.49052396878483834,0.2809364548494983
scaffold_r5_morgan_fingerprints_mlp,mlp,morgan_fingerprints,scaffold,5,137,897,-0.1706910684981305,1.721909089066003,1.7293932235466452,1.3009196444418505,1.0035574331044628,2.6756643856069213,3.6522546558681923,7.411359618293555,0.4816053511705686,0.5183946488294314,0.7246376811594203,0.5005574136008919,0.20958751393534003
scaffold_r5_morgan_fingerprints_random_forest,random_forest,morgan_fingerprints,scaffold,5,137,897,-0.33542613857560605,1.9657953849125558,1.9931267158961528,1.4904275189976666,1.0533726919825004,3.3593599839422006,3.9573663703272977,9.334798265680499,0.47157190635451507,0.5284280936454849,0.7391304347826086,0.5195094760312151,0.2954292084726867
scaffold_r5_morgan_fingerprints_ridge,ridge,morgan_fingerprints,scaffold,5,137,897,-0.22811329556250118,1.9112810657908759,1.9237875479170723,1.466016596713652,1.1391361536910705,3.1658414785191766,3.8074726977450934,8.88563249804511,0.48940914158305465,0.5105908584169454,0.7536231884057971,0.5540691192865106,0.26421404682274247
scaffold_r5_morgan_fingerprints_svr,svr,morgan_fingerprints,scaffold,5,137,897,-0.10504174126855659,1.584546714392001,1.5871430188913358,1.1791645760703389,0.8868715053846588,2.5651964472358815,3.450166818439831,6.594226948136773,0.47157190635451507,0.5284280936454849,0.6978818283166109,0.4593088071348941,0.1716833890746934
scaffold_r5_morgan_fingerprints_xgboost,xgboost,morgan_fingerprints,scaffold,5,137,897,-0.22365388380022513,1.829186577939597,1.8417965333009123,1.4018935184903476,1.0515217876434324,3.0198274215698238,3.5347738414764387,8.088930988311768,0.48494983277591974,0.5150501672240803,0.7536231884057971,0.5228539576365663,0.25975473801560756
scaffold_r5_rdkit_descriptors_dummy,dummy,rdkit_descriptors,scaffold,5,137,897,-0.4336826615459405,2.885586897672545,2.916403549180756,2.388401027769438,2.1936023330322283,4.769784683906445,5.493602333032224,10.183602333032228,0.4760312151616499,0.5239687848383501,0.8695652173913043,0.7591973244147158,0.5328874024526199
scaffold_r5_rdkit_descriptors_elastic_net,elastic_net,rdkit_descriptors,scaffold,5,137,897,-0.032114081981703256,1.4909254267679757,1.4904401494794683,1.086729775670515,0.7971652760199204,2.435850080702769,3.0409722337526004,7.210237552114483,0.4659977703455964,0.5340022296544036,0.6688963210702341,0.3957636566332218,0.1716833890746934
scaffold_r5_rdkit_descriptors_esol,esol,rdkit_descriptors,scaffold,5,137,897,2.0791711568532043,3.3924410015358757,3.9772828018239066,3.0398145219967514,2.3927433333333408,6.212551479881054,7.455929999999996,21.331859433426807,0.7547380156075808,0.24526198439241917,0.8896321070234113,0.7870680044593088,0.5752508361204013
scaffold_r5_rdkit_descriptors_extra_trees,extra_trees,rdkit_descriptors,scaffold,5,137,897,-0.03954096529680281,1.353556983086567,1.3533800283293569,0.9016180209343391,0.57878994968,2.240053918044199,3.074926932588399,5.332539308940001,0.47714604236343366,0.5206243032329989,0.5362318840579711,0.3210702341137124,0.11817168338907469
scaffold_r5_rdkit_descriptors_hist_gradient_boosting,hist_gradient_boosting,rdkit_descriptors,scaffold,5,137,897,-0.03816259532727276,1.2531214528266879,1.2530040427509448,0.838679152021971,0.5117139784163667,2.0729854301571584,2.8502792134221226,6.2441324154972735,0.4782608695652174,0.5217391304347826,0.5027870680044593,0.2954292084726867,0.10925306577480491
scaffold_r5_rdkit_descriptors_knn,knn,rdkit_descriptors,scaffold,5,137,897,-0.0765469631625669,1.4408932445106155,1.4421228120823744,1.008707082299515,0.687234988500143,2.36113683077672,3.1150427312727396,5.4580520586424734,0.5094760312151616,0.48272017837235226,0.5886287625418061,0.3756967670011148,0.15384615384615385
scaffold_r5_rdkit_descriptors_mlp,mlp,rdkit_descriptors,scaffold,5,137,897,-0.03537723736922985,1.361769588188945,1.361470016703048,0.9086877568341586,0.5626239436813067,2.1363417619352587,3.0090237001639215,6.649963891742525,0.4604236343366778,0.5395763656633222,0.5429208472686734,0.3010033444816054,0.11371237458193979
scaffold_r5_rdkit_descriptors_ngboost,ngboost,rdkit_descriptors,scaffold,5,137,897,-0.07286731388825807,1.2677548517328847,1.2691415431744788,0.8830311659895111,0.6138706336518709,1.9967929367749908,2.750508842812561,6.5526923649929945,0.4559643255295429,0.5440356744704571,0.5785953177257525,0.31215161649944256,0.10033444816053512
scaffold_r5_rdkit_descriptors_random_forest,random_forest,rdkit_descriptors,scaffold,5,137,897,-0.06507044350142487,1.312468327564435,1.3133494973220987,0.8941062048321105,0.5801501499246218,2.1532750347916596,2.8611188423372536,6.440081904076366,0.451505016722408,0.5484949832775919,0.5484949832775919,0.30992196209587514,0.11482720178372352
scaffold_r5_rdkit_descriptors_ridge,ridge,rdkit_descriptors,scaffold,5,137,897,-0.030970739295006454,1.4947122811141098,1.494199880307124,1.0901002953281704,0.7833538546563037,2.4299848633094183,3.060802852744968,7.351323129114887,0.4693422519509476,0.5306577480490524,0.6666666666666666,0.3957636566332218,0.16499442586399107
scaffold_r5_rdkit_descriptors_svr,svr,rdkit_descriptors,scaffold,5,137,897,-0.0318546691242969,1.295744971828151,1.2954142222558347,0.8476825077650798,0.4837593695712875,2.0595923583767703,2.9838795309659254,5.831568888646574,0.45707915273132665,0.5429208472686734,0.4938684503901895,0.2753623188405797,0.11036789297658862
scaffold_r5_rdkit_descriptors_xgboost,xgboost,rdkit_descriptors,scaffold,5,137,897,-0.011580527948774675,1.2253497429643756,1.2247212777779741,0.8053297086569973,0.5047308731079099,1.9170884666148147,2.7275012969970684,6.451284618377685,0.48940914158305465,0.5105908584169454,0.5072463768115942,0.25752508361204013,0.09253065774804906
